onset	duration	nwb_table	crosstalk_dir	crosstalk_freq	bup_width	bup_ramp	vol_low	vol_hi	vol	gamma_dir	gamma_freq	freq_lo	freq_hi	HistorySection_hit_history	HistorySection_side_history	HistorySection_quadrant_history	HistorySection_task_history	HistorySection_incoh_history	HistorySection_gammadir_history	HistorySection_gammafreq_history	HistorySection_result_history	state_type
154.186621	38.898000999999994	trials	0.0	0.0	5.0	2.0	1.0	1.0	0.15	4.0	2.5	6500.0	14200.0	1.0	r	4.0	d	0.0	4.0	2.5	1.0	
154.186621	38.898000999999994	states																				"   state_name
id           
0     state_0"
154.186621	0.015999999999991132	states																				"          state_name
id                  
1   sending_trialnum"
154.202621	0.0005000000000165983	states																				"        state_name
id                
3   wait_for_cpoke"
154.203121	0.5	states																				"            state_name
id                    
4   wait_for_cpoke_dir"
154.703121	36.09949999999998	states																				"            state_name
id                    
6   wait_for_cpoke_bis"
190.802621	0.0010030000000256223	states																				"     state_name
id             
7   nic_prestim"
190.803624	0.0004969999999957508	states																				"   state_name
id           
8       cpoke"
190.804121	0.2179999999999893	states																				"   state_name
id           
9    cpoke_in"
191.022121	0.04550299999999652	states																				"   state_name
id           
10  cpoke_out"
191.067624	0.30299700000000485	states																				"   state_name
id           
9    cpoke_in"
191.370621	0.069500000000005	states																				"   state_name
id           
10  cpoke_out"
191.440121	0.7635060000000067	states																				"   state_name
id           
9    cpoke_in"
192.203627	0.002493999999984453	states																				"       state_name
id               
11  wait_for_cout"
192.206121	0.2330000000000041	states																				"        state_name
id                
12  wait_for_spoke"
192.439121	0.0005050000000039745	states																				"   state_name
id           
13  hit_state"
192.439626	0.4999990000000025	states																				"    state_name
id            
14  hit_state2"
192.939625	0.0034959999999841784	states																				"        state_name
id                
20  clean_up_state"
192.943121	0.1415010000000052	states																				"                state_name
id                        
2   check_next_trial_ready"
193.085121	24.42350000000002	trials	0.0	0.0	5.0	2.0	1.0	1.0	0.15	-1.0	2.5	6500.0	14200.0		l	3.0	d	1.0	-1.0	2.5	3.0	
193.085121	24.42350000000002	states																				"   state_name
id           
0     state_0"
193.085121	0.016000000000019554	states																				"          state_name
id                  
1   sending_trialnum"
193.101121	0.0005029999999806023	states																				"        state_name
id                
3   wait_for_cpoke"
193.101624	0.5000050000000158	states																				"            state_name
id                    
4   wait_for_cpoke_dir"
193.601629	19.58449200000001	states																				"            state_name
id                    
6   wait_for_cpoke_bis"
213.186121	0.0015039999999828524	states																				"     state_name
id             
7   nic_prestim"
213.187625	0.0004959999999982756	states																				"   state_name
id           
8       cpoke"
213.188121	0.640500000000003	states																				"   state_name
id           
9    cpoke_in"
213.828621	0.052500000000009095	states																				"   state_name
id           
10  cpoke_out"
213.881121	0.5229999999999961	states																				"   state_name
id           
9    cpoke_in"
214.404121	0.09999999999999432	states																				"   state_name
id           
10  cpoke_out"
214.504121	0.0004999999999881766	states																				"         state_name
id                 
17  nic_error_state"
214.504621	3.0005000000000166	states																				"          state_name
id                  
18  nic_error_state2"
217.505121	0.003500000000002501	states																				"        state_name
id                
20  clean_up_state"
217.509121	3.252001000000007	trials	0.0	0.0	5.0	2.0	1.0	1.0	0.15	-2.5	2.5	6500.0	14200.0	1.0	l	3.0	d	1.0	-2.5	2.5	1.0	
217.509121	3.252001000000007	states																				"   state_name
id           
0     state_0"
217.509121	0.016000000000019554	states																				"          state_name
id                  
1   sending_trialnum"
217.525121	0.0005029999999806023	states																				"        state_name
id                
3   wait_for_cpoke"
217.525624	0.5004969999999958	states																				"            state_name
id                    
4   wait_for_cpoke_dir"
218.026121	0.4380000000000166	states																				"            state_name
id                    
6   wait_for_cpoke_bis"
218.464121	0.0015009999999904267	states																				"     state_name
id             
7   nic_prestim"
218.465622	0.0004989999999907013	states																				"   state_name
id           
8       cpoke"
218.466121	0.34200000000001296	states																				"   state_name
id           
9    cpoke_in"
218.808121	0.03899999999998727	states																				"   state_name
id           
10  cpoke_out"
218.847121	0.28300000000001546	states																				"   state_name
id           
9    cpoke_in"
219.130121	0.03450000000000841	states																				"   state_name
id           
10  cpoke_out"
219.164621	0.581499999999977	states																				"   state_name
id           
9    cpoke_in"
219.746121	0.06150400000001355	states																				"   state_name
id           
10  cpoke_out"
219.807625	0.03600800000000959	states																				"   state_name
id           
9    cpoke_in"
219.843633	0.02199299999998061	states																				"   state_name
id           
10  cpoke_out"
219.865626	0.0004950000000008004	states																				"       state_name
id               
11  wait_for_cout"
219.866121	0.27700000000001523	states																				"        state_name
id                
12  wait_for_spoke"
220.143121	0.0005029999999806023	states																				"   state_name
id           
13  hit_state"
220.143624	0.4959970000000169	states																				"    state_name
id            
14  hit_state2"
220.639621	0.003500000000002501	states																				"        state_name
id                
20  clean_up_state"
220.643121	0.11800099999999247	states																				"                state_name
id                        
2   check_next_trial_ready"
220.761628	5.828493000000009	trials	0.0	0.0	5.0	2.0	1.0	1.0	0.15	2.5	1.0	6500.0	14200.0	1.0	r	4.0	d	0.0	2.5	1.0	1.0	
220.761628	5.828493000000009	states																				"   state_name
id           
0     state_0"
220.761628	0.016001999999986083	states																				"          state_name
id                  
1   sending_trialnum"
220.77763	0.0004910000000108994	states																				"        state_name
id                
3   wait_for_cpoke"
220.778121	0.5004999999999882	states																				"            state_name
id                    
4   wait_for_cpoke_dir"
221.278621	2.8305000000000007	states																				"            state_name
id                    
6   wait_for_cpoke_bis"
224.109121	0.0015000000000213731	states																				"     state_name
id             
7   nic_prestim"
224.110621	0.0004999999999881766	states																				"   state_name
id           
8       cpoke"
224.111121	0.8880000000000052	states																				"   state_name
id           
9    cpoke_in"
224.999121	0.007000000000005002	states																				"   state_name
id           
10  cpoke_out"
225.006121	0.2680000000000007	states																				"   state_name
id           
9    cpoke_in"
225.274121	0.022499999999979536	states																				"   state_name
id           
10  cpoke_out"
225.296621	0.1870049999999992	states																				"   state_name
id           
9    cpoke_in"
225.483626	0.027495000000016034	states																				"   state_name
id           
10  cpoke_out"
225.511121	0.0005019999999831271	states																				"       state_name
id               
11  wait_for_cout"
225.511623	0.36849800000001665	states																				"        state_name
id                
12  wait_for_spoke"
225.880121	0.0004999999999881766	states																				"   state_name
id           
13  hit_state"
225.880621	0.5	states																				"    state_name
id            
14  hit_state2"
226.380621	0.003500000000002501	states																				"        state_name
id                
20  clean_up_state"
226.384121	0.20600000000001728	states																				"                state_name
id                        
2   check_next_trial_ready"
226.590621	8.263003999999995	trials	0.0	0.0	5.0	2.0	1.0	1.0	0.15	4.0	2.5	6500.0	14200.0		r	4.0	d	0.0	4.0	2.5	3.0	
226.590621	8.263003999999995	states																				"   state_name
id           
0     state_0"
226.590621	0.015999999999991132	states																				"          state_name
id                  
1   sending_trialnum"
226.606621	0.0005000000000165983	states																				"        state_name
id                
3   wait_for_cpoke"
226.607121	0.5005069999999989	states																				"            state_name
id                    
4   wait_for_cpoke_dir"
227.107628	3.3700000000000045	states																				"            state_name
id                    
6   wait_for_cpoke_bis"
230.477628	0.001492999999982203	states																				"     state_name
id             
7   nic_prestim"
230.479121	0.0005050000000039745	states																				"   state_name
id           
8       cpoke"
230.479626	0.23749499999999557	states																				"   state_name
id           
9    cpoke_in"
230.717121	0.04800000000000182	states																				"   state_name
id           
10  cpoke_out"
230.765121	0.33500000000000796	states																				"   state_name
id           
9    cpoke_in"
231.100121	0.03100000000000591	states																				"   state_name
id           
10  cpoke_out"
231.131121	0.2574999999999932	states																				"   state_name
id           
9    cpoke_in"
231.388621	0.06700399999999718	states																				"   state_name
id           
10  cpoke_out"
231.455625	0.29349600000000464	states																				"   state_name
id           
9    cpoke_in"
231.749121	0.09999999999999432	states																				"   state_name
id           
10  cpoke_out"
231.849121	0.0005040000000064992	states																				"         state_name
id                 
17  nic_error_state"
231.849625	3.0004959999999983	states																				"          state_name
id                  
18  nic_error_state2"
234.850121	0.003503999999992402	states																				"        state_name
id                
20  clean_up_state"
234.854121	3.756500000000017	trials	0.0	0.0	5.0	2.0	1.0	1.0	0.15	1.0	1.0	6500.0	14200.0	1.0	r	4.0	d	0.0	1.0	1.0	1.0	
234.854121	3.756500000000017	states																				"   state_name
id           
0     state_0"
234.854121	0.016000000000019554	states																				"          state_name
id                  
1   sending_trialnum"
234.870121	0.0004999999999881766	states																				"        state_name
id                
3   wait_for_cpoke"
234.870621	0.5004999999999882	states																				"            state_name
id                    
4   wait_for_cpoke_dir"
235.371121	0.8995000000000175	states																				"            state_name
id                    
6   wait_for_cpoke_bis"
236.270621	0.0010000000000047748	states																				"     state_name
id             
7   nic_prestim"
236.271621	0.0004999999999881766	states																				"   state_name
id           
8       cpoke"
236.272121	0.3100000000000023	states																				"   state_name
id           
9    cpoke_in"
236.582121	0.03649999999998954	states																				"   state_name
id           
10  cpoke_out"
236.618621	0.19350000000000023	states																				"   state_name
id           
9    cpoke_in"
236.812121	0.09050000000002001	states																				"   state_name
id           
10  cpoke_out"
236.902621	0.42399999999997817	states																				"   state_name
id           
9    cpoke_in"
237.326621	0.04449999999999932	states																				"   state_name
id           
10  cpoke_out"
237.371121	0.285000000000025	states																				"   state_name
id           
9    cpoke_in"
237.656121	0.015501000000000431	states																				"   state_name
id           
10  cpoke_out"
237.671622	0.0004989999999907013	states																				"       state_name
id               
11  wait_for_cout"
237.672121	0.4344999999999857	states																				"        state_name
id                
12  wait_for_spoke"
238.106621	0.0005000000000165983	states																				"   state_name
id           
13  hit_state"
238.107121	0.5	states																				"    state_name
id            
14  hit_state2"
238.607121	0.003500000000002501	states																				"        state_name
id                
20  clean_up_state"
238.611121	8.743500000000012	trials	0.0	0.0	5.0	2.0	1.0	1.0	0.15	-4.0	-2.5	6500.0	14200.0		l	2.0	d	0.0	-4.0	-2.5	3.0	
238.611121	8.743500000000012	states																				"   state_name
id           
0     state_0"
238.611121	0.015999999999991132	states																				"          state_name
id                  
1   sending_trialnum"
238.627121	0.000503000000009024	states																				"        state_name
id                
3   wait_for_cpoke"
238.627624	0.5000050000000158	states																				"            state_name
id                    
4   wait_for_cpoke_dir"
239.127629	3.959491999999983	states																				"            state_name
id                    
6   wait_for_cpoke_bis"
243.087121	0.0010000000000047748	states																				"     state_name
id             
7   nic_prestim"
243.088121	0.0004999999999881766	states																				"   state_name
id           
8       cpoke"
243.088621	0.3085000000000093	states																				"   state_name
id           
9    cpoke_in"
243.397121	0.028999999999996362	states																				"   state_name
id           
10  cpoke_out"
243.426121	0.823506000000009	states																				"   state_name
id           
9    cpoke_in"
244.249627	0.10049399999999764	states																				"   state_name
id           
10  cpoke_out"
244.350121	0.0004999999999881766	states																				"         state_name
id                 
17  nic_error_state"
244.350621	3.0005000000000166	states																				"          state_name
id                  
18  nic_error_state2"
247.351121	0.003500000000002501	states																				"        state_name
id                
20  clean_up_state"
247.355121	17.57499999999999	trials	0.0	0.0	5.0	2.0	1.0	1.0	0.15	1.0	-2.5	6500.0	14200.0	0.0	r	1.0	d	1.0	1.0	-2.5	2.0	
247.355121	17.57499999999999	states																				"   state_name
id           
0     state_0"
247.355121	0.015999999999991132	states																				"          state_name
id                  
1   sending_trialnum"
247.371121	0.0005080000000248219	states																				"        state_name
id                
3   wait_for_cpoke"
247.371629	0.50049199999998	states																				"            state_name
id                    
4   wait_for_cpoke_dir"
247.872121	11.293999999999983	states																				"            state_name
id                    
6   wait_for_cpoke_bis"
259.166121	0.0015000000000213731	states																				"     state_name
id             
7   nic_prestim"
259.167621	0.0004999999999881766	states																				"   state_name
id           
8       cpoke"
259.168121	0.03000000000002956	states																				"   state_name
id           
9    cpoke_in"
259.198121	0.04399999999998272	states																				"   state_name
id           
10  cpoke_out"
259.242121	0.652499999999975	states																				"   state_name
id           
9    cpoke_in"
259.894621	0.0705000000000382	states																				"   state_name
id           
10  cpoke_out"
259.965121	0.5985079999999812	states																				"   state_name
id           
9    cpoke_in"
260.563629	0.004492000000027474	states																				"   state_name
id           
10  cpoke_out"
260.568121	0.0004999999999881766	states																				"       state_name
id               
11  wait_for_cout"
260.568621	0.3575000000000159	states																				"        state_name
id                
12  wait_for_spoke"
260.926121	4.000499999999988	states																				"     state_name
id             
15  error_state"
264.926621	0.0034999999999740794	states																				"        state_name
id                
20  clean_up_state"
264.930621	9.811500000000024	trials	0.0	0.0	5.0	2.0	1.0	1.0	0.15	-4.0	-4.0	6500.0	14200.0	1.0	l	2.0	d	0.0	-4.0	-4.0	1.0	
264.930621	9.811500000000024	states																				"   state_name
id           
0     state_0"
264.930621	0.016000000000019554	states																				"          state_name
id                  
1   sending_trialnum"
264.946621	0.0004999999999881766	states																				"        state_name
id                
3   wait_for_cpoke"
264.947121	0.5005040000000349	states																				"            state_name
id                    
4   wait_for_cpoke_dir"
265.447625	7.028000999999961	states																				"            state_name
id                    
6   wait_for_cpoke_bis"
272.475626	0.001495000000033997	states																				"     state_name
id             
7   nic_prestim"
272.477121	0.0005039999999780775	states																				"   state_name
id           
8       cpoke"
272.477625	0.008996000000024651	states																				"   state_name
id           
9    cpoke_in"
272.486621	0.04599999999999227	states																				"   state_name
id           
10  cpoke_out"
272.532621	0.5450050000000033	states																				"   state_name
id           
9    cpoke_in"
273.077626	0.08200099999999111	states																				"   state_name
id           
10  cpoke_out"
273.159627	0.6759969999999953	states																				"   state_name
id           
9    cpoke_in"
273.835624	0.042002000000024964	states																				"   state_name
id           
10  cpoke_out"
273.877626	0.0004950000000008004	states																				"       state_name
id               
11  wait_for_cout"
273.878121	0.22649999999998727	states																				"        state_name
id                
12  wait_for_spoke"
274.104621	0.0004999999999881766	states																				"   state_name
id           
13  hit_state"
274.105121	0.5855000000000246	states																				"    state_name
id            
14  hit_state2"
274.690621	0.0034999999999740794	states																				"        state_name
id                
20  clean_up_state"
274.694121	0.04800000000000182	states																				"                state_name
id                        
2   check_next_trial_ready"
274.742621	7.204000000000008	trials	0.0	0.0	5.0	2.0	1.0	1.0	0.15	1.0	-2.5	6500.0	14200.0	1.0	r	1.0	d	1.0	1.0	-2.5	1.0	
274.742621	7.204000000000008	states																				"   state_name
id           
0     state_0"
274.742621	0.016000000000019554	states																				"          state_name
id                  
1   sending_trialnum"
274.758621	0.0004999999999881766	states																				"        state_name
id                
3   wait_for_cpoke"
274.759121	0.5	states																				"            state_name
id                    
4   wait_for_cpoke_dir"
275.259121	3.941500000000019	states																				"            state_name
id                    
6   wait_for_cpoke_bis"
279.200621	0.0010029999999687789	states																				"     state_name
id             
7   nic_prestim"
279.201624	0.0004969999999957508	states																				"   state_name
id           
8       cpoke"
279.202121	1.3935060000000021	states																				"   state_name
id           
9    cpoke_in"
280.595627	0.005998000000033699	states																				"   state_name
id           
10  cpoke_out"
280.601625	0.0004959999999982756	states																				"       state_name
id               
11  wait_for_cout"
280.602121	0.5299999999999727	states																				"        state_name
id                
12  wait_for_spoke"
281.132121	0.0004999999999881766	states																				"   state_name
id           
13  hit_state"
281.132621	0.7125000000000341	states																				"    state_name
id            
14  hit_state2"
281.845121	0.0034999999999740794	states																				"        state_name
id                
20  clean_up_state"
281.848621	0.09800000000001319	states																				"                state_name
id                        
2   check_next_trial_ready"
281.947121	15.579499999999996	trials	0.0	0.0	5.0	2.0	1.0	1.0	0.15	-4.0	-4.0	6500.0	14200.0	0.0	l	2.0	d	0.0	-4.0	-4.0	2.0	
281.947121	15.579499999999996	states																				"   state_name
id           
0     state_0"
281.947121	0.016000000000019554	states																				"          state_name
id                  
1   sending_trialnum"
281.963121	0.0005080000000248219	states																				"        state_name
id                
3   wait_for_cpoke"
281.963629	0.5004919999999515	states																				"            state_name
id                    
4   wait_for_cpoke_dir"
282.464121	8.563000000000045	states																				"            state_name
id                    
6   wait_for_cpoke_bis"
291.027121	0.0009999999999763531	states																				"     state_name
id             
7   nic_prestim"
291.028121	0.0004999999999881766	states																				"   state_name
id           
8       cpoke"
291.028621	0.41250000000002274	states																				"   state_name
id           
9    cpoke_in"
291.441121	0.07349999999996726	states																				"   state_name
id           
10  cpoke_out"
291.514621	0.8860000000000241	states																				"   state_name
id           
9    cpoke_in"
292.400621	0.02749999999997499	states																				"   state_name
id           
10  cpoke_out"
292.428121	0.00050000000004502	states																				"       state_name
id               
11  wait_for_cout"
292.428621	0.4919999999999618	states																				"        state_name
id                
12  wait_for_spoke"
292.920621	4.6025000000000205	states																				"     state_name
id             
15  error_state"
297.523121	0.0034999999999740794	states																				"        state_name
id                
20  clean_up_state"
297.527121	4.903499999999951	trials	0.0	0.0	5.0	2.0	1.0	1.0	0.15	-2.5	-2.5	6500.0	14200.0	1.0	l	2.0	d	0.0	-2.5	-2.5	1.0	
297.527121	4.903499999999951	states																				"   state_name
id           
0     state_0"
297.527121	0.01599999999996271	states																				"          state_name
id                  
1   sending_trialnum"
297.543121	0.000504000000034921	states																				"        state_name
id                
3   wait_for_cpoke"
297.543625	0.5004959999999983	states																				"            state_name
id                    
4   wait_for_cpoke_dir"
298.044121	2.1329999999999814	states																				"            state_name
id                    
6   wait_for_cpoke_bis"
300.177121	0.0015000000000213731	states																				"     state_name
id             
7   nic_prestim"
300.178621	0.0004999999999881766	states																				"   state_name
id           
8       cpoke"
300.179121	0.36000000000001364	states																				"   state_name
id           
9    cpoke_in"
300.539121	0.04499999999995907	states																				"   state_name
id           
10  cpoke_out"
300.584121	0.15750100000002476	states																				"   state_name
id           
9    cpoke_in"
300.741622	0.07249899999999343	states																				"   state_name
id           
10  cpoke_out"
300.814121	0.22949999999997317	states																				"   state_name
id           
9    cpoke_in"
301.043621	0.06400000000002137	states																				"   state_name
id           
10  cpoke_out"
301.107621	0.3795000000000073	states																				"   state_name
id           
9    cpoke_in"
301.487121	0.09199999999998454	states																				"   state_name
id           
10  cpoke_out"
301.579121	0.0004999999999881766	states																				"       state_name
id               
11  wait_for_cout"
301.579621	0.19200000000000728	states																				"        state_name
id                
12  wait_for_spoke"
301.771621	0.00050000000004502	states																				"   state_name
id           
13  hit_state"
301.772121	0.5664999999999623	states																				"    state_name
id            
14  hit_state2"
302.338621	0.003500000000030923	states																				"        state_name
id                
20  clean_up_state"
302.342121	0.08849999999995362	states																				"                state_name
id                        
2   check_next_trial_ready"
302.431121	9.284506999999962	trials	0.0	0.0	5.0	2.0	1.0	1.0	0.15	-1.0	-1.0	6500.0	14200.0		l	2.0	d	0.0	-1.0	-1.0	3.0	
302.431121	9.284506999999962	states																				"   state_name
id           
0     state_0"
302.431121	0.01599999999996271	states																				"          state_name
id                  
1   sending_trialnum"
302.447121	0.0005120000000147229	states																				"        state_name
id                
3   wait_for_cpoke"
302.447633	0.5004880000000185	states																				"            state_name
id                    
4   wait_for_cpoke_dir"
302.948121	4.404999999999973	states																				"            state_name
id                    
6   wait_for_cpoke_bis"
307.353121	0.0015000000000213731	states																				"     state_name
id             
7   nic_prestim"
307.354621	0.0004999999999881766	states																				"   state_name
id           
8       cpoke"
307.355121	0.40399999999999636	states																				"   state_name
id           
9    cpoke_in"
307.759121	0.022503000000028806	states																				"   state_name
id           
10  cpoke_out"
307.781624	0.3149970000000053	states																				"   state_name
id           
9    cpoke_in"
308.096621	0.08799999999996544	states																				"   state_name
id           
10  cpoke_out"
308.184621	0.4259999999999877	states																				"   state_name
id           
9    cpoke_in"
308.610621	0.10050000000001091	states																				"   state_name
id           
10  cpoke_out"
308.711121	0.0005070000000273467	states																				"         state_name
id                 
17  nic_error_state"
308.711628	3.000493000000006	states																				"          state_name
id                  
18  nic_error_state2"
311.712121	0.003506999999956406	states																				"        state_name
id                
20  clean_up_state"
311.716121	8.913001000000008	trials	0.0	0.0	5.0	2.0	1.0	1.0	0.15	-4.0	1.0	6500.0	14200.0		l	3.0	d	1.0	-4.0	1.0	3.0	
311.716121	8.913001000000008	states																				"   state_name
id           
0     state_0"
311.716121	0.016000000000019554	states																				"          state_name
id                  
1   sending_trialnum"
311.732121	0.0004999999999881766	states																				"        state_name
id                
3   wait_for_cpoke"
311.732621	0.5004999999999882	states																				"            state_name
id                    
4   wait_for_cpoke_dir"
312.233121	4.6854999999999905	states																				"            state_name
id                    
6   wait_for_cpoke_bis"
316.918621	0.001002000000028147	states																				"     state_name
id             
7   nic_prestim"
316.919623	0.0004979999999932261	states																				"   state_name
id           
8       cpoke"
316.920121	0.60450000000003	states																				"   state_name
id           
9    cpoke_in"
317.524621	0.0999999999999659	states																				"   state_name
id           
10  cpoke_out"
317.624621	0.0004999999999881766	states																				"         state_name
id                 
17  nic_error_state"
317.625121	3.000500000000045	states																				"          state_name
id                  
18  nic_error_state2"
320.625621	0.0035009999999715546	states																				"        state_name
id                
20  clean_up_state"
320.629628	5.448492999999985	trials	0.0	0.0	5.0	2.0	1.0	1.0	0.15	1.0	-2.5	6500.0	14200.0		r	1.0	d	1.0	1.0	-2.5	3.0	
320.629628	5.448492999999985	states																				"   state_name
id           
0     state_0"
320.629628	0.01599799999996776	states																				"          state_name
id                  
1   sending_trialnum"
320.645626	0.0004950000000008004	states																				"        state_name
id                
3   wait_for_cpoke"
320.646121	0.5004999999999882	states																				"            state_name
id                    
4   wait_for_cpoke_dir"
321.146621	0.5440000000000396	states																				"            state_name
id                    
6   wait_for_cpoke_bis"
321.690621	0.0010169999999902757	states																				"     state_name
id             
7   nic_prestim"
321.691638	0.000482999999974254	states																				"   state_name
id           
8       cpoke"
321.692121	0.625	states																				"   state_name
id           
9    cpoke_in"
322.317121	0.08450900000002548	states																				"   state_name
id           
10  cpoke_out"
322.40163	0.5714909999999804	states																				"   state_name
id           
9    cpoke_in"
322.973121	0.10050599999999577	states																				"   state_name
id           
10  cpoke_out"
323.073627	0.0004940000000033251	states																				"         state_name
id                 
17  nic_error_state"
323.074121	3.000499999999988	states																				"          state_name
id                  
18  nic_error_state2"
326.074621	0.003500000000030923	states																				"        state_name
id                
20  clean_up_state"
326.078621	19.151999999999987	trials	0.0	0.0	5.0	2.0	1.0	1.0	0.15	-1.0	4.0	6500.0	14200.0	0.0	l	3.0	d	1.0	-1.0	4.0	2.0	
326.078621	19.151999999999987	states																				"   state_name
id           
0     state_0"
326.078621	0.016000000000019554	states																				"          state_name
id                  
1   sending_trialnum"
326.094621	0.0004999999999881766	states																				"        state_name
id                
3   wait_for_cpoke"
326.095121	0.5005029999999806	states																				"            state_name
id                    
4   wait_for_cpoke_dir"
326.595624	10.780003000000022	states																				"            state_name
id                    
6   wait_for_cpoke_bis"
337.375627	0.0014939999999796783	states																				"     state_name
id             
7   nic_prestim"
337.377121	0.0004999999999881766	states																				"   state_name
id           
8       cpoke"
337.377621	0.5049999999999955	states																				"   state_name
id           
9    cpoke_in"
337.882621	0.0625	states																				"   state_name
id           
10  cpoke_out"
337.945121	0.73250900000005	states																				"   state_name
id           
9    cpoke_in"
338.67763	0.08799799999997049	states																				"   state_name
id           
10  cpoke_out"
338.765628	0.011493000000029951	states																				"   state_name
id           
9    cpoke_in"
338.777121	0.1490000000000009	states																				"       state_name
id               
11  wait_for_cout"
338.926121	0.5389999999999873	states																				"        state_name
id                
12  wait_for_spoke"
339.465121	5.7620000000000005	states																				"     state_name
id             
15  error_state"
345.227121	0.0034999999999740794	states																				"        state_name
id                
20  clean_up_state"
345.231121	5.811500000000024	trials	0.0	0.0	5.0	2.0	1.0	1.0	0.15	4.0	-2.5	6500.0	14200.0		r	1.0	d	1.0	4.0	-2.5	3.0	
345.231121	5.811500000000024	states																				"   state_name
id           
0     state_0"
345.231121	0.016000000000019554	states																				"          state_name
id                  
1   sending_trialnum"
345.247121	0.0005029999999806023	states																				"        state_name
id                
3   wait_for_cpoke"
345.247624	0.5000070000000392	states																				"            state_name
id                    
4   wait_for_cpoke_dir"
345.747631	1.6609899999999698	states																				"            state_name
id                    
6   wait_for_cpoke_bis"
347.408621	0.0010030000000256223	states																				"     state_name
id             
7   nic_prestim"
347.409624	0.0004969999999957508	states																				"   state_name
id           
8       cpoke"
347.410121	0.166499999999985	states																				"   state_name
id           
9    cpoke_in"
347.576621	0.04149999999998499	states																				"   state_name
id           
10  cpoke_out"
347.618121	0.32000000000005	states																				"   state_name
id           
9    cpoke_in"
347.938121	0.0999999999999659	states																				"   state_name
id           
10  cpoke_out"
348.038121	0.0004999999999881766	states																				"         state_name
id                 
17  nic_error_state"
348.038621	3.000500000000045	states																				"          state_name
id                  
18  nic_error_state2"
351.039121	0.0034999999999740794	states																				"        state_name
id                
20  clean_up_state"
351.043121	15.336999999999989	trials	0.0	0.0	5.0	2.0	1.0	1.0	0.15	2.5	-2.5	6500.0	14200.0		r	1.0	d	1.0	2.5	-2.5	3.0	
351.043121	15.336999999999989	states																				"   state_name
id           
0     state_0"
351.043121	0.016000000000019554	states																				"          state_name
id                  
1   sending_trialnum"
351.059121	0.0005100000000197724	states																				"        state_name
id                
3   wait_for_cpoke"
351.059631	0.5004899999999566	states																				"            state_name
id                    
4   wait_for_cpoke_dir"
351.560121	10.51600000000002	states																				"            state_name
id                    
6   wait_for_cpoke_bis"
362.076121	0.0015030000000137989	states																				"     state_name
id             
7   nic_prestim"
362.077624	0.0004969999999957508	states																				"   state_name
id           
8       cpoke"
362.078121	0.4549999999999841	states																				"   state_name
id           
9    cpoke_in"
362.533121	0.09500000000002728	states																				"   state_name
id           
10  cpoke_out"
362.628121	0.3135019999999713	states																				"   state_name
id           
9    cpoke_in"
362.941623	0.06649800000002415	states																				"   state_name
id           
10  cpoke_out"
363.008121	0.2675029999999765	states																				"   state_name
id           
9    cpoke_in"
363.275624	0.10000300000001516	states																				"   state_name
id           
10  cpoke_out"
363.375627	0.0004940000000033251	states																				"         state_name
id                 
17  nic_error_state"
363.376121	3.000499999999988	states																				"          state_name
id                  
18  nic_error_state2"
366.376621	0.0034999999999740794	states																				"        state_name
id                
20  clean_up_state"
366.380621	5.365499999999997	trials	0.0	0.0	5.0	2.0	1.0	1.0	0.15	1.0	-4.0	6500.0	14200.0	1.0	r	1.0	d	1.0	1.0	-4.0	1.0	
366.380621	5.365499999999997	states																				"   state_name
id           
0     state_0"
366.380621	0.01599999999996271	states																				"          state_name
id                  
1   sending_trialnum"
366.396621	0.00050000000004502	states																				"        state_name
id                
3   wait_for_cpoke"
366.397121	0.5005069999999705	states																				"            state_name
id                    
4   wait_for_cpoke_dir"
366.897628	2.0759949999999776	states																				"            state_name
id                    
6   wait_for_cpoke_bis"
368.973623	0.0014980000000264226	states																				"     state_name
id             
7   nic_prestim"
368.975121	0.000505999999973028	states																				"   state_name
id           
8       cpoke"
368.975627	0.34099400000002333	states																				"   state_name
id           
9    cpoke_in"
369.316621	0.04200000000003001	states																				"   state_name
id           
10  cpoke_out"
369.358621	0.21200099999998656	states																				"   state_name
id           
9    cpoke_in"
369.570622	0.06549899999998843	states																				"   state_name
id           
10  cpoke_out"
369.636121	0.24049999999999727	states																				"   state_name
id           
9    cpoke_in"
369.876621	0.0684999999999718	states																				"   state_name
id           
10  cpoke_out"
369.945121	0.43050300000004427	states																				"   state_name
id           
9    cpoke_in"
370.375624	0.009997999999995955	states																				"       state_name
id               
11  wait_for_cout"
370.385622	0.7800029999999651	states																				"        state_name
id                
12  wait_for_spoke"
371.165625	0.0004959999999982756	states																				"   state_name
id           
13  hit_state"
371.166121	0.57650000000001	states																				"    state_name
id            
14  hit_state2"
371.742621	0.003500000000030923	states																				"        state_name
id                
20  clean_up_state"
371.746621	12.09700700000002	trials	0.0	0.0	5.0	2.0	1.0	1.0	0.15	-1.0	-4.0	6500.0	14200.0	1.0	l	2.0	d	0.0	-1.0	-4.0	1.0	
371.746621	12.09700700000002	states																				"   state_name
id           
0     state_0"
371.746621	0.016000000000019554	states																				"          state_name
id                  
1   sending_trialnum"
371.762621	0.0004999999999881766	states																				"        state_name
id                
3   wait_for_cpoke"
371.763121	0.5	states																				"            state_name
id                    
4   wait_for_cpoke_dir"
372.263121	8.793000000000006	states																				"            state_name
id                    
6   wait_for_cpoke_bis"
381.056121	0.0015099999999961256	states																				"     state_name
id             
7   nic_prestim"
381.057631	0.0004900000000134241	states																				"   state_name
id           
8       cpoke"
381.058121	0.7835009999999443	states																				"   state_name
id           
9    cpoke_in"
381.841622	0.056999000000018896	states																				"   state_name
id           
10  cpoke_out"
381.898621	0.19549999999998136	states																				"   state_name
id           
9    cpoke_in"
382.094121	0.09750500000001239	states																				"   state_name
id           
10  cpoke_out"
382.191626	0.26649500000002035	states																				"   state_name
id           
9    cpoke_in"
382.458121	0.038000000000010914	states																				"       state_name
id               
11  wait_for_cout"
382.496121	0.632000000000005	states																				"        state_name
id                
12  wait_for_spoke"
383.128121	0.0004999999999881766	states																				"   state_name
id           
13  hit_state"
383.128621	0.4810019999999895	states																				"    state_name
id            
14  hit_state2"
383.609623	0.003497999999979129	states																				"        state_name
id                
20  clean_up_state"
383.613121	0.23050700000004554	states																				"                state_name
id                        
2   check_next_trial_ready"
383.844121	5.0895060000000285	trials	0.0	0.0	5.0	2.0	1.0	1.0	0.15	2.5	-1.0	6500.0	14200.0	1.0	r	1.0	d	1.0	2.5	-1.0	1.0	
383.844121	5.0895060000000285	states																				"   state_name
id           
0     state_0"
383.844121	0.016000000000019554	states																				"          state_name
id                  
1   sending_trialnum"
383.860121	0.0004999999999881766	states																				"        state_name
id                
3   wait_for_cpoke"
383.860621	0.500500000000045	states																				"            state_name
id                    
4   wait_for_cpoke_dir"
384.361121	2.0734999999999673	states																				"            state_name
id                    
6   wait_for_cpoke_bis"
386.434621	0.0010030000000256223	states																				"     state_name
id             
7   nic_prestim"
386.435624	0.0004969999999957508	states																				"   state_name
id           
8       cpoke"
386.436121	0.24049999999999727	states																				"   state_name
id           
9    cpoke_in"
386.676621	0.08999999999997499	states																				"   state_name
id           
10  cpoke_out"
386.766621	0.2830069999999978	states																				"   state_name
id           
9    cpoke_in"
387.049628	0.08349300000003268	states																				"   state_name
id           
10  cpoke_out"
387.133121	0.6274999999999977	states																				"   state_name
id           
9    cpoke_in"
387.760621	0.04199999999997317	states																				"   state_name
id           
10  cpoke_out"
387.802621	0.03350000000000364	states																				"   state_name
id           
9    cpoke_in"
387.836121	0.06700000000000728	states																				"       state_name
id               
11  wait_for_cout"
387.903121	0.5029999999999859	states																				"        state_name
id                
12  wait_for_spoke"
388.406121	0.0004999999999881766	states																				"   state_name
id           
13  hit_state"
388.406621	0.5235000000000127	states																				"    state_name
id            
14  hit_state2"
388.930121	0.0035060000000157743	states																				"        state_name
id                
20  clean_up_state"
388.934121	12.911999999999978	trials	0.0	0.0	5.0	2.0	1.0	1.0	0.15	-1.0	-1.0	6500.0	14200.0	0.0	l	2.0	d	0.0	-1.0	-1.0	2.0	
388.934121	12.911999999999978	states																				"   state_name
id           
0     state_0"
388.934121	0.016000000000019554	states																				"          state_name
id                  
1   sending_trialnum"
388.950121	0.0004999999999881766	states																				"        state_name
id                
3   wait_for_cpoke"
388.950621	0.5004999999999882	states																				"            state_name
id                    
4   wait_for_cpoke_dir"
389.451121	7.724506000000019	states																				"            state_name
id                    
6   wait_for_cpoke_bis"
397.175627	0.0014939999999796783	states																				"     state_name
id             
7   nic_prestim"
397.177121	0.0005039999999780775	states																				"   state_name
id           
8       cpoke"
397.177625	0.20249599999999646	states																				"   state_name
id           
9    cpoke_in"
397.380121	0.06600000000003092	states																				"   state_name
id           
10  cpoke_out"
397.446121	0.2559999999999718	states																				"   state_name
id           
9    cpoke_in"
397.702121	0.08950600000002851	states																				"   state_name
id           
10  cpoke_out"
397.791627	0.23249399999997422	states																				"   state_name
id           
9    cpoke_in"
398.024121	0.049508000000002994	states																				"   state_name
id           
10  cpoke_out"
398.073629	0.5034919999999943	states																				"   state_name
id           
9    cpoke_in"
398.577121	0.03200000000003911	states																				"       state_name
id               
11  wait_for_cout"
398.609121	0.5409999999999968	states																				"        state_name
id                
12  wait_for_spoke"
399.150121	2.6924999999999955	states																				"     state_name
id             
15  error_state"
401.842621	0.0034999999999740794	states																				"        state_name
id                
20  clean_up_state"
401.846621	12.357002999999963	trials	0.0	0.0	5.0	2.0	1.0	1.0	0.15	-2.5	1.0	6500.0	14200.0		l	3.0	d	1.0	-2.5	1.0	3.0	
401.846621	12.357002999999963	states																				"   state_name
id           
0     state_0"
401.846621	0.01599999999996271	states																				"          state_name
id                  
1   sending_trialnum"
401.862621	0.0004999999999881766	states																				"        state_name
id                
3   wait_for_cpoke"
401.863121	0.5	states																				"            state_name
id                    
4   wait_for_cpoke_dir"
402.363121	8.549000000000035	states																				"            state_name
id                    
6   wait_for_cpoke_bis"
410.912121	0.0009999999999763531	states																				"     state_name
id             
7   nic_prestim"
410.913121	0.0004999999999881766	states																				"   state_name
id           
8       cpoke"
410.913621	0.1855000000000473	states																				"   state_name
id           
9    cpoke_in"
411.099121	0.0999999999999659	states																				"   state_name
id           
10  cpoke_out"
411.199121	0.000504000000034921	states																				"         state_name
id                 
17  nic_error_state"
411.199625	3.0004959999999983	states																				"          state_name
id                  
18  nic_error_state2"
414.200121	0.003502999999966505	states																				"        state_name
id                
20  clean_up_state"
414.204121	6.177999999999997	trials	0.0	0.0	5.0	2.0	1.0	1.0	0.15	-2.5	2.5	6500.0	14200.0	1.0	l	3.0	d	1.0	-2.5	2.5	1.0	
414.204121	6.177999999999997	states																				"   state_name
id           
0     state_0"
414.204121	0.016000000000019554	states																				"          state_name
id                  
1   sending_trialnum"
414.220121	0.0004999999999881766	states																				"        state_name
id                
3   wait_for_cpoke"
414.220621	0.5004999999999882	states																				"            state_name
id                    
4   wait_for_cpoke_dir"
414.721121	3.1895000000000095	states																				"            state_name
id                    
6   wait_for_cpoke_bis"
417.910621	0.0010000000000331966	states																				"     state_name
id             
7   nic_prestim"
417.911621	0.0004999999999881766	states																				"   state_name
id           
8       cpoke"
417.912121	1.3859999999999673	states																				"   state_name
id           
9    cpoke_in"
419.298121	0.013503000000014254	states																				"   state_name
id           
10  cpoke_out"
419.311624	0.0004969999999957508	states																				"       state_name
id               
11  wait_for_cout"
419.312121	0.36299999999999955	states																				"        state_name
id                
12  wait_for_spoke"
419.675121	0.0005009999999856518	states																				"   state_name
id           
13  hit_state"
419.675622	0.6209990000000403	states																				"    state_name
id            
14  hit_state2"
420.296621	0.0034999999999740794	states																				"        state_name
id                
20  clean_up_state"
420.300121	0.08199999999999363	states																				"                state_name
id                        
2   check_next_trial_ready"
420.382621	9.329002000000003	trials	0.0	0.0	5.0	2.0	1.0	1.0	0.15	-2.5	4.0	6500.0	14200.0	1.0	l	3.0	d	1.0	-2.5	4.0	1.0	
420.382621	9.329002000000003	states																				"   state_name
id           
0     state_0"
420.382621	0.016000000000019554	states																				"          state_name
id                  
1   sending_trialnum"
420.398621	0.0004999999999881766	states																				"        state_name
id                
3   wait_for_cpoke"
420.399121	0.500500000000045	states																				"            state_name
id                    
4   wait_for_cpoke_dir"
420.899621	6.244999999999948	states																				"            state_name
id                    
6   wait_for_cpoke_bis"
427.144621	0.0010010000000306718	states																				"     state_name
id             
7   nic_prestim"
427.145622	0.0004989999999907013	states																				"   state_name
id           
8       cpoke"
427.146121	1.363507000000027	states																				"   state_name
id           
9    cpoke_in"
428.509628	0.03599599999995462	states																				"   state_name
id           
10  cpoke_out"
428.545624	0.0004970000000525943	states																				"       state_name
id               
11  wait_for_cout"
428.546121	0.40449999999998454	states																				"        state_name
id                
12  wait_for_spoke"
428.950621	0.0004999999999881766	states																				"   state_name
id           
13  hit_state"
428.951121	0.5500000000000114	states																				"    state_name
id            
14  hit_state2"
429.501121	0.0034999999999740794	states																				"        state_name
id                
20  clean_up_state"
429.504621	0.20700199999998858	states																				"                state_name
id                        
2   check_next_trial_ready"
429.712121	21.689504	trials	0.0	0.0	5.0	2.0	1.0	1.0	0.15	2.5	-4.0	6500.0	14200.0	1.0	r	1.0	d	1.0	2.5	-4.0	1.0	
429.712121	21.689504	states																				"   state_name
id           
0     state_0"
429.712121	0.01599999999996271	states																				"          state_name
id                  
1   sending_trialnum"
429.728121	0.0004999999999881766	states																				"        state_name
id                
3   wait_for_cpoke"
429.728621	0.500500000000045	states																				"            state_name
id                    
4   wait_for_cpoke_dir"
430.229121	18.567999999999984	states																				"            state_name
id                    
6   wait_for_cpoke_bis"
448.797121	0.0009999999999763531	states																				"     state_name
id             
7   nic_prestim"
448.798121	0.00050000000004502	states																				"   state_name
id           
8       cpoke"
448.798621	0.48999999999995225	states																				"   state_name
id           
9    cpoke_in"
449.288621	0.07800000000003138	states																				"   state_name
id           
10  cpoke_out"
449.366621	0.0614999999999668	states																				"   state_name
id           
9    cpoke_in"
449.428121	0.0845000000000482	states																				"   state_name
id           
10  cpoke_out"
449.512621	0.6859999999999786	states																				"   state_name
id           
9    cpoke_in"
450.198621	0.07600000000002183	states																				"       state_name
id               
11  wait_for_cout"
450.274621	0.46599999999995134	states																				"        state_name
id                
12  wait_for_spoke"
450.740621	0.00050000000004502	states																				"   state_name
id           
13  hit_state"
450.741121	0.5205080000000066	states																				"    state_name
id            
14  hit_state2"
451.261629	0.0034919999999942775	states																				"        state_name
id                
20  clean_up_state"
451.265121	0.13650400000000218	states																				"                state_name
id                        
2   check_next_trial_ready"
451.402121	11.52049999999997	trials	0.0	0.0	5.0	2.0	1.0	1.0	0.15	4.0	4.0	6500.0	14200.0		r	4.0	d	0.0	4.0	4.0	3.0	
451.402121	11.52049999999997	states																				"   state_name
id           
0     state_0"
451.402121	0.01599999999996271	states																				"          state_name
id                  
1   sending_trialnum"
451.418121	0.0004999999999881766	states																				"        state_name
id                
3   wait_for_cpoke"
451.418621	0.500500000000045	states																				"            state_name
id                    
4   wait_for_cpoke_dir"
451.919121	7.218500000000006	states																				"            state_name
id                    
6   wait_for_cpoke_bis"
459.137621	0.0014999999999645297	states																				"     state_name
id             
7   nic_prestim"
459.139121	0.0005120000000147229	states																				"   state_name
id           
8       cpoke"
459.139633	0.2389880000000062	states																				"   state_name
id           
9    cpoke_in"
459.378621	0.036000000000001364	states																				"   state_name
id           
10  cpoke_out"
459.414621	0.13049999999998363	states																				"   state_name
id           
9    cpoke_in"
459.545121	0.04599999999999227	states																				"   state_name
id           
10  cpoke_out"
459.591121	0.22651000000001886	states																				"   state_name
id           
9    cpoke_in"
459.817631	0.10048999999997932	states																				"   state_name
id           
10  cpoke_out"
459.918121	0.0004999999999881766	states																				"         state_name
id                 
17  nic_error_state"
459.918621	3.000500000000045	states																				"          state_name
id                  
18  nic_error_state2"
462.919121	0.0034999999999740794	states																				"        state_name
id                
20  clean_up_state"
462.923121	4.02800000000002	trials	0.0	0.0	5.0	2.0	1.0	1.0	0.15	-2.5	2.5	6500.0	14200.0	1.0	l	3.0	d	1.0	-2.5	2.5	1.0	
462.923121	4.02800000000002	states																				"   state_name
id           
0     state_0"
462.923121	0.016000000000019554	states																				"          state_name
id                  
1   sending_trialnum"
462.939121	0.0005029999999806023	states																				"        state_name
id                
3   wait_for_cpoke"
462.939624	0.5000029999999924	states																				"            state_name
id                    
4   wait_for_cpoke_dir"
463.439627	0.6664940000000001	states																				"            state_name
id                    
6   wait_for_cpoke_bis"
464.106121	0.0010000000000331966	states																				"     state_name
id             
7   nic_prestim"
464.107121	0.0005049999999755528	states																				"   state_name
id           
8       cpoke"
464.107626	1.0269949999999994	states																				"   state_name
id           
9    cpoke_in"
465.134621	0.07500800000002528	states																				"   state_name
id           
10  cpoke_out"
465.209629	0.2979970000000094	states																				"   state_name
id           
9    cpoke_in"
465.507626	0.039998999999966145	states																				"       state_name
id               
11  wait_for_cout"
465.547625	0.7674959999999942	states																				"        state_name
id                
12  wait_for_spoke"
466.315121	0.000504000000034921	states																				"   state_name
id           
13  hit_state"
466.315625	0.5089959999999678	states																				"    state_name
id            
14  hit_state2"
466.824621	0.003500000000030923	states																				"        state_name
id                
20  clean_up_state"
466.828121	0.12299999999999045	states																				"                state_name
id                        
2   check_next_trial_ready"
466.951631	7.627993000000004	trials	0.0	0.0	5.0	2.0	1.0	1.0	0.15	2.5	-1.0	6500.0	14200.0	1.0	r	1.0	d	1.0	2.5	-1.0	1.0	
466.951631	7.627993000000004	states																				"   state_name
id           
0     state_0"
466.951631	0.015998999999965235	states																				"          state_name
id                  
1   sending_trialnum"
466.96763	0.0004910000000108994	states																				"        state_name
id                
3   wait_for_cpoke"
466.968121	0.5004999999999882	states																				"            state_name
id                    
4   wait_for_cpoke_dir"
467.468621	4.580500000000029	states																				"            state_name
id                    
6   wait_for_cpoke_bis"
472.049121	0.0014999999999645297	states																				"     state_name
id             
7   nic_prestim"
472.050621	0.00050000000004502	states																				"   state_name
id           
8       cpoke"
472.051121	0.5325059999999553	states																				"   state_name
id           
9    cpoke_in"
472.583627	0.06549400000000105	states																				"   state_name
id           
10  cpoke_out"
472.649121	0.8015000000000327	states																				"   state_name
id           
9    cpoke_in"
473.450621	0.055499999999995	states																				"       state_name
id               
11  wait_for_cout"
473.506121	0.5670000000000073	states																				"        state_name
id                
12  wait_for_spoke"
474.073121	0.000505999999973028	states																				"   state_name
id           
13  hit_state"
474.073627	0.49299400000001015	states																				"    state_name
id            
14  hit_state2"
474.566621	0.0034999999999740794	states																				"        state_name
id                
20  clean_up_state"
474.570121	0.009503000000051998	states																				"                state_name
id                        
2   check_next_trial_ready"
474.580121	7.275999999999954	trials	0.0	0.0	5.0	2.0	1.0	1.0	0.15	-4.0	1.0	6500.0	14200.0	1.0	l	3.0	d	1.0	-4.0	1.0	1.0	
474.580121	7.275999999999954	states																				"   state_name
id           
0     state_0"
474.580121	0.01599999999996271	states																				"          state_name
id                  
1   sending_trialnum"
474.596121	0.00050000000004502	states																				"        state_name
id                
3   wait_for_cpoke"
474.596621	0.5004999999999882	states																				"            state_name
id                    
4   wait_for_cpoke_dir"
475.097121	4.330499999999972	states																				"            state_name
id                    
6   wait_for_cpoke_bis"
479.427621	0.0010000000000331966	states																				"     state_name
id             
7   nic_prestim"
479.428621	0.0004999999999881766	states																				"   state_name
id           
8       cpoke"
479.429121	0.4490000000000123	states																				"   state_name
id           
9    cpoke_in"
479.878121	0.08249999999998181	states																				"   state_name
id           
10  cpoke_out"
479.960621	0.38999999999998636	states																				"   state_name
id           
9    cpoke_in"
480.350621	0.026499999999998636	states																				"   state_name
id           
10  cpoke_out"
480.377121	0.45150000000001	states																				"   state_name
id           
9    cpoke_in"
480.828621	0.031999999999982265	states																				"       state_name
id               
11  wait_for_cout"
480.860621	0.486500000000035	states																				"        state_name
id                
12  wait_for_spoke"
481.347121	0.0005079999999679785	states																				"   state_name
id           
13  hit_state"
481.347629	0.49099200000000565	states																				"    state_name
id            
14  hit_state2"
481.838621	0.003500000000030923	states																				"        state_name
id                
20  clean_up_state"
481.842121	0.013999999999953161	states																				"                state_name
id                        
2   check_next_trial_ready"
481.856621	9.033001999999954	trials	0.0	0.0	5.0	2.0	1.0	1.0	0.15	1.0	-1.0	6500.0	14200.0		r	1.0	d	1.0	1.0	-1.0	3.0	
481.856621	9.033001999999954	states																				"   state_name
id           
0     state_0"
481.856621	0.01599999999996271	states																				"          state_name
id                  
1   sending_trialnum"
481.872621	0.00050000000004502	states																				"        state_name
id                
3   wait_for_cpoke"
481.873121	0.500505999999973	states																				"            state_name
id                    
4   wait_for_cpoke_dir"
482.373627	4.223998999999992	states																				"            state_name
id                    
6   wait_for_cpoke_bis"
486.597626	0.001495000000033997	states																				"     state_name
id             
7   nic_prestim"
486.599121	0.0004999999999881766	states																				"   state_name
id           
8       cpoke"
486.599621	0.430499999999995	states																				"   state_name
id           
9    cpoke_in"
487.030121	0.06399999999996453	states																				"   state_name
id           
10  cpoke_out"
487.094121	0.6905000000000427	states																				"   state_name
id           
9    cpoke_in"
487.784621	0.10050000000001091	states																				"   state_name
id           
10  cpoke_out"
487.885121	0.0005009999999856518	states																				"         state_name
id                 
17  nic_error_state"
487.885622	3.0004989999999907	states																				"          state_name
id                  
18  nic_error_state2"
490.886121	0.00350199999996903	states																				"        state_name
id                
20  clean_up_state"
490.890121	4.618499999999983	trials	0.0	0.0	5.0	2.0	1.0	1.0	0.15	-4.0	4.0	6500.0	14200.0		l	3.0	d	1.0	-4.0	4.0	3.0	
490.890121	4.618499999999983	states																				"   state_name
id           
0     state_0"
490.890121	0.01599999999996271	states																				"          state_name
id                  
1   sending_trialnum"
490.906121	0.0004999999999881766	states																				"        state_name
id                
3   wait_for_cpoke"
490.906621	0.500500000000045	states																				"            state_name
id                    
4   wait_for_cpoke_dir"
491.407121	0.03350000000000364	states																				"            state_name
id                    
6   wait_for_cpoke_bis"
491.440621	0.0010039999999662541	states																				"     state_name
id             
7   nic_prestim"
491.441625	0.0004959999999982756	states																				"   state_name
id           
8       cpoke"
491.442121	0.2435090000000173	states																				"   state_name
id           
9    cpoke_in"
491.68563	0.08999199999999519	states																				"   state_name
id           
10  cpoke_out"
491.775622	0.27949899999998706	states																				"   state_name
id           
9    cpoke_in"
492.055121	0.069500000000005	states																				"   state_name
id           
10  cpoke_out"
492.124621	0.27949999999998454	states																				"   state_name
id           
9    cpoke_in"
492.404121	0.10000000000002274	states																				"   state_name
id           
10  cpoke_out"
492.504121	0.0004999999999881766	states																				"         state_name
id                 
17  nic_error_state"
492.504621	3.000499999999988	states																				"          state_name
id                  
18  nic_error_state2"
495.505121	0.003500000000030923	states																				"        state_name
id                
20  clean_up_state"
495.509121	6.912000000000035	trials	0.0	0.0	5.0	2.0	1.0	1.0	0.15	-2.5	1.0	6500.0	14200.0	1.0	l	3.0	d	1.0	-2.5	1.0	1.0	
495.509121	6.912000000000035	states																				"   state_name
id           
0     state_0"
495.509121	0.016000000000019554	states																				"          state_name
id                  
1   sending_trialnum"
495.525121	0.000505999999973028	states																				"        state_name
id                
3   wait_for_cpoke"
495.525627	0.5	states																				"            state_name
id                    
4   wait_for_cpoke_dir"
496.025627	3.894494000000009	states																				"            state_name
id                    
6   wait_for_cpoke_bis"
499.920121	0.0010000000000331966	states																				"     state_name
id             
7   nic_prestim"
499.921121	0.0005029999999806023	states																				"   state_name
id           
8       cpoke"
499.921624	0.34299799999996594	states																				"   state_name
id           
9    cpoke_in"
500.264622	0.06449900000001207	states																				"   state_name
id           
10  cpoke_out"
500.329121	0.2655000000000314	states																				"   state_name
id           
9    cpoke_in"
500.594621	0.09449999999998226	states																				"   state_name
id           
10  cpoke_out"
500.689121	0.23799999999999955	states																				"   state_name
id           
9    cpoke_in"
500.927121	0.08100000000001728	states																				"   state_name
id           
10  cpoke_out"
501.008121	0.3129999999999882	states																				"   state_name
id           
9    cpoke_in"
501.321121	0.07900000000000773	states																				"       state_name
id               
11  wait_for_cout"
501.400121	0.39999999999997726	states																				"        state_name
id                
12  wait_for_spoke"
501.800121	0.0004999999999881766	states																				"   state_name
id           
13  hit_state"
501.800621	0.48799999999999955	states																				"    state_name
id            
14  hit_state2"
502.288621	0.003500000000030923	states																				"        state_name
id                
20  clean_up_state"
502.292121	0.1290000000000191	states																				"                state_name
id                        
2   check_next_trial_ready"
502.421632	7.962988999999993	trials	0.0	0.0	5.0	2.0	1.0	1.0	0.15	4.0	2.5	6500.0	14200.0	1.0	r	4.0	d	0.0	4.0	2.5	1.0	
502.421632	7.962988999999993	states																				"   state_name
id           
0     state_0"
502.421632	0.01600100000001703	states																				"          state_name
id                  
1   sending_trialnum"
502.437633	0.00048800000001847366	states																				"        state_name
id                
3   wait_for_cpoke"
502.438121	0.5004999999999882	states																				"            state_name
id                    
4   wait_for_cpoke_dir"
502.938621	4.682501000000002	states																				"            state_name
id                    
6   wait_for_cpoke_bis"
507.621122	0.0014989999999670545	states																				"     state_name
id             
7   nic_prestim"
507.622621	0.00050000000004502	states																				"   state_name
id           
8       cpoke"
507.623121	0.3745079999999916	states																				"   state_name
id           
9    cpoke_in"
507.997629	0.09499199999999064	states																				"   state_name
id           
10  cpoke_out"
508.092621	0.39700099999998884	states																				"   state_name
id           
9    cpoke_in"
508.489622	0.054999000000009346	states																				"   state_name
id           
10  cpoke_out"
508.544621	0.4784999999999968	states																				"   state_name
id           
9    cpoke_in"
509.023121	0.031999999999982265	states																				"       state_name
id               
11  wait_for_cout"
509.055121	0.5120000000000005	states																				"        state_name
id                
12  wait_for_spoke"
509.567121	0.0004999999999881766	states																				"   state_name
id           
13  hit_state"
509.567621	0.49200400000000855	states																				"    state_name
id            
14  hit_state2"
510.059625	0.003496000000041022	states																				"        state_name
id                
20  clean_up_state"
510.063121	0.3214999999999577	states																				"                state_name
id                        
2   check_next_trial_ready"
510.385121	7.627499999999941	trials	0.0	0.0	5.0	2.0	1.0	1.0	0.15	-4.0	-2.5	6500.0	14200.0	1.0	l	2.0	d	0.0	-4.0	-2.5	1.0	
510.385121	7.627499999999941	states																				"   state_name
id           
0     state_0"
510.385121	0.01599999999996271	states																				"          state_name
id                  
1   sending_trialnum"
510.401121	0.0005060000000298714	states																				"        state_name
id                
3   wait_for_cpoke"
510.401627	0.5004940000000033	states																				"            state_name
id                    
4   wait_for_cpoke_dir"
510.902121	4.477000000000032	states																				"            state_name
id                    
6   wait_for_cpoke_bis"
515.379121	0.0009999999999763531	states																				"     state_name
id             
7   nic_prestim"
515.380121	0.0004999999999881766	states																				"   state_name
id           
8       cpoke"
515.380621	0.37000000000000455	states																				"   state_name
id           
9    cpoke_in"
515.750621	0.08749999999997726	states																				"   state_name
id           
10  cpoke_out"
515.838121	0.36950000000001637	states																				"   state_name
id           
9    cpoke_in"
516.207621	0.020999999999958163	states																				"   state_name
id           
10  cpoke_out"
516.228621	0.5185000000000173	states																				"   state_name
id           
9    cpoke_in"
516.747121	0.03300000000001546	states																				"   state_name
id           
10  cpoke_out"
516.780121	0.0004999999999881766	states																				"       state_name
id               
11  wait_for_cout"
516.780621	0.5120000000000573	states																				"        state_name
id                
12  wait_for_spoke"
517.292621	0.0004999999999881766	states																				"   state_name
id           
13  hit_state"
517.293121	0.5369999999999209	states																				"    state_name
id            
14  hit_state2"
517.830121	0.0035030000000233485	states																				"        state_name
id                
20  clean_up_state"
517.833624	0.1789969999999812	states																				"                state_name
id                        
2   check_next_trial_ready"
518.013121	12.99350000000004	trials	0.0	0.0	5.0	2.0	1.0	1.0	0.15	-2.5	-4.0	6500.0	14200.0		l	2.0	d	0.0	-2.5	-4.0	3.0	
518.013121	12.99350000000004	states																				"   state_name
id           
0     state_0"
518.013121	0.016000000000076398	states																				"          state_name
id                  
1   sending_trialnum"
518.029121	0.0004999999999881766	states																				"        state_name
id                
3   wait_for_cpoke"
518.029621	0.5	states																				"            state_name
id                    
4   wait_for_cpoke_dir"
518.529621	8.174999999999955	states																				"            state_name
id                    
6   wait_for_cpoke_bis"
526.704621	0.0010019999999713036	states																				"     state_name
id             
7   nic_prestim"
526.705623	0.0004980000001069129	states																				"   state_name
id           
8       cpoke"
526.706121	0.12150799999994888	states																				"   state_name
id           
9    cpoke_in"
526.827629	0.05399499999998625	states																				"   state_name
id           
10  cpoke_out"
526.881624	0.3294970000000603	states																				"   state_name
id           
9    cpoke_in"
527.211121	0.05200099999990471	states																				"   state_name
id           
10  cpoke_out"
527.263122	0.6389990000000125	states																				"   state_name
id           
9    cpoke_in"
527.902121	0.10000100000002021	states																				"   state_name
id           
10  cpoke_out"
528.002122	0.0004989999999907013	states																				"         state_name
id                 
17  nic_error_state"
528.002621	3.000499999999988	states																				"          state_name
id                  
18  nic_error_state2"
531.003121	0.003500000000030923	states																				"        state_name
id                
20  clean_up_state"
531.007121	3.2095030000000406	trials	0.0	0.0	5.0	2.0	1.0	1.0	0.15	-4.0	1.0	6500.0	14200.0	1.0	l	3.0	d	1.0	-4.0	1.0	1.0	
531.007121	3.2095030000000406	states																				"   state_name
id           
0     state_0"
531.007121	0.01599999999996271	states																				"          state_name
id                  
1   sending_trialnum"
531.023121	0.0005000000001018634	states																				"        state_name
id                
3   wait_for_cpoke"
531.023621	0.5000079999999798	states																				"            state_name
id                    
4   wait_for_cpoke_dir"
531.523629	0.0004920000000083746	states																				"            state_name
id                    
6   wait_for_cpoke_bis"
531.524121	0.0015059999999493812	states																				"     state_name
id             
7   nic_prestim"
531.525627	0.0004940000000033251	states																				"   state_name
id           
8       cpoke"
531.526121	0.10099999999999909	states																				"   state_name
id           
9    cpoke_in"
531.627121	0.08250299999997424	states																				"   state_name
id           
10  cpoke_out"
531.709624	0.5439989999999852	states																				"   state_name
id           
9    cpoke_in"
532.253623	0.08499800000004143	states																				"   state_name
id           
10  cpoke_out"
532.338621	0.34950000000003456	states																				"   state_name
id           
9    cpoke_in"
532.688121	0.036999999999920874	states																				"   state_name
id           
10  cpoke_out"
532.725121	0.20100000000002183	states																				"   state_name
id           
9    cpoke_in"
532.926121	0.007000000000061846	states																				"       state_name
id               
11  wait_for_cout"
532.933121	0.6089999999999236	states																				"        state_name
id                
12  wait_for_spoke"
533.542121	0.0005000000001018634	states																				"   state_name
id           
13  hit_state"
533.542621	0.48499999999989996	states																				"    state_name
id            
14  hit_state2"
534.027621	0.003500000000030923	states																				"        state_name
id                
20  clean_up_state"
534.031121	0.18550300000003972	states																				"                state_name
id                        
2   check_next_trial_ready"
534.217121	7.612511999999924	trials	0.0	0.0	5.0	2.0	1.0	1.0	0.15	-2.5	4.0	6500.0	14200.0		l	3.0	d	1.0	-2.5	4.0	3.0	
534.217121	7.612511999999924	states																				"   state_name
id           
0     state_0"
534.217121	0.01599999999996271	states																				"          state_name
id                  
1   sending_trialnum"
534.233121	0.000509999999962929	states																				"        state_name
id                
3   wait_for_cpoke"
534.233631	0.5004900000000134	states																				"            state_name
id                    
4   wait_for_cpoke_dir"
534.734121	3.909503000000086	states																				"            state_name
id                    
6   wait_for_cpoke_bis"
538.643624	0.001496999999972104	states																				"     state_name
id             
7   nic_prestim"
538.645121	0.0005029999999806023	states																				"   state_name
id           
8       cpoke"
538.645624	0.07899699999995846	states																				"   state_name
id           
9    cpoke_in"
538.724621	0.10050000000001091	states																				"   state_name
id           
10  cpoke_out"
538.825121	0.0005090000000791406	states																				"         state_name
id                 
17  nic_error_state"
538.82563	3.000490999999897	states																				"          state_name
id                  
18  nic_error_state2"
541.826121	0.0035120000000006257	states																				"        state_name
id                
20  clean_up_state"
541.830121	6.764499999999998	trials	0.0	0.0	5.0	2.0	1.0	1.0	0.15	-1.0	2.5	6500.0	14200.0	0.0	l	3.0	d	1.0	-1.0	2.5	2.0	
541.830121	6.764499999999998	states																				"   state_name
id           
0     state_0"
541.830121	0.016000000000076398	states																				"          state_name
id                  
1   sending_trialnum"
541.846121	0.0004999999999881766	states																				"        state_name
id                
3   wait_for_cpoke"
541.846621	0.5004999999999882	states																				"            state_name
id                    
4   wait_for_cpoke_dir"
542.347121	0.3410000000000082	states																				"            state_name
id                    
6   wait_for_cpoke_bis"
542.688121	0.0014999999999645297	states																				"     state_name
id             
7   nic_prestim"
542.689621	0.0004999999999881766	states																				"   state_name
id           
8       cpoke"
542.690121	0.4339999999999691	states																				"   state_name
id           
9    cpoke_in"
543.124121	0.08400000000006003	states																				"   state_name
id           
10  cpoke_out"
543.208121	0.5824999999999818	states																				"   state_name
id           
9    cpoke_in"
543.790621	0.028500000000008185	states																				"   state_name
id           
10  cpoke_out"
543.819121	0.2699999999999818	states																				"   state_name
id           
9    cpoke_in"
544.089121	0.0005029999999806023	states																				"   state_name
id           
10  cpoke_out"
544.089624	0.0004969999999957508	states																				"       state_name
id               
11  wait_for_cout"
544.090121	0.8390000000000555	states																				"        state_name
id                
12  wait_for_spoke"
544.929121	3.6620000000000346	states																				"     state_name
id             
15  error_state"
548.591121	0.003499999999917236	states																				"        state_name
id                
20  clean_up_state"
548.595121	4.225500000000011	trials	0.0	0.0	5.0	2.0	1.0	1.0	0.15	-1.0	-1.0	6500.0	14200.0		l	2.0	d	0.0	-1.0	-1.0	3.0	
548.595121	4.225500000000011	states																				"   state_name
id           
0     state_0"
548.595121	0.016000000000076398	states																				"          state_name
id                  
1   sending_trialnum"
548.611121	0.0005049999999755528	states																				"        state_name
id                
3   wait_for_cpoke"
548.611626	0.5004950000000008	states																				"            state_name
id                    
4   wait_for_cpoke_dir"
549.112121	0.3585000000000491	states																				"            state_name
id                    
6   wait_for_cpoke_bis"
549.470621	0.0010059999999612046	states																				"     state_name
id             
7   nic_prestim"
549.471627	0.0004940000000033251	states																				"   state_name
id           
8       cpoke"
549.472121	0.2440000000000282	states																				"   state_name
id           
9    cpoke_in"
549.716121	0.09999999999990905	states																				"   state_name
id           
10  cpoke_out"
549.816121	0.0005000000001018634	states																				"         state_name
id                 
17  nic_error_state"
549.816621	3.000499999999988	states																				"          state_name
id                  
18  nic_error_state2"
552.817121	0.003499999999917236	states																				"        state_name
id                
20  clean_up_state"
552.821121	4.330000000000041	trials	0.0	0.0	5.0	2.0	1.0	1.0	0.15	2.5	4.0	6500.0	14200.0	1.0	r	4.0	d	0.0	2.5	4.0	1.0	
552.821121	4.330000000000041	states																				"   state_name
id           
0     state_0"
552.821121	0.016000000000076398	states																				"          state_name
id                  
1   sending_trialnum"
552.837121	0.0005009999999856518	states																				"        state_name
id                
3   wait_for_cpoke"
552.837622	0.5000069999999823	states																				"            state_name
id                    
4   wait_for_cpoke_dir"
553.337629	1.3684920000000602	states																				"            state_name
id                    
6   wait_for_cpoke_bis"
554.706121	0.0009999999999763531	states																				"     state_name
id             
7   nic_prestim"
554.707121	0.0005039999999780775	states																				"   state_name
id           
8       cpoke"
554.707625	0.2824960000000374	states																				"   state_name
id           
9    cpoke_in"
554.990121	0.044499999999970896	states																				"   state_name
id           
10  cpoke_out"
555.034621	0.12850000000003092	states																				"   state_name
id           
9    cpoke_in"
555.163121	0.08499999999992269	states																				"   state_name
id           
10  cpoke_out"
555.248121	0.775504000000069	states																				"   state_name
id           
9    cpoke_in"
556.023625	0.08399999999994634	states																				"   state_name
id           
10  cpoke_out"
556.107625	0.0004959999999982756	states																				"       state_name
id               
11  wait_for_cout"
556.108121	0.34000000000003183	states																				"        state_name
id                
12  wait_for_spoke"
556.448121	0.0004999999999881766	states																				"   state_name
id           
13  hit_state"
556.448621	0.45899999999994634	states																				"    state_name
id            
14  hit_state2"
556.907621	0.003500000000030923	states																				"        state_name
id                
20  clean_up_state"
556.911121	0.2400000000000091	states																				"                state_name
id                        
2   check_next_trial_ready"
557.15163	9.070991000000049	trials	0.0	0.0	5.0	2.0	1.0	1.0	0.15	-4.0	1.0	6500.0	14200.0	1.0	l	3.0	d	1.0	-4.0	1.0	1.0	
557.15163	9.070991000000049	states																				"   state_name
id           
0     state_0"
557.15163	0.016001000000073873	states																				"          state_name
id                  
1   sending_trialnum"
557.167631	0.0004900000000134241	states																				"        state_name
id                
3   wait_for_cpoke"
557.168121	0.5004999999999882	states																				"            state_name
id                    
4   wait_for_cpoke_dir"
557.668621	5.924499999999966	states																				"            state_name
id                    
6   wait_for_cpoke_bis"
563.593121	0.0009999999999763531	states																				"     state_name
id             
7   nic_prestim"
563.594121	0.0004999999999881766	states																				"   state_name
id           
8       cpoke"
563.594621	0.41050000000007003	states																				"   state_name
id           
9    cpoke_in"
564.005121	0.06399999999996453	states																				"   state_name
id           
10  cpoke_out"
564.069121	0.9255000000000564	states																				"   state_name
id           
9    cpoke_in"
564.994621	0.003002999999921485	states																				"       state_name
id               
11  wait_for_cout"
564.997624	0.4874970000000758	states																				"        state_name
id                
12  wait_for_spoke"
565.485121	0.000505999999973028	states																				"   state_name
id           
13  hit_state"
565.485627	0.4974939999999606	states																				"    state_name
id            
14  hit_state2"
565.983121	0.003500000000030923	states																				"        state_name
id                
20  clean_up_state"
565.986621	0.23599999999999	states																				"                state_name
id                        
2   check_next_trial_ready"
566.223121	8.320001000000047	trials	0.0	0.0	5.0	2.0	1.0	1.0	0.15	-1.0	1.0	6500.0	14200.0	1.0	l	3.0	d	1.0	-1.0	1.0	1.0	
566.223121	8.320001000000047	states																				"   state_name
id           
0     state_0"
566.223121	0.01599999999996271	states																				"          state_name
id                  
1   sending_trialnum"
566.239121	0.0005040000000917644	states																				"        state_name
id                
3   wait_for_cpoke"
566.239625	0.5000029999999924	states																				"            state_name
id                    
4   wait_for_cpoke_dir"
566.739628	5.237993999999958	states																				"            state_name
id                    
6   wait_for_cpoke_bis"
571.977622	0.0014989999999670545	states																				"     state_name
id             
7   nic_prestim"
571.979121	0.0005060000000867149	states																				"   state_name
id           
8       cpoke"
571.979627	0.828993999999966	states																				"   state_name
id           
9    cpoke_in"
572.808621	0.0404999999999518	states																				"   state_name
id           
10  cpoke_out"
572.849121	0.530503000000067	states																				"   state_name
id           
9    cpoke_in"
573.379624	0.06849799999997686	states																				"       state_name
id               
11  wait_for_cout"
573.448122	0.41499899999996614	states																				"        state_name
id                
12  wait_for_spoke"
573.863121	0.000505999999973028	states																				"   state_name
id           
13  hit_state"
573.863627	0.4869940000000952	states																				"    state_name
id            
14  hit_state2"
574.350621	0.003499999999917236	states																				"        state_name
id                
20  clean_up_state"
574.354121	0.1890010000000757	states																				"                state_name
id                        
2   check_next_trial_ready"
574.543629	13.083994999999959	trials	0.0	0.0	5.0	2.0	1.0	1.0	0.15	-2.5	-4.0	6500.0	14200.0	0.0	l	2.0	d	0.0	-2.5	-4.0	2.0	
574.543629	13.083994999999959	states																				"   state_name
id           
0     state_0"
574.543629	0.01599999999996271	states																				"          state_name
id                  
1   sending_trialnum"
574.559629	0.0004920000000083746	states																				"        state_name
id                
3   wait_for_cpoke"
574.560121	0.5	states																				"            state_name
id                    
4   wait_for_cpoke_dir"
575.060121	4.016500000000065	states																				"            state_name
id                    
6   wait_for_cpoke_bis"
579.076621	0.0010039999999662541	states																				"     state_name
id             
7   nic_prestim"
579.077625	0.0004959999999982756	states																				"   state_name
id           
8       cpoke"
579.078121	0.3129999999999882	states																				"   state_name
id           
9    cpoke_in"
579.391121	0.02149999999994634	states																				"   state_name
id           
10  cpoke_out"
579.412621	0.2860000000000582	states																				"   state_name
id           
9    cpoke_in"
579.698621	0.04200000000003001	states																				"   state_name
id           
10  cpoke_out"
579.740621	0.7374999999999545	states																				"   state_name
id           
9    cpoke_in"
580.478121	0.03750000000002274	states																				"       state_name
id               
11  wait_for_cout"
580.515621	0.6064999999999827	states																				"        state_name
id                
12  wait_for_spoke"
581.122121	6.501999999999953	states																				"     state_name
id             
15  error_state"
587.624121	0.0035030000000233485	states																				"        state_name
id                
20  clean_up_state"
587.628121	5.025509000000056	trials	0.0	0.0	5.0	2.0	1.0	1.0	0.15	-4.0	4.0	6500.0	14200.0		l	3.0	d	1.0	-4.0	4.0	3.0	
587.628121	5.025509000000056	states																				"   state_name
id           
0     state_0"
587.628121	0.016000000000076398	states																				"          state_name
id                  
1   sending_trialnum"
587.644121	0.0004999999999881766	states																				"        state_name
id                
3   wait_for_cpoke"
587.644621	0.5	states																				"            state_name
id                    
4   wait_for_cpoke_dir"
588.144621	0.14949999999998909	states																				"            state_name
id                    
6   wait_for_cpoke_bis"
588.294121	0.0009999999999763531	states																				"     state_name
id             
7   nic_prestim"
588.295121	0.0005009999999856518	states																				"   state_name
id           
8       cpoke"
588.295622	1.2534990000000334	states																				"   state_name
id           
9    cpoke_in"
589.549121	0.10000000000002274	states																				"   state_name
id           
10  cpoke_out"
589.649121	0.0005039999999780775	states																				"         state_name
id                 
17  nic_error_state"
589.649625	3.0004959999999983	states																				"          state_name
id                  
18  nic_error_state2"
592.650121	0.0035090000000082	states																				"        state_name
id                
20  clean_up_state"
592.654121	27.395999999999958	trials	0.0	0.0	5.0	2.0	1.0	1.0	0.15	2.5	-2.5	6500.0	14200.0	0.0	r	1.0	d	1.0	2.5	-2.5	2.0	
592.654121	27.395999999999958	states																				"   state_name
id           
0     state_0"
592.654121	0.016000999999960186	states																				"          state_name
id                  
1   sending_trialnum"
592.670122	0.0004989999999907013	states																				"        state_name
id                
3   wait_for_cpoke"
592.670621	0.5	states																				"            state_name
id                    
4   wait_for_cpoke_dir"
593.170621	21.28800000000001	states																				"            state_name
id                    
6   wait_for_cpoke_bis"
614.458621	0.0014999999999645297	states																				"     state_name
id             
7   nic_prestim"
614.460121	0.0004999999999881766	states																				"   state_name
id           
8       cpoke"
614.460621	0.2725000000000364	states																				"   state_name
id           
9    cpoke_in"
614.733121	0.09100000000000819	states																				"   state_name
id           
10  cpoke_out"
614.824121	0.3300000000000409	states																				"   state_name
id           
9    cpoke_in"
615.154121	0.06850099999996928	states																				"   state_name
id           
10  cpoke_out"
615.222622	0.31399999999996453	states																				"   state_name
id           
9    cpoke_in"
615.536622	0.05649900000003072	states																				"   state_name
id           
10  cpoke_out"
615.593121	0.1955000000000382	states																				"   state_name
id           
9    cpoke_in"
615.788621	0.07150000000001455	states																				"   state_name
id           
10  cpoke_out"
615.860121	0.0004999999999881766	states																				"       state_name
id               
11  wait_for_cout"
615.860621	0.45150000000001	states																				"        state_name
id                
12  wait_for_spoke"
616.312121	3.734499999999912	states																				"     state_name
id             
15  error_state"
620.046621	0.003500000000030923	states																				"        state_name
id                
20  clean_up_state"
620.050621	4.209501000000046	trials	0.0	0.0	5.0	2.0	1.0	1.0	0.15	-4.0	-1.0	6500.0	14200.0	1.0	l	2.0	d	0.0	-4.0	-1.0	1.0	
620.050621	4.209501000000046	states																				"   state_name
id           
0     state_0"
620.050621	0.016000000000076398	states																				"          state_name
id                  
1   sending_trialnum"
620.066621	0.0004999999999881766	states																				"        state_name
id                
3   wait_for_cpoke"
620.067121	0.5	states																				"            state_name
id                    
4   wait_for_cpoke_dir"
620.567121	1.2805039999999508	states																				"            state_name
id                    
6   wait_for_cpoke_bis"
621.847625	0.0014959999999746287	states																				"     state_name
id             
7   nic_prestim"
621.849121	0.0005029999999806023	states																				"   state_name
id           
8       cpoke"
621.849624	0.4204970000000685	states																				"   state_name
id           
9    cpoke_in"
622.270121	0.07100000000002638	states																				"   state_name
id           
10  cpoke_out"
622.341121	0.2505029999999806	states																				"   state_name
id           
9    cpoke_in"
622.591624	0.09000000000003183	states																				"   state_name
id           
10  cpoke_out"
622.681624	0.5679989999999862	states																				"   state_name
id           
9    cpoke_in"
623.249623	0.03349800000000869	states																				"       state_name
id               
11  wait_for_cout"
623.283121	0.3934999999999036	states																				"        state_name
id                
12  wait_for_spoke"
623.676621	0.0005000000001018634	states																				"   state_name
id           
13  hit_state"
623.677121	0.5625	states																				"    state_name
id            
14  hit_state2"
624.239621	0.003499999999917236	states																				"        state_name
id                
20  clean_up_state"
624.243121	0.017001000000050226	states																				"                state_name
id                        
2   check_next_trial_ready"
624.260621	8.718499999999949	trials	0.0	0.0	5.0	2.0	1.0	1.0	0.15	-4.0	-1.0	6500.0	14200.0	1.0	l	2.0	d	0.0	-4.0	-1.0	1.0	
624.260621	8.718499999999949	states																				"   state_name
id           
0     state_0"
624.260621	0.01599999999996271	states																				"          state_name
id                  
1   sending_trialnum"
624.276621	0.0004999999999881766	states																				"        state_name
id                
3   wait_for_cpoke"
624.277121	0.5	states																				"            state_name
id                    
4   wait_for_cpoke_dir"
624.777121	5.966000000000008	states																				"            state_name
id                    
6   wait_for_cpoke_bis"
630.743121	0.0015000000000782165	states																				"     state_name
id             
7   nic_prestim"
630.744621	0.0004999999999881766	states																				"   state_name
id           
8       cpoke"
630.745121	0.5955000000000155	states																				"   state_name
id           
9    cpoke_in"
631.340621	0.07449999999994361	states																				"   state_name
id           
10  cpoke_out"
631.415121	0.7164999999999964	states																				"   state_name
id           
9    cpoke_in"
632.131621	0.013500000000021828	states																				"   state_name
id           
10  cpoke_out"
632.145121	0.0005039999999780775	states																				"       state_name
id               
11  wait_for_cout"
632.145625	0.27899600000000646	states																				"        state_name
id                
12  wait_for_spoke"
632.424621	0.0004999999999881766	states																				"   state_name
id           
13  hit_state"
632.425121	0.5335000000000036	states																				"    state_name
id            
14  hit_state2"
632.958621	0.003500000000030923	states																				"        state_name
id                
20  clean_up_state"
632.962121	0.016999999999939064	states																				"                state_name
id                        
2   check_next_trial_ready"
632.979621	13.400009000000068	trials	0.0	0.0	5.0	2.0	1.0	1.0	0.15	1.0	-2.5	6500.0	14200.0	0.0	r	1.0	d	1.0	1.0	-2.5	2.0	
632.979621	13.400009000000068	states																				"   state_name
id           
0     state_0"
632.979621	0.016001000000073873	states																				"          state_name
id                  
1   sending_trialnum"
632.995622	0.0004989999999907013	states																				"        state_name
id                
3   wait_for_cpoke"
632.996121	0.5004999999999882	states																				"            state_name
id                    
4   wait_for_cpoke_dir"
633.496621	5.61850000000004	states																				"            state_name
id                    
6   wait_for_cpoke_bis"
639.115121	0.0009999999999763531	states																				"     state_name
id             
7   nic_prestim"
639.116121	0.0004999999999881766	states																				"   state_name
id           
8       cpoke"
639.116621	0.29949999999996635	states																				"   state_name
id           
9    cpoke_in"
639.416121	0.09400000000005093	states																				"   state_name
id           
10  cpoke_out"
639.510121	0.60450000000003	states																				"   state_name
id           
9    cpoke_in"
640.114621	0.08299999999996999	states																				"   state_name
id           
10  cpoke_out"
640.197621	0.3144999999999527	states																				"   state_name
id           
9    cpoke_in"
640.512121	0.004000000000019099	states																				"   state_name
id           
10  cpoke_out"
640.516121	0.0004999999999881766	states																				"       state_name
id               
11  wait_for_cout"
640.516621	0.435004000000049	states																				"        state_name
id                
12  wait_for_spoke"
640.951625	5.4244959999999764	states																				"     state_name
id             
15  error_state"
646.376121	0.0035090000000082	states																				"        state_name
id                
20  clean_up_state"
646.380121	8.533501000000001	trials	0.0	0.0	5.0	2.0	1.0	1.0	0.15	4.0	-2.5	6500.0	14200.0		r	1.0	d	1.0	4.0	-2.5	3.0	
646.380121	8.533501000000001	states																				"   state_name
id           
0     state_0"
646.380121	0.01599999999996271	states																				"          state_name
id                  
1   sending_trialnum"
646.396121	0.0004999999999881766	states																				"        state_name
id                
3   wait_for_cpoke"
646.396621	0.5004999999999882	states																				"            state_name
id                    
4   wait_for_cpoke_dir"
646.897121	4.608000000000061	states																				"            state_name
id                    
6   wait_for_cpoke_bis"
651.505121	0.0014999999999645297	states																				"     state_name
id             
7   nic_prestim"
651.506621	0.0004999999999881766	states																				"   state_name
id           
8       cpoke"
651.507121	0.30150000000003274	states																				"   state_name
id           
9    cpoke_in"
651.808621	0.10050000000001091	states																				"   state_name
id           
10  cpoke_out"
651.909121	0.0004999999999881766	states																				"         state_name
id                 
17  nic_error_state"
651.909621	3.000499999999988	states																				"          state_name
id                  
18  nic_error_state2"
654.910121	0.003501000000028398	states																				"        state_name
id                
20  clean_up_state"
654.914121	7.4529999999999745	trials	0.0	0.0	5.0	2.0	1.0	1.0	0.15	-2.5	-1.0	6500.0	14200.0	0.0	l	2.0	d	0.0	-2.5	-1.0	2.0	
654.914121	7.4529999999999745	states																				"   state_name
id           
0     state_0"
654.914121	0.01599999999996271	states																				"          state_name
id                  
1   sending_trialnum"
654.930121	0.0004999999999881766	states																				"        state_name
id                
3   wait_for_cpoke"
654.930621	0.5004999999999882	states																				"            state_name
id                    
4   wait_for_cpoke_dir"
655.431121	0.8590000000000373	states																				"            state_name
id                    
6   wait_for_cpoke_bis"
656.290121	0.0015059999999493812	states																				"     state_name
id             
7   nic_prestim"
656.291627	0.0004940000000033251	states																				"   state_name
id           
8       cpoke"
656.292121	0.49350000000004	states																				"   state_name
id           
9    cpoke_in"
656.785621	0.07150000000001455	states																				"   state_name
id           
10  cpoke_out"
656.857121	0.5045059999999921	states																				"   state_name
id           
9    cpoke_in"
657.361627	0.03549399999997149	states																				"   state_name
id           
10  cpoke_out"
657.397121	0.29500000000007276	states																				"   state_name
id           
9    cpoke_in"
657.692121	0.0684999999999718	states																				"       state_name
id               
11  wait_for_cout"
657.760621	0.5154999999999745	states																				"        state_name
id                
12  wait_for_spoke"
658.276121	4.087503999999967	states																				"     state_name
id             
15  error_state"
662.363625	0.003496000000041022	states																				"        state_name
id                
20  clean_up_state"
662.367622	11.228499000000056	trials	0.0	0.0	5.0	2.0	1.0	1.0	0.15	-1.0	-2.5	6500.0	14200.0	0.0	l	2.0	d	0.0	-1.0	-2.5	2.0	
662.367622	11.228499000000056	states																				"   state_name
id           
0     state_0"
662.367622	0.016002000000071348	states																				"          state_name
id                  
1   sending_trialnum"
662.383624	0.0004969999999957508	states																				"        state_name
id                
3   wait_for_cpoke"
662.384121	0.5004999999999882	states																				"            state_name
id                    
4   wait_for_cpoke_dir"
662.884621	4.05300299999999	states																				"            state_name
id                    
6   wait_for_cpoke_bis"
666.937624	0.001496999999972104	states																				"     state_name
id             
7   nic_prestim"
666.939121	0.0005119999999578795	states																				"   state_name
id           
8       cpoke"
666.939633	0.23848800000007486	states																				"   state_name
id           
9    cpoke_in"
667.178121	0.07299999999997908	states																				"   state_name
id           
10  cpoke_out"
667.251121	0.2965040000000272	states																				"   state_name
id           
9    cpoke_in"
667.547625	0.07449599999995371	states																				"   state_name
id           
10  cpoke_out"
667.622121	0.04250000000001819	states																				"   state_name
id           
9    cpoke_in"
667.664621	0.03900099999998474	states																				"   state_name
id           
10  cpoke_out"
667.703622	0.6360100000000557	states																				"   state_name
id           
9    cpoke_in"
668.339632	0.028988999999910448	states																				"       state_name
id               
11  wait_for_cout"
668.368621	0.5395000000000891	states																				"        state_name
id                
12  wait_for_spoke"
668.908121	4.684499999999957	states																				"     state_name
id             
15  error_state"
673.592621	0.003500000000030923	states																				"        state_name
id                
20  clean_up_state"
673.596621	4.29849999999999	trials	0.0	0.0	5.0	2.0	1.0	1.0	0.15	2.5	-4.0	6500.0	14200.0	1.0	r	1.0	d	1.0	2.5	-4.0	1.0	
673.596621	4.29849999999999	states																				"   state_name
id           
0     state_0"
673.596621	0.01599999999996271	states																				"          state_name
id                  
1   sending_trialnum"
673.612621	0.0004999999999881766	states																				"        state_name
id                
3   wait_for_cpoke"
673.613121	0.5005069999999705	states																				"            state_name
id                    
4   wait_for_cpoke_dir"
674.113628	1.3369930000000068	states																				"            state_name
id                    
6   wait_for_cpoke_bis"
675.450621	0.001004000000079941	states																				"     state_name
id             
7   nic_prestim"
675.451625	0.0004959999999982756	states																				"   state_name
id           
8       cpoke"
675.452121	0.24850199999991673	states																				"   state_name
id           
9    cpoke_in"
675.700623	0.06999800000005507	states																				"   state_name
id           
10  cpoke_out"
675.770621	0.13049999999998363	states																				"   state_name
id           
9    cpoke_in"
675.901121	0.08950000000004366	states																				"   state_name
id           
10  cpoke_out"
675.990621	0.43100299999991876	states																				"   state_name
id           
9    cpoke_in"
676.421624	0.029496999999992113	states																				"   state_name
id           
10  cpoke_out"
676.451121	0.4010000000000673	states																				"   state_name
id           
9    cpoke_in"
676.852121	0.053502999999977874	states																				"       state_name
id               
11  wait_for_cout"
676.905624	0.3324969999999894	states																				"        state_name
id                
12  wait_for_spoke"
677.238121	0.0004999999999881766	states																				"   state_name
id           
13  hit_state"
677.238621	0.5605000000000473	states																				"    state_name
id            
14  hit_state2"
677.799121	0.003500000000030923	states																				"        state_name
id                
20  clean_up_state"
677.802621	0.09249999999997272	states																				"                state_name
id                        
2   check_next_trial_ready"
677.895628	11.174992999999972	trials	0.0	0.0	5.0	2.0	1.0	1.0	0.15	-2.5	1.0	6500.0	14200.0		l	3.0	d	1.0	-2.5	1.0	3.0	
677.895628	11.174992999999972	states																				"   state_name
id           
0     state_0"
677.895628	0.01599999999996271	states																				"          state_name
id                  
1   sending_trialnum"
677.911628	0.0004930000000058499	states																				"        state_name
id                
3   wait_for_cpoke"
677.912121	0.5004999999999882	states																				"            state_name
id                    
4   wait_for_cpoke_dir"
678.412621	6.889500000000112	states																				"            state_name
id                    
6   wait_for_cpoke_bis"
685.302121	0.0009999999999763531	states																				"     state_name
id             
7   nic_prestim"
685.303121	0.0005019999999831271	states																				"   state_name
id           
8       cpoke"
685.303623	0.35649799999998777	states																				"   state_name
id           
9    cpoke_in"
685.660121	0.0755060000000185	states																				"   state_name
id           
10  cpoke_out"
685.735627	0.23049400000002152	states																				"   state_name
id           
9    cpoke_in"
685.966121	0.09999999999990905	states																				"   state_name
id           
10  cpoke_out"
686.066121	0.0005000000001018634	states																				"         state_name
id                 
17  nic_error_state"
686.066621	3.000499999999988	states																				"          state_name
id                  
18  nic_error_state2"
689.067121	0.003499999999917236	states																				"        state_name
id                
20  clean_up_state"
689.071121	8.207000000000107	trials	0.0	0.0	5.0	2.0	1.0	1.0	0.15	-4.0	-4.0	6500.0	14200.0	1.0	l	2.0	d	0.0	-4.0	-4.0	1.0	
689.071121	8.207000000000107	states																				"   state_name
id           
0     state_0"
689.071121	0.016000000000076398	states																				"          state_name
id                  
1   sending_trialnum"
689.087121	0.0005109999999604042	states																				"        state_name
id                
3   wait_for_cpoke"
689.087632	0.500489000000016	states																				"            state_name
id                    
4   wait_for_cpoke_dir"
689.588121	5.171000000000049	states																				"            state_name
id                    
6   wait_for_cpoke_bis"
694.759121	0.0009999999999763531	states																				"     state_name
id             
7   nic_prestim"
694.760121	0.0004999999999881766	states																				"   state_name
id           
8       cpoke"
694.760621	0.30549999999993815	states																				"   state_name
id           
9    cpoke_in"
695.066121	0.07550400000002355	states																				"   state_name
id           
10  cpoke_out"
695.141625	0.16899599999999282	states																				"   state_name
id           
9    cpoke_in"
695.310621	0.02949999999998454	states																				"   state_name
id           
10  cpoke_out"
695.340121	0.29450100000008206	states																				"   state_name
id           
9    cpoke_in"
695.634622	0.07799899999997706	states																				"   state_name
id           
10  cpoke_out"
695.712621	0.4479999999999791	states																				"   state_name
id           
9    cpoke_in"
696.160621	0.08249999999998181	states																				"       state_name
id               
11  wait_for_cout"
696.243121	0.4965070000000651	states																				"        state_name
id                
12  wait_for_spoke"
696.739628	0.0004930000000058499	states																				"   state_name
id           
13  hit_state"
696.740121	0.53449999999998	states																				"    state_name
id            
14  hit_state2"
697.274621	0.003500000000030923	states																				"        state_name
id                
20  clean_up_state"
697.278621	11.359007999999903	trials	0.0	0.0	5.0	2.0	1.0	1.0	0.15	-1.0	-2.5	6500.0	14200.0		l	2.0	d	0.0	-1.0	-2.5	3.0	
697.278621	11.359007999999903	states																				"   state_name
id           
0     state_0"
697.278621	0.01599999999996271	states																				"          state_name
id                  
1   sending_trialnum"
697.294621	0.0004999999999881766	states																				"        state_name
id                
3   wait_for_cpoke"
697.295121	0.5005129999999554	states																				"            state_name
id                    
4   wait_for_cpoke_dir"
697.795634	6.457987000000003	states																				"            state_name
id                    
6   wait_for_cpoke_bis"
704.253621	0.0015000000000782165	states																				"     state_name
id             
7   nic_prestim"
704.255121	0.0005019999999831271	states																				"   state_name
id           
8       cpoke"
704.255623	1.2774980000000369	states																				"   state_name
id           
9    cpoke_in"
705.533121	0.09999999999990905	states																				"   state_name
id           
10  cpoke_out"
705.633121	0.0005060000000867149	states																				"         state_name
id                 
17  nic_error_state"
705.633627	3.0004940000000033	states																				"          state_name
id                  
18  nic_error_state2"
708.634121	0.003507999999897038	states																				"        state_name
id                
20  clean_up_state"
708.638121	4.110000000000014	trials	0.0	0.0	5.0	2.0	1.0	1.0	0.15	-1.0	1.0	6500.0	14200.0		l	3.0	d	1.0	-1.0	1.0	3.0	
708.638121	4.110000000000014	states																				"   state_name
id           
0     state_0"
708.638121	0.016000000000076398	states																				"          state_name
id                  
1   sending_trialnum"
708.654121	0.0004999999999881766	states																				"        state_name
id                
3   wait_for_cpoke"
708.654621	0.5004999999999882	states																				"            state_name
id                    
4   wait_for_cpoke_dir"
709.155121	0.2985029999999824	states																				"            state_name
id                    
6   wait_for_cpoke_bis"
709.453624	0.001496999999972104	states																				"     state_name
id             
7   nic_prestim"
709.455121	0.0005029999999806023	states																				"   state_name
id           
8       cpoke"
709.455624	0.18749700000000757	states																				"   state_name
id           
9    cpoke_in"
709.643121	0.10050300000000334	states																				"   state_name
id           
10  cpoke_out"
709.743624	0.0004969999999957508	states																				"         state_name
id                 
17  nic_error_state"
709.744121	3.000500000000102	states																				"          state_name
id                  
18  nic_error_state2"
712.744621	0.003499999999917236	states																				"        state_name
id                
20  clean_up_state"
712.748621	6.84050000000002	trials	0.0	0.0	5.0	2.0	1.0	1.0	0.15	-2.5	1.0	6500.0	14200.0	1.0	l	3.0	d	1.0	-2.5	1.0	1.0	
712.748621	6.84050000000002	states																				"   state_name
id           
0     state_0"
712.748621	0.016000000000076398	states																				"          state_name
id                  
1   sending_trialnum"
712.764621	0.0004999999999881766	states																				"        state_name
id                
3   wait_for_cpoke"
712.765121	0.5004999999999882	states																				"            state_name
id                    
4   wait_for_cpoke_dir"
713.265621	3.4645000000000437	states																				"            state_name
id                    
6   wait_for_cpoke_bis"
716.730121	0.001500999999962005	states																				"     state_name
id             
7   nic_prestim"
716.731622	0.0004989999999907013	states																				"   state_name
id           
8       cpoke"
716.732121	0.04499999999995907	states																				"   state_name
id           
9    cpoke_in"
716.777121	0.027500000000031832	states																				"   state_name
id           
10  cpoke_out"
716.804621	0.24699999999995725	states																				"   state_name
id           
9    cpoke_in"
717.051621	0.06100000000003547	states																				"   state_name
id           
10  cpoke_out"
717.112621	0.2665000000000646	states																				"   state_name
id           
9    cpoke_in"
717.379121	0.08349999999995816	states																				"   state_name
id           
10  cpoke_out"
717.462621	0.6690009999999802	states																				"   state_name
id           
9    cpoke_in"
718.131622	0.034498999999982516	states																				"       state_name
id               
11  wait_for_cout"
718.166121	0.636000000000081	states																				"        state_name
id                
12  wait_for_spoke"
718.802121	0.0004999999999881766	states																				"   state_name
id           
13  hit_state"
718.802621	0.5050039999999854	states																				"    state_name
id            
14  hit_state2"
719.307625	0.003495999999927335	states																				"        state_name
id                
20  clean_up_state"
719.311121	0.27800000000002	states																				"                state_name
id                        
2   check_next_trial_ready"
719.589624	9.023998000000006	trials	0.0	0.0	5.0	2.0	1.0	1.0	0.15	-2.5	-2.5	6500.0	14200.0	1.0	l	2.0	d	0.0	-2.5	-2.5	1.0	
719.589624	9.023998000000006	states																				"   state_name
id           
0     state_0"
719.589624	0.016001000000073873	states																				"          state_name
id                  
1   sending_trialnum"
719.605625	0.0004959999999982756	states																				"        state_name
id                
3   wait_for_cpoke"
719.606121	0.5004999999999882	states																				"            state_name
id                    
4   wait_for_cpoke_dir"
720.106621	5.809999999999945	states																				"            state_name
id                    
6   wait_for_cpoke_bis"
725.916621	0.001004000000079941	states																				"     state_name
id             
7   nic_prestim"
725.917625	0.0004959999999982756	states																				"   state_name
id           
8       cpoke"
725.918121	0.5059999999999718	states																				"   state_name
id           
9    cpoke_in"
726.424121	0.07699999999999818	states																				"   state_name
id           
10  cpoke_out"
726.501121	0.10799999999994725	states																				"   state_name
id           
9    cpoke_in"
726.609121	0.0925000000000864	states																				"   state_name
id           
10  cpoke_out"
726.701621	0.6164999999999736	states																				"   state_name
id           
9    cpoke_in"
727.318121	0.06899999999995998	states																				"       state_name
id               
11  wait_for_cout"
727.387121	0.6934999999999718	states																				"        state_name
id                
12  wait_for_spoke"
728.080621	0.0005000000001018634	states																				"   state_name
id           
13  hit_state"
728.081121	0.5289999999999964	states																				"    state_name
id            
14  hit_state2"
728.610121	0.0035009999999147112	states																				"        state_name
id                
20  clean_up_state"
728.614121	9.257502000000045	trials	0.0	0.0	5.0	2.0	1.0	1.0	0.15	1.0	-4.0	6500.0	14200.0	1.0	r	1.0	d	1.0	1.0	-4.0	1.0	
728.614121	9.257502000000045	states																				"   state_name
id           
0     state_0"
728.614121	0.016000000000076398	states																				"          state_name
id                  
1   sending_trialnum"
728.630121	0.0004999999999881766	states																				"        state_name
id                
3   wait_for_cpoke"
728.630621	0.5	states																				"            state_name
id                    
4   wait_for_cpoke_dir"
729.130621	6.148000000000025	states																				"            state_name
id                    
6   wait_for_cpoke_bis"
735.278621	0.0010059999999612046	states																				"     state_name
id             
7   nic_prestim"
735.279627	0.0004940000000033251	states																				"   state_name
id           
8       cpoke"
735.280121	0.3224999999999909	states																				"   state_name
id           
9    cpoke_in"
735.602621	0.08799999999996544	states																				"   state_name
id           
10  cpoke_out"
735.690621	0.31900000000007367	states																				"   state_name
id           
9    cpoke_in"
736.009621	0.07600800000000163	states																				"   state_name
id           
10  cpoke_out"
736.085629	0.3600010000000111	states																				"   state_name
id           
9    cpoke_in"
736.44563	0.07449099999996633	states																				"   state_name
id           
10  cpoke_out"
736.520121	0.15999999999996817	states																				"   state_name
id           
9    cpoke_in"
736.680121	0.07699999999999818	states																				"       state_name
id               
11  wait_for_cout"
736.757121	0.49099999999998545	states																				"        state_name
id                
12  wait_for_spoke"
737.248121	0.0004999999999881766	states																				"   state_name
id           
13  hit_state"
737.248621	0.5390060000000858	states																				"    state_name
id            
14  hit_state2"
737.787627	0.0034939999999323845	states																				"        state_name
id                
20  clean_up_state"
737.791121	0.08050200000002405	states																				"                state_name
id                        
2   check_next_trial_ready"
737.872121	7.994000000000028	trials	0.0	0.0	5.0	2.0	1.0	1.0	0.15	1.0	2.5	6500.0	14200.0	1.0	r	4.0	d	0.0	1.0	2.5	1.0	
737.872121	7.994000000000028	states																				"   state_name
id           
0     state_0"
737.872121	0.01599999999996271	states																				"          state_name
id                  
1   sending_trialnum"
737.888121	0.0004999999999881766	states																				"        state_name
id                
3   wait_for_cpoke"
737.888621	0.5	states																				"            state_name
id                    
4   wait_for_cpoke_dir"
738.388621	5.111500000000092	states																				"            state_name
id                    
6   wait_for_cpoke_bis"
743.500121	0.0009999999999763531	states																				"     state_name
id             
7   nic_prestim"
743.501121	0.0004999999999881766	states																				"   state_name
id           
8       cpoke"
743.501621	0.374007000000006	states																				"   state_name
id           
9    cpoke_in"
743.875628	0.09499300000004496	states																				"   state_name
id           
10  cpoke_out"
743.970621	0.5539999999999736	states																				"   state_name
id           
9    cpoke_in"
744.524621	0.0724999999999909	states																				"   state_name
id           
10  cpoke_out"
744.597121	0.21299999999996544	states																				"   state_name
id           
9    cpoke_in"
744.810121	0.09149999999999636	states																				"   state_name
id           
10  cpoke_out"
744.901621	0.0004999999999881766	states																				"       state_name
id               
11  wait_for_cout"
744.902121	0.3785000000000309	states																				"        state_name
id                
12  wait_for_spoke"
745.280621	0.0004999999999881766	states																				"   state_name
id           
13  hit_state"
745.281121	0.45050000000003365	states																				"    state_name
id            
14  hit_state2"
745.731621	0.003500000000030923	states																				"        state_name
id                
20  clean_up_state"
745.735121	0.1309999999999718	states																				"                state_name
id                        
2   check_next_trial_ready"
745.866621	9.626499999999965	trials	0.0	0.0	5.0	2.0	1.0	1.0	0.15	-2.5	1.0	6500.0	14200.0	0.0	r	3.0	f	1.0	-2.5	1.0	2.0	
745.866621	9.626499999999965	states																				"   state_name
id           
0     state_0"
745.866621	0.01599999999996271	states																				"          state_name
id                  
1   sending_trialnum"
745.882621	0.0004999999999881766	states																				"        state_name
id                
3   wait_for_cpoke"
745.883121	0.5005050000000892	states																				"             state_name
id                     
5   wait_for_cpoke_freq"
746.383626	2.8884949999999208	states																				"            state_name
id                    
6   wait_for_cpoke_bis"
749.272121	0.0015070000000605432	states																				"     state_name
id             
7   nic_prestim"
749.273628	0.0004930000000058499	states																				"   state_name
id           
8       cpoke"
749.274121	0.3629999999999427	states																				"   state_name
id           
9    cpoke_in"
749.637121	0.09100000000000819	states																				"   state_name
id           
10  cpoke_out"
749.728121	0.3084999999999809	states																				"   state_name
id           
9    cpoke_in"
750.036621	0.09750000000008185	states																				"   state_name
id           
10  cpoke_out"
750.134121	0.5399999999999636	states																				"   state_name
id           
9    cpoke_in"
750.674121	0.08799999999996544	states																				"       state_name
id               
11  wait_for_cout"
750.762121	0.7269999999999754	states																				"        state_name
id                
12  wait_for_spoke"
751.489121	4.000511000000074	states																				"     state_name
id             
15  error_state"
755.489632	0.0034889999999450083	states																				"        state_name
id                
20  clean_up_state"
755.493622	5.4409990000000334	trials	0.0	0.0	5.0	2.0	1.0	1.0	0.15	4.0	-1.0	6500.0	14200.0		l	1.0	f	1.0	4.0	-1.0	3.0	
755.493622	5.4409990000000334	states																				"   state_name
id           
0     state_0"
755.493622	0.016000000000076398	states																				"          state_name
id                  
1   sending_trialnum"
755.509622	0.0004989999999907013	states																				"        state_name
id                
3   wait_for_cpoke"
755.510121	0.5004999999999882	states																				"             state_name
id                     
5   wait_for_cpoke_freq"
756.010621	0.8579999999999472	states																				"            state_name
id                    
6   wait_for_cpoke_bis"
756.868621	0.0015000000000782165	states																				"     state_name
id             
7   nic_prestim"
756.870121	0.0004999999999881766	states																				"   state_name
id           
8       cpoke"
756.870621	0.36700699999994413	states																				"   state_name
id           
9    cpoke_in"
757.237628	0.09249299999999039	states																				"   state_name
id           
10  cpoke_out"
757.330121	0.35150099999998474	states																				"   state_name
id           
9    cpoke_in"
757.681622	0.09899900000004891	states																				"   state_name
id           
10  cpoke_out"
757.780621	0.04949999999996635	states																				"   state_name
id           
9    cpoke_in"
757.830121	0.10000000000002274	states																				"   state_name
id           
10  cpoke_out"
757.930121	0.0004999999999881766	states																				"         state_name
id                 
17  nic_error_state"
757.930621	3.000499999999988	states																				"          state_name
id                  
18  nic_error_state2"
760.931121	0.003500000000030923	states																				"        state_name
id                
20  clean_up_state"
760.935121	8.415500000000065	trials	0.0	0.0	5.0	2.0	1.0	1.0	0.15	-2.5	2.5	6500.0	14200.0	1.0	r	3.0	f	1.0	-2.5	2.5	1.0	
760.935121	8.415500000000065	states																				"   state_name
id           
0     state_0"
760.935121	0.01599999999996271	states																				"          state_name
id                  
1   sending_trialnum"
760.951121	0.0005050000000892396	states																				"        state_name
id                
3   wait_for_cpoke"
760.951626	0.5004950000000008	states																				"             state_name
id                     
5   wait_for_cpoke_freq"
761.452121	5.318500999999969	states																				"            state_name
id                    
6   wait_for_cpoke_bis"
766.770622	0.0010039999999662541	states																				"     state_name
id             
7   nic_prestim"
766.771626	0.0004950000000008004	states																				"   state_name
id           
8       cpoke"
766.772121	0.585503000000017	states																				"   state_name
id           
9    cpoke_in"
767.357624	0.05949699999996483	states																				"   state_name
id           
10  cpoke_out"
767.417121	0.7549999999999955	states																				"   state_name
id           
9    cpoke_in"
768.172121	0.008500000000026375	states																				"       state_name
id               
11  wait_for_cout"
768.180621	0.6644999999999754	states																				"        state_name
id                
12  wait_for_spoke"
768.845121	0.0005120000000715663	states																				"   state_name
id           
13  hit_state"
768.845633	0.5014879999999948	states																				"    state_name
id            
14  hit_state2"
769.347121	0.003500000000030923	states																				"        state_name
id                
20  clean_up_state"
769.351121	10.051000999999928	trials	0.0	0.0	5.0	2.0	1.0	1.0	0.15	1.0	4.0	6500.0	14200.0	1.0	r	4.0	f	0.0	1.0	4.0	1.0	
769.351121	10.051000999999928	states																				"   state_name
id           
0     state_0"
769.351121	0.01599999999996271	states																				"          state_name
id                  
1   sending_trialnum"
769.367121	0.0005029999999806023	states																				"        state_name
id                
3   wait_for_cpoke"
769.367624	0.5000039999999899	states																				"             state_name
id                     
5   wait_for_cpoke_freq"
769.867628	7.146993000000066	states																				"            state_name
id                    
6   wait_for_cpoke_bis"
777.014621	0.0010009999999738284	states																				"     state_name
id             
7   nic_prestim"
777.015622	0.0004989999999907013	states																				"   state_name
id           
8       cpoke"
777.016121	0.1430000000000291	states																				"   state_name
id           
9    cpoke_in"
777.159121	0.07749999999998636	states																				"   state_name
id           
10  cpoke_out"
777.236621	0.3144999999999527	states																				"   state_name
id           
9    cpoke_in"
777.551121	0.09100000000000819	states																				"   state_name
id           
10  cpoke_out"
777.642121	0.31500000000005457	states																				"   state_name
id           
9    cpoke_in"
777.957121	0.07899999999995089	states																				"   state_name
id           
10  cpoke_out"
778.036121	0.08551799999997911	states																				"   state_name
id           
9    cpoke_in"
778.121639	0.01698199999998451	states																				"   state_name
id           
10  cpoke_out"
778.138621	0.2770030000000361	states																				"   state_name
id           
9    cpoke_in"
778.415624	0.04349700000000212	states																				"       state_name
id               
11  wait_for_cout"
778.459121	0.3625000000000682	states																				"        state_name
id                
12  wait_for_spoke"
778.821621	0.0004999999999881766	states																				"   state_name
id           
13  hit_state"
778.822121	0.5014999999999645	states																				"    state_name
id            
14  hit_state2"
779.323621	0.003500000000030923	states																				"        state_name
id                
20  clean_up_state"
779.327121	0.07500099999992926	states																				"                state_name
id                        
2   check_next_trial_ready"
779.402621	9.026500000000055	trials	0.0	0.0	5.0	2.0	1.0	1.0	0.15	1.0	4.0	6500.0	14200.0	1.0	r	4.0	f	0.0	1.0	4.0	1.0	
779.402621	9.026500000000055	states																				"   state_name
id           
0     state_0"
779.402621	0.016000000000076398	states																				"          state_name
id                  
1   sending_trialnum"
779.418621	0.0004999999999881766	states																				"        state_name
id                
3   wait_for_cpoke"
779.419121	0.5005179999999427	states																				"             state_name
id                     
5   wait_for_cpoke_freq"
779.919639	6.09948200000008	states																				"            state_name
id                    
6   wait_for_cpoke_bis"
786.019121	0.0014999999999645297	states																				"     state_name
id             
7   nic_prestim"
786.020621	0.0004999999999881766	states																				"   state_name
id           
8       cpoke"
786.021121	0.10450900000000729	states																				"   state_name
id           
9    cpoke_in"
786.12563	0.08099100000004	states																				"   state_name
id           
10  cpoke_out"
786.206621	0.13999999999998636	states																				"   state_name
id           
9    cpoke_in"
786.346621	0.09349999999994907	states																				"   state_name
id           
10  cpoke_out"
786.440121	0.2820000000000391	states																				"   state_name
id           
9    cpoke_in"
786.722121	0.0665000000000191	states																				"   state_name
id           
10  cpoke_out"
786.788621	0.6319999999999482	states																				"   state_name
id           
9    cpoke_in"
787.420621	0.02650000000005548	states																				"       state_name
id               
11  wait_for_cout"
787.447121	0.3310000000000173	states																				"        state_name
id                
12  wait_for_spoke"
787.778121	0.0004999999999881766	states																				"   state_name
id           
13  hit_state"
787.778621	0.5014999999999645	states																				"    state_name
id            
14  hit_state2"
788.280121	0.0035110000000031505	states																				"        state_name
id                
20  clean_up_state"
788.283632	0.14548899999999776	states																				"                state_name
id                        
2   check_next_trial_ready"
788.429621	8.953499999999963	trials	0.0	0.0	5.0	2.0	1.0	1.0	0.15	2.5	-1.0	6500.0	14200.0		l	1.0	f	1.0	2.5	-1.0	3.0	
788.429621	8.953499999999963	states																				"   state_name
id           
0     state_0"
788.429621	0.01599999999996271	states																				"          state_name
id                  
1   sending_trialnum"
788.445621	0.0004999999999881766	states																				"        state_name
id                
3   wait_for_cpoke"
788.446121	0.5005000000001019	states																				"             state_name
id                     
5   wait_for_cpoke_freq"
788.946621	5.283999999999992	states																				"            state_name
id                    
6   wait_for_cpoke_bis"
794.230621	0.0010009999999738284	states																				"     state_name
id             
7   nic_prestim"
794.231622	0.0004989999999907013	states																				"   state_name
id           
8       cpoke"
794.232121	0.04650000000003729	states																				"   state_name
id           
9    cpoke_in"
794.278621	0.09999999999990905	states																				"   state_name
id           
10  cpoke_out"
794.378621	0.0005000000001018634	states																				"         state_name
id                 
17  nic_error_state"
794.379121	3.0005009999999857	states																				"          state_name
id                  
18  nic_error_state2"
797.379622	0.0034989999999197607	states																				"        state_name
id                
20  clean_up_state"
797.383627	3.9269939999999224	trials	0.0	0.0	5.0	2.0	1.0	1.0	0.15	2.5	1.0	6500.0	14200.0		r	4.0	f	0.0	2.5	1.0	3.0	
797.383627	3.9269939999999224	states																				"   state_name
id           
0     state_0"
797.383627	0.01599999999996271	states																				"          state_name
id                  
1   sending_trialnum"
797.399627	0.0004940000000033251	states																				"        state_name
id                
3   wait_for_cpoke"
797.400121	0.5	states																				"             state_name
id                     
5   wait_for_cpoke_freq"
797.900121	0.08600000000001273	states																				"            state_name
id                    
6   wait_for_cpoke_bis"
797.986121	0.0009999999999763531	states																				"     state_name
id             
7   nic_prestim"
797.987121	0.0005049999999755528	states																				"   state_name
id           
8       cpoke"
797.987626	0.21849500000007538	states																				"   state_name
id           
9    cpoke_in"
798.206121	0.09999999999990905	states																				"   state_name
id           
10  cpoke_out"
798.306121	0.0004999999999881766	states																				"         state_name
id                 
17  nic_error_state"
798.306621	3.000500000000102	states																				"          state_name
id                  
18  nic_error_state2"
801.307121	0.003499999999917236	states																				"        state_name
id                
20  clean_up_state"
801.311121	9.908506999999986	trials	0.0	0.0	5.0	2.0	1.0	1.0	0.15	-4.0	1.0	6500.0	14200.0	0.0	r	3.0	f	1.0	-4.0	1.0	2.0	
801.311121	9.908506999999986	states																				"   state_name
id           
0     state_0"
801.311121	0.016000000000076398	states																				"          state_name
id                  
1   sending_trialnum"
801.327121	0.0005069999999705033	states																				"        state_name
id                
3   wait_for_cpoke"
801.327628	0.5004930000000058	states																				"             state_name
id                     
5   wait_for_cpoke_freq"
801.828121	3.5610000000000355	states																				"            state_name
id                    
6   wait_for_cpoke_bis"
805.389121	0.0009999999999763531	states																				"     state_name
id             
7   nic_prestim"
805.390121	0.0004999999999881766	states																				"   state_name
id           
8       cpoke"
805.390621	0.8344999999999345	states																				"   state_name
id           
9    cpoke_in"
806.225121	0.08800000000007913	states																				"   state_name
id           
10  cpoke_out"
806.313121	0.47699999999997544	states																				"   state_name
id           
9    cpoke_in"
806.790121	0.05299999999999727	states																				"       state_name
id               
11  wait_for_cout"
806.843121	0.3725080000000389	states																				"        state_name
id                
12  wait_for_spoke"
807.215629	4.000492000000008	states																				"     state_name
id             
15  error_state"
811.216121	0.0035069999998995627	states																				"        state_name
id                
20  clean_up_state"
811.220121	8.34800000000007	trials	0.0	0.0	5.0	2.0	1.0	1.0	0.15	-2.5	-1.0	6500.0	14200.0	0.0	l	2.0	f	0.0	-2.5	-1.0	2.0	
811.220121	8.34800000000007	states																				"   state_name
id           
0     state_0"
811.220121	0.016000000000076398	states																				"          state_name
id                  
1   sending_trialnum"
811.236121	0.0004999999999881766	states																				"        state_name
id                
3   wait_for_cpoke"
811.236621	0.5	states																				"             state_name
id                     
5   wait_for_cpoke_freq"
811.736621	2.0939999999999372	states																				"            state_name
id                    
6   wait_for_cpoke_bis"
813.830621	0.0010070000000723667	states																				"     state_name
id             
7   nic_prestim"
813.831628	0.0004930000000058499	states																				"   state_name
id           
8       cpoke"
813.832121	0.39599999999995816	states																				"   state_name
id           
9    cpoke_in"
814.228121	0.07900000000006457	states																				"   state_name
id           
10  cpoke_out"
814.307121	0.45650399999999536	states																				"   state_name
id           
9    cpoke_in"
814.763625	0.072496000000001	states																				"   state_name
id           
10  cpoke_out"
814.836121	0.3849999999999909	states																				"   state_name
id           
9    cpoke_in"
815.221121	0.010999999999967258	states																				"   state_name
id           
10  cpoke_out"
815.232121	0.0004999999999881766	states																				"       state_name
id               
11  wait_for_cout"
815.232621	0.33150000000000546	states																				"        state_name
id                
12  wait_for_spoke"
815.564121	4.000499999999988	states																				"     state_name
id             
15  error_state"
819.564621	0.003500000000030923	states																				"        state_name
id                
20  clean_up_state"
819.568621	5.351011999999969	trials	0.0	0.0	5.0	2.0	1.0	1.0	0.15	-4.0	-2.5	6500.0	14200.0		l	2.0	f	0.0	-4.0	-2.5	3.0	
819.568621	5.351011999999969	states																				"   state_name
id           
0     state_0"
819.568621	0.01599999999996271	states																				"          state_name
id                  
1   sending_trialnum"
819.584621	0.0004999999999881766	states																				"        state_name
id                
3   wait_for_cpoke"
819.585121	0.5	states																				"             state_name
id                     
5   wait_for_cpoke_freq"
820.085121	0.4619999999999891	states																				"            state_name
id                    
6   wait_for_cpoke_bis"
820.547121	0.0015000000000782165	states																				"     state_name
id             
7   nic_prestim"
820.548621	0.0004999999999881766	states																				"   state_name
id           
8       cpoke"
820.549121	1.2659999999999627	states																				"   state_name
id           
9    cpoke_in"
821.815121	0.10000000000002274	states																				"   state_name
id           
10  cpoke_out"
821.915121	0.000509999999962929	states																				"         state_name
id                 
17  nic_error_state"
821.915631	3.0004900000000134	states																				"          state_name
id                  
18  nic_error_state2"
824.916121	0.0035120000000006257	states																				"        state_name
id                
20  clean_up_state"
824.920121	10.577505999999971	trials	0.0	0.0	5.0	2.0	1.0	1.0	0.15	2.5	-2.5	6500.0	14200.0		l	1.0	f	1.0	2.5	-2.5	3.0	
824.920121	10.577505999999971	states																				"   state_name
id           
0     state_0"
824.920121	0.01599999999996271	states																				"          state_name
id                  
1   sending_trialnum"
824.936121	0.0004999999999881766	states																				"        state_name
id                
3   wait_for_cpoke"
824.936621	0.5	states																				"             state_name
id                     
5   wait_for_cpoke_freq"
825.436621	5.668500000000108	states																				"            state_name
id                    
6   wait_for_cpoke_bis"
831.105121	0.0014999999999645297	states																				"     state_name
id             
7   nic_prestim"
831.106621	0.0004999999999881766	states																				"   state_name
id           
8       cpoke"
831.107121	0.2300000000000182	states																				"   state_name
id           
9    cpoke_in"
831.337121	0.08600000000001273	states																				"   state_name
id           
10  cpoke_out"
831.423121	0.3125009999999975	states																				"   state_name
id           
9    cpoke_in"
831.735622	0.0894989999999325	states																				"   state_name
id           
10  cpoke_out"
831.825121	0.29100000000005366	states																				"   state_name
id           
9    cpoke_in"
832.116121	0.021999999999934516	states																				"   state_name
id           
10  cpoke_out"
832.138121	0.25499999999999545	states																				"   state_name
id           
9    cpoke_in"
832.393121	0.10000000000002274	states																				"   state_name
id           
10  cpoke_out"
832.493121	0.0005069999999705033	states																				"         state_name
id                 
17  nic_error_state"
832.493628	3.000493000000006	states																				"          state_name
id                  
18  nic_error_state2"
835.494121	0.0035060000000157743	states																				"        state_name
id                
20  clean_up_state"
835.498121	6.856499999999983	trials	0.0	0.0	5.0	2.0	1.0	1.0	0.15	4.0	-1.0	6500.0	14200.0		l	1.0	f	1.0	4.0	-1.0	3.0	
835.498121	6.856499999999983	states																				"   state_name
id           
0     state_0"
835.498121	0.016000000000076398	states																				"          state_name
id                  
1   sending_trialnum"
835.514121	0.0004999999999881766	states																				"        state_name
id                
3   wait_for_cpoke"
835.514621	0.5004999999999882	states																				"             state_name
id                     
5   wait_for_cpoke_freq"
836.015121	2.3179999999999836	states																				"            state_name
id                    
6   wait_for_cpoke_bis"
838.333121	0.0009999999999763531	states																				"     state_name
id             
7   nic_prestim"
838.334121	0.0004999999999881766	states																				"   state_name
id           
8       cpoke"
838.334621	0.33199999999999363	states																				"   state_name
id           
9    cpoke_in"
838.666621	0.09600000000000364	states																				"   state_name
id           
10  cpoke_out"
838.762621	0.35200000000008913	states																				"   state_name
id           
9    cpoke_in"
839.114621	0.06700199999988854	states																				"   state_name
id           
10  cpoke_out"
839.181623	0.06849800000009054	states																				"   state_name
id           
9    cpoke_in"
839.250121	0.09999999999990905	states																				"   state_name
id           
10  cpoke_out"
839.350121	0.0005000000001018634	states																				"         state_name
id                 
17  nic_error_state"
839.350621	3.000499999999988	states																				"          state_name
id                  
18  nic_error_state2"
842.351121	0.003499999999917236	states																				"        state_name
id                
20  clean_up_state"
842.355121	6.107999999999947	trials	0.0	0.0	5.0	2.0	1.0	1.0	0.15	1.0	-4.0	6500.0	14200.0		l	1.0	f	1.0	1.0	-4.0	3.0	
842.355121	6.107999999999947	states																				"   state_name
id           
0     state_0"
842.355121	0.01599999999996271	states																				"          state_name
id                  
1   sending_trialnum"
842.371121	0.0005039999999780775	states																				"        state_name
id                
3   wait_for_cpoke"
842.371625	0.5	states																				"             state_name
id                     
5   wait_for_cpoke_freq"
842.871625	1.7880069999999932	states																				"            state_name
id                    
6   wait_for_cpoke_bis"
844.659632	0.001488999999992302	states																				"     state_name
id             
7   nic_prestim"
844.661121	0.0005019999999831271	states																				"   state_name
id           
8       cpoke"
844.661623	0.2729980000000296	states																				"   state_name
id           
9    cpoke_in"
844.934621	0.07650000000001	states																				"   state_name
id           
10  cpoke_out"
845.011121	0.34749999999996817	states																				"   state_name
id           
9    cpoke_in"
845.358621	0.10000000000002274	states																				"   state_name
id           
10  cpoke_out"
845.458621	0.0004999999999881766	states																				"         state_name
id                 
17  nic_error_state"
845.459121	3.0005089999999655	states																				"          state_name
id                  
18  nic_error_state2"
848.45963	0.0034910000000536456	states																				"        state_name
id                
20  clean_up_state"
848.463627	29.82549400000005	trials	0.0	0.0	5.0	2.0	1.0	1.0	0.15	4.0	-4.0	6500.0	14200.0		l	1.0	f	1.0	4.0	-4.0	3.0	
848.463627	29.82549400000005	states																				"   state_name
id           
0     state_0"
848.463627	0.016000000000076398	states																				"          state_name
id                  
1   sending_trialnum"
848.479627	0.0004940000000033251	states																				"        state_name
id                
3   wait_for_cpoke"
848.480121	0.5004999999999882	states																				"             state_name
id                     
5   wait_for_cpoke_freq"
848.980621	25.893010000000004	states																				"            state_name
id                    
6   wait_for_cpoke_bis"
874.873631	0.0014899999999897773	states																				"     state_name
id             
7   nic_prestim"
874.875121	0.0005039999999780775	states																				"   state_name
id           
8       cpoke"
874.875625	0.3089959999999792	states																				"   state_name
id           
9    cpoke_in"
875.184621	0.10000000000002274	states																				"   state_name
id           
10  cpoke_out"
875.284621	0.0004999999999881766	states																				"         state_name
id                 
17  nic_error_state"
875.285121	3.000503999999978	states																				"          state_name
id                  
18  nic_error_state2"
878.285625	0.003496000000041022	states																				"        state_name
id                
20  clean_up_state"
878.289624	14.021496999999954	trials	0.0	0.0	5.0	2.0	1.0	1.0	0.15	2.5	-1.0	6500.0	14200.0	0.0	l	1.0	f	1.0	2.5	-1.0	2.0	
878.289624	14.021496999999954	states																				"   state_name
id           
0     state_0"
878.289624	0.01599999999996271	states																				"          state_name
id                  
1   sending_trialnum"
878.305624	0.0004969999999957508	states																				"        state_name
id                
3   wait_for_cpoke"
878.306121	0.5004999999999882	states																				"             state_name
id                     
5   wait_for_cpoke_freq"
878.806621	4.246000000000095	states																				"            state_name
id                    
6   wait_for_cpoke_bis"
883.052621	0.0010039999999662541	states																				"     state_name
id             
7   nic_prestim"
883.053625	0.0004959999999982756	states																				"   state_name
id           
8       cpoke"
883.054121	0.8070000000000164	states																				"   state_name
id           
9    cpoke_in"
883.861121	0.08050700000001143	states																				"   state_name
id           
10  cpoke_out"
883.941628	0.5004930000000058	states																				"   state_name
id           
9    cpoke_in"
884.442121	0.011999999999943611	states																				"   state_name
id           
10  cpoke_out"
884.454121	0.0004999999999881766	states																				"       state_name
id               
11  wait_for_cout"
884.454621	0.6630040000000008	states																				"        state_name
id                
12  wait_for_spoke"
885.117625	7.189999000000057	states																				"     state_name
id             
15  error_state"
892.307624	0.0034969999999248103	states																				"        state_name
id                
20  clean_up_state"
892.311625	5.248495999999932	trials	0.0	0.0	5.0	2.0	1.0	1.0	0.15	-1.0	-1.0	6500.0	14200.0		l	2.0	f	0.0	-1.0	-1.0	3.0	
892.311625	5.248495999999932	states																				"   state_name
id           
0     state_0"
892.311625	0.01599999999996271	states																				"          state_name
id                  
1   sending_trialnum"
892.327625	0.0004959999999982756	states																				"        state_name
id                
3   wait_for_cpoke"
892.328121	0.5004999999999882	states																				"             state_name
id                     
5   wait_for_cpoke_freq"
892.828621	0.35500500000000557	states																				"            state_name
id                    
6   wait_for_cpoke_bis"
893.183626	0.0014949999999771535	states																				"     state_name
id             
7   nic_prestim"
893.185121	0.0005039999999780775	states																				"   state_name
id           
8       cpoke"
893.185625	0.2804960000000847	states																				"   state_name
id           
9    cpoke_in"
893.466121	0.0949999999999136	states																				"   state_name
id           
10  cpoke_out"
893.561121	0.33199999999999363	states																				"   state_name
id           
9    cpoke_in"
893.893121	0.03050200000006953	states																				"   state_name
id           
10  cpoke_out"
893.923623	0.5320009999999229	states																				"   state_name
id           
9    cpoke_in"
894.455624	0.10000300000001516	states																				"   state_name
id           
10  cpoke_out"
894.555627	0.0004940000000033251	states																				"         state_name
id                 
17  nic_error_state"
894.556121	3.000499999999988	states																				"          state_name
id                  
18  nic_error_state2"
897.556621	0.003500000000030923	states																				"        state_name
id                
20  clean_up_state"
897.560621	25.249500000000012	trials	0.0	0.0	5.0	2.0	1.0	1.0	0.15	4.0	-1.0	6500.0	14200.0		l	1.0	f	1.0	4.0	-1.0	3.0	
897.560621	25.249500000000012	states																				"   state_name
id           
0     state_0"
897.560621	0.016000000000076398	states																				"          state_name
id                  
1   sending_trialnum"
897.576621	0.0004999999999881766	states																				"        state_name
id                
3   wait_for_cpoke"
897.577121	0.5004999999999882	states																				"             state_name
id                     
5   wait_for_cpoke_freq"
898.077621	20.360006999999996	states																				"            state_name
id                    
6   wait_for_cpoke_bis"
918.437628	0.001492999999982203	states																				"     state_name
id             
7   nic_prestim"
918.439121	0.0004999999999881766	states																				"   state_name
id           
8       cpoke"
918.439621	0.2500029999999924	states																				"   state_name
id           
9    cpoke_in"
918.689624	0.08200499999998101	states																				"   state_name
id           
10  cpoke_out"
918.771629	0.35749200000009296	states																				"   state_name
id           
9    cpoke_in"
919.129121	0.07450599999992846	states																				"   state_name
id           
10  cpoke_out"
919.203627	0.5014939999999797	states																				"   state_name
id           
9    cpoke_in"
919.705121	0.10050599999999577	states																				"   state_name
id           
10  cpoke_out"
919.805627	0.0004940000000033251	states																				"         state_name
id                 
17  nic_error_state"
919.806121	3.000499999999988	states																				"          state_name
id                  
18  nic_error_state2"
922.806621	0.003500000000030923	states																				"        state_name
id                
20  clean_up_state"
922.810621	27.51400000000001	trials	0.0	0.0	5.0	2.0	1.0	1.0	0.15	1.0	-2.5	6500.0	14200.0	0.0	l	1.0	f	1.0	1.0	-2.5	2.0	
922.810621	27.51400000000001	states																				"   state_name
id           
0     state_0"
922.810621	0.016000000000076398	states																				"          state_name
id                  
1   sending_trialnum"
922.826621	0.0004999999999881766	states																				"        state_name
id                
3   wait_for_cpoke"
922.827121	0.5005029999999806	states																				"             state_name
id                     
5   wait_for_cpoke_freq"
923.327624	18.137999000000036	states																				"            state_name
id                    
6   wait_for_cpoke_bis"
941.465623	0.0014979999999695792	states																				"     state_name
id             
7   nic_prestim"
941.467121	0.0005049999999755528	states																				"   state_name
id           
8       cpoke"
941.467626	0.619495000000029	states																				"   state_name
id           
9    cpoke_in"
942.087121	0.05250699999999142	states																				"   state_name
id           
10  cpoke_out"
942.139628	0.7100040000000263	states																				"   state_name
id           
9    cpoke_in"
942.849632	0.017488999999955013	states																				"   state_name
id           
10  cpoke_out"
942.867121	0.0005039999999780775	states																				"       state_name
id               
11  wait_for_cout"
942.867625	0.2634960000000319	states																				"        state_name
id                
12  wait_for_spoke"
943.131121	7.189999999999941	states																				"     state_name
id             
15  error_state"
950.321121	0.003500000000030923	states																				"        state_name
id                
20  clean_up_state"
950.325121	14.453500000000076	trials	0.0	0.0	5.0	2.0	1.0	1.0	0.15	1.0	-2.5	6500.0	14200.0		l	1.0	f	1.0	1.0	-2.5	3.0	
950.325121	14.453500000000076	states																				"   state_name
id           
0     state_0"
950.325121	0.016000000000076398	states																				"          state_name
id                  
1   sending_trialnum"
950.341121	0.000505999999973028	states																				"        state_name
id                
3   wait_for_cpoke"
950.341627	0.5004940000000033	states																				"             state_name
id                     
5   wait_for_cpoke_freq"
950.842121	10.786499999999933	states																				"            state_name
id                    
6   wait_for_cpoke_bis"
961.628621	0.0010030000000824657	states																				"     state_name
id             
7   nic_prestim"
961.629624	0.0004969999999957508	states																				"   state_name
id           
8       cpoke"
961.630121	0.04399999999998272	states																				"   state_name
id           
9    cpoke_in"
961.674121	0.10000000000002274	states																				"   state_name
id           
10  cpoke_out"
961.774121	0.0004999999999881766	states																				"         state_name
id                 
17  nic_error_state"
961.774621	3.000499999999988	states																				"          state_name
id                  
18  nic_error_state2"
964.775121	0.003500000000030923	states																				"        state_name
id                
20  clean_up_state"
964.779121	11.566507999999999	trials	0.0	0.0	5.0	2.0	1.0	1.0	0.15	-1.0	-4.0	6500.0	14200.0	1.0	l	2.0	f	0.0	-1.0	-4.0	1.0	
964.779121	11.566507999999999	states																				"   state_name
id           
0     state_0"
964.779121	0.01599999999996271	states																				"          state_name
id                  
1   sending_trialnum"
964.795121	0.0005119999999578795	states																				"        state_name
id                
3   wait_for_cpoke"
964.795633	0.5004880000000185	states																				"             state_name
id                     
5   wait_for_cpoke_freq"
965.296121	8.610500000000002	states																				"            state_name
id                    
6   wait_for_cpoke_bis"
973.906621	0.0009999999999763531	states																				"     state_name
id             
7   nic_prestim"
973.907621	0.0005000000001018634	states																				"   state_name
id           
8       cpoke"
973.908121	0.35799999999994725	states																				"   state_name
id           
9    cpoke_in"
974.266121	0.047000000000025466	states																				"   state_name
id           
10  cpoke_out"
974.313121	0.2859999999999445	states																				"   state_name
id           
9    cpoke_in"
974.599121	0.0805000000000291	states																				"   state_name
id           
10  cpoke_out"
974.679621	0.20050000000003365	states																				"   state_name
id           
9    cpoke_in"
974.880121	0.08449999999993452	states																				"   state_name
id           
10  cpoke_out"
974.964621	0.3430080000000544	states																				"   state_name
id           
9    cpoke_in"
975.307629	0.004492000000027474	states																				"       state_name
id               
11  wait_for_cout"
975.312121	0.24299999999993815	states																				"        state_name
id                
12  wait_for_spoke"
975.555121	0.0005109999999604042	states																				"   state_name
id           
13  hit_state"
975.555632	0.5749890000000732	states																				"    state_name
id            
14  hit_state2"
976.130621	0.003500000000030923	states																				"        state_name
id                
20  clean_up_state"
976.134121	0.2115079999999807	states																				"                state_name
id                        
2   check_next_trial_ready"
976.346121	21.366999999999962	trials	0.0	0.0	5.0	2.0	1.0	1.0	0.15	4.0	-4.0	6500.0	14200.0	0.0	l	1.0	f	1.0	4.0	-4.0	2.0	
976.346121	21.366999999999962	states																				"   state_name
id           
0     state_0"
976.346121	0.01599999999996271	states																				"          state_name
id                  
1   sending_trialnum"
976.362121	0.0004999999999881766	states																				"        state_name
id                
3   wait_for_cpoke"
976.362621	0.5004999999999882	states																				"             state_name
id                     
5   wait_for_cpoke_freq"
976.863121	9.471000000000004	states																				"            state_name
id                    
6   wait_for_cpoke_bis"
986.334121	0.0015040000000681175	states																				"     state_name
id             
7   nic_prestim"
986.335625	0.0004959999999982756	states																				"   state_name
id           
8       cpoke"
986.336121	0.26549999999997453	states																				"   state_name
id           
9    cpoke_in"
986.601621	0.07049999999992451	states																				"   state_name
id           
10  cpoke_out"
986.672121	0.42000000000007276	states																				"   state_name
id           
9    cpoke_in"
987.092121	0.06549999999992906	states																				"   state_name
id           
10  cpoke_out"
987.157621	0.5785000000000764	states																				"   state_name
id           
9    cpoke_in"
987.736121	0.08100000000001728	states																				"       state_name
id               
11  wait_for_cout"
987.817121	0.35399999999992815	states																				"        state_name
id                
12  wait_for_spoke"
988.171121	9.538502999999992	states																				"     state_name
id             
15  error_state"
997.709624	0.003497000000038497	states																				"        state_name
id                
20  clean_up_state"
997.713625	4.264496000000008	trials	0.0	0.0	5.0	2.0	1.0	1.0	0.15	2.5	-4.0	6500.0	14200.0		l	1.0	f	1.0	2.5	-4.0	3.0	
997.713625	4.264496000000008	states																				"   state_name
id           
0     state_0"
997.713625	0.015998999999965235	states																				"          state_name
id                  
1   sending_trialnum"
997.729624	0.03649700000005396	states																				"        state_name
id                
3   wait_for_cpoke"
997.766121	0.5	states																				"             state_name
id                     
5   wait_for_cpoke_freq"
998.266121	0.0004999999999881766	states																				"            state_name
id                    
6   wait_for_cpoke_bis"
998.266621	0.0010130000000572181	states																				"     state_name
id             
7   nic_prestim"
998.267634	0.0004869999999073116	states																				"   state_name
id           
8       cpoke"
998.268121	0.0060000000000854925	states																				"   state_name
id           
9    cpoke_in"
998.274121	0.06999999999993634	states																				"   state_name
id           
10  cpoke_out"
998.344121	0.5289999999999964	states																				"   state_name
id           
9    cpoke_in"
998.873121	0.10050100000000839	states																				"   state_name
id           
10  cpoke_out"
998.973622	0.0004989999999907013	states																				"         state_name
id                 
17  nic_error_state"
998.974121	3.000499999999988	states																				"          state_name
id                  
18  nic_error_state2"
1001.974621	0.003500000000030923	states																				"        state_name
id                
20  clean_up_state"
1001.978621	6.712499999999977	trials	0.0	0.0	5.0	2.0	1.0	1.0	0.15	-2.5	-4.0	6500.0	14200.0	0.0	l	2.0	f	0.0	-2.5	-4.0	2.0	
1001.978621	6.712499999999977	states																				"   state_name
id           
0     state_0"
1001.978621	0.016000000000076398	states																				"          state_name
id                  
1   sending_trialnum"
1001.994621	0.0004999999999881766	states																				"        state_name
id                
3   wait_for_cpoke"
1001.995121	0.5005039999999781	states																				"             state_name
id                     
5   wait_for_cpoke_freq"
1002.495625	0.02800000000002001	states																				"            state_name
id                    
6   wait_for_cpoke_bis"
1002.523625	0.0014959999999746287	states																				"     state_name
id             
7   nic_prestim"
1002.525121	0.0005079999999679785	states																				"   state_name
id           
8       cpoke"
1002.525629	0.44849199999998746	states																				"   state_name
id           
9    cpoke_in"
1002.974121	0.031000000000062755	states																				"   state_name
id           
10  cpoke_out"
1003.005121	0.59699999999998	states																				"   state_name
id           
9    cpoke_in"
1003.602121	0.06049999999993361	states																				"   state_name
id           
10  cpoke_out"
1003.662621	0.2625000000000455	states																				"   state_name
id           
9    cpoke_in"
1003.925121	0.047000000000025466	states																				"       state_name
id               
11  wait_for_cout"
1003.972121	0.7155010000000175	states																				"        state_name
id                
12  wait_for_spoke"
1004.687622	4.000001999999995	states																				"     state_name
id             
15  error_state"
1008.687624	0.0034969999999248103	states																				"        state_name
id                
20  clean_up_state"
1008.691626	17.159999999999854	trials	0.0	0.0	5.0	2.0	1.0	1.0	0.15	2.5	1.0	6500.0	14200.0	1.0	r	4.0	f	0.0	2.5	1.0	1.0	
1008.691626	17.159999999999854	states																				"   state_name
id           
0     state_0"
1008.691626	0.01599799999996776	states																				"          state_name
id                  
1   sending_trialnum"
1008.707624	0.0004969999999957508	states																				"        state_name
id                
3   wait_for_cpoke"
1008.708121	0.5004999999999882	states																				"             state_name
id                     
5   wait_for_cpoke_freq"
1009.208621	14.24350000000004	states																				"            state_name
id                    
6   wait_for_cpoke_bis"
1023.452121	0.0014999999999645297	states																				"     state_name
id             
7   nic_prestim"
1023.453621	0.0004999999999881766	states																				"   state_name
id           
8       cpoke"
1023.454121	0.5194999999999936	states																				"   state_name
id           
9    cpoke_in"
1023.973621	0.07250000000010459	states																				"   state_name
id           
10  cpoke_out"
1024.046121	0.8075069999999869	states																				"   state_name
id           
9    cpoke_in"
1024.853628	0.07899299999985487	states																				"       state_name
id               
11  wait_for_cout"
1024.932621	0.2295000000001437	states																				"        state_name
id                
12  wait_for_spoke"
1025.162121	0.0005009999999856518	states																				"   state_name
id           
13  hit_state"
1025.162622	0.5050069999999778	states																				"    state_name
id            
14  hit_state2"
1025.667629	0.003492000000051121	states																				"        state_name
id                
20  clean_up_state"
1025.671121	0.18050499999981184	states																				"                state_name
id                        
2   check_next_trial_ready"
1025.852121	9.786000000000058	trials	0.0	0.0	5.0	2.0	1.0	1.0	0.15	2.5	4.0	6500.0	14200.0	1.0	r	4.0	f	0.0	2.5	4.0	1.0	
1025.852121	9.786000000000058	states																				"   state_name
id           
0     state_0"
1025.852121	0.016000000000076398	states																				"          state_name
id                  
1   sending_trialnum"
1025.868121	0.0005000000001018634	states																				"        state_name
id                
3   wait_for_cpoke"
1025.868621	0.5	states																				"             state_name
id                     
5   wait_for_cpoke_freq"
1026.368621	6.531999999999925	states																				"            state_name
id                    
6   wait_for_cpoke_bis"
1032.900621	0.0010050000000774162	states																				"     state_name
id             
7   nic_prestim"
1032.901626	0.0004950000000008004	states																				"   state_name
id           
8       cpoke"
1032.902121	1.3999999999998636	states																				"   state_name
id           
9    cpoke_in"
1034.302121	0.09900000000016007	states																				"       state_name
id               
11  wait_for_cout"
1034.401121	0.42699999999990723	states																				"        state_name
id                
12  wait_for_spoke"
1034.828121	0.0005000000001018634	states																				"   state_name
id           
13  hit_state"
1034.828621	0.5050039999998717	states																				"    state_name
id            
14  hit_state2"
1035.333625	0.003496000000041022	states																				"        state_name
id                
20  clean_up_state"
1035.337121	0.3009999999999309	states																				"                state_name
id                        
2   check_next_trial_ready"
1035.638621	12.520499999999856	trials	0.0	0.0	5.0	2.0	1.0	1.0	0.15	-1.0	-2.5	6500.0	14200.0		l	2.0	f	0.0	-1.0	-2.5	3.0	
1035.638621	12.520499999999856	states																				"   state_name
id           
0     state_0"
1035.638621	0.015999999999849024	states																				"          state_name
id                  
1   sending_trialnum"
1035.654621	0.0005000000001018634	states																				"        state_name
id                
3   wait_for_cpoke"
1035.655121	0.5	states																				"             state_name
id                     
5   wait_for_cpoke_freq"
1036.155121	8.478000000000065	states																				"            state_name
id                    
6   wait_for_cpoke_bis"
1044.633121	0.0014999999998508429	states																				"     state_name
id             
7   nic_prestim"
1044.634621	0.0005000000001018634	states																				"   state_name
id           
8       cpoke"
1044.635121	0.12599999999997635	states																				"   state_name
id           
9    cpoke_in"
1044.761121	0.04600000000004911	states																				"   state_name
id           
10  cpoke_out"
1044.807121	0.24749999999994543	states																				"   state_name
id           
9    cpoke_in"
1045.054621	0.09999999999990905	states																				"   state_name
id           
10  cpoke_out"
1045.154621	0.0005000000001018634	states																				"         state_name
id                 
17  nic_error_state"
1045.155121	3.000500000000102	states																				"          state_name
id                  
18  nic_error_state2"
1048.155621	0.003499999999803549	states																				"        state_name
id                
20  clean_up_state"
1048.15963	4.527997999999798	trials	0.0	0.0	5.0	2.0	1.0	1.0	0.15	-2.5	-2.5	6500.0	14200.0	1.0	l	2.0	f	0.0	-2.5	-2.5	1.0	
1048.15963	4.527997999999798	states																				"   state_name
id           
0     state_0"
1048.15963	0.015998999999965235	states																				"          state_name
id                  
1   sending_trialnum"
1048.175629	0.0004919999998946878	states																				"        state_name
id                
3   wait_for_cpoke"
1048.176121	0.5005000000001019	states																				"             state_name
id                     
5   wait_for_cpoke_freq"
1048.676621	1.6454999999998563	states																				"            state_name
id                    
6   wait_for_cpoke_bis"
1050.322121	0.001506000000063068	states																				"     state_name
id             
7   nic_prestim"
1050.323627	0.000494000000117012	states																				"   state_name
id           
8       cpoke"
1050.324121	0.36649999999985994	states																				"   state_name
id           
9    cpoke_in"
1050.690621	0.055499999999938154	states																				"   state_name
id           
10  cpoke_out"
1050.746121	0.4055040000000645	states																				"   state_name
id           
9    cpoke_in"
1051.151625	0.08399800000006508	states																				"   state_name
id           
10  cpoke_out"
1051.235623	0.48849799999993593	states																				"   state_name
id           
9    cpoke_in"
1051.724121	0.049999999999954525	states																				"       state_name
id               
11  wait_for_cout"
1051.774121	0.40850000000000364	states																				"        state_name
id                
12  wait_for_spoke"
1052.182621	0.0005000000001018634	states																				"   state_name
id           
13  hit_state"
1052.183121	0.5009999999999764	states																				"    state_name
id            
14  hit_state2"
1052.684121	0.0035069999998995627	states																				"        state_name
id                
20  clean_up_state"
1052.688121	8.642500000000155	trials	0.0	0.0	5.0	2.0	1.0	1.0	0.15	1.0	-1.0	6500.0	14200.0	1.0	l	1.0	f	1.0	1.0	-1.0	1.0	
1052.688121	8.642500000000155	states																				"   state_name
id           
0     state_0"
1052.688121	0.016000000000076398	states																				"          state_name
id                  
1   sending_trialnum"
1052.704121	0.0005000000001018634	states																				"        state_name
id                
3   wait_for_cpoke"
1052.704621	0.5004999999998745	states																				"             state_name
id                     
5   wait_for_cpoke_freq"
1053.205121	5.501999999999953	states																				"            state_name
id                    
6   wait_for_cpoke_bis"
1058.707121	0.0015000000000782165	states																				"     state_name
id             
7   nic_prestim"
1058.708621	0.0005000000001018634	states																				"   state_name
id           
8       cpoke"
1058.709121	0.36199999999985266	states																				"   state_name
id           
9    cpoke_in"
1059.071121	0.02800000000002001	states																				"   state_name
id           
10  cpoke_out"
1059.099121	0.5775000000001	states																				"   state_name
id           
9    cpoke_in"
1059.676621	0.07549999999991996	states																				"   state_name
id           
10  cpoke_out"
1059.752121	0.3330000000000837	states																				"   state_name
id           
9    cpoke_in"
1060.085121	0.023500000000012733	states																				"   state_name
id           
10  cpoke_out"
1060.108621	0.0004999999998744897	states																				"       state_name
id               
11  wait_for_cout"
1060.109121	0.5599999999999454	states																				"        state_name
id                
12  wait_for_spoke"
1060.669121	0.0005000000001018634	states																				"   state_name
id           
13  hit_state"
1060.669621	0.5009999999999764	states																				"    state_name
id            
14  hit_state2"
1061.170621	0.003500000000030923	states																				"        state_name
id                
20  clean_up_state"
1061.174121	0.15650000000005093	states																				"                state_name
id                        
2   check_next_trial_ready"
1061.331121	10.243000000000166	trials	0.0	0.0	5.0	2.0	1.0	1.0	0.15	-2.5	-4.0	6500.0	14200.0		l	2.0	f	0.0	-2.5	-4.0	3.0	
1061.331121	10.243000000000166	states																				"   state_name
id           
0     state_0"
1061.331121	0.016000000000076398	states																				"          state_name
id                  
1   sending_trialnum"
1061.347121	0.0005040000000917644	states																				"        state_name
id                
3   wait_for_cpoke"
1061.347625	0.500001999999995	states																				"             state_name
id                     
5   wait_for_cpoke_freq"
1061.847627	5.378493999999819	states																				"            state_name
id                    
6   wait_for_cpoke_bis"
1067.226121	0.0015030000001843291	states																				"     state_name
id             
7   nic_prestim"
1067.227624	0.0004969999999957508	states																				"   state_name
id           
8       cpoke"
1067.228121	0.5295019999998658	states																				"   state_name
id           
9    cpoke_in"
1067.757623	0.07499800000005052	states																				"   state_name
id           
10  cpoke_out"
1067.832621	0.6370030000000497	states																				"   state_name
id           
9    cpoke_in"
1068.469624	0.10000100000002021	states																				"   state_name
id           
10  cpoke_out"
1068.569625	0.0004959999998845888	states																				"         state_name
id                 
17  nic_error_state"
1068.570121	3.000500000000102	states																				"          state_name
id                  
18  nic_error_state2"
1071.570621	0.003500000000030923	states																				"        state_name
id                
20  clean_up_state"
1071.574621	3.2525020000000495	trials	0.0	0.0	5.0	2.0	1.0	1.0	0.15	2.5	-4.0	6500.0	14200.0	1.0	l	1.0	f	1.0	2.5	-4.0	1.0	
1071.574621	3.2525020000000495	states																				"   state_name
id           
0     state_0"
1071.574621	0.016000000000076398	states																				"          state_name
id                  
1   sending_trialnum"
1071.590621	0.0004999999998744897	states																				"        state_name
id                
3   wait_for_cpoke"
1071.591121	0.5005160000000615	states																				"             state_name
id                     
5   wait_for_cpoke_freq"
1072.091637	0.3929840000000695	states																				"            state_name
id                    
6   wait_for_cpoke_bis"
1072.484621	0.0010009999998601415	states																				"     state_name
id             
7   nic_prestim"
1072.485622	0.0004989999999907013	states																				"   state_name
id           
8       cpoke"
1072.486121	0.02500000000009095	states																				"   state_name
id           
9    cpoke_in"
1072.511121	0.07300000000009277	states																				"   state_name
id           
10  cpoke_out"
1072.584121	0.4375009999998838	states																				"   state_name
id           
9    cpoke_in"
1073.021622	0.07149900000013076	states																				"   state_name
id           
10  cpoke_out"
1073.093121	0.43899999999985084	states																				"   state_name
id           
9    cpoke_in"
1073.532121	0.03899999999998727	states																				"   state_name
id           
10  cpoke_out"
1073.571121	0.31500000000005457	states																				"   state_name
id           
9    cpoke_in"
1073.886121	0.1169999999999618	states																				"       state_name
id               
11  wait_for_cout"
1074.003121	0.24700000000007094	states																				"        state_name
id                
12  wait_for_spoke"
1074.250121	0.0004999999998744897	states																				"   state_name
id           
13  hit_state"
1074.250621	0.5010100000001785	states																				"    state_name
id            
14  hit_state2"
1074.751631	0.003490999999939959	states																				"        state_name
id                
20  clean_up_state"
1074.755122	0.0720010000000002	states																				"                state_name
id                        
2   check_next_trial_ready"
1074.827627	8.002995000000055	trials	0.0	0.0	5.0	2.0	1.0	1.0	0.15	2.5	-2.5	6500.0	14200.0	1.0	l	1.0	f	1.0	2.5	-2.5	1.0	
1074.827627	8.002995000000055	states																				"   state_name
id           
0     state_0"
1074.827627	0.015995000000202708	states																				"          state_name
id                  
1   sending_trialnum"
1074.843622	0.0004989999999907013	states																				"        state_name
id                
3   wait_for_cpoke"
1074.844121	0.5004999999998745	states																				"             state_name
id                     
5   wait_for_cpoke_freq"
1075.344621	4.841499999999996	states																				"            state_name
id                    
6   wait_for_cpoke_bis"
1080.186121	0.0010010000000875152	states																				"     state_name
id             
7   nic_prestim"
1080.187122	0.0004989999999907013	states																				"   state_name
id           
8       cpoke"
1080.187621	0.11449999999990723	states																				"   state_name
id           
9    cpoke_in"
1080.302121	0.04899999999997817	states																				"   state_name
id           
10  cpoke_out"
1080.351121	0.2135000000000673	states																				"   state_name
id           
9    cpoke_in"
1080.564621	0.06900199999995493	states																				"   state_name
id           
10  cpoke_out"
1080.633623	0.44749799999999595	states																				"   state_name
id           
9    cpoke_in"
1081.081121	0.08100000000013097	states																				"   state_name
id           
10  cpoke_out"
1081.162121	0.425499999999829	states																				"   state_name
id           
9    cpoke_in"
1081.587621	0.016000000000076398	states																				"       state_name
id               
11  wait_for_cout"
1081.603621	0.43049999999993815	states																				"        state_name
id                
12  wait_for_spoke"
1082.034121	0.0005000000001018634	states																				"   state_name
id           
13  hit_state"
1082.034621	0.5010019999999713	states																				"    state_name
id            
14  hit_state2"
1082.535623	0.0034980000000359723	states																				"        state_name
id                
20  clean_up_state"
1082.539121	0.2915009999999256	states																				"                state_name
id                        
2   check_next_trial_ready"
1082.831121	8.31899999999996	trials	0.0	0.0	5.0	2.0	1.0	1.0	0.15	1.0	-4.0	6500.0	14200.0	1.0	l	1.0	f	1.0	1.0	-4.0	1.0	
1082.831121	8.31899999999996	states																				"   state_name
id           
0     state_0"
1082.831121	0.016000000000076398	states																				"          state_name
id                  
1   sending_trialnum"
1082.847121	0.0005009999999856518	states																				"        state_name
id                
3   wait_for_cpoke"
1082.847622	0.5000119999999697	states																				"             state_name
id                     
5   wait_for_cpoke_freq"
1083.347634	5.525487000000112	states																				"            state_name
id                    
6   wait_for_cpoke_bis"
1088.873121	0.0014999999998508429	states																				"     state_name
id             
7   nic_prestim"
1088.874621	0.0005000000001018634	states																				"   state_name
id           
8       cpoke"
1088.875121	0.5525089999998727	states																				"   state_name
id           
9    cpoke_in"
1089.42763	0.08099100000004	states																				"   state_name
id           
10  cpoke_out"
1089.508621	0.321002000000135	states																				"   state_name
id           
9    cpoke_in"
1089.829623	0.06200399999988804	states																				"   state_name
id           
10  cpoke_out"
1089.891627	0.38349399999992784	states																				"   state_name
id           
9    cpoke_in"
1090.275121	0.04500000000007276	states																				"       state_name
id               
11  wait_for_cout"
1090.320121	0.3250000000000455	states																				"        state_name
id                
12  wait_for_spoke"
1090.645121	0.0005040000000917644	states																				"   state_name
id           
13  hit_state"
1090.645625	0.5009959999999865	states																				"    state_name
id            
14  hit_state2"
1091.146621	0.003499999999803549	states																				"        state_name
id                
20  clean_up_state"
1091.150621	8.378999999999905	trials	0.0	0.0	5.0	2.0	1.0	1.0	0.15	-1.0	1.0	6500.0	14200.0	1.0	r	3.0	f	1.0	-1.0	1.0	1.0	
1091.150621	8.378999999999905	states																				"   state_name
id           
0     state_0"
1091.150621	0.016000000000076398	states																				"          state_name
id                  
1   sending_trialnum"
1091.166621	0.0004999999998744897	states																				"        state_name
id                
3   wait_for_cpoke"
1091.167121	0.5005040000000918	states																				"             state_name
id                     
5   wait_for_cpoke_freq"
1091.667625	5.539495999999872	states																				"            state_name
id                    
6   wait_for_cpoke_bis"
1097.207121	0.0015000000000782165	states																				"     state_name
id             
7   nic_prestim"
1097.208621	0.0005000000001018634	states																				"   state_name
id           
8       cpoke"
1097.209121	0.30149999999980537	states																				"   state_name
id           
9    cpoke_in"
1097.510621	0.057999999999992724	states																				"   state_name
id           
10  cpoke_out"
1097.568621	0.4395000000001801	states																				"   state_name
id           
9    cpoke_in"
1098.008121	0.032500000000027285	states																				"   state_name
id           
10  cpoke_out"
1098.040621	0.5679999999999836	states																				"   state_name
id           
9    cpoke_in"
1098.608621	0.07900499999982458	states																				"       state_name
id               
11  wait_for_cout"
1098.687626	0.3329949999999826	states																				"        state_name
id                
12  wait_for_spoke"
1099.020621	0.0005000000001018634	states																				"   state_name
id           
13  hit_state"
1099.021121	0.5050000000001091	states																				"    state_name
id            
14  hit_state2"
1099.526121	0.003499999999803549	states																				"        state_name
id                
20  clean_up_state"
1099.530121	11.402499999999918	trials	0.0	0.0	5.0	2.0	1.0	1.0	0.15	4.0	1.0	6500.0	14200.0	1.0	r	4.0	f	0.0	4.0	1.0	1.0	
1099.530121	11.402499999999918	states																				"   state_name
id           
0     state_0"
1099.530121	0.016000000000076398	states																				"          state_name
id                  
1   sending_trialnum"
1099.546121	0.0004999999998744897	states																				"        state_name
id                
3   wait_for_cpoke"
1099.546621	0.5	states																				"             state_name
id                     
5   wait_for_cpoke_freq"
1100.046621	8.482500000000073	states																				"            state_name
id                    
6   wait_for_cpoke_bis"
1108.529121	0.0015000000000782165	states																				"     state_name
id             
7   nic_prestim"
1108.530621	0.0004999999998744897	states																				"   state_name
id           
8       cpoke"
1108.531121	0.4860000000001037	states																				"   state_name
id           
9    cpoke_in"
1109.017121	0.052502000000004045	states																				"   state_name
id           
10  cpoke_out"
1109.069623	0.8614979999999832	states																				"   state_name
id           
9    cpoke_in"
1109.931121	0.0014999999998508429	states																				"       state_name
id               
11  wait_for_cout"
1109.932621	0.31349999999997635	states																				"        state_name
id                
12  wait_for_spoke"
1110.246121	0.0005000000001018634	states																				"   state_name
id           
13  hit_state"
1110.246621	0.505004000000099	states																				"    state_name
id            
14  hit_state2"
1110.751625	0.003495999999813648	states																				"        state_name
id                
20  clean_up_state"
1110.755121	0.1775000000000091	states																				"                state_name
id                        
2   check_next_trial_ready"
1110.933121	8.287000000000035	trials	0.0	0.0	5.0	2.0	1.0	1.0	0.15	1.0	4.0	6500.0	14200.0	1.0	r	4.0	f	0.0	1.0	4.0	1.0	
1110.933121	8.287000000000035	states																				"   state_name
id           
0     state_0"
1110.933121	0.016000000000076398	states																				"          state_name
id                  
1   sending_trialnum"
1110.949121	0.0005069999999705033	states																				"        state_name
id                
3   wait_for_cpoke"
1110.949628	0.5004930000000058	states																				"             state_name
id                     
5   wait_for_cpoke_freq"
1111.450121	5.458499999999958	states																				"            state_name
id                    
6   wait_for_cpoke_bis"
1116.908621	0.0010059999999612046	states																				"     state_name
id             
7   nic_prestim"
1116.909627	0.0004939999998896383	states																				"   state_name
id           
8       cpoke"
1116.910121	0.05050000000005639	states																				"   state_name
id           
9    cpoke_in"
1116.960621	0.08600000000001273	states																				"   state_name
id           
10  cpoke_out"
1117.046621	0.5744999999999436	states																				"   state_name
id           
9    cpoke_in"
1117.621121	0.09700000000020736	states																				"   state_name
id           
10  cpoke_out"
1117.718121	0.3594999999997981	states																				"   state_name
id           
9    cpoke_in"
1118.077621	0.06300000000010186	states																				"   state_name
id           
10  cpoke_out"
1118.140621	0.16950100000008206	states																				"   state_name
id           
9    cpoke_in"
1118.310122	0.030498999999963416	states																				"       state_name
id               
11  wait_for_cout"
1118.340621	0.3704999999999927	states																				"        state_name
id                
12  wait_for_spoke"
1118.711121	0.0005009999999856518	states																				"   state_name
id           
13  hit_state"
1118.711622	0.504998999999998	states																				"    state_name
id            
14  hit_state2"
1119.216621	0.003500000000030923	states																				"        state_name
id                
20  clean_up_state"
1119.220621	9.49850000000015	trials	0.0	0.0	5.0	2.0	1.0	1.0	0.15	-4.0	4.0	6500.0	14200.0		r	3.0	f	1.0	-4.0	4.0	3.0	
1119.220621	9.49850000000015	states																				"   state_name
id           
0     state_0"
1119.220621	0.016000000000076398	states																				"          state_name
id                  
1   sending_trialnum"
1119.236621	0.0004999999998744897	states																				"        state_name
id                
3   wait_for_cpoke"
1119.237121	0.5	states																				"             state_name
id                     
5   wait_for_cpoke_freq"
1119.737121	5.8445030000000315	states																				"            state_name
id                    
6   wait_for_cpoke_bis"
1125.581624	0.001496999999972104	states																				"     state_name
id             
7   nic_prestim"
1125.583121	0.0005090000001928274	states																				"   state_name
id           
8       cpoke"
1125.58363	0.030990999999858104	states																				"   state_name
id           
9    cpoke_in"
1125.614621	0.10000000000013642	states																				"   state_name
id           
10  cpoke_out"
1125.714621	0.0004999999998744897	states																				"         state_name
id                 
17  nic_error_state"
1125.715121	3.0005089999999655	states																				"          state_name
id                  
18  nic_error_state2"
1128.71563	0.0034910000001673325	states																				"        state_name
id                
20  clean_up_state"
1128.719621	3.401000999999951	trials	0.0	0.0	5.0	2.0	1.0	1.0	0.15	2.5	1.0	6500.0	14200.0	1.0	r	4.0	f	0.0	2.5	1.0	1.0	
1128.719621	3.401000999999951	states																				"   state_name
id           
0     state_0"
1128.719621	0.016000000000076398	states																				"          state_name
id                  
1   sending_trialnum"
1128.735621	0.0004999999998744897	states																				"        state_name
id                
3   wait_for_cpoke"
1128.736121	0.5005000000001019	states																				"             state_name
id                     
5   wait_for_cpoke_freq"
1129.236621	0.0004999999998744897	states																				"            state_name
id                    
6   wait_for_cpoke_bis"
1129.237121	0.0010000000002037268	states																				"     state_name
id             
7   nic_prestim"
1129.238121	0.0004999999998744897	states																				"   state_name
id           
8       cpoke"
1129.238621	0.18650000000002365	states																				"   state_name
id           
9    cpoke_in"
1129.425121	0.023500000000012733	states																				"   state_name
id           
10  cpoke_out"
1129.448621	0.4880000000000564	states																				"   state_name
id           
9    cpoke_in"
1129.936621	0.04049999999983811	states																				"   state_name
id           
10  cpoke_out"
1129.977121	0.47700000000008913	states																				"   state_name
id           
9    cpoke_in"
1130.454121	0.01951099999996586	states																				"   state_name
id           
10  cpoke_out"
1130.473632	0.16498900000010508	states																				"   state_name
id           
9    cpoke_in"
1130.638621	0.01900999999998021	states																				"       state_name
id               
11  wait_for_cout"
1130.657631	0.37748999999985244	states																				"        state_name
id                
12  wait_for_spoke"
1131.035121	0.0005020000000968139	states																				"   state_name
id           
13  hit_state"
1131.035623	0.5049980000001142	states																				"    state_name
id            
14  hit_state2"
1131.540621	0.003499999999803549	states																				"        state_name
id                
20  clean_up_state"
1131.544121	0.5765010000000075	states																				"                state_name
id                        
2   check_next_trial_ready"
1132.121121	8.269500000000107	trials	0.0	0.0	5.0	2.0	1.0	1.0	0.15	-4.0	-1.0	6500.0	14200.0	1.0	l	2.0	f	0.0	-4.0	-1.0	1.0	
1132.121121	8.269500000000107	states																				"   state_name
id           
0     state_0"
1132.121121	0.016000000000076398	states																				"          state_name
id                  
1   sending_trialnum"
1132.137121	0.0005040000000917644	states																				"        state_name
id                
3   wait_for_cpoke"
1132.137625	0.5	states																				"             state_name
id                     
5   wait_for_cpoke_freq"
1132.637625	5.1140029999999115	states																				"            state_name
id                    
6   wait_for_cpoke_bis"
1137.751628	0.0014949999999771535	states																				"     state_name
id             
7   nic_prestim"
1137.753123	0.0005009999999856518	states																				"   state_name
id           
8       cpoke"
1137.753624	0.7504980000001069	states																				"   state_name
id           
9    cpoke_in"
1138.504122	0.029998999999861553	states																				"   state_name
id           
10  cpoke_out"
1138.534121	0.512000000000171	states																				"   state_name
id           
9    cpoke_in"
1139.046121	0.0535019999999804	states																				"   state_name
id           
10  cpoke_out"
1139.099623	0.05399799999986499	states																				"   state_name
id           
9    cpoke_in"
1139.153621	0.13000499999998283	states																				"       state_name
id               
11  wait_for_cout"
1139.283626	0.5259950000001936	states																				"        state_name
id                
12  wait_for_spoke"
1139.809621	0.0004999999998744897	states																				"   state_name
id           
13  hit_state"
1139.810121	0.5009999999999764	states																				"    state_name
id            
14  hit_state2"
1140.311121	0.003500000000030923	states																				"        state_name
id                
20  clean_up_state"
1140.314621	0.07600000000002183	states																				"                state_name
id                        
2   check_next_trial_ready"
1140.391121	9.036499999999933	trials	0.0	0.0	5.0	2.0	1.0	1.0	0.15	-2.5	2.5	6500.0	14200.0	1.0	r	3.0	f	1.0	-2.5	2.5	1.0	
1140.391121	9.036499999999933	states																				"   state_name
id           
0     state_0"
1140.391121	0.015999999999849024	states																				"          state_name
id                  
1   sending_trialnum"
1140.407121	0.0005080000000816653	states																				"        state_name
id                
3   wait_for_cpoke"
1140.407629	0.5004919999998947	states																				"             state_name
id                     
5   wait_for_cpoke_freq"
1140.908121	6.23150499999997	states																				"            state_name
id                    
6   wait_for_cpoke_bis"
1147.139626	0.0014950000002045272	states																				"     state_name
id             
7   nic_prestim"
1147.141121	0.0004999999998744897	states																				"   state_name
id           
8       cpoke"
1147.141621	0.2560000000000855	states																				"   state_name
id           
9    cpoke_in"
1147.397621	0.08150000000000546	states																				"   state_name
id           
10  cpoke_out"
1147.479121	1.0625	states																				"   state_name
id           
9    cpoke_in"
1148.541621	0.03350000000000364	states																				"       state_name
id               
11  wait_for_cout"
1148.575121	0.30549999999993815	states																				"        state_name
id                
12  wait_for_spoke"
1148.880621	0.0004999999998744897	states																				"   state_name
id           
13  hit_state"
1148.881121	0.5050000000001091	states																				"    state_name
id            
14  hit_state2"
1149.386121	0.0035069999998995627	states																				"        state_name
id                
20  clean_up_state"
1149.389628	0.037993000000142274	states																				"                state_name
id                        
2   check_next_trial_ready"
1149.428121	11.829000000000178	trials	0.0	0.0	5.0	2.0	1.0	1.0	0.15	4.0	-1.0	6500.0	14200.0	0.0	l	1.0	f	1.0	4.0	-1.0	2.0	
1149.428121	11.829000000000178	states																				"   state_name
id           
0     state_0"
1149.428121	0.016000000000076398	states																				"          state_name
id                  
1   sending_trialnum"
1149.444121	0.0005000000001018634	states																				"        state_name
id                
3   wait_for_cpoke"
1149.444621	0.5004999999998745	states																				"             state_name
id                     
5   wait_for_cpoke_freq"
1149.945121	5.52450900000008	states																				"            state_name
id                    
6   wait_for_cpoke_bis"
1155.46963	0.0014909999999872525	states																				"     state_name
id             
7   nic_prestim"
1155.471121	0.0005029999999806023	states																				"   state_name
id           
8       cpoke"
1155.471624	0.35899700000004486	states																				"   state_name
id           
9    cpoke_in"
1155.830621	0.08349999999995816	states																				"   state_name
id           
10  cpoke_out"
1155.914121	0.3849999999999909	states																				"   state_name
id           
9    cpoke_in"
1156.299121	0.06850099999996928	states																				"   state_name
id           
10  cpoke_out"
1156.367622	0.5039999999999054	states																				"   state_name
id           
9    cpoke_in"
1156.871622	0.017499000000043452	states																				"       state_name
id               
11  wait_for_cout"
1156.889121	0.36400000000003274	states																				"        state_name
id                
12  wait_for_spoke"
1157.253121	4.0005069999999705	states																				"     state_name
id             
15  error_state"
1161.253628	0.003493000000162283	states																				"        state_name
id                
20  clean_up_state"
1161.257627	3.093493999999964	trials	0.0	0.0	5.0	2.0	1.0	1.0	0.15	1.0	-2.5	6500.0	14200.0	1.0	l	1.0	f	1.0	1.0	-2.5	1.0	
1161.257627	3.093493999999964	states																				"   state_name
id           
0     state_0"
1161.257627	0.016000000000076398	states																				"          state_name
id                  
1   sending_trialnum"
1161.273627	0.0004939999998896383	states																				"        state_name
id                
3   wait_for_cpoke"
1161.274121	0.5005000000001019	states																				"             state_name
id                     
5   wait_for_cpoke_freq"
1161.774621	0.041001000000051135	states																				"            state_name
id                    
6   wait_for_cpoke_bis"
1161.815622	0.0014989999999670545	states																				"     state_name
id             
7   nic_prestim"
1161.817121	0.0005059999998593412	states																				"   state_name
id           
8       cpoke"
1161.817627	0.2789940000000115	states																				"   state_name
id           
9    cpoke_in"
1162.096621	0.06200000000012551	states																				"   state_name
id           
10  cpoke_out"
1162.158621	0.0710030000000188	states																				"   state_name
id           
9    cpoke_in"
1162.229624	0.07349699999986115	states																				"   state_name
id           
10  cpoke_out"
1162.303121	0.9145100000000639	states																				"   state_name
id           
9    cpoke_in"
1163.217631	0.036489999999957945	states																				"       state_name
id               
11  wait_for_cout"
1163.254121	0.2319999999999709	states																				"        state_name
id                
12  wait_for_spoke"
1163.486121	0.0005000000001018634	states																				"   state_name
id           
13  hit_state"
1163.486621	0.5010030000000825	states																				"    state_name
id            
14  hit_state2"
1163.987624	0.0034969999999248103	states																				"        state_name
id                
20  clean_up_state"
1163.991121	0.35999999999989996	states																				"                state_name
id                        
2   check_next_trial_ready"
1164.351626	7.463495000000194	trials	0.0	0.0	5.0	2.0	1.0	1.0	0.15	-4.0	2.5	6500.0	14200.0		r	3.0	f	1.0	-4.0	2.5	3.0	
1164.351626	7.463495000000194	states																				"   state_name
id           
0     state_0"
1164.351626	0.016000000000076398	states																				"          state_name
id                  
1   sending_trialnum"
1164.367626	0.0004950000000008004	states																				"        state_name
id                
3   wait_for_cpoke"
1164.368121	0.5005000000001019	states																				"             state_name
id                     
5   wait_for_cpoke_freq"
1164.868621	3.774499999999989	states																				"            state_name
id                    
6   wait_for_cpoke_bis"
1168.643121	0.0009999999999763531	states																				"     state_name
id             
7   nic_prestim"
1168.644121	0.0004999999998744897	states																				"   state_name
id           
8       cpoke"
1168.644621	0.06600000000003092	states																				"   state_name
id           
9    cpoke_in"
1168.710621	0.10000000000013642	states																				"   state_name
id           
10  cpoke_out"
1168.810621	0.0004999999998744897	states																				"         state_name
id                 
17  nic_error_state"
1168.811121	3.0005049999999756	states																				"          state_name
id                  
18  nic_error_state2"
1171.811626	0.0034950000001572334	states																				"        state_name
id                
20  clean_up_state"
1171.815626	3.133495000000039	trials	0.0	0.0	5.0	2.0	1.0	1.0	0.15	4.0	-1.0	6500.0	14200.0	1.0	l	1.0	f	1.0	4.0	-1.0	1.0	
1171.815626	3.133495000000039	states																				"   state_name
id           
0     state_0"
1171.815626	0.015999999999849024	states																				"          state_name
id                  
1   sending_trialnum"
1171.831626	0.0004950000000008004	states																				"        state_name
id                
3   wait_for_cpoke"
1171.832121	0.5005000000001019	states																				"             state_name
id                     
5   wait_for_cpoke_freq"
1172.332621	0.0004999999998744897	states																				"            state_name
id                    
6   wait_for_cpoke_bis"
1172.333121	0.0015000000000782165	states																				"     state_name
id             
7   nic_prestim"
1172.334621	0.0005000000001018634	states																				"   state_name
id           
8       cpoke"
1172.335121	0.2605039999998553	states																				"   state_name
id           
9    cpoke_in"
1172.595625	0.03949600000009923	states																				"   state_name
id           
10  cpoke_out"
1172.635121	0.03099999999994907	states																				"   state_name
id           
9    cpoke_in"
1172.666121	0.09500000000002728	states																				"   state_name
id           
10  cpoke_out"
1172.761121	0.9414999999999054	states																				"   state_name
id           
9    cpoke_in"
1173.702621	0.032500000000027285	states																				"   state_name
id           
10  cpoke_out"
1173.735121	0.0005040000000917644	states																				"       state_name
id               
11  wait_for_cout"
1173.735625	0.2920039999999062	states																				"        state_name
id                
12  wait_for_spoke"
1174.027629	0.0004920000001220615	states																				"   state_name
id           
13  hit_state"
1174.028121	0.5009999999999764	states																				"    state_name
id            
14  hit_state2"
1174.529121	0.003500000000030923	states																				"        state_name
id                
20  clean_up_state"
1174.532621	0.41650000000004184	states																				"                state_name
id                        
2   check_next_trial_ready"
1174.949624	7.965496999999914	trials	0.0	0.0	5.0	2.0	1.0	1.0	0.15	-2.5	4.0	6500.0	14200.0	1.0	r	3.0	f	1.0	-2.5	4.0	1.0	
1174.949624	7.965496999999914	states																				"   state_name
id           
0     state_0"
1174.949624	0.016000999999960186	states																				"          state_name
id                  
1   sending_trialnum"
1174.965625	0.0004959999998845888	states																				"        state_name
id                
3   wait_for_cpoke"
1174.966121	0.5005000000001019	states																				"             state_name
id                     
5   wait_for_cpoke_freq"
1175.466621	4.9990080000000034	states																				"            state_name
id                    
6   wait_for_cpoke_bis"
1180.465629	0.001491999999871041	states																				"     state_name
id             
7   nic_prestim"
1180.467121	0.0005060000000867149	states																				"   state_name
id           
8       cpoke"
1180.467627	0.7299949999999171	states																				"   state_name
id           
9    cpoke_in"
1181.197622	0.08849900000018351	states																				"   state_name
id           
10  cpoke_out"
1181.286121	0.23799999999982901	states																				"   state_name
id           
9    cpoke_in"
1181.524121	0.07799999999997453	states																				"   state_name
id           
10  cpoke_out"
1181.602121	0.26500000000010004	states																				"   state_name
id           
9    cpoke_in"
1181.867121	0.07400000000006912	states																				"       state_name
id               
11  wait_for_cout"
1181.941121	0.38400000000001455	states																				"        state_name
id                
12  wait_for_spoke"
1182.325121	0.0004999999998744897	states																				"   state_name
id           
13  hit_state"
1182.325621	0.5050000000001091	states																				"    state_name
id            
14  hit_state2"
1182.830621	0.003500000000030923	states																				"        state_name
id                
20  clean_up_state"
1182.834121	0.0809999999999036	states																				"                state_name
id                        
2   check_next_trial_ready"
1182.915625	9.681998999999905	trials	0.0	0.0	5.0	2.0	1.0	1.0	0.15	-2.5	1.0	6500.0	14200.0		r	3.0	f	1.0	-2.5	1.0	3.0	
1182.915625	9.681998999999905	states																				"   state_name
id           
0     state_0"
1182.915625	0.015996999999970285	states																				"          state_name
id                  
1   sending_trialnum"
1182.931622	0.0004989999999907013	states																				"        state_name
id                
3   wait_for_cpoke"
1182.932121	0.5004999999998745	states																				"             state_name
id                     
5   wait_for_cpoke_freq"
1183.432621	5.739500000000135	states																				"            state_name
id                    
6   wait_for_cpoke_bis"
1189.172121	0.0009999999999763531	states																				"     state_name
id             
7   nic_prestim"
1189.173121	0.0005109999999604042	states																				"   state_name
id           
8       cpoke"
1189.173632	0.31898900000010144	states																				"   state_name
id           
9    cpoke_in"
1189.492621	0.10050000000001091	states																				"   state_name
id           
10  cpoke_out"
1189.593121	0.0005029999999806023	states																				"         state_name
id                 
17  nic_error_state"
1189.593624	3.0004969999999958	states																				"          state_name
id                  
18  nic_error_state2"
1192.594121	0.0035029999999096617	states																				"        state_name
id                
20  clean_up_state"
1192.598121	3.147999999999911	trials	0.0	0.0	5.0	2.0	1.0	1.0	0.15	2.5	1.0	6500.0	14200.0	1.0	r	4.0	f	0.0	2.5	1.0	1.0	
1192.598121	3.147999999999911	states																				"   state_name
id           
0     state_0"
1192.598121	0.016000000000076398	states																				"          state_name
id                  
1   sending_trialnum"
1192.614121	0.0004999999998744897	states																				"        state_name
id                
3   wait_for_cpoke"
1192.614621	0.5	states																				"             state_name
id                     
5   wait_for_cpoke_freq"
1193.114621	0.023500000000012733	states																				"            state_name
id                    
6   wait_for_cpoke_bis"
1193.138121	0.0009999999999763531	states																				"     state_name
id             
7   nic_prestim"
1193.139121	0.0005069999999705033	states																				"   state_name
id           
8       cpoke"
1193.139628	0.3134930000001077	states																				"   state_name
id           
9    cpoke_in"
1193.453121	0.08500000000003638	states																				"   state_name
id           
10  cpoke_out"
1193.538121	0.49499999999989086	states																				"   state_name
id           
9    cpoke_in"
1194.033121	0.01700000000005275	states																				"   state_name
id           
10  cpoke_out"
1194.050121	0.23050000000012005	states																				"   state_name
id           
9    cpoke_in"
1194.280621	0.06900099999984377	states																				"   state_name
id           
10  cpoke_out"
1194.349622	0.19000500000015563	states																				"   state_name
id           
9    cpoke_in"
1194.539627	0.07949399999984053	states																				"       state_name
id               
11  wait_for_cout"
1194.619121	0.31450599999993756	states																				"        state_name
id                
12  wait_for_spoke"
1194.933627	0.000494000000117012	states																				"   state_name
id           
13  hit_state"
1194.934121	0.5049999999998818	states																				"    state_name
id            
14  hit_state2"
1195.439121	0.003500000000030923	states																				"        state_name
id                
20  clean_up_state"
1195.442621	0.30349999999998545	states																				"                state_name
id                        
2   check_next_trial_ready"
1195.746621	9.094000000000051	trials	0.0	0.0	5.0	2.0	1.0	1.0	0.15	2.5	1.0	6500.0	14200.0		r	4.0	f	0.0	2.5	1.0	3.0	
1195.746621	9.094000000000051	states																				"   state_name
id           
0     state_0"
1195.746621	0.016000000000076398	states																				"          state_name
id                  
1   sending_trialnum"
1195.762621	0.0004999999998744897	states																				"        state_name
id                
3   wait_for_cpoke"
1195.763121	0.5005040000000918	states																				"             state_name
id                     
5   wait_for_cpoke_freq"
1196.263625	5.058495999999877	states																				"            state_name
id                    
6   wait_for_cpoke_bis"
1201.322121	0.0009999999999763531	states																				"     state_name
id             
7   nic_prestim"
1201.323121	0.0005000000001018634	states																				"   state_name
id           
8       cpoke"
1201.323621	0.4120029999999133	states																				"   state_name
id           
9    cpoke_in"
1201.735624	0.10049700000013218	states																				"   state_name
id           
10  cpoke_out"
1201.836121	0.0004999999998744897	states																				"         state_name
id                 
17  nic_error_state"
1201.836621	3.000500000000102	states																				"          state_name
id                  
18  nic_error_state2"
1204.837121	0.003500000000030923	states																				"        state_name
id                
20  clean_up_state"
1204.841121	3.2695000000001073	trials	0.0	0.0	5.0	2.0	1.0	1.0	0.15	-1.0	4.0	6500.0	14200.0	1.0	r	3.0	f	1.0	-1.0	4.0	1.0	
1204.841121	3.2695000000001073	states																				"   state_name
id           
0     state_0"
1204.841121	0.016000000000076398	states																				"          state_name
id                  
1   sending_trialnum"
1204.857121	0.0005060000000867149	states																				"        state_name
id                
3   wait_for_cpoke"
1204.857627	0.5004939999998896	states																				"             state_name
id                     
5   wait_for_cpoke_freq"
1205.358121	0.10599999999999454	states																				"            state_name
id                    
6   wait_for_cpoke_bis"
1205.464121	0.0009999999999763531	states																				"     state_name
id             
7   nic_prestim"
1205.465121	0.0005020000000968139	states																				"   state_name
id           
8       cpoke"
1205.465623	0.4644980000000487	states																				"   state_name
id           
9    cpoke_in"
1205.930121	0.06950499999993554	states																				"   state_name
id           
10  cpoke_out"
1205.999626	0.3314949999999044	states																				"   state_name
id           
9    cpoke_in"
1206.331121	0.07349999999996726	states																				"   state_name
id           
10  cpoke_out"
1206.404621	0.46050000000013824	states																				"   state_name
id           
9    cpoke_in"
1206.865121	0.0009999999999763531	states																				"       state_name
id               
11  wait_for_cout"
1206.866121	0.4804999999998927	states																				"        state_name
id                
12  wait_for_spoke"
1207.346621	0.0005000000001018634	states																				"   state_name
id           
13  hit_state"
1207.347121	0.5049999999998818	states																				"    state_name
id            
14  hit_state2"
1207.852121	0.003500000000030923	states																				"        state_name
id                
20  clean_up_state"
1207.855621	0.25500000000010914	states																				"                state_name
id                        
2   check_next_trial_ready"
1208.111121	14.334500000000162	trials	0.0	0.0	5.0	2.0	1.0	1.0	0.15	-4.0	1.0	6500.0	14200.0		l	3.0	d	1.0	-4.0	1.0	3.0	
1208.111121	14.334500000000162	states																				"   state_name
id           
0     state_0"
1208.111121	0.016000000000076398	states																				"          state_name
id                  
1   sending_trialnum"
1208.127121	0.0005009999999856518	states																				"        state_name
id                
3   wait_for_cpoke"
1208.127622	0.5000110000000859	states																				"            state_name
id                    
4   wait_for_cpoke_dir"
1208.627633	9.44048799999996	states																				"            state_name
id                    
6   wait_for_cpoke_bis"
1218.068121	0.0009999999999763531	states																				"     state_name
id             
7   nic_prestim"
1218.069121	0.0005109999999604042	states																				"   state_name
id           
8       cpoke"
1218.069632	0.23999700000013036	states																				"   state_name
id           
9    cpoke_in"
1218.309629	0.0929919999998674	states																				"   state_name
id           
10  cpoke_out"
1218.402621	0.5219999999999345	states																				"   state_name
id           
9    cpoke_in"
1218.924621	0.0625	states																				"   state_name
id           
10  cpoke_out"
1218.987121	0.35350000000016735	states																				"   state_name
id           
9    cpoke_in"
1219.340621	0.10050000000001091	states																				"   state_name
id           
10  cpoke_out"
1219.441121	0.0005009999999856518	states																				"         state_name
id                 
17  nic_error_state"
1219.441622	3.0004989999999907	states																				"          state_name
id                  
18  nic_error_state2"
1222.442121	0.003500000000030923	states																				"        state_name
id                
20  clean_up_state"
1222.446121	6.39650000000006	trials	0.0	0.0	5.0	2.0	1.0	1.0	0.15	2.5	-2.5	6500.0	14200.0	0.0	r	1.0	d	1.0	2.5	-2.5	2.0	
1222.446121	6.39650000000006	states																				"   state_name
id           
0     state_0"
1222.446121	0.016000000000076398	states																				"          state_name
id                  
1   sending_trialnum"
1222.462121	0.0004999999998744897	states																				"        state_name
id                
3   wait_for_cpoke"
1222.462621	0.5	states																				"            state_name
id                    
4   wait_for_cpoke_dir"
1222.962621	0.0005000000001018634	states																				"            state_name
id                    
6   wait_for_cpoke_bis"
1222.963121	0.0015000000000782165	states																				"     state_name
id             
7   nic_prestim"
1222.964621	0.0004999999998744897	states																				"   state_name
id           
8       cpoke"
1222.965121	0.32950000000005275	states																				"   state_name
id           
9    cpoke_in"
1223.294621	0.09400000000005093	states																				"   state_name
id           
10  cpoke_out"
1223.388621	0.9759999999998854	states																				"   state_name
id           
9    cpoke_in"
1224.364621	0.07750000000010004	states																				"       state_name
id               
11  wait_for_cout"
1224.442121	0.3969999999999345	states																				"        state_name
id                
12  wait_for_spoke"
1224.839121	4.0	states																				"     state_name
id             
15  error_state"
1228.839121	0.003500000000030923	states																				"        state_name
id                
20  clean_up_state"
1228.843121	4.806999999999789	trials	0.0	0.0	5.0	2.0	1.0	1.0	0.15	-4.0	-4.0	6500.0	14200.0		l	2.0	d	0.0	-4.0	-4.0	3.0	
1228.843121	4.806999999999789	states																				"   state_name
id           
0     state_0"
1228.843121	0.015999999999849024	states																				"          state_name
id                  
1   sending_trialnum"
1228.859121	0.0005069999999705033	states																				"        state_name
id                
3   wait_for_cpoke"
1228.859628	0.5004930000000058	states																				"            state_name
id                    
4   wait_for_cpoke_dir"
1229.360121	0.0005000000001018634	states																				"            state_name
id                    
6   wait_for_cpoke_bis"
1229.360621	0.0014999999998508429	states																				"     state_name
id             
7   nic_prestim"
1229.362121	0.0005000000001018634	states																				"   state_name
id           
8       cpoke"
1229.362621	0.5830000000000837	states																				"   state_name
id           
9    cpoke_in"
1229.945621	0.06199999999989814	states																				"   state_name
id           
10  cpoke_out"
1230.007621	0.5380010000001221	states																				"   state_name
id           
9    cpoke_in"
1230.545622	0.10000099999979284	states																				"   state_name
id           
10  cpoke_out"
1230.645623	0.0004980000001069129	states																				"         state_name
id                 
17  nic_error_state"
1230.646121	3.000500000000102	states																				"          state_name
id                  
18  nic_error_state2"
1233.646621	0.003499999999803549	states																				"        state_name
id                
20  clean_up_state"
1233.650621	13.956500000000005	trials	0.0	0.0	5.0	2.0	1.0	1.0	0.15	-1.0	1.0	6500.0	14200.0	0.0	l	3.0	d	1.0	-1.0	1.0	2.0	
1233.650621	13.956500000000005	states																				"   state_name
id           
0     state_0"
1233.650621	0.016000000000076398	states																				"          state_name
id                  
1   sending_trialnum"
1233.666621	0.0004999999998744897	states																				"        state_name
id                
3   wait_for_cpoke"
1233.667121	0.5005149999999503	states																				"            state_name
id                    
4   wait_for_cpoke_dir"
1234.167636	7.452485000000024	states																				"            state_name
id                    
6   wait_for_cpoke_bis"
1241.620121	0.0009999999999763531	states																				"     state_name
id             
7   nic_prestim"
1241.621121	0.0005070000001978769	states																				"   state_name
id           
8       cpoke"
1241.621628	0.7709929999998621	states																				"   state_name
id           
9    cpoke_in"
1242.392621	0.08950000000004366	states																				"   state_name
id           
10  cpoke_out"
1242.482121	0.4049999999999727	states																				"   state_name
id           
9    cpoke_in"
1242.887121	0.016000000000076398	states																				"   state_name
id           
10  cpoke_out"
1242.903121	0.11850600000002487	states																				"   state_name
id           
9    cpoke_in"
1243.021627	0.09899399999994785	states																				"       state_name
id               
11  wait_for_cout"
1243.120621	0.48250000000007276	states																				"        state_name
id                
12  wait_for_spoke"
1243.603121	4.00051099999996	states																				"     state_name
id             
15  error_state"
1247.603632	0.0034889999999450083	states																				"        state_name
id                
20  clean_up_state"
1247.607624	5.014497000000119	trials	0.0	0.0	5.0	2.0	1.0	1.0	0.15	-4.0	-2.5	6500.0	14200.0	1.0	l	2.0	d	0.0	-4.0	-2.5	1.0	
1247.607624	5.014497000000119	states																				"   state_name
id           
0     state_0"
1247.607624	0.016000000000076398	states																				"          state_name
id                  
1   sending_trialnum"
1247.623624	0.0004969999999957508	states																				"        state_name
id                
3   wait_for_cpoke"
1247.624121	0.5	states																				"            state_name
id                    
4   wait_for_cpoke_dir"
1248.124121	2.2304999999998927	states																				"            state_name
id                    
6   wait_for_cpoke_bis"
1250.354621	0.0010059999999612046	states																				"     state_name
id             
7   nic_prestim"
1250.355627	0.000494000000117012	states																				"   state_name
id           
8       cpoke"
1250.356121	0.2599999999999909	states																				"   state_name
id           
9    cpoke_in"
1250.616121	0.08350399999994806	states																				"   state_name
id           
10  cpoke_out"
1250.699625	1.00649599999997	states																				"   state_name
id           
9    cpoke_in"
1251.706121	0.049999999999954525	states																				"   state_name
id           
10  cpoke_out"
1251.756121	0.0005000000001018634	states																				"       state_name
id               
11  wait_for_cout"
1251.756621	0.3554999999998927	states																				"        state_name
id                
12  wait_for_spoke"
1252.112121	0.0005000000001018634	states																				"   state_name
id           
13  hit_state"
1252.112621	0.5010079999999562	states																				"    state_name
id            
14  hit_state2"
1252.613629	0.003492000000051121	states																				"        state_name
id                
20  clean_up_state"
1252.617121	0.005000000000109139	states																				"                state_name
id                        
2   check_next_trial_ready"
1252.622621	10.12450200000012	trials	0.0	0.0	5.0	2.0	1.0	1.0	0.15	2.5	-2.5	6500.0	14200.0	1.0	r	1.0	d	1.0	2.5	-2.5	1.0	
1252.622621	10.12450200000012	states																				"   state_name
id           
0     state_0"
1252.622621	0.016000000000076398	states																				"          state_name
id                  
1   sending_trialnum"
1252.638621	0.0004999999998744897	states																				"        state_name
id                
3   wait_for_cpoke"
1252.639121	0.5005100000000766	states																				"            state_name
id                    
4   wait_for_cpoke_dir"
1253.139631	6.958990000000085	states																				"            state_name
id                    
6   wait_for_cpoke_bis"
1260.098621	0.001002999999855092	states																				"     state_name
id             
7   nic_prestim"
1260.099624	0.0004969999999957508	states																				"   state_name
id           
8       cpoke"
1260.100121	0.49099999999998545	states																				"   state_name
id           
9    cpoke_in"
1260.591121	0.08799999999996544	states																				"   state_name
id           
10  cpoke_out"
1260.679121	0.470506000000114	states																				"   state_name
id           
9    cpoke_in"
1261.149627	0.04849500000000262	states																				"   state_name
id           
10  cpoke_out"
1261.198122	0.27550300000007155	states																				"   state_name
id           
9    cpoke_in"
1261.473625	0.02599899999995614	states																				"   state_name
id           
10  cpoke_out"
1261.499624	0.0004969999999957508	states																				"       state_name
id               
11  wait_for_cout"
1261.500121	0.49900000000002365	states																				"        state_name
id                
12  wait_for_spoke"
1261.999121	0.0005089999999654538	states																				"   state_name
id           
13  hit_state"
1261.99963	0.5049910000000182	states																				"    state_name
id            
14  hit_state2"
1262.504621	0.003500000000030923	states																				"        state_name
id                
20  clean_up_state"
1262.508121	0.2390020000000277	states																				"                state_name
id                        
2   check_next_trial_ready"
1262.747626	15.267995999999812	trials	0.0	0.0	5.0	2.0	1.0	1.0	0.15	-4.0	-1.0	6500.0	14200.0	0.0	l	2.0	d	0.0	-4.0	-1.0	2.0	
1262.747626	15.267995999999812	states																				"   state_name
id           
0     state_0"
1262.747626	0.016004999999950087	states																				"          state_name
id                  
1   sending_trialnum"
1262.763631	0.0004910000000108994	states																				"        state_name
id                
3   wait_for_cpoke"
1262.764122	0.5004989999999907	states																				"            state_name
id                    
4   wait_for_cpoke_dir"
1263.264621	8.867005000000063	states																				"            state_name
id                    
6   wait_for_cpoke_bis"
1272.131626	0.0014949999999771535	states																				"     state_name
id             
7   nic_prestim"
1272.133121	0.0005029999999806023	states																				"   state_name
id           
8       cpoke"
1272.133624	0.17549699999995028	states																				"   state_name
id           
9    cpoke_in"
1272.309121	0.06150000000002365	states																				"   state_name
id           
10  cpoke_out"
1272.370621	0.08600000000001273	states																				"   state_name
id           
9    cpoke_in"
1272.456621	0.09300299999995332	states																				"   state_name
id           
10  cpoke_out"
1272.549624	0.3660019999999804	states																				"   state_name
id           
9    cpoke_in"
1272.915626	0.05949499999996988	states																				"   state_name
id           
10  cpoke_out"
1272.975121	0.16800000000012005	states																				"   state_name
id           
9    cpoke_in"
1273.143121	0.07399999999984175	states																				"   state_name
id           
10  cpoke_out"
1273.217121	0.3160000000000309	states																				"   state_name
id           
9    cpoke_in"
1273.533121	0.02651400000013382	states																				"       state_name
id               
11  wait_for_cout"
1273.559635	0.452485999999908	states																				"        state_name
id                
12  wait_for_spoke"
1274.012121	4.0	states																				"     state_name
id             
15  error_state"
1278.012121	0.0035009999999147112	states																				"        state_name
id                
20  clean_up_state"
1278.016121	4.338999999999942	trials	0.0	0.0	5.0	2.0	1.0	1.0	0.15	-1.0	-1.0	6500.0	14200.0		l	2.0	d	0.0	-1.0	-1.0	3.0	
1278.016121	4.338999999999942	states																				"   state_name
id           
0     state_0"
1278.016121	0.015999999999849024	states																				"          state_name
id                  
1   sending_trialnum"
1278.032121	0.0005000000001018634	states																				"        state_name
id                
3   wait_for_cpoke"
1278.032621	0.5004999999998745	states																				"            state_name
id                    
4   wait_for_cpoke_dir"
1278.533121	0.0005049999999755528	states																				"            state_name
id                    
6   wait_for_cpoke_bis"
1278.533626	0.0014949999999771535	states																				"     state_name
id             
7   nic_prestim"
1278.535121	0.0005040000000917644	states																				"   state_name
id           
8       cpoke"
1278.535625	0.1714959999999337	states																				"   state_name
id           
9    cpoke_in"
1278.707121	0.0965040000000954	states																				"   state_name
id           
10  cpoke_out"
1278.803625	0.44649600000002465	states																				"   state_name
id           
9    cpoke_in"
1279.250121	0.10050000000001091	states																				"   state_name
id           
10  cpoke_out"
1279.350621	0.0004999999998744897	states																				"         state_name
id                 
17  nic_error_state"
1279.351121	3.0005040000000918	states																				"          state_name
id                  
18  nic_error_state2"
1282.351625	0.003496000000041022	states																				"        state_name
id                
20  clean_up_state"
1282.355632	7.701992000000018	trials	0.0	0.0	5.0	2.0	1.0	1.0	0.15	-1.0	4.0	6500.0	14200.0	0.0	l	3.0	d	1.0	-1.0	4.0	2.0	
1282.355632	7.701992000000018	states																				"   state_name
id           
0     state_0"
1282.355632	0.015998999999965235	states																				"          state_name
id                  
1   sending_trialnum"
1282.371631	0.000490000000127111	states																				"        state_name
id                
3   wait_for_cpoke"
1282.372121	0.5004999999998745	states																				"            state_name
id                    
4   wait_for_cpoke_dir"
1282.872621	1.4550050000000283	states																				"            state_name
id                    
6   wait_for_cpoke_bis"
1284.327626	0.0014949999999771535	states																				"     state_name
id             
7   nic_prestim"
1284.329121	0.0005089999999654538	states																				"   state_name
id           
8       cpoke"
1284.32963	0.19799600000010287	states																				"   state_name
id           
9    cpoke_in"
1284.527626	0.08599499999991167	states																				"   state_name
id           
10  cpoke_out"
1284.613621	0.30150000000003274	states																				"   state_name
id           
9    cpoke_in"
1284.915121	0.08549999999991087	states																				"   state_name
id           
10  cpoke_out"
1285.000621	0.39350000000013097	states																				"   state_name
id           
9    cpoke_in"
1285.394121	0.04150200000003679	states																				"   state_name
id           
10  cpoke_out"
1285.435623	0.2934979999999996	states																				"   state_name
id           
9    cpoke_in"
1285.729121	0.016999999999825377	states																				"       state_name
id               
11  wait_for_cout"
1285.746121	0.3075060000001031	states																				"        state_name
id                
12  wait_for_spoke"
1286.053627	4.00049399999989	states																				"     state_name
id             
15  error_state"
1290.054121	0.0035030000001370354	states																				"        state_name
id                
20  clean_up_state"
1290.058121	5.2590000000000146	trials	0.0	0.0	5.0	2.0	1.0	1.0	0.15	-2.5	1.0	6500.0	14200.0		l	3.0	d	1.0	-2.5	1.0	3.0	
1290.058121	5.2590000000000146	states																				"   state_name
id           
0     state_0"
1290.058121	0.016000000000076398	states																				"          state_name
id                  
1   sending_trialnum"
1290.074121	0.0004999999998744897	states																				"        state_name
id                
3   wait_for_cpoke"
1290.074621	0.5005000000001019	states																				"            state_name
id                    
4   wait_for_cpoke_dir"
1290.575121	0.41899999999986903	states																				"            state_name
id                    
6   wait_for_cpoke_bis"
1290.994121	0.0009999999999763531	states																				"     state_name
id             
7   nic_prestim"
1290.995121	0.0005029999999806023	states																				"   state_name
id           
8       cpoke"
1290.995624	0.3364970000000085	states																				"   state_name
id           
9    cpoke_in"
1291.332121	0.09249999999997272	states																				"   state_name
id           
10  cpoke_out"
1291.424621	0.7875000000001364	states																				"   state_name
id           
9    cpoke_in"
1292.212121	0.10050000000001091	states																				"   state_name
id           
10  cpoke_out"
1292.312621	0.0004999999998744897	states																				"         state_name
id                 
17  nic_error_state"
1292.313121	3.0005040000000918	states																				"          state_name
id                  
18  nic_error_state2"
1295.313625	0.003496000000041022	states																				"        state_name
id                
20  clean_up_state"
1295.317634	3.6474880000000667	trials	0.0	0.0	5.0	2.0	1.0	1.0	0.15	-4.0	-4.0	6500.0	14200.0	1.0	l	2.0	d	0.0	-4.0	-4.0	1.0	
1295.317634	3.6474880000000667	states																				"   state_name
id           
0     state_0"
1295.317634	0.015998000000081447	states																				"          state_name
id                  
1   sending_trialnum"
1295.333632	0.0004899999998997373	states																				"        state_name
id                
3   wait_for_cpoke"
1295.334122	0.5004989999999907	states																				"            state_name
id                    
4   wait_for_cpoke_dir"
1295.834621	0.7825000000000273	states																				"            state_name
id                    
6   wait_for_cpoke_bis"
1296.617121	0.0010010000000875152	states																				"     state_name
id             
7   nic_prestim"
1296.618122	0.0004989999999907013	states																				"   state_name
id           
8       cpoke"
1296.618621	0.36799999999993815	states																				"   state_name
id           
9    cpoke_in"
1296.986621	0.07199999999988904	states																				"   state_name
id           
10  cpoke_out"
1297.058621	0.9600000000000364	states																				"   state_name
id           
9    cpoke_in"
1298.018621	0.024499999999989086	states																				"       state_name
id               
11  wait_for_cout"
1298.043121	0.2940000000000964	states																				"        state_name
id                
12  wait_for_spoke"
1298.337121	0.0005009999999856518	states																				"   state_name
id           
13  hit_state"
1298.337622	0.5009990000000926	states																				"    state_name
id            
14  hit_state2"
1298.838621	0.003499999999803549	states																				"        state_name
id                
20  clean_up_state"
1298.842121	0.12300100000015846	states																				"                state_name
id                        
2   check_next_trial_ready"
1298.965626	12.240995000000112	trials	0.0	0.0	5.0	2.0	1.0	1.0	0.15	-2.5	-2.5	6500.0	14200.0	1.0	l	2.0	d	0.0	-2.5	-2.5	1.0	
1298.965626	12.240995000000112	states																				"   state_name
id           
0     state_0"
1298.965626	0.015998000000081447	states																				"          state_name
id                  
1   sending_trialnum"
1298.981624	0.0004969999999957508	states																				"        state_name
id                
3   wait_for_cpoke"
1298.982121	0.5005000000001019	states																				"            state_name
id                    
4   wait_for_cpoke_dir"
1299.482621	9.33901499999979	states																				"            state_name
id                    
6   wait_for_cpoke_bis"
1308.821636	0.001485000000002401	states																				"     state_name
id             
7   nic_prestim"
1308.823121	0.0005000000001018634	states																				"   state_name
id           
8       cpoke"
1308.823621	0.24749999999994543	states																				"   state_name
id           
9    cpoke_in"
1309.071121	0.09050200000001496	states																				"   state_name
id           
10  cpoke_out"
1309.161623	0.3154979999999341	states																				"   state_name
id           
9    cpoke_in"
1309.477121	0.09800000000018372	states																				"   state_name
id           
10  cpoke_out"
1309.575121	0.5585069999999632	states																				"   state_name
id           
9    cpoke_in"
1310.133628	0.0899939999999333	states																				"   state_name
id           
10  cpoke_out"
1310.223622	0.0004989999999907013	states																				"       state_name
id               
11  wait_for_cout"
1310.224121	0.24749999999994543	states																				"        state_name
id                
12  wait_for_spoke"
1310.471621	0.0005000000001018634	states																				"   state_name
id           
13  hit_state"
1310.472121	0.5009999999999764	states																				"    state_name
id            
14  hit_state2"
1310.973121	0.003500000000030923	states																				"        state_name
id                
20  clean_up_state"
1310.976621	0.2300000000000182	states																				"                state_name
id                        
2   check_next_trial_ready"
1311.207121	11.790000000000191	trials	0.0	0.0	5.0	2.0	1.0	1.0	0.15	-1.0	-4.0	6500.0	14200.0		l	2.0	d	0.0	-1.0	-4.0	3.0	
1311.207121	11.790000000000191	states																				"   state_name
id           
0     state_0"
1311.207121	0.016000000000076398	states																				"          state_name
id                  
1   sending_trialnum"
1311.223121	0.0005040000000917644	states																				"        state_name
id                
3   wait_for_cpoke"
1311.223625	0.5004959999998846	states																				"            state_name
id                    
4   wait_for_cpoke_dir"
1311.724121	7.8904999999999745	states																				"            state_name
id                    
6   wait_for_cpoke_bis"
1319.614621	0.0010099999999511056	states																				"     state_name
id             
7   nic_prestim"
1319.615631	0.000490000000127111	states																				"   state_name
id           
8       cpoke"
1319.616121	0.2764999999999418	states																				"   state_name
id           
9    cpoke_in"
1319.892621	0.10000000000013642	states																				"   state_name
id           
10  cpoke_out"
1319.992621	0.0004999999998744897	states																				"         state_name
id                 
17  nic_error_state"
1319.993121	3.0005049999999756	states																				"          state_name
id                  
18  nic_error_state2"
1322.993626	0.0034950000001572334	states																				"        state_name
id                
20  clean_up_state"
1322.997631	4.456990000000133	trials	0.0	0.0	5.0	2.0	1.0	1.0	0.15	-1.0	4.0	6500.0	14200.0		l	3.0	d	1.0	-1.0	4.0	3.0	
1322.997631	4.456990000000133	states																				"   state_name
id           
0     state_0"
1322.997631	0.016000000000076398	states																				"          state_name
id                  
1   sending_trialnum"
1323.013631	0.0004899999998997373	states																				"        state_name
id                
3   wait_for_cpoke"
1323.014121	0.5005000000001019	states																				"            state_name
id                    
4   wait_for_cpoke_dir"
1323.514621	0.3285000000000764	states																				"            state_name
id                    
6   wait_for_cpoke_bis"
1323.843121	0.0009999999999763531	states																				"     state_name
id             
7   nic_prestim"
1323.844121	0.0004999999998744897	states																				"   state_name
id           
8       cpoke"
1323.844621	0.35550000000012005	states																				"   state_name
id           
9    cpoke_in"
1324.200121	0.057999999999992724	states																				"   state_name
id           
10  cpoke_out"
1324.258121	0.0915109999998549	states																				"   state_name
id           
9    cpoke_in"
1324.349632	0.10048900000015237	states																				"   state_name
id           
10  cpoke_out"
1324.450121	0.0004999999998744897	states																				"         state_name
id                 
17  nic_error_state"
1324.450621	3.000500000000102	states																				"          state_name
id                  
18  nic_error_state2"
1327.451121	0.003500000000030923	states																				"        state_name
id                
20  clean_up_state"
1327.455121	7.208501000000069	trials	0.0	0.0	5.0	2.0	1.0	1.0	0.15	-1.0	-4.0	6500.0	14200.0	0.0	l	2.0	d	0.0	-1.0	-4.0	2.0	
1327.455121	7.208501000000069	states																				"   state_name
id           
0     state_0"
1327.455121	0.016000000000076398	states																				"          state_name
id                  
1   sending_trialnum"
1327.471121	0.0005019999998694402	states																				"        state_name
id                
3   wait_for_cpoke"
1327.471623	0.500009000000091	states																				"            state_name
id                    
4   wait_for_cpoke_dir"
1327.971632	0.7984890000000178	states																				"            state_name
id                    
6   wait_for_cpoke_bis"
1328.770121	0.0009999999999763531	states																				"     state_name
id             
7   nic_prestim"
1328.771121	0.0005009999999856518	states																				"   state_name
id           
8       cpoke"
1328.771622	0.33049899999991794	states																				"   state_name
id           
9    cpoke_in"
1329.102121	0.09100000000012187	states																				"   state_name
id           
10  cpoke_out"
1329.193121	0.13899999999989632	states																				"   state_name
id           
9    cpoke_in"
1329.332121	0.10000000000013642	states																				"   state_name
id           
10  cpoke_out"
1329.432121	0.39599999999995816	states																				"   state_name
id           
9    cpoke_in"
1329.828121	0.07600000000002183	states																				"   state_name
id           
10  cpoke_out"
1329.904121	0.26700000000005275	states																				"   state_name
id           
9    cpoke_in"
1330.171121	0.05700000000001637	states																				"       state_name
id               
11  wait_for_cout"
1330.228121	0.431999999999789	states																				"        state_name
id                
12  wait_for_spoke"
1330.660121	4.0	states																				"     state_name
id             
15  error_state"
1334.660121	0.003501000000142085	states																				"        state_name
id                
20  clean_up_state"
1334.664121	16.45550000000003	trials	0.0	0.0	5.0	2.0	1.0	1.0	0.15	1.0	4.0	6500.0	14200.0		r	4.0	d	0.0	1.0	4.0	3.0	
1334.664121	16.45550000000003	states																				"   state_name
id           
0     state_0"
1334.664121	0.016000000000076398	states																				"          state_name
id                  
1   sending_trialnum"
1334.680121	0.0004999999998744897	states																				"        state_name
id                
3   wait_for_cpoke"
1334.680621	0.5005000000001019	states																				"            state_name
id                    
4   wait_for_cpoke_dir"
1335.181121	11.548000000000002	states																				"            state_name
id                    
6   wait_for_cpoke_bis"
1346.729121	0.0014999999998508429	states																				"     state_name
id             
7   nic_prestim"
1346.730621	0.0005000000001018634	states																				"   state_name
id           
8       cpoke"
1346.731121	0.38200000000006185	states																				"   state_name
id           
9    cpoke_in"
1347.113121	0.09250299999985145	states																				"   state_name
id           
10  cpoke_out"
1347.205624	0.8089970000000903	states																				"   state_name
id           
9    cpoke_in"
1348.014621	0.10050000000001091	states																				"   state_name
id           
10  cpoke_out"
1348.115121	0.0005009999999856518	states																				"         state_name
id                 
17  nic_error_state"
1348.115622	3.0004989999999907	states																				"          state_name
id                  
18  nic_error_state2"
1351.116121	0.003500000000030923	states																				"        state_name
id                
20  clean_up_state"
1351.120121	6.6460000000001855	trials	0.0	0.0	5.0	2.0	1.0	1.0	0.15	1.0	-1.0	6500.0	14200.0	0.0	r	1.0	d	1.0	1.0	-1.0	2.0	
1351.120121	6.6460000000001855	states																				"   state_name
id           
0     state_0"
1351.120121	0.016000000000076398	states																				"          state_name
id                  
1   sending_trialnum"
1351.136121	0.0005000000001018634	states																				"        state_name
id                
3   wait_for_cpoke"
1351.136621	0.5004999999998745	states																				"            state_name
id                    
4   wait_for_cpoke_dir"
1351.637121	0.1310000000000855	states																				"            state_name
id                    
6   wait_for_cpoke_bis"
1351.768121	0.0009999999999763531	states																				"     state_name
id             
7   nic_prestim"
1351.769121	0.0005089999999654538	states																				"   state_name
id           
8       cpoke"
1351.76963	0.7119959999999992	states																				"   state_name
id           
9    cpoke_in"
1352.481626	0.08349500000008447	states																				"   state_name
id           
10  cpoke_out"
1352.565121	0.3365009999999984	states																				"   state_name
id           
9    cpoke_in"
1352.901622	0.09999899999979789	states																				"   state_name
id           
10  cpoke_out"
1353.001621	0.16800100000000384	states																				"   state_name
id           
9    cpoke_in"
1353.169622	0.08799900000008165	states																				"       state_name
id               
11  wait_for_cout"
1353.257621	0.5045000000000073	states																				"        state_name
id                
12  wait_for_spoke"
1353.762121	4.000500000000102	states																				"     state_name
id             
15  error_state"
1357.762621	0.003500000000030923	states																				"        state_name
id                
20  clean_up_state"
1357.766621	3.1099999999999	trials	0.0	0.0	5.0	2.0	1.0	1.0	0.15	-2.5	-2.5	6500.0	14200.0	1.0	l	2.0	d	0.0	-2.5	-2.5	1.0	
1357.766621	3.1099999999999	states																				"   state_name
id           
0     state_0"
1357.766621	0.016000000000076398	states																				"          state_name
id                  
1   sending_trialnum"
1357.782621	0.0004999999998744897	states																				"        state_name
id                
3   wait_for_cpoke"
1357.783121	0.5005029999999806	states																				"            state_name
id                    
4   wait_for_cpoke_dir"
1358.283624	0.004007000000001426	states																				"            state_name
id                    
6   wait_for_cpoke_bis"
1358.287631	0.0014900000001034641	states																				"     state_name
id             
7   nic_prestim"
1358.289121	0.0005060000000867149	states																				"   state_name
id           
8       cpoke"
1358.289627	0.18549399999983507	states																				"   state_name
id           
9    cpoke_in"
1358.475121	0.08349999999995816	states																				"   state_name
id           
10  cpoke_out"
1358.558621	0.16500100000007478	states																				"   state_name
id           
9    cpoke_in"
1358.723622	0.08449900000005073	states																				"   state_name
id           
10  cpoke_out"
1358.808121	0.375	states																				"   state_name
id           
9    cpoke_in"
1359.183121	0.08150000000000546	states																				"   state_name
id           
10  cpoke_out"
1359.264621	0.37249999999994543	states																				"   state_name
id           
9    cpoke_in"
1359.637121	0.041999999999916326	states																				"   state_name
id           
10  cpoke_out"
1359.679121	0.01050800000007257	states																				"   state_name
id           
9    cpoke_in"
1359.689629	0.12299200000006749	states																				"       state_name
id               
11  wait_for_cout"
1359.812621	0.32300099999997656	states																				"        state_name
id                
12  wait_for_spoke"
1360.135622	0.0004989999999907013	states																				"   state_name
id           
13  hit_state"
1360.136121	0.5009999999999764	states																				"    state_name
id            
14  hit_state2"
1360.637121	0.003500000000030923	states																				"        state_name
id                
20  clean_up_state"
1360.640621	0.2359999999998763	states																				"                state_name
id                        
2   check_next_trial_ready"
1360.877121	11.838506999999936	trials	0.0	0.0	5.0	2.0	1.0	1.0	0.15	4.0	-4.0	6500.0	14200.0		r	1.0	d	1.0	4.0	-4.0	3.0	
1360.877121	11.838506999999936	states																				"   state_name
id           
0     state_0"
1360.877121	0.016000000000076398	states																				"          state_name
id                  
1   sending_trialnum"
1360.893121	0.0005059999998593412	states																				"        state_name
id                
3   wait_for_cpoke"
1360.893627	0.500494000000117	states																				"            state_name
id                    
4   wait_for_cpoke_dir"
1361.394121	7.095000000000027	states																				"            state_name
id                    
6   wait_for_cpoke_bis"
1368.489121	0.0009999999999763531	states																				"     state_name
id             
7   nic_prestim"
1368.490121	0.0005009999999856518	states																				"   state_name
id           
8       cpoke"
1368.490622	0.32300199999986035	states																				"   state_name
id           
9    cpoke_in"
1368.813624	0.08499700000015764	states																				"   state_name
id           
10  cpoke_out"
1368.898621	0.3795000000000073	states																				"   state_name
id           
9    cpoke_in"
1369.278121	0.09249999999997272	states																				"   state_name
id           
10  cpoke_out"
1369.370621	0.24049999999988358	states																				"   state_name
id           
9    cpoke_in"
1369.611121	0.10000000000013642	states																				"   state_name
id           
10  cpoke_out"
1369.711121	0.0005099999998492422	states																				"         state_name
id                 
17  nic_error_state"
1369.711631	3.000490000000127	states																				"          state_name
id                  
18  nic_error_state2"
1372.712121	0.0035069999998995627	states																				"        state_name
id                
20  clean_up_state"
1372.716121	3.3300000000001546	trials	0.0	0.0	5.0	2.0	1.0	1.0	0.15	-4.0	-2.5	6500.0	14200.0	1.0	l	2.0	d	0.0	-4.0	-2.5	1.0	
1372.716121	3.3300000000001546	states																				"   state_name
id           
0     state_0"
1372.716121	0.016000000000076398	states																				"          state_name
id                  
1   sending_trialnum"
1372.732121	0.0005000000001018634	states																				"        state_name
id                
3   wait_for_cpoke"
1372.732621	0.5004999999998745	states																				"            state_name
id                    
4   wait_for_cpoke_dir"
1373.233121	0.0005100000000766158	states																				"            state_name
id                    
6   wait_for_cpoke_bis"
1373.233631	0.0014899999998760904	states																				"     state_name
id             
7   nic_prestim"
1373.235121	0.0005049999999755528	states																				"   state_name
id           
8       cpoke"
1373.235626	0.6259959999999865	states																				"   state_name
id           
9    cpoke_in"
1373.861622	0.05349900000010166	states																				"   state_name
id           
10  cpoke_out"
1373.915121	0.10400000000004184	states																				"   state_name
id           
9    cpoke_in"
1374.019121	0.03350000000000364	states																				"   state_name
id           
10  cpoke_out"
1374.052621	0.30100999999990563	states																				"   state_name
id           
9    cpoke_in"
1374.353631	0.06548999999995431	states																				"   state_name
id           
10  cpoke_out"
1374.419121	0.21650300000010247	states																				"   state_name
id           
9    cpoke_in"
1374.635624	0.17599700000005214	states																				"       state_name
id               
11  wait_for_cout"
1374.811621	0.3250000000000455	states																				"        state_name
id                
12  wait_for_spoke"
1375.136621	0.0004999999998744897	states																				"   state_name
id           
13  hit_state"
1375.137121	0.5009999999999764	states																				"    state_name
id            
14  hit_state2"
1375.638121	0.0035030000001370354	states																				"        state_name
id                
20  clean_up_state"
1375.641624	0.4044969999999921	states																				"                state_name
id                        
2   check_next_trial_ready"
1376.046621	7.647500000000036	trials	0.0	0.0	5.0	2.0	1.0	1.0	0.15	2.5	-1.0	6500.0	14200.0	1.0	r	1.0	d	1.0	2.5	-1.0	1.0	
1376.046621	7.647500000000036	states																				"   state_name
id           
0     state_0"
1376.046621	0.016000000000076398	states																				"          state_name
id                  
1   sending_trialnum"
1376.062621	0.0004999999998744897	states																				"        state_name
id                
3   wait_for_cpoke"
1376.063121	0.5005009999999857	states																				"            state_name
id                    
4   wait_for_cpoke_dir"
1376.563622	4.600499000000127	states																				"            state_name
id                    
6   wait_for_cpoke_bis"
1381.164121	0.0015029999999569554	states																				"     state_name
id             
7   nic_prestim"
1381.165624	0.0004969999999957508	states																				"   state_name
id           
8       cpoke"
1381.166121	0.17350000000010368	states																				"   state_name
id           
9    cpoke_in"
1381.339621	0.06299999999987449	states																				"   state_name
id           
10  cpoke_out"
1381.402621	0.23700899999994363	states																				"   state_name
id           
9    cpoke_in"
1381.63963	0.0949910000001637	states																				"   state_name
id           
10  cpoke_out"
1381.734621	0.4614999999998872	states																				"   state_name
id           
9    cpoke_in"
1382.196121	0.0625	states																				"   state_name
id           
10  cpoke_out"
1382.258621	0.3070099999999911	states																				"   state_name
id           
9    cpoke_in"
1382.565631	0.24399300000004587	states																				"       state_name
id               
11  wait_for_cout"
1382.809624	0.32799999999997453	states																				"        state_name
id                
12  wait_for_spoke"
1383.137624	0.0004969999999957508	states																				"   state_name
id           
13  hit_state"
1383.138121	0.5050009999999929	states																				"    state_name
id            
14  hit_state2"
1383.643122	0.0034990000001471344	states																				"        state_name
id                
20  clean_up_state"
1383.646621	0.047499999999899956	states																				"                state_name
id                        
2   check_next_trial_ready"
1383.694621	7.946500999999898	trials	0.0	0.0	5.0	2.0	1.0	1.0	0.15	-1.0	-2.5	6500.0	14200.0	1.0	l	2.0	d	0.0	-1.0	-2.5	1.0	
1383.694621	7.946500999999898	states																				"   state_name
id           
0     state_0"
1383.694621	0.015999999999849024	states																				"          state_name
id                  
1   sending_trialnum"
1383.710621	0.0005000000001018634	states																				"        state_name
id                
3   wait_for_cpoke"
1383.711121	0.5	states																				"            state_name
id                    
4   wait_for_cpoke_dir"
1384.211121	5.060500000000047	states																				"            state_name
id                    
6   wait_for_cpoke_bis"
1389.271621	0.0009999999999763531	states																				"     state_name
id             
7   nic_prestim"
1389.272621	0.0004999999998744897	states																				"   state_name
id           
8       cpoke"
1389.273121	0.3120000000001255	states																				"   state_name
id           
9    cpoke_in"
1389.585121	0.0809999999999036	states																				"   state_name
id           
10  cpoke_out"
1389.666121	0.39249999999992724	states																				"   state_name
id           
9    cpoke_in"
1390.058621	0.023500000000012733	states																				"   state_name
id           
10  cpoke_out"
1390.082121	0.5190000000000055	states																				"   state_name
id           
9    cpoke_in"
1390.601121	0.07150000000001455	states																				"   state_name
id           
10  cpoke_out"
1390.672621	0.0005000000001018634	states																				"       state_name
id               
11  wait_for_cout"
1390.673121	0.3805009999998674	states																				"        state_name
id                
12  wait_for_spoke"
1391.053622	0.0004989999999907013	states																				"   state_name
id           
13  hit_state"
1391.054121	0.5010000000002037	states																				"    state_name
id            
14  hit_state2"
1391.555121	0.003499999999803549	states																				"        state_name
id                
20  clean_up_state"
1391.558621	0.08250100000009297	states																				"                state_name
id                        
2   check_next_trial_ready"
1391.641628	10.756492999999864	trials	0.0	0.0	5.0	2.0	1.0	1.0	0.15	-4.0	-4.0	6500.0	14200.0	0.0	l	2.0	d	0.0	-4.0	-4.0	2.0	
1391.641628	10.756492999999864	states																				"   state_name
id           
0     state_0"
1391.641628	0.015998999999965235	states																				"          state_name
id                  
1   sending_trialnum"
1391.657627	0.0004939999998896383	states																				"        state_name
id                
3   wait_for_cpoke"
1391.658121	0.5005000000001019	states																				"            state_name
id                    
4   wait_for_cpoke_dir"
1392.158621	4.393002999999908	states																				"            state_name
id                    
6   wait_for_cpoke_bis"
1396.551624	0.001496999999972104	states																				"     state_name
id             
7   nic_prestim"
1396.553121	0.0005060000000867149	states																				"   state_name
id           
8       cpoke"
1396.553627	0.2829939999999169	states																				"   state_name
id           
9    cpoke_in"
1396.836621	0.05850000000009459	states																				"   state_name
id           
10  cpoke_out"
1396.895121	1.0585000000000946	states																				"   state_name
id           
9    cpoke_in"
1397.953621	0.09949999999980719	states																				"       state_name
id               
11  wait_for_cout"
1398.053121	0.3410000000001219	states																				"        state_name
id                
12  wait_for_spoke"
1398.394121	4.0004999999998745	states																				"     state_name
id             
15  error_state"
1402.394621	0.003500000000030923	states																				"        state_name
id                
20  clean_up_state"
1402.398621	9.79600000000005	trials	0.0	0.0	5.0	2.0	1.0	1.0	0.15	-2.5	4.0	6500.0	14200.0	1.0	l	3.0	d	1.0	-2.5	4.0	1.0	
1402.398621	9.79600000000005	states																				"   state_name
id           
0     state_0"
1402.398621	0.015999999999849024	states																				"          state_name
id                  
1   sending_trialnum"
1402.414621	0.0005000000001018634	states																				"        state_name
id                
3   wait_for_cpoke"
1402.415121	0.5005049999999756	states																				"            state_name
id                    
4   wait_for_cpoke_dir"
1402.915626	6.800494999999955	states																				"            state_name
id                    
6   wait_for_cpoke_bis"
1409.716121	0.0010010000000875152	states																				"     state_name
id             
7   nic_prestim"
1409.717122	0.0004989999999907013	states																				"   state_name
id           
8       cpoke"
1409.717621	0.6790000000000873	states																				"   state_name
id           
9    cpoke_in"
1410.396621	0.08549999999991087	states																				"   state_name
id           
10  cpoke_out"
1410.482121	0.5615009999999074	states																				"   state_name
id           
9    cpoke_in"
1411.043622	0.07400700000016514	states																				"   state_name
id           
10  cpoke_out"
1411.117629	0.0004919999998946878	states																				"       state_name
id               
11  wait_for_cout"
1411.118121	0.41800000000012005	states																				"        state_name
id                
12  wait_for_spoke"
1411.536121	0.0004999999998744897	states																				"   state_name
id           
13  hit_state"
1411.536621	0.5010070000000724	states																				"    state_name
id            
14  hit_state2"
1412.037628	0.0034929999999349093	states																				"        state_name
id                
20  clean_up_state"
1412.041121	0.15350000000012187	states																				"                state_name
id                        
2   check_next_trial_ready"
1412.195121	8.991999999999962	trials	0.0	0.0	5.0	2.0	1.0	1.0	0.15	2.5	-4.0	6500.0	14200.0	1.0	r	1.0	d	1.0	2.5	-4.0	1.0	
1412.195121	8.991999999999962	states																				"   state_name
id           
0     state_0"
1412.195121	0.016000000000076398	states																				"          state_name
id                  
1   sending_trialnum"
1412.211121	0.0005099999998492422	states																				"        state_name
id                
3   wait_for_cpoke"
1412.211631	0.5004900000001271	states																				"            state_name
id                    
4   wait_for_cpoke_dir"
1412.712121	5.664999999999964	states																				"            state_name
id                    
6   wait_for_cpoke_bis"
1418.377121	0.0009999999999763531	states																				"     state_name
id             
7   nic_prestim"
1418.378121	0.0005000000001018634	states																				"   state_name
id           
8       cpoke"
1418.378621	0.3690079999998943	states																				"   state_name
id           
9    cpoke_in"
1418.747629	0.09749200000010205	states																				"   state_name
id           
10  cpoke_out"
1418.845121	0.3245070000000396	states																				"   state_name
id           
9    cpoke_in"
1419.169628	0.09449299999982941	states																				"   state_name
id           
10  cpoke_out"
1419.264121	0.1850000000001728	states																				"   state_name
id           
9    cpoke_in"
1419.449121	0.07649999999989632	states																				"   state_name
id           
10  cpoke_out"
1419.525621	0.25299999999992906	states																				"   state_name
id           
9    cpoke_in"
1419.778621	0.035499999999956344	states																				"       state_name
id               
11  wait_for_cout"
1419.814121	0.605502000000115	states																				"        state_name
id                
12  wait_for_spoke"
1420.419623	0.0004980000001069129	states																				"   state_name
id           
13  hit_state"
1420.420121	0.5049999999998818	states																				"    state_name
id            
14  hit_state2"
1420.925121	0.003500000000030923	states																				"        state_name
id                
20  clean_up_state"
1420.928621	0.2584999999999127	states																				"                state_name
id                        
2   check_next_trial_ready"
