onset	duration	nwb_table	ProAnti3_hit_history	ProAnti3_sides_history	ProAnti3_psych_history	ProAnti3_loc_history	ProAnti3_mem_history	ProAnti3_free_history	ProAnti3_cpoketry	StimulatorSection_stimulator_history	MaskSection_mask_history	AntibiasSection_LocalHitHistory	AntibiasSection_LocalSidesHistory	AntibiasSection_LocalLocHistory	state_type
4949.003756	35.61800399999993	trials	0.0	l	1.0	p	1.0	r	0.0	0.0	0.0	0.0	l	p	
4949.003756	35.61800399999993	states													"   state_name
id           
0     state_0"
4949.003756	0.01599999999962165	states													"          state_name
id                  
1   sending_trialnum"
4949.019756	14.730497000000469	states													"      state_name
id              
3   wait_for_cin"
4963.750253	0.0020009999998364947	states													"   state_name
id           
4     nicstim"
4963.752254	0.000503999999637017	states													"       state_name
id               
5   stimon_nosein"
4963.752758	0.5944950000002791	states													"   state_name
id           
4     nicstim"
4964.347253	0.42299999999977445	states													"       state_name
id               
8   wait_for_cout"
4964.770253	0.0010150000007342896	states													"   state_name
id           
9       csgap"
4964.771268	14.848986999999397	states													"        state_name
id                
16  wait_for_spoke"
4979.620255	5.001505000000179	states													"     state_name
id             
31  error_state"
4984.622253	12.335511000000224	trials	1.0	r	2.0	p	1.0	r	1.0	0.0	0.0	1.0	r	p	
4984.622253	12.335511000000224	states													"   state_name
id           
0     state_0"
4984.622253	0.016000000000531145	states													"          state_name
id                  
1   sending_trialnum"
4984.638253	0.6085160000002361	states													"      state_name
id              
3   wait_for_cin"
4985.246769	0.0024839999996402184	states													"   state_name
id           
4     nicstim"
4985.249253	0.0005069999997431296	states													"       state_name
id               
5   stimon_nosein"
4985.24976	0.2924929999999222	states													"   state_name
id           
4     nicstim"
4985.542253	3.5340000000005602	states													"      state_name
id              
7   reinit_cpoke"
4989.076253	0.001999999999497959	states													"   state_name
id           
4     nicstim"
4989.078253	0.0005049999999755528	states													"       state_name
id               
5   stimon_nosein"
4989.078758	0.6114999999999782	states													"   state_name
id           
4     nicstim"
4989.690258	0.004495000000133587	states													"       state_name
id               
8   wait_for_cout"
4989.694753	0.0010099999999511056	states													"   state_name
id           
9       csgap"
4989.695763	0.5829950000006647	states													"        state_name
id                
16  wait_for_spoke"
4990.278758	0.0005099999998492422	states													"             state_name
id                     
18  soff_reward_chooser"
4990.279268	0.06698499999947671	states													"     state_name
id             
22  reward_soff"
4990.346253	0.20200000000022555	states													"         state_name
id                 
26  post_reward_off"
4990.548253	3.4089999999996508	states													"         state_name
id                 
27  soft_drink_time"
4993.957253	0.0005100000007587369	states													"    state_name
id            
28  warndanger"
4993.957763	3.000000999999429	states													"            state_name
id                    
29  warndanger_warning"
4996.958254	64.08350299999984	trials	1.0	l	1.0	p	1.0	r	8.0	0.0	0.0	1.0	l	p	
4996.958254	64.08350299999984	states													"   state_name
id           
0     state_0"
4996.958254	0.01599900000019261	states													"          state_name
id                  
1   sending_trialnum"
4996.974253	3.769999999999527	states													"      state_name
id              
3   wait_for_cin"
5000.744253	0.0020150000000285218	states													"   state_name
id           
4     nicstim"
5000.746268	0.0004850000004807953	states													"       state_name
id               
5   stimon_nosein"
5000.746753	0.40800899999976536	states													"   state_name
id           
4     nicstim"
5001.154762	1.699493000000075	states													"      state_name
id              
7   reinit_cpoke"
5002.854255	0.0024979999998322455	states													"   state_name
id           
4     nicstim"
5002.856753	0.0005000000001018634	states													"       state_name
id               
5   stimon_nosein"
5002.857253	0.2249999999994543	states													"   state_name
id           
4     nicstim"
5003.082253	3.5750000000007276	states													"      state_name
id              
7   reinit_cpoke"
5006.657253	0.001999999999497959	states													"   state_name
id           
4     nicstim"
5006.659253	0.0005080000000816653	states													"       state_name
id               
5   stimon_nosein"
5006.659761	0.6694969999998648	states													"   state_name
id           
4     nicstim"
5007.329258	1.364502000000357	states													"      state_name
id              
7   reinit_cpoke"
5008.69376	0.0020109999995838734	states													"   state_name
id           
4     nicstim"
5008.695771	0.0004820000003746827	states													"       state_name
id               
5   stimon_nosein"
5008.696253	0.5879999999997381	states													"   state_name
id           
4     nicstim"
5009.284253	1.0025000000005093	states													"      state_name
id              
7   reinit_cpoke"
5010.286753	0.002015999999457563	states													"   state_name
id           
4     nicstim"
5010.288769	0.0004990000006728224	states													"       state_name
id               
5   stimon_nosein"
5010.289268	0.6314849999998842	states													"   state_name
id           
4     nicstim"
5010.920753	1.082499999999527	states													"      state_name
id              
7   reinit_cpoke"
5012.003253	0.0025059999998120475	states													"   state_name
id           
4     nicstim"
5012.005759	0.0004939999998896383	states													"       state_name
id               
5   stimon_nosein"
5012.006253	0.6975060000004305	states													"   state_name
id           
4     nicstim"
5012.703759	1.5414989999999307	states													"      state_name
id              
7   reinit_cpoke"
5014.245258	0.002500000000509317	states													"   state_name
id           
4     nicstim"
5014.247758	0.0004949999993186793	states													"       state_name
id               
5   stimon_nosein"
5014.248253	0.4145090000001801	states													"   state_name
id           
4     nicstim"
5014.662762	18.120490999999674	states													"      state_name
id              
7   reinit_cpoke"
5032.783253	0.002005000000281143	states													"   state_name
id           
4     nicstim"
5032.785258	0.0005019999998694402	states													"       state_name
id               
5   stimon_nosein"
5032.78576	0.5504930000006425	states													"   state_name
id           
4     nicstim"
5033.336253	18.06501599999956	states													"      state_name
id              
7   reinit_cpoke"
5051.401269	0.0024890000004234025	states													"   state_name
id           
4     nicstim"
5051.403758	0.0004949999993186793	states													"       state_name
id               
5   stimon_nosein"
5051.404253	0.5785000000005311	states													"   state_name
id           
4     nicstim"
5051.982753	0.07150000000001455	states													"       state_name
id               
8   wait_for_cout"
5052.054253	0.0015050000001792796	states													"   state_name
id           
9       csgap"
5052.055758	0.47749499999918044	states													"        state_name
id                
16  wait_for_spoke"
5052.533253	0.000503000000207976	states													"             state_name
id                     
18  soff_reward_chooser"
5052.533756	0.0640030000004117	states													"     state_name
id             
22  reward_soff"
5052.597759	1.7000039999993533	states													"         state_name
id                 
26  post_reward_off"
5054.297763	3.7429900000006455	states													"         state_name
id                 
27  soft_drink_time"
5058.040753	0.0005000000001018634	states													"    state_name
id            
28  warndanger"
5058.041253	3.000503999999637	states													"            state_name
id                    
29  warndanger_warning"
5061.042253	10.481506000000081	trials	1.0	l	1.0	p	1.0	r	1.0	0.0	0.0	1.0	l	p	
5061.042253	10.481506000000081	states													"   state_name
id           
0     state_0"
5061.042253	0.016000000000531145	states													"          state_name
id                  
1   sending_trialnum"
5061.058253	0.0005000000001018634	states													"      state_name
id              
3   wait_for_cin"
5061.058753	0.002515000000130385	states													"   state_name
id           
4     nicstim"
5061.061268	0.0004919999992125668	states													"       state_name
id               
5   stimon_nosein"
5061.06176	0.6759990000000471	states													"   state_name
id           
4     nicstim"
5061.737759	2.028501000000688	states													"      state_name
id              
7   reinit_cpoke"
5063.76626	0.002492999999958556	states													"   state_name
id           
4     nicstim"
5063.768753	0.0005000000001018634	states													"       state_name
id               
5   stimon_nosein"
5063.769253	0.5889999999999418	states													"   state_name
id           
4     nicstim"
5064.358253	0.19099999999980355	states													"       state_name
id               
8   wait_for_cout"
5064.549253	0.0010000000002037268	states													"   state_name
id           
9       csgap"
5064.550253	0.237515999999232	states													"        state_name
id                
16  wait_for_spoke"
5064.787769	0.0004840000001422595	states													"             state_name
id                     
18  soff_reward_chooser"
5064.788253	0.06401499999992666	states													"     state_name
id             
22  reward_soff"
5064.852268	0.8459849999999278	states													"         state_name
id                 
26  post_reward_off"
5065.698253	2.8250000000007276	states													"         state_name
id                 
27  soft_drink_time"
5068.523253	0.0005049999999755528	states													"    state_name
id            
28  warndanger"
5068.523758	3.000000999999429	states													"            state_name
id                    
29  warndanger_warning"
5071.524268	14.44749899999988	trials	1.0	r	2.0	p	1.0	r	2.0	0.0	0.0	1.0	r	p	
5071.524268	14.44749899999988	states													"   state_name
id           
0     state_0"
5071.524268	0.015988000000106695	states													"          state_name
id                  
1   sending_trialnum"
5071.540256	0.0005129999999553547	states													"      state_name
id              
3   wait_for_cin"
5071.540769	0.0024839999996402184	states													"   state_name
id           
4     nicstim"
5071.543253	0.0005060000003140885	states													"       state_name
id               
5   stimon_nosein"
5071.543759	0.7400079999997615	states													"   state_name
id           
4     nicstim"
5072.283767	2.9074860000000626	states													"      state_name
id              
7   reinit_cpoke"
5075.191253	0.0020000000004074536	states													"   state_name
id           
4     nicstim"
5075.193253	0.0005099999998492422	states													"       state_name
id               
5   stimon_nosein"
5075.193763	0.5735049999993862	states													"   state_name
id           
4     nicstim"
5075.767268	1.1229849999999715	states													"      state_name
id              
7   reinit_cpoke"
5076.890253	0.0020000000004074536	states													"   state_name
id           
4     nicstim"
5076.892253	0.0005000000001018634	states													"       state_name
id               
5   stimon_nosein"
5076.892753	0.6134999999994761	states													"   state_name
id           
4     nicstim"
5077.506253	0.19501500000023952	states													"       state_name
id               
8   wait_for_cout"
5077.701268	0.0014849999997750274	states													"   state_name
id           
9       csgap"
5077.702753	0.4495150000002468	states													"        state_name
id                
16  wait_for_spoke"
5078.152268	0.000495000000228174	states													"             state_name
id                     
18  soff_reward_chooser"
5078.152763	0.06699399999979505	states													"     state_name
id             
22  reward_soff"
5078.219757	1.2469959999998537	states													"         state_name
id                 
26  post_reward_off"
5079.466753	3.504504999999881	states													"         state_name
id                 
27  soft_drink_time"
5082.971258	0.0005020000007789349	states													"    state_name
id            
28  warndanger"
5082.97176	3.0000069999996413	states													"            state_name
id                    
29  warndanger_warning"
5085.972253	50.01350400000047	trials	1.0	r	2.0	p	1.0	r	8.0	0.0	0.0	1.0	r	p	
5085.972253	50.01350400000047	states													"   state_name
id           
0     state_0"
5085.972253	0.016015000000152213	states													"          state_name
id                  
1   sending_trialnum"
5085.988268	0.05148899999949208	states													"      state_name
id              
3   wait_for_cin"
5086.039757	0.0020000000004074536	states													"   state_name
id           
4     nicstim"
5086.041757	0.0004959999996572151	states													"       state_name
id               
5   stimon_nosein"
5086.042253	0.6800150000008216	states													"   state_name
id           
4     nicstim"
5086.722268	19.039984999999433	states													"      state_name
id              
7   reinit_cpoke"
5105.762253	0.002500000000509317	states													"   state_name
id           
4     nicstim"
5105.764753	0.0004999999991923687	states													"       state_name
id               
5   stimon_nosein"
5105.765253	0.508006000000023	states													"   state_name
id           
4     nicstim"
5106.273259	3.4859940000005736	states													"      state_name
id              
7   reinit_cpoke"
5109.759253	0.001999999999497959	states													"   state_name
id           
4     nicstim"
5109.761253	0.0005020000007789349	states													"       state_name
id               
5   stimon_nosein"
5109.761755	0.5180039999995643	states													"   state_name
id           
4     nicstim"
5110.279759	1.002494000000297	states													"      state_name
id              
7   reinit_cpoke"
5111.282253	0.0024999999995998223	states													"   state_name
id           
4     nicstim"
5111.284753	0.0005049999999755528	states													"       state_name
id               
5   stimon_nosein"
5111.285258	0.49499500000001717	states													"   state_name
id           
4     nicstim"
5111.780253	1.6909999999998035	states													"      state_name
id              
7   reinit_cpoke"
5113.471253	0.0020150000000285218	states													"   state_name
id           
4     nicstim"
5113.473268	0.0005060000003140885	states													"       state_name
id               
5   stimon_nosein"
5113.473774	0.70398699999987	states													"   state_name
id           
4     nicstim"
5114.177761	1.2059959999996863	states													"      state_name
id              
7   reinit_cpoke"
5115.383757	0.002005000000281143	states													"   state_name
id           
4     nicstim"
5115.385762	0.0005000000001018634	states													"       state_name
id               
5   stimon_nosein"
5115.386262	0.6549910000003365	states													"   state_name
id           
4     nicstim"
5116.041253	2.144999999999527	states													"      state_name
id              
7   reinit_cpoke"
5118.186253	0.00200700000004872	states													"   state_name
id           
4     nicstim"
5118.18826	0.0004930000004605972	states													"       state_name
id               
5   stimon_nosein"
5118.188753	0.5999999999994543	states													"   state_name
id           
4     nicstim"
5118.788753	6.095514999999978	states													"      state_name
id              
7   reinit_cpoke"
5124.884268	0.002484999999978754	states													"   state_name
id           
4     nicstim"
5124.886753	0.0005000000001018634	states													"       state_name
id               
5   stimon_nosein"
5124.887253	0.4625059999998484	states													"   state_name
id           
4     nicstim"
5125.349759	1.9304940000001807	states													"      state_name
id              
7   reinit_cpoke"
5127.280253	0.0020150000000285218	states													"   state_name
id           
4     nicstim"
5127.282268	0.0004930000004605972	states													"       state_name
id               
5   stimon_nosein"
5127.282761	0.6044919999994818	states													"   state_name
id           
4     nicstim"
5127.887253	0.23200499999984459	states													"       state_name
id               
8   wait_for_cout"
5128.119258	0.0010099999999511056	states													"   state_name
id           
9       csgap"
5128.120268	0.47198500000013155	states													"        state_name
id                
16  wait_for_spoke"
5128.592253	0.0005000000001018634	states													"             state_name
id                     
18  soff_reward_chooser"
5128.592753	0.06700499999988097	states													"     state_name
id             
22  reward_soff"
5128.659758	1.7344950000006065	states													"         state_name
id                 
26  post_reward_off"
5130.394253	2.5905069999998886	states													"         state_name
id                 
27  soft_drink_time"
5132.98476	0.0004929999995511025	states													"    state_name
id            
28  warndanger"
5132.985253	3.0005040000005465	states													"            state_name
id                    
29  warndanger_warning"
5135.986253	23.69950400000016	trials	1.0	r	2.0	p	1.0	r	2.0	0.0	0.0	1.0	r	p	
5135.986253	23.69950400000016	states													"   state_name
id           
0     state_0"
5135.986253	0.01599999999962165	states													"          state_name
id                  
1   sending_trialnum"
5136.002253	0.0005000000001018634	states													"      state_name
id              
3   wait_for_cin"
5136.002753	0.0020000000004074536	states													"   state_name
id           
4     nicstim"
5136.004753	0.0005149999997229315	states													"       state_name
id               
5   stimon_nosein"
5136.005268	0.6814850000000661	states													"   state_name
id           
4     nicstim"
5136.686753	12.212499999999636	states													"      state_name
id              
7   reinit_cpoke"
5148.899253	0.0020160000003670575	states													"   state_name
id           
4     nicstim"
5148.901269	0.0005000000001018634	states													"       state_name
id               
5   stimon_nosein"
5148.901769	0.5574839999999313	states													"   state_name
id           
4     nicstim"
5149.459253	1.0025070000001506	states													"      state_name
id              
7   reinit_cpoke"
5150.46176	0.0020009999998364947	states													"   state_name
id           
4     nicstim"
5150.463761	0.0004920000001220615	states													"       state_name
id               
5   stimon_nosein"
5150.464253	0.5964999999996508	states													"   state_name
id           
4     nicstim"
5151.060753	0.023500000000240107	states													"       state_name
id               
8   wait_for_cout"
5151.084253	0.0015059999996083206	states													"   state_name
id           
9       csgap"
5151.085759	0.4394990000000689	states													"        state_name
id                
16  wait_for_spoke"
5151.525258	0.0005020000007789349	states													"             state_name
id                     
18  soff_reward_chooser"
5151.52576	0.06699299999945652	states													"     state_name
id             
22  reward_soff"
5151.592753	0.925014999999803	states													"         state_name
id                 
26  post_reward_off"
5152.517768	4.1669849999998405	states													"         state_name
id                 
27  soft_drink_time"
5156.684753	0.0005000000001018634	states													"    state_name
id            
28  warndanger"
5156.685253	3.0005040000005465	states													"            state_name
id                    
29  warndanger_warning"
5159.686253	12.645015000000058	trials	1.0	r	2.0	p	1.0	r	2.0	0.0	0.0	1.0	r	p	
5159.686253	12.645015000000058	states													"   state_name
id           
0     state_0"
5159.686253	0.016000000000531145	states													"          state_name
id                  
1   sending_trialnum"
5159.702253	0.41849999999976717	states													"      state_name
id              
3   wait_for_cin"
5160.120753	0.0020150000000285218	states													"   state_name
id           
4     nicstim"
5160.122768	0.0005009999995309045	states													"       state_name
id               
5   stimon_nosein"
5160.123269	0.684493000000657	states													"   state_name
id           
4     nicstim"
5160.807762	1.0024909999992815	states													"      state_name
id              
7   reinit_cpoke"
5161.810253	0.002003000000513566	states													"   state_name
id           
4     nicstim"
5161.812256	0.000511999999616819	states													"       state_name
id               
5   stimon_nosein"
5161.812768	0.7144850000004226	states													"   state_name
id           
4     nicstim"
5162.527253	1.0369999999993524	states													"      state_name
id              
7   reinit_cpoke"
5163.564253	0.002005000000281143	states													"   state_name
id           
4     nicstim"
5163.566258	0.0005000000001018634	states													"       state_name
id               
5   stimon_nosein"
5163.566758	0.5834949999998571	states													"   state_name
id           
4     nicstim"
5164.150253	0.3175040000005538	states													"       state_name
id               
8   wait_for_cout"
5164.467757	0.001495999999860942	states													"   state_name
id           
9       csgap"
5164.469253	0.2600000000002183	states													"        state_name
id                
16  wait_for_spoke"
5164.729253	0.0005069999997431296	states													"             state_name
id                     
18  soff_reward_chooser"
5164.72976	0.06699299999945652	states													"     state_name
id             
22  reward_soff"
5164.796753	0.3955050000004121	states													"         state_name
id                 
26  post_reward_off"
5165.192258	4.138495000000148	states													"         state_name
id                 
27  soft_drink_time"
5169.330753	0.0005000000001018634	states													"    state_name
id            
28  warndanger"
5169.331253	3.000014999999621	states													"            state_name
id                    
29  warndanger_warning"
5172.331759	6.258994000000712	trials	1.0	l	1.0	p	1.0	r	0.0	0.0	0.0	1.0	l	p	
5172.331759	6.258994000000712	states													"   state_name
id           
0     state_0"
5172.331759	0.016005000000404834	states													"          state_name
id                  
1   sending_trialnum"
5172.347764	0.07698900000013964	states													"      state_name
id              
3   wait_for_cin"
5172.424753	0.0020049999993716483	states													"   state_name
id           
4     nicstim"
5172.426758	0.0005100000007587369	states													"       state_name
id               
5   stimon_nosein"
5172.427268	0.575989999999365	states													"   state_name
id           
4     nicstim"
5173.003258	0.09301000000050408	states													"       state_name
id               
8   wait_for_cout"
5173.096268	0.001488999999310181	states													"   state_name
id           
9       csgap"
5173.097757	0.3644960000001447	states													"        state_name
id                
16  wait_for_spoke"
5173.462253	0.0005049999999755528	states													"             state_name
id                     
18  soff_reward_chooser"
5173.462758	0.12749500000063563	states													"         state_name
id                 
19  reward_big_soff"
5173.590253	2.000000999999429	states													"         state_name
id                 
26  post_reward_off"
5175.590254	0.0004990000006728224	states													"    state_name
id            
28  warndanger"
5175.590753	3.0	states													"            state_name
id                    
29  warndanger_warning"
5178.591253	15.069500000000517	trials	1.0	l	1.0	p	1.0	r	2.0	0.0	0.0	1.0	l	p	
5178.591253	15.069500000000517	states													"   state_name
id           
0     state_0"
5178.591253	0.016000000000531145	states													"          state_name
id                  
1   sending_trialnum"
5178.607253	2.26549999999952	states													"      state_name
id              
3   wait_for_cin"
5180.872753	0.0020150000000285218	states													"   state_name
id           
4     nicstim"
5180.874768	0.0004900000003544847	states													"       state_name
id               
5   stimon_nosein"
5180.875258	0.6274949999997261	states													"   state_name
id           
4     nicstim"
5181.502753	1.0020000000004075	states													"      state_name
id              
7   reinit_cpoke"
5182.504753	0.001999999999497959	states													"   state_name
id           
4     nicstim"
5182.506753	0.0005000000001018634	states													"       state_name
id               
5   stimon_nosein"
5182.507253	0.19051500000023225	states													"   state_name
id           
4     nicstim"
5182.697768	1.0019920000004277	states													"      state_name
id              
7   reinit_cpoke"
5183.69976	0.002492999999958556	states													"   state_name
id           
4     nicstim"
5183.702253	0.0004999999991923687	states													"       state_name
id               
5   stimon_nosein"
5183.702753	0.5760000000000218	states													"   state_name
id           
4     nicstim"
5184.278753	0.209500000000844	states													"       state_name
id               
8   wait_for_cout"
5184.488253	0.0009999999992942321	states													"   state_name
id           
9       csgap"
5184.489253	0.29250800000045274	states													"        state_name
id                
16  wait_for_spoke"
5184.781761	0.0004920000001220615	states													"             state_name
id                     
18  soff_reward_chooser"
5184.782253	0.0639999999993961	states													"     state_name
id             
22  reward_soff"
5184.846253	0.3055060000006051	states													"         state_name
id                 
26  post_reward_off"
5185.151759	5.507998000000043	states													"         state_name
id                 
27  soft_drink_time"
5190.659757	0.0004959999996572151	states													"    state_name
id            
28  warndanger"
5190.660253	3.000500000000102	states													"            state_name
id                    
29  warndanger_warning"
5193.661253	9.787499999999454	trials	1.0	l	1.0	p	1.0	r	0.0	0.0	0.0	1.0	l	p	
5193.661253	9.787499999999454	states													"   state_name
id           
0     state_0"
5193.661253	0.01599999999962165	states													"          state_name
id                  
1   sending_trialnum"
5193.677253	0.06999999999970896	states													"      state_name
id              
3   wait_for_cin"
5193.747253	0.0020000000004074536	states													"   state_name
id           
4     nicstim"
5193.749253	0.0005049999999755528	states													"       state_name
id               
5   stimon_nosein"
5193.749758	0.5779970000003232	states													"   state_name
id           
4     nicstim"
5194.327755	0.22749800000019604	states													"       state_name
id               
8   wait_for_cout"
5194.555253	0.0010049999991679215	states													"   state_name
id           
9       csgap"
5194.556258	0.3959950000007666	states													"        state_name
id                
16  wait_for_spoke"
5194.952253	0.0004999999991923687	states													"             state_name
id                     
18  soff_reward_chooser"
5194.952753	0.12750000000050932	states													"         state_name
id                 
19  reward_big_soff"
5195.080253	0.6965000000000146	states													"         state_name
id                 
26  post_reward_off"
5195.776753	4.671005999999579	states													"         state_name
id                 
27  soft_drink_time"
5200.447759	0.000495000000228174	states													"    state_name
id            
28  warndanger"
5200.448254	3.0004989999997633	states													"            state_name
id                    
29  warndanger_warning"
5203.449253	9.6125090000005	trials	1.0	r	2.0	p	1.0	r	0.0	0.0	0.0	1.0	r	p	
5203.449253	9.6125090000005	states													"   state_name
id           
0     state_0"
5203.449253	0.016005000000404834	states													"          state_name
id                  
1   sending_trialnum"
5203.465258	0.0005000000001018634	states													"      state_name
id              
3   wait_for_cin"
5203.465758	0.0020029999996040715	states													"   state_name
id           
4     nicstim"
5203.467761	0.0004920000001220615	states													"       state_name
id               
5   stimon_nosein"
5203.468253	0.613999999999578	states													"   state_name
id           
4     nicstim"
5204.082253	0.025000000000545697	states													"       state_name
id               
8   wait_for_cout"
5204.107253	0.0010050000000774162	states													"   state_name
id           
9       csgap"
5204.108258	0.5759950000001481	states													"        state_name
id                
16  wait_for_spoke"
5204.684253	0.0004999999991923687	states													"             state_name
id                     
18  soff_reward_chooser"
5204.684753	0.13400000000001455	states													"         state_name
id                 
19  reward_big_soff"
5204.818753	0.746501000000535	states													"         state_name
id                 
26  post_reward_off"
5205.565254	4.4955079999999725	states													"         state_name
id                 
27  soft_drink_time"
5210.060762	0.0004909999997835257	states													"    state_name
id            
28  warndanger"
5210.061253	3.00050900000042	states													"            state_name
id                    
29  warndanger_warning"
5213.062255	9.128507999999783	trials	1.0	l	1.0	p	1.0	r	0.0	0.0	0.0	1.0	l	p	
5213.062255	9.128507999999783	states													"   state_name
id           
0     state_0"
5213.062255	0.015997999999854073	states													"          state_name
id                  
1   sending_trialnum"
5213.078253	0.0005000000001018634	states													"      state_name
id              
3   wait_for_cin"
5213.078753	0.0020169999997960986	states													"   state_name
id           
4     nicstim"
5213.08077	0.0004980000003342866	states													"       state_name
id               
5   stimon_nosein"
5213.081268	0.5939850000004299	states													"   state_name
id           
4     nicstim"
5213.675253	0.16250599999966653	states													"       state_name
id               
8   wait_for_cout"
5213.837759	0.001494000000093365	states													"   state_name
id           
9       csgap"
5213.839253	0.6830030000000988	states													"        state_name
id                
16  wait_for_spoke"
5214.522256	0.0005129999999553547	states													"             state_name
id                     
18  soff_reward_chooser"
5214.522769	0.12748699999974633	states													"         state_name
id                 
19  reward_big_soff"
5214.650256	0.27849700000024313	states													"         state_name
id                 
26  post_reward_off"
5214.928753	4.261499999999614	states													"         state_name
id                 
27  soft_drink_time"
5219.190253	0.0005000000001018634	states													"    state_name
id            
28  warndanger"
5219.190753	3.0000099999997474	states													"            state_name
id                    
29  warndanger_warning"
5222.191253	11.257015000000138	trials	1.0	l	1.0	p	1.0	r	2.0	0.0	0.0	1.0	l	p	
5222.191253	11.257015000000138	states													"   state_name
id           
0     state_0"
5222.191253	0.01599999999962165	states													"          state_name
id                  
1   sending_trialnum"
5222.207253	0.0005060000003140885	states													"      state_name
id              
3   wait_for_cin"
5222.207759	0.0020009999998364947	states													"   state_name
id           
4     nicstim"
5222.20976	0.0004930000004605972	states													"       state_name
id               
5   stimon_nosein"
5222.210253	0.6504999999997381	states													"   state_name
id           
4     nicstim"
5222.860753	1.0025000000005093	states													"      state_name
id              
7   reinit_cpoke"
5223.863253	0.0020049999993716483	states													"   state_name
id           
4     nicstim"
5223.865258	0.0005010000004403992	states													"       state_name
id               
5   stimon_nosein"
5223.865759	0.5354939999997441	states													"   state_name
id           
4     nicstim"
5224.401253	1.0025040000000445	states													"      state_name
id              
7   reinit_cpoke"
5225.403757	0.0020100000001548324	states													"   state_name
id           
4     nicstim"
5225.405767	0.00048599999990983633	states													"       state_name
id               
5   stimon_nosein"
5225.406253	0.5929999999998472	states													"   state_name
id           
4     nicstim"
5225.999253	0.06599999999980355	states													"       state_name
id               
8   wait_for_cout"
5226.065253	0.0010000000002037268	states													"   state_name
id           
9       csgap"
5226.066253	0.8064999999996871	states													"        state_name
id                
16  wait_for_spoke"
5226.872753	0.0005000000001018634	states													"             state_name
id                     
18  soff_reward_chooser"
5226.873253	0.06400000000030559	states													"     state_name
id             
22  reward_soff"
5226.937253	0.05250700000033248	states													"         state_name
id                 
26  post_reward_off"
5226.98976	3.457999999999629	states													"         state_name
id                 
27  soft_drink_time"
5230.44776	0.0005080000000816653	states													"    state_name
id            
28  warndanger"
5230.448268	3.0	states													"            state_name
id                    
29  warndanger_warning"
5233.448762	11.933490999999776	trials	1.0	r	2.0	p	1.0	r	1.0	0.0	0.0	1.0	r	p	
5233.448762	11.933490999999776	states													"   state_name
id           
0     state_0"
5233.448762	0.01599999999962165	states													"          state_name
id                  
1   sending_trialnum"
5233.464762	0.4204910000007658	states													"      state_name
id              
3   wait_for_cin"
5233.885253	0.001999999999497959	states													"   state_name
id           
4     nicstim"
5233.887253	0.0005040000005465117	states													"       state_name
id               
5   stimon_nosein"
5233.887757	0.5844959999994899	states													"   state_name
id           
4     nicstim"
5234.472253	3.0295050000004267	states													"      state_name
id              
7   reinit_cpoke"
5237.501758	0.0020089999998162966	states													"   state_name
id           
4     nicstim"
5237.503767	0.00048799999967741314	states													"       state_name
id               
5   stimon_nosein"
5237.504255	0.5909980000005817	states													"   state_name
id           
4     nicstim"
5238.095253	0.01099999999951251	states													"       state_name
id               
8   wait_for_cout"
5238.106253	0.0015050000001792796	states													"   state_name
id           
9       csgap"
5238.107758	0.592000999999982	states													"        state_name
id                
16  wait_for_spoke"
5238.699759	0.0005089999995107064	states													"             state_name
id                     
18  soff_reward_chooser"
5238.700268	0.06698500000038621	states													"     state_name
id             
22  reward_soff"
5238.767253	0.28150000000005093	states													"         state_name
id                 
26  post_reward_off"
5239.048753	3.332499999999527	states													"         state_name
id                 
27  soft_drink_time"
5242.381253	0.0005050000008850475	states													"    state_name
id            
28  warndanger"
5242.381758	3.0004949999993187	states													"            state_name
id                    
29  warndanger_warning"
5245.382753	6.153500000000349	trials	1.0	r	2.0	p	1.0	r	0.0	0.0	0.0	1.0	r	p	
5245.382753	6.153500000000349	states													"   state_name
id           
0     state_0"
5245.382753	0.016000000000531145	states													"          state_name
id                  
1   sending_trialnum"
5245.398753	0.0005049999999755528	states													"      state_name
id              
3   wait_for_cin"
5245.399258	0.002502999999705935	states													"   state_name
id           
4     nicstim"
5245.401761	0.0004920000001220615	states													"       state_name
id               
5   stimon_nosein"
5245.402253	0.5819999999994252	states													"   state_name
id           
4     nicstim"
5245.984253	0.032000000000152795	states													"       state_name
id               
8   wait_for_cout"
5246.016253	0.0010050000000774162	states													"   state_name
id           
9       csgap"
5246.017258	0.383495000000039	states													"        state_name
id                
16  wait_for_spoke"
5246.400753	0.0005000000001018634	states													"             state_name
id                     
18  soff_reward_chooser"
5246.401253	0.13400000000001455	states													"         state_name
id                 
19  reward_big_soff"
5246.535253	2.000014999999621	states													"         state_name
id                 
26  post_reward_off"
5248.535268	0.0005020000007789349	states													"    state_name
id            
28  warndanger"
5248.53577	3.0004829999998037	states													"            state_name
id                    
29  warndanger_warning"
5251.536753	13.115506000000096	trials	1.0	r	2.0	p	1.0	r	2.0	0.0	0.0	1.0	r	p	
5251.536753	13.115506000000096	states													"   state_name
id           
0     state_0"
5251.536753	0.01599999999962165	states													"          state_name
id                  
1   sending_trialnum"
5251.552753	1.7280000000000655	states													"      state_name
id              
3   wait_for_cin"
5253.280753	0.0020000000004074536	states													"   state_name
id           
4     nicstim"
5253.282753	0.0004999999991923687	states													"       state_name
id               
5   stimon_nosein"
5253.283253	0.4475000000002183	states													"   state_name
id           
4     nicstim"
5253.730753	1.0025000000005093	states													"      state_name
id              
7   reinit_cpoke"
5254.733253	0.0020150000000285218	states													"   state_name
id           
4     nicstim"
5254.735268	0.0004909999997835257	states													"       state_name
id               
5   stimon_nosein"
5254.735759	0.5815089999996417	states													"   state_name
id           
4     nicstim"
5255.317268	1.0024979999998322	states													"      state_name
id              
7   reinit_cpoke"
5256.319766	0.0024870000006558257	states													"   state_name
id           
4     nicstim"
5256.322253	0.0005000000001018634	states													"       state_name
id               
5   stimon_nosein"
5256.322753	0.5990079999992304	states													"   state_name
id           
4     nicstim"
5256.921761	0.03300100000069506	states													"       state_name
id               
8   wait_for_cout"
5256.954762	0.0014909999999872525	states													"   state_name
id           
9       csgap"
5256.956253	0.5709999999999127	states													"        state_name
id                
16  wait_for_spoke"
5257.527253	0.0005059999994045938	states													"             state_name
id                     
18  soff_reward_chooser"
5257.527759	0.06699400000070455	states													"     state_name
id             
22  reward_soff"
5257.594753	0.2694999999994252	states													"         state_name
id                 
26  post_reward_off"
5257.864253	3.787000000000262	states													"         state_name
id                 
27  soft_drink_time"
5261.651253	0.000511999999616819	states													"    state_name
id            
28  warndanger"
5261.651765	3.000494000000799	states													"            state_name
id                    
29  warndanger_warning"
5264.652769	9.75098799999978	trials	1.0	l	1.0	p	1.0	r	0.0	0.0	0.0	1.0	l	p	
5264.652769	9.75098799999978	states													"   state_name
id           
0     state_0"
5264.652769	0.015983999999662046	states													"          state_name
id                  
1   sending_trialnum"
5264.668753	0.021502999999938766	states													"      state_name
id              
3   wait_for_cin"
5264.690256	0.0024970000004032045	states													"   state_name
id           
4     nicstim"
5264.692753	0.0005000000001018634	states													"       state_name
id               
5   stimon_nosein"
5264.693253	0.6154999999998836	states													"   state_name
id           
4     nicstim"
5265.308753	0.24349999999958527	states													"       state_name
id               
8   wait_for_cout"
5265.552253	0.0015069999999468564	states													"   state_name
id           
9       csgap"
5265.55376	0.5589930000005552	states													"        state_name
id                
16  wait_for_spoke"
5266.112753	0.0005000000001018634	states													"             state_name
id                     
18  soff_reward_chooser"
5266.113253	0.12749999999959982	states													"         state_name
id                 
19  reward_big_soff"
5266.240753	0.3204999999998108	states													"         state_name
id                 
26  post_reward_off"
5266.561253	4.841500000000451	states													"         state_name
id                 
27  soft_drink_time"
5271.402753	0.0005000000001018634	states													"    state_name
id            
28  warndanger"
5271.403253	3.000503999999637	states													"            state_name
id                    
29  warndanger_warning"
5274.404253	18.240505000000667	trials	1.0	r	2.0	p	1.0	r	3.0	0.0	0.0	1.0	r	p	
5274.404253	18.240505000000667	states													"   state_name
id           
0     state_0"
5274.404253	0.016000000000531145	states													"          state_name
id                  
1   sending_trialnum"
5274.420253	0.0005000000001018634	states													"      state_name
id              
3   wait_for_cin"
5274.420753	0.0024999999995998223	states													"   state_name
id           
4     nicstim"
5274.423253	0.0005090000004202011	states													"       state_name
id               
5   stimon_nosein"
5274.423762	0.6224910000000818	states													"   state_name
id           
4     nicstim"
5275.046253	5.671999999999571	states													"      state_name
id              
7   reinit_cpoke"
5280.718253	0.0020000000004074536	states													"   state_name
id           
4     nicstim"
5280.720253	0.0004999999991923687	states													"       state_name
id               
5   stimon_nosein"
5280.720753	0.6685150000002977	states													"   state_name
id           
4     nicstim"
5281.389268	1.002494000000297	states													"      state_name
id              
7   reinit_cpoke"
5282.391762	0.0024910000001909793	states													"   state_name
id           
4     nicstim"
5282.394253	0.0004999999991923687	states													"       state_name
id               
5   stimon_nosein"
5282.394753	0.6515000000008513	states													"   state_name
id           
4     nicstim"
5283.046253	1.609508999999889	states													"      state_name
id              
7   reinit_cpoke"
5284.655762	0.0024909999992814846	states													"   state_name
id           
4     nicstim"
5284.658253	0.0005000000001018634	states													"       state_name
id               
5   stimon_nosein"
5284.658753	0.5900000000001455	states													"   state_name
id           
4     nicstim"
5285.248753	0.2215009999999893	states													"       state_name
id               
8   wait_for_cout"
5285.470254	0.001014999999824795	states													"   state_name
id           
9       csgap"
5285.471269	0.508986000000732	states													"        state_name
id                
16  wait_for_spoke"
5285.980255	0.0005129999999553547	states													"             state_name
id                     
18  soff_reward_chooser"
5285.980768	0.0669899999993504	states													"     state_name
id             
22  reward_soff"
5286.047758	0.33700300000054995	states													"         state_name
id                 
26  post_reward_off"
5286.384761	3.2594920000001366	states													"         state_name
id                 
27  soft_drink_time"
5289.644253	0.0004999999991923687	states													"    state_name
id            
28  warndanger"
5289.644753	3.000005000000783	states													"            state_name
id                    
29  warndanger_warning"
5292.645268	11.101485000000139	trials	1.0	r	2.0	p	1.0	r	1.0	0.0	0.0	1.0	r	p	
5292.645268	11.101485000000139	states													"   state_name
id           
0     state_0"
5292.645268	0.015985000000000582	states													"          state_name
id                  
1   sending_trialnum"
5292.661253	0.29100000000016735	states													"      state_name
id              
3   wait_for_cin"
5292.952253	0.0024999999995998223	states													"   state_name
id           
4     nicstim"
5292.954753	0.0005000000001018634	states													"       state_name
id               
5   stimon_nosein"
5292.955253	0.7219999999997526	states													"   state_name
id           
4     nicstim"
5293.677253	1.002016000000367	states													"      state_name
id              
7   reinit_cpoke"
5294.679269	0.0024899999998524436	states													"   state_name
id           
4     nicstim"
5294.681759	0.0004939999998896383	states													"       state_name
id               
5   stimon_nosein"
5294.682253	0.586500000000342	states													"   state_name
id           
4     nicstim"
5295.268753	0.016499999999723514	states													"       state_name
id               
8   wait_for_cout"
5295.285253	0.0010000000002037268	states													"   state_name
id           
9       csgap"
5295.286253	0.4965009999996255	states													"        state_name
id                
16  wait_for_spoke"
5295.782754	0.0004989999997633277	states													"             state_name
id                     
18  soff_reward_chooser"
5295.783253	0.06701500000053784	states													"     state_name
id             
22  reward_soff"
5295.850268	0.37498499999946944	states													"         state_name
id                 
26  post_reward_off"
5296.225253	4.520508000000518	states													"         state_name
id                 
27  soft_drink_time"
5300.745761	0.0004939999998896383	states													"    state_name
id            
28  warndanger"
5300.746255	3.0004980000003343	states													"            state_name
id                    
29  warndanger_warning"
5303.747253	9.876509000000624	trials	1.0	l	1.0	p	1.0	r	0.0	0.0	0.0	1.0	l	p	
5303.747253	9.876509000000624	states													"   state_name
id           
0     state_0"
5303.747253	0.016000000000531145	states													"          state_name
id                  
1   sending_trialnum"
5303.763253	0.0005089999995107064	states													"      state_name
id              
3   wait_for_cin"
5303.763762	0.0024910000001909793	states													"   state_name
id           
4     nicstim"
5303.766253	0.0005049999999755528	states													"       state_name
id               
5   stimon_nosein"
5303.766758	0.6164950000002136	states													"   state_name
id           
4     nicstim"
5304.383253	0.05700499999966269	states													"       state_name
id               
8   wait_for_cout"
5304.440258	0.0010099999999511056	states													"   state_name
id           
9       csgap"
5304.441268	0.21598500000072818	states													"        state_name
id                
16  wait_for_spoke"
5304.657253	0.0005029999992984813	states													"             state_name
id                     
18  soff_reward_chooser"
5304.657756	0.1274970000004032	states													"         state_name
id                 
19  reward_big_soff"
5304.785253	0.31599999999980355	states													"         state_name
id                 
26  post_reward_off"
5305.101253	5.5219999999999345	states													"         state_name
id                 
27  soft_drink_time"
5310.623253	0.0005060000003140885	states													"    state_name
id            
28  warndanger"
5310.623759	3.000003000000106	states													"            state_name
id                    
29  warndanger_warning"
5313.624253	14.549503999999615	trials	1.0	l	1.0	p	1.0	r	3.0	0.0	0.0	1.0	l	p	
5313.624253	14.549503999999615	states													"   state_name
id           
0     state_0"
5313.624253	0.01599999999962165	states													"          state_name
id                  
1   sending_trialnum"
5313.640253	1.9595080000008238	states													"      state_name
id              
3   wait_for_cin"
5315.599761	0.0024919999996200204	states													"   state_name
id           
4     nicstim"
5315.602253	0.0005000000001018634	states													"       state_name
id               
5   stimon_nosein"
5315.602753	0.4780000000000655	states													"   state_name
id           
4     nicstim"
5316.080753	1.001999999999498	states													"      state_name
id              
7   reinit_cpoke"
5317.082753	0.0020000000004074536	states													"   state_name
id           
4     nicstim"
5317.084753	0.0005000000001018634	states													"       state_name
id               
5   stimon_nosein"
5317.085253	0.6920000000000073	states													"   state_name
id           
4     nicstim"
5317.777253	1.0994999999993524	states													"      state_name
id              
7   reinit_cpoke"
5318.876753	0.0020000000004074536	states													"   state_name
id           
4     nicstim"
5318.878753	0.0005000000001018634	states													"       state_name
id               
5   stimon_nosein"
5318.879253	0.21951499999977386	states													"   state_name
id           
4     nicstim"
5319.098768	1.3945000000003347	states													"      state_name
id              
7   reinit_cpoke"
5320.493268	0.0024919999996200204	states													"   state_name
id           
4     nicstim"
5320.49576	0.0004930000004605972	states													"       state_name
id               
5   stimon_nosein"
5320.496253	0.6024999999999636	states													"   state_name
id           
4     nicstim"
5321.098753	0.09549999999944703	states													"       state_name
id               
8   wait_for_cout"
5321.194253	0.0015110000003915047	states													"   state_name
id           
9       csgap"
5321.195764	0.6514889999998559	states													"        state_name
id                
16  wait_for_spoke"
5321.847253	0.0005090000004202011	states													"             state_name
id                     
18  soff_reward_chooser"
5321.847762	0.06399899999996705	states													"     state_name
id             
22  reward_soff"
5321.911761	0.5429919999996855	states													"         state_name
id                 
26  post_reward_off"
5322.454753	2.717999999999847	states													"         state_name
id                 
27  soft_drink_time"
5325.172753	0.0005000000001018634	states													"    state_name
id            
28  warndanger"
5325.173253	3.000503999999637	states													"            state_name
id                    
29  warndanger_warning"
5328.174253	12.519005000000107	trials	1.0	l	1.0	p	1.0	r	2.0	0.0	0.0	1.0	l	p	
5328.174253	12.519005000000107	states													"   state_name
id           
0     state_0"
5328.174253	0.01599999999962165	states													"          state_name
id                  
1   sending_trialnum"
5328.190253	0.0005000000001018634	states													"      state_name
id              
3   wait_for_cin"
5328.190753	0.002500000000509317	states													"   state_name
id           
4     nicstim"
5328.193253	0.000503999999637017	states													"       state_name
id               
5   stimon_nosein"
5328.193757	0.6960150000004433	states													"   state_name
id           
4     nicstim"
5328.889772	1.0019869999996445	states													"      state_name
id              
7   reinit_cpoke"
5329.891759	0.002494000000297092	states													"   state_name
id           
4     nicstim"
5329.894253	0.0004999999991923687	states													"       state_name
id               
5   stimon_nosein"
5329.894753	0.5290060000006633	states													"   state_name
id           
4     nicstim"
5330.423759	1.0260010000001785	states													"      state_name
id              
7   reinit_cpoke"
5331.44976	0.002492999999958556	states													"   state_name
id           
4     nicstim"
5331.452253	0.0004999999991923687	states													"       state_name
id               
5   stimon_nosein"
5331.452753	0.5825000000004366	states													"   state_name
id           
4     nicstim"
5332.035253	0.2065099999999802	states													"       state_name
id               
8   wait_for_cout"
5332.241763	0.0015050000001792796	states													"   state_name
id           
9       csgap"
5332.243268	0.41498499999943306	states													"        state_name
id                
16  wait_for_spoke"
5332.658253	0.0005000000001018634	states													"             state_name
id                     
18  soff_reward_chooser"
5332.658753	0.06400000000030559	states													"     state_name
id             
22  reward_soff"
5332.722753	0.33799999999973807	states													"         state_name
id                 
26  post_reward_off"
5333.060753	4.631500000000415	states													"         state_name
id                 
27  soft_drink_time"
5337.692253	0.0005000000001018634	states													"    state_name
id            
28  warndanger"
5337.692753	3.0005049999999756	states													"            state_name
id                    
29  warndanger_warning"
5340.693759	13.236499999999978	trials	1.0	l	1.0	p	1.0	r	3.0	0.0	0.0	1.0	l	p	
5340.693759	13.236499999999978	states													"   state_name
id           
0     state_0"
5340.693759	0.016000000000531145	states													"          state_name
id                  
1   sending_trialnum"
5340.709759	0.4274989999994432	states													"      state_name
id              
3   wait_for_cin"
5341.137258	0.0020000000004074536	states													"   state_name
id           
4     nicstim"
5341.139258	0.0005019999998694402	states													"       state_name
id               
5   stimon_nosein"
5341.13976	0.6309929999997621	states													"   state_name
id           
4     nicstim"
5341.770753	1.1580000000003565	states													"      state_name
id              
7   reinit_cpoke"
5342.928753	0.0020150000000285218	states													"   state_name
id           
4     nicstim"
5342.930768	0.00048999999944499	states													"       state_name
id               
5   stimon_nosein"
5342.931258	0.5979950000000827	states													"   state_name
id           
4     nicstim"
5343.529253	1.0460000000002765	states													"      state_name
id              
7   reinit_cpoke"
5344.575253	0.0020150000000285218	states													"   state_name
id           
4     nicstim"
5344.577268	0.0005019999998694402	states													"       state_name
id               
5   stimon_nosein"
5344.57777	0.264498000000458	states													"   state_name
id           
4     nicstim"
5344.842268	1.001987999999983	states													"      state_name
id              
7   reinit_cpoke"
5345.844256	0.0024969999994937098	states													"   state_name
id           
4     nicstim"
5345.846753	0.0005000000001018634	states													"       state_name
id               
5   stimon_nosein"
5345.847253	0.6165090000004056	states													"   state_name
id           
4     nicstim"
5346.463762	0.31099599999924976	states													"       state_name
id               
8   wait_for_cout"
5346.774758	0.001012000000628177	states													"   state_name
id           
9       csgap"
5346.77577	0.37948299999970914	states													"        state_name
id                
16  wait_for_spoke"
5347.155253	0.0005069999997431296	states													"             state_name
id                     
18  soff_reward_chooser"
5347.15576	0.06400900000062393	states													"     state_name
id             
22  reward_soff"
5347.219769	0.28698399999939284	states													"         state_name
id                 
26  post_reward_off"
5347.506753	3.423004000000219	states													"         state_name
id                 
27  soft_drink_time"
5350.929757	0.0004960000005667098	states													"    state_name
id            
28  warndanger"
5350.930253	3.0000059999993027	states													"            state_name
id                    
29  warndanger_warning"
5353.930769	11.468987000000197	trials	1.0	r	2.0	p	1.0	r	1.0	0.0	0.0	1.0	r	p	
5353.930769	11.468987000000197	states													"   state_name
id           
0     state_0"
5353.930769	0.015992999999980384	states													"          state_name
id                  
1   sending_trialnum"
5353.946762	0.5999910000000455	states													"      state_name
id              
3   wait_for_cin"
5354.546753	0.0020000000004074536	states													"   state_name
id           
4     nicstim"
5354.548753	0.0005000000001018634	states													"       state_name
id               
5   stimon_nosein"
5354.549253	0.572505999999521	states													"   state_name
id           
4     nicstim"
5355.121759	1.002494000000297	states													"      state_name
id              
7   reinit_cpoke"
5356.124253	0.00200700000004872	states													"   state_name
id           
4     nicstim"
5356.12626	0.0004929999995511025	states													"       state_name
id               
5   stimon_nosein"
5356.126753	0.5990070000007108	states													"   state_name
id           
4     nicstim"
5356.72576	0.008495000000039	states													"       state_name
id               
8   wait_for_cout"
5356.734255	0.0010130000000572181	states													"   state_name
id           
9       csgap"
5356.735268	0.6309999999994034	states													"        state_name
id                
16  wait_for_spoke"
5357.366268	0.000495000000228174	states													"             state_name
id                     
18  soff_reward_chooser"
5357.366763	0.0670060000002195	states													"     state_name
id             
22  reward_soff"
5357.433769	0.3634839999995165	states													"         state_name
id                 
26  post_reward_off"
5357.797253	4.601509000000078	states													"         state_name
id                 
27  soft_drink_time"
5362.398762	0.0004909999997835257	states													"    state_name
id            
28  warndanger"
5362.399253	3.000503000000208	states													"            state_name
id                    
29  warndanger_warning"
5365.400253	23.787005000000136	trials	1.0	r	2.0	p	1.0	r	6.0	0.0	0.0	1.0	r	p	
5365.400253	23.787005000000136	states													"   state_name
id           
0     state_0"
5365.400253	0.016000000000531145	states													"          state_name
id                  
1   sending_trialnum"
5365.416253	0.0005000000001018634	states													"      state_name
id              
3   wait_for_cin"
5365.416753	0.0024999999995998223	states													"   state_name
id           
4     nicstim"
5365.419253	0.0005110000001877779	states													"       state_name
id               
5   stimon_nosein"
5365.419764	0.531488999999965	states													"   state_name
id           
4     nicstim"
5365.951253	1.0025100000002567	states													"      state_name
id              
7   reinit_cpoke"
5366.953763	0.0024909999992814846	states													"   state_name
id           
4     nicstim"
5366.956254	0.0004990000006728224	states													"       state_name
id               
5   stimon_nosein"
5366.956753	0.177016999999978	states													"   state_name
id           
4     nicstim"
5367.13377	1.7359950000000026	states													"      state_name
id              
7   reinit_cpoke"
5368.869765	0.002487999999175372	states													"   state_name
id           
4     nicstim"
5368.872253	0.0005000000001018634	states													"       state_name
id               
5   stimon_nosein"
5368.872753	0.6745150000006106	states													"   state_name
id           
4     nicstim"
5369.547268	2.589484999999513	states													"      state_name
id              
7   reinit_cpoke"
5372.136753	0.0020000000004074536	states													"   state_name
id           
4     nicstim"
5372.138753	0.0005000000001018634	states													"       state_name
id               
5   stimon_nosein"
5372.139253	0.4965089999996053	states													"   state_name
id           
4     nicstim"
5372.635762	3.4234910000004675	states													"      state_name
id              
7   reinit_cpoke"
5376.059253	0.001999999999497959	states													"   state_name
id           
4     nicstim"
5376.061253	0.0005049999999755528	states													"       state_name
id               
5   stimon_nosein"
5376.061758	0.6864949999999226	states													"   state_name
id           
4     nicstim"
5376.748253	1.0020000000004075	states													"      state_name
id              
7   reinit_cpoke"
5377.750253	0.0024999999995998223	states													"   state_name
id           
4     nicstim"
5377.752753	0.0005049999999755528	states													"       state_name
id               
5   stimon_nosein"
5377.753258	0.6979950000004465	states													"   state_name
id           
4     nicstim"
5378.451253	2.657000000000153	states													"      state_name
id              
7   reinit_cpoke"
5381.108253	0.001999999999497959	states													"   state_name
id           
4     nicstim"
5381.110253	0.0005000000001018634	states													"       state_name
id               
5   stimon_nosein"
5381.110753	0.592515999999705	states													"   state_name
id           
4     nicstim"
5381.703269	0.094492000000173	states													"       state_name
id               
8   wait_for_cout"
5381.797761	0.0010080000001835288	states													"   state_name
id           
9       csgap"
5381.798769	0.2564840000004551	states													"        state_name
id                
16  wait_for_spoke"
5382.055253	0.0005069999997431296	states													"             state_name
id                     
18  soff_reward_chooser"
5382.05576	0.06699299999945652	states													"     state_name
id             
22  reward_soff"
5382.122753	0.630500000000211	states													"         state_name
id                 
26  post_reward_off"
5382.753253	3.4329999999999927	states													"         state_name
id                 
27  soft_drink_time"
5386.186253	0.0005000000001018634	states													"    state_name
id            
28  warndanger"
5386.186753	3.0005049999999756	states													"            state_name
id                    
29  warndanger_warning"
5389.187759	25.292011999999886	trials	1.0	r	2.0	p	1.0	r	3.0	0.0	0.0	1.0	r	p	
5389.187759	25.292011999999886	states													"   state_name
id           
0     state_0"
5389.187759	0.016008999999939988	states													"          state_name
id                  
1   sending_trialnum"
5389.203768	0.0004849999995713006	states													"      state_name
id              
3   wait_for_cin"
5389.204253	0.0020000000004074536	states													"   state_name
id           
4     nicstim"
5389.206253	0.0005000000001018634	states													"       state_name
id               
5   stimon_nosein"
5389.206753	0.6274999999995998	states													"   state_name
id           
4     nicstim"
5389.834253	12.627999999999702	states													"      state_name
id              
7   reinit_cpoke"
5402.462253	0.0020000000004074536	states													"   state_name
id           
4     nicstim"
5402.464253	0.0005160000000614673	states													"       state_name
id               
5   stimon_nosein"
5402.464769	0.5899840000001859	states													"   state_name
id           
4     nicstim"
5403.054753	1.001999999999498	states													"      state_name
id              
7   reinit_cpoke"
5404.056753	0.0020000000004074536	states													"   state_name
id           
4     nicstim"
5404.058753	0.0005000000001018634	states													"       state_name
id               
5   stimon_nosein"
5404.059253	0.7169999999996435	states													"   state_name
id           
4     nicstim"
5404.776253	1.6869999999998981	states													"      state_name
id              
7   reinit_cpoke"
5406.463253	0.0020150000000285218	states													"   state_name
id           
4     nicstim"
5406.465268	0.0004920000001220615	states													"       state_name
id               
5   stimon_nosein"
5406.46576	0.5929930000002059	states													"   state_name
id           
4     nicstim"
5407.058753	0.0010109999993801466	states													"   state_name
id           
9       csgap"
5407.058753	0.0	states													"       state_name
id               
8   wait_for_cout"
5407.059764	0.2339959999999337	states													"        state_name
id                
16  wait_for_spoke"
5407.29376	0.0004930000004605972	states													"             state_name
id                     
18  soff_reward_chooser"
5407.294253	0.06700499999988097	states													"     state_name
id             
22  reward_soff"
5407.361258	0.4254950000004101	states													"         state_name
id                 
26  post_reward_off"
5407.786753	3.692500000000109	states													"         state_name
id                 
27  soft_drink_time"
5411.479253	0.000503999999637017	states													"    state_name
id            
28  warndanger"
5411.479757	3.000014000000192	states													"            state_name
id                    
29  warndanger_warning"
5414.480253	9.131005000000187	trials	1.0	l	1.0	p	1.0	r	0.0	0.0	0.0	1.0	l	p	
5414.480253	9.131005000000187	states													"   state_name
id           
0     state_0"
5414.480253	0.016015000000152213	states													"          state_name
id                  
1   sending_trialnum"
5414.496268	0.6479850000005172	states													"      state_name
id              
3   wait_for_cin"
5415.144253	0.0024999999995998223	states													"   state_name
id           
4     nicstim"
5415.146753	0.0005000000001018634	states													"       state_name
id               
5   stimon_nosein"
5415.147253	0.6045059999996738	states													"   state_name
id           
4     nicstim"
5415.751759	0.022993999999926018	states													"       state_name
id               
8   wait_for_cout"
5415.774753	0.0010050000000774162	states													"   state_name
id           
9       csgap"
5415.775758	0.2554950000003373	states													"        state_name
id                
16  wait_for_spoke"
5416.031253	0.000503999999637017	states													"             state_name
id                     
18  soff_reward_chooser"
5416.031757	0.12751100000059523	states													"         state_name
id                 
19  reward_big_soff"
5416.159268	0.9439999999995052	states													"         state_name
id                 
26  post_reward_off"
5417.103268	3.506992000000537	states													"         state_name
id                 
27  soft_drink_time"
5420.61026	0.0005089999995107064	states													"    state_name
id            
28  warndanger"
5420.610769	3.000489000000016	states													"            state_name
id                    
29  warndanger_warning"
5423.611759	9.6309940000001	trials	1.0	l	1.0	p	1.0	r	0.0	0.0	0.0	1.0	l	p	
5423.611759	9.6309940000001	states													"   state_name
id           
0     state_0"
5423.611759	0.015997999999854073	states													"          state_name
id                  
1   sending_trialnum"
5423.627757	0.05249600000024657	states													"      state_name
id              
3   wait_for_cin"
5423.680253	0.001999999999497959	states													"   state_name
id           
4     nicstim"
5423.682253	0.0005000000001018634	states													"       state_name
id               
5   stimon_nosein"
5423.682753	0.5830040000000736	states													"   state_name
id           
4     nicstim"
5424.265757	0.10499600000002829	states													"       state_name
id               
8   wait_for_cout"
5424.370753	0.0010039999997388804	states													"   state_name
id           
9       csgap"
5424.371757	0.24749599999995553	states													"        state_name
id                
16  wait_for_spoke"
5424.619253	0.0005090000004202011	states													"             state_name
id                     
18  soff_reward_chooser"
5424.619762	0.12749099999928148	states													"         state_name
id                 
19  reward_big_soff"
5424.747253	0.7565150000000358	states													"         state_name
id                 
26  post_reward_off"
5425.503768	4.738485000000765	states													"         state_name
id                 
27  soft_drink_time"
5430.242253	0.0005000000001018634	states													"    state_name
id            
28  warndanger"
5430.242753	3.0	states													"            state_name
id                    
29  warndanger_warning"
5433.243253	29.84600000000046	trials	1.0	r	2.0	p	1.0	r	1.0	0.0	0.0	1.0	r	p	
5433.243253	29.84600000000046	states													"   state_name
id           
0     state_0"
5433.243253	0.016000000000531145	states													"          state_name
id                  
1   sending_trialnum"
5433.259253	19.104999999999563	states													"      state_name
id              
3   wait_for_cin"
5452.364253	0.0020009999998364947	states													"   state_name
id           
4     nicstim"
5452.366254	0.0005140000002938905	states													"       state_name
id               
5   stimon_nosein"
5452.366768	0.6414880000002086	states													"   state_name
id           
4     nicstim"
5453.008256	1.5839969999997265	states													"      state_name
id              
7   reinit_cpoke"
5454.592253	0.0020039999999426072	states													"   state_name
id           
4     nicstim"
5454.594257	0.0005120000005263137	states													"       state_name
id               
5   stimon_nosein"
5454.594769	0.6184839999996257	states													"   state_name
id           
4     nicstim"
5455.213253	0.02550500000052125	states													"       state_name
id               
8   wait_for_cout"
5455.238758	0.0010109999993801466	states													"   state_name
id           
9       csgap"
5455.239769	0.48649900000054913	states													"        state_name
id                
16  wait_for_spoke"
5455.726268	0.0004849999995713006	states													"             state_name
id                     
18  soff_reward_chooser"
5455.726753	0.0670060000002195	states													"     state_name
id             
22  reward_soff"
5455.793759	0.34899399999994785	states													"         state_name
id                 
26  post_reward_off"
5456.142753	3.9455049999996845	states													"         state_name
id                 
27  soft_drink_time"
5460.088258	0.0005110000001877779	states													"    state_name
id            
28  warndanger"
5460.088769	3.0004840000001423	states													"            state_name
id                    
29  warndanger_warning"
5463.089758	8.924495000000206	trials	0.0	l	1.0	p	1.0	r	1.0	0.0	0.0	0.0	l	p	
5463.089758	8.924495000000206	states													"   state_name
id           
0     state_0"
5463.089758	0.01599999999962165	states													"          state_name
id                  
1   sending_trialnum"
5463.105758	0.8314950000003591	states													"      state_name
id              
3   wait_for_cin"
5463.937253	0.00250899999991816	states													"   state_name
id           
4     nicstim"
5463.939762	0.0004920000001220615	states													"       state_name
id               
5   stimon_nosein"
5463.940254	0.6855130000003555	states													"   state_name
id           
4     nicstim"
5464.625767	1.0024859999994078	states													"      state_name
id              
7   reinit_cpoke"
5465.628253	0.002500000000509317	states													"   state_name
id           
4     nicstim"
5465.630753	0.0004999999991923687	states													"       state_name
id               
5   stimon_nosein"
5465.631253	0.5935000000008586	states													"   state_name
id           
4     nicstim"
5466.224753	0.1850059999997029	states													"       state_name
id               
8   wait_for_cout"
5466.409759	0.001494000000093365	states													"   state_name
id           
9       csgap"
5466.411253	0.6014999999997599	states													"        state_name
id                
16  wait_for_spoke"
5467.012753	5.001500000000306	states													"     state_name
id             
31  error_state"
5472.014753	65.06900199999927	trials	1.0	r	2.0	p	1.0	r	8.0	0.0	0.0	1.0	r	p	
5472.014753	65.06900199999927	states													"   state_name
id           
0     state_0"
5472.014753	0.01599999999962165	states													"          state_name
id                  
1   sending_trialnum"
5472.030753	9.826500000000124	states													"      state_name
id              
3   wait_for_cin"
5481.857253	0.001999999999497959	states													"   state_name
id           
4     nicstim"
5481.859253	0.0005080000000816653	states													"       state_name
id               
5   stimon_nosein"
5481.859761	0.6085069999999178	states													"   state_name
id           
4     nicstim"
5482.468268	5.095491000000038	states													"      state_name
id              
7   reinit_cpoke"
5487.563759	0.0020000000004074536	states													"   state_name
id           
4     nicstim"
5487.565759	0.000495000000228174	states													"       state_name
id               
5   stimon_nosein"
5487.566254	0.7170040000000881	states													"   state_name
id           
4     nicstim"
5488.283258	16.221494999999777	states													"      state_name
id              
7   reinit_cpoke"
5504.504753	0.002005999999710184	states													"   state_name
id           
4     nicstim"
5504.506759	0.0004939999998896383	states													"       state_name
id               
5   stimon_nosein"
5504.507253	0.6045060000005833	states													"   state_name
id           
4     nicstim"
5505.111759	1.1804939999992712	states													"      state_name
id              
7   reinit_cpoke"
5506.292253	0.0020000000004074536	states													"   state_name
id           
4     nicstim"
5506.294253	0.0005000000001018634	states													"       state_name
id               
5   stimon_nosein"
5506.294753	0.6724999999996726	states													"   state_name
id           
4     nicstim"
5506.967253	1.0025040000000445	states													"      state_name
id              
7   reinit_cpoke"
5507.969757	0.002003000000513566	states													"   state_name
id           
4     nicstim"
5507.97176	0.0004929999995511025	states													"       state_name
id               
5   stimon_nosein"
5507.972253	0.5490150000005087	states													"   state_name
id           
4     nicstim"
5508.521268	1.0024949999997261	states													"      state_name
id              
7   reinit_cpoke"
5509.523763	0.0024919999996200204	states													"   state_name
id           
4     nicstim"
5509.526255	0.0005140000002938905	states													"       state_name
id               
5   stimon_nosein"
5509.526769	0.6199839999999313	states													"   state_name
id           
4     nicstim"
5510.146753	7.6225000000004	states													"      state_name
id              
7   reinit_cpoke"
5517.769253	0.001999999999497959	states													"   state_name
id           
4     nicstim"
5517.771253	0.0005090000004202011	states													"       state_name
id               
5   stimon_nosein"
5517.771762	0.6644969999997556	states													"   state_name
id           
4     nicstim"
5518.436259	8.78699400000005	states													"      state_name
id              
7   reinit_cpoke"
5527.223253	0.001999999999497959	states													"   state_name
id           
4     nicstim"
5527.225253	0.0005110000001877779	states													"       state_name
id               
5   stimon_nosein"
5527.225764	0.7240030000002662	states													"   state_name
id           
4     nicstim"
5527.949767	1.0644860000002154	states													"      state_name
id              
7   reinit_cpoke"
5529.014253	0.0024999999995998223	states													"   state_name
id           
4     nicstim"
5529.016753	0.0005000000001018634	states													"       state_name
id               
5   stimon_nosein"
5529.017253	0.5925090000000637	states													"   state_name
id           
4     nicstim"
5529.609762	0.11699099999987084	states													"       state_name
id               
8   wait_for_cout"
5529.726753	0.001006000000415952	states													"   state_name
id           
9       csgap"
5529.727759	0.4984939999994822	states													"        state_name
id                
16  wait_for_spoke"
5530.226253	0.0005000000001018634	states													"             state_name
id                     
18  soff_reward_chooser"
5530.226753	0.06702000000041153	states													"     state_name
id             
22  reward_soff"
5530.293773	0.5564799999992829	states													"         state_name
id                 
26  post_reward_off"
5530.850253	3.2325000000000728	states													"         state_name
id                 
27  soft_drink_time"
5534.082753	0.0005160000000614673	states													"    state_name
id            
28  warndanger"
5534.083269	3.00048599999991	states													"            state_name
id                    
29  warndanger_warning"
5537.084253	9.592499999999745	trials	1.0	l	1.0	p	1.0	r	0.0	0.0	0.0	1.0	l	p	
5537.084253	9.592499999999745	states													"   state_name
id           
0     state_0"
5537.084253	0.01599999999962165	states													"          state_name
id                  
1   sending_trialnum"
5537.100253	0.11551500000041415	states													"      state_name
id              
3   wait_for_cin"
5537.215768	0.002484999999978754	states													"   state_name
id           
4     nicstim"
5537.218253	0.0005000000001018634	states													"       state_name
id               
5   stimon_nosein"
5537.218753	0.6159999999999854	states													"   state_name
id           
4     nicstim"
5537.834753	0.15350000000034925	states													"       state_name
id               
8   wait_for_cout"
5537.988253	0.001504999999269785	states													"   state_name
id           
9       csgap"
5537.989758	0.2420010000005277	states													"        state_name
id                
16  wait_for_spoke"
5538.231759	0.0004939999998896383	states													"             state_name
id                     
18  soff_reward_chooser"
5538.232253	0.12752000000000407	states													"         state_name
id                 
19  reward_big_soff"
5538.359773	0.4049889999996594	states													"         state_name
id                 
26  post_reward_off"
5538.764762	4.910998000000291	states													"         state_name
id                 
27  soft_drink_time"
5543.67576	0.0004980000003342866	states													"    state_name
id            
28  warndanger"
5543.676258	3.0004949999993187	states													"            state_name
id                    
29  warndanger_warning"
5546.677253	8.54150000000027	trials	1.0	r	2.0	p	1.0	r	0.0	0.0	0.0	1.0	r	p	
5546.677253	8.54150000000027	states													"   state_name
id           
0     state_0"
5546.677253	0.016005000000404834	states													"          state_name
id                  
1   sending_trialnum"
5546.693258	0.28450400000019727	states													"      state_name
id              
3   wait_for_cin"
5546.977762	0.0025059999998120475	states													"   state_name
id           
4     nicstim"
5546.980268	0.0004849999995713006	states													"       state_name
id               
5   stimon_nosein"
5546.980753	0.5895000000000437	states													"   state_name
id           
4     nicstim"
5547.570253	0.007015000000137661	states													"       state_name
id               
8   wait_for_cout"
5547.577268	0.0014849999997750274	states													"   state_name
id           
9       csgap"
5547.578753	0.2680159999999887	states													"        state_name
id                
16  wait_for_spoke"
5547.846769	0.0004890000000159489	states													"             state_name
id                     
18  soff_reward_chooser"
5547.847258	0.13399500000014086	states													"         state_name
id                 
19  reward_big_soff"
5547.981253	0.908502000000226	states													"         state_name
id                 
26  post_reward_off"
5548.889755	3.328497999999854	states													"         state_name
id                 
27  soft_drink_time"
5552.218253	0.0005000000001018634	states													"    state_name
id            
28  warndanger"
5552.218753	3.0	states													"            state_name
id                    
29  warndanger_warning"
5555.219253	10.524014999999963	trials	1.0	l	1.0	p	1.0	r	0.0	0.0	0.0	1.0	l	p	
5555.219253	10.524014999999963	states													"   state_name
id           
0     state_0"
5555.219253	0.01599999999962165	states													"          state_name
id                  
1   sending_trialnum"
5555.235253	0.6649999999999636	states													"      state_name
id              
3   wait_for_cin"
5555.900253	0.0020150000000285218	states													"   state_name
id           
4     nicstim"
5555.902268	0.0004850000004807953	states													"       state_name
id               
5   stimon_nosein"
5555.902753	0.619499999999789	states													"   state_name
id           
4     nicstim"
5556.522253	0.09600399999999354	states													"       state_name
id               
8   wait_for_cout"
5556.618257	0.0010110000002896413	states													"   state_name
id           
9       csgap"
5556.619268	0.5459849999997459	states													"        state_name
id                
16  wait_for_spoke"
5557.165253	0.0005069999997431296	states													"             state_name
id                     
18  soff_reward_chooser"
5557.16576	0.12749799999983225	states													"         state_name
id                 
19  reward_big_soff"
5557.293258	1.040501000000404	states													"         state_name
id                 
26  post_reward_off"
5558.333759	4.408494000000246	states													"         state_name
id                 
27  soft_drink_time"
5562.742253	0.0005000000001018634	states													"    state_name
id            
28  warndanger"
5562.742753	3.000514999999723	states													"            state_name
id                    
29  warndanger_warning"
5565.743759	13.316493999999693	trials	1.0	r	2.0	p	1.0	r	2.0	0.0	0.0	1.0	r	p	
5565.743759	13.316493999999693	states													"   state_name
id           
0     state_0"
5565.743759	0.016007999999601452	states													"          state_name
id                  
1   sending_trialnum"
5565.759767	0.00048600000081933104	states													"      state_name
id              
3   wait_for_cin"
5565.760253	0.001999999999497959	states													"   state_name
id           
4     nicstim"
5565.762253	0.0005000000001018634	states													"       state_name
id               
5   stimon_nosein"
5565.762753	0.659005999999863	states													"   state_name
id           
4     nicstim"
5566.421759	1.002494000000297	states													"      state_name
id              
7   reinit_cpoke"
5567.424253	0.0020029999996040715	states													"   state_name
id           
4     nicstim"
5567.426256	0.0005129999999553547	states													"       state_name
id               
5   stimon_nosein"
5567.426769	0.683484000000135	states													"   state_name
id           
4     nicstim"
5568.110253	1.0025000000005093	states													"      state_name
id              
7   reinit_cpoke"
5569.112753	0.0024999999995998223	states													"   state_name
id           
4     nicstim"
5569.115253	0.000511999999616819	states													"       state_name
id               
5   stimon_nosein"
5569.115765	0.6069930000003296	states													"   state_name
id           
4     nicstim"
5569.722758	0.006510000000162108	states													"       state_name
id               
8   wait_for_cout"
5569.729268	0.0014849999997750274	states													"   state_name
id           
9       csgap"
5569.730753	0.57549999999992	states													"        state_name
id                
16  wait_for_spoke"
5570.306253	0.0005000000001018634	states													"             state_name
id                     
18  soff_reward_chooser"
5570.306753	0.06701200000043173	states													"     state_name
id             
22  reward_soff"
5570.373765	0.34548799999993207	states													"         state_name
id                 
26  post_reward_off"
5570.719253	5.3400000000001455	states													"         state_name
id                 
27  soft_drink_time"
5576.059253	0.0005089999995107064	states													"    state_name
id            
28  warndanger"
5576.059762	3.0004909999997835	states													"            state_name
id                    
29  warndanger_warning"
5579.060753	9.322500000000218	trials	1.0	r	2.0	p	1.0	r	1.0	0.0	0.0	1.0	r	p	
5579.060753	9.322500000000218	states													"   state_name
id           
0     state_0"
5579.060753	0.01601600000049075	states													"          state_name
id                  
1   sending_trialnum"
5579.076769	0.0004890000000159489	states													"      state_name
id              
3   wait_for_cin"
5579.077258	0.002501999999367399	states													"   state_name
id           
4     nicstim"
5579.07976	0.0004930000004605972	states													"       state_name
id               
5   stimon_nosein"
5579.080253	0.5839999999998327	states													"   state_name
id           
4     nicstim"
5579.664253	1.0455060000003868	states													"      state_name
id              
7   reinit_cpoke"
5580.709759	0.0020009999998364947	states													"   state_name
id           
4     nicstim"
5580.71176	0.0004929999995511025	states													"       state_name
id               
5   stimon_nosein"
5580.712253	0.6255090000004202	states													"   state_name
id           
4     nicstim"
5581.337762	0.019997999999759486	states													"       state_name
id               
8   wait_for_cout"
5581.35776	0.0014929999997548293	states													"   state_name
id           
9       csgap"
5581.359253	0.37801500000023225	states													"        state_name
id                
16  wait_for_spoke"
5581.737268	0.0004909999997835257	states													"             state_name
id                     
18  soff_reward_chooser"
5581.737759	0.06700300000011339	states													"     state_name
id             
22  reward_soff"
5581.804762	0.5844960000003994	states													"         state_name
id                 
26  post_reward_off"
5582.389258	2.992997000000287	states													"         state_name
id                 
27  soft_drink_time"
5585.382255	0.0005139999993843958	states													"    state_name
id            
28  warndanger"
5585.382769	3.0004840000001423	states													"            state_name
id                    
29  warndanger_warning"
5588.383759	10.393997999999556	trials	1.0	r	2.0	p	1.0	r	0.0	0.0	0.0	1.0	r	p	
5588.383759	10.393997999999556	states													"   state_name
id           
0     state_0"
5588.383759	0.016000999999960186	states													"          state_name
id                  
1   sending_trialnum"
5588.39976	0.16049299999940558	states													"      state_name
id              
3   wait_for_cin"
5588.560253	0.002515000000130385	states													"   state_name
id           
4     nicstim"
5588.562768	0.0005000000001018634	states													"       state_name
id               
5   stimon_nosein"
5588.563268	0.6129849999997532	states													"   state_name
id           
4     nicstim"
5589.176253	0.1735050000006595	states													"       state_name
id               
8   wait_for_cout"
5589.349758	0.0014949999995224061	states													"   state_name
id           
9       csgap"
5589.351253	0.5485120000003008	states													"        state_name
id                
16  wait_for_spoke"
5589.899765	0.00048799999967741314	states													"             state_name
id                     
18  soff_reward_chooser"
5589.900253	0.13400000000001455	states													"         state_name
id                 
19  reward_big_soff"
5590.034253	1.0985000000000582	states													"         state_name
id                 
26  post_reward_off"
5591.132753	4.644000000000233	states													"         state_name
id                 
27  soft_drink_time"
5595.776753	0.0005149999997229315	states													"    state_name
id            
28  warndanger"
5595.777268	3.000489000000016	states													"            state_name
id                    
29  warndanger_warning"
5598.778253	9.439520999999331	trials	1.0	r	2.0	p	1.0	r	0.0	0.0	0.0	1.0	r	p	
5598.778253	9.439520999999331	states													"   state_name
id           
0     state_0"
5598.778253	0.01599999999962165	states													"          state_name
id                  
1   sending_trialnum"
5598.794253	0.0005000000001018634	states													"      state_name
id              
3   wait_for_cin"
5598.794753	0.0024999999995998223	states													"   state_name
id           
4     nicstim"
5598.797253	0.0005099999998492422	states													"       state_name
id               
5   stimon_nosein"
5598.797763	0.6149900000000343	states													"   state_name
id           
4     nicstim"
5599.412753	0.19500300000072457	states													"       state_name
id               
8   wait_for_cout"
5599.607756	0.0015119999998205458	states													"   state_name
id           
9       csgap"
5599.609268	0.3029850000002625	states													"        state_name
id                
16  wait_for_spoke"
5599.912253	0.0004999999991923687	states													"             state_name
id                     
18  soff_reward_chooser"
5599.912753	0.13401599999997416	states													"         state_name
id                 
19  reward_big_soff"
5600.046769	0.3269960000006904	states													"         state_name
id                 
26  post_reward_off"
5600.373765	4.843487999999525	states													"         state_name
id                 
27  soft_drink_time"
5605.217253	0.0005070000006526243	states													"    state_name
id            
28  warndanger"
5605.21776	3.0000139999992825	states													"            state_name
id                    
29  warndanger_warning"
5608.218253	40.175508000000264	trials	1.0	l	1.0	p	1.0	r	1.0	0.0	0.0	1.0	l	p	
5608.218253	40.175508000000264	states													"   state_name
id           
0     state_0"
5608.218253	0.01599999999962165	states													"          state_name
id                  
1   sending_trialnum"
5608.234253	29.664999999999964	states													"      state_name
id              
3   wait_for_cin"
5637.899253	0.0020150000000285218	states													"   state_name
id           
4     nicstim"
5637.901268	0.0004990000006728224	states													"       state_name
id               
5   stimon_nosein"
5637.901767	0.7014859999999317	states													"   state_name
id           
4     nicstim"
5638.603253	1.001999999999498	states													"      state_name
id              
7   reinit_cpoke"
5639.605253	0.0020000000004074536	states													"   state_name
id           
4     nicstim"
5639.607253	0.0005049999999755528	states													"       state_name
id               
5   stimon_nosein"
5639.607758	0.613510000000133	states													"   state_name
id           
4     nicstim"
5640.221268	0.05449099999987084	states													"       state_name
id               
8   wait_for_cout"
5640.275759	0.001494000000093365	states													"   state_name
id           
9       csgap"
5640.277253	0.3850000000002183	states													"        state_name
id                
16  wait_for_spoke"
5640.662253	0.0005059999994045938	states													"             state_name
id                     
18  soff_reward_chooser"
5640.662759	0.06399400000009337	states													"     state_name
id             
22  reward_soff"
5640.726753	1.1550120000001698	states													"         state_name
id                 
26  post_reward_off"
5641.881765	3.510997000000316	states													"         state_name
id                 
27  soft_drink_time"
5645.392762	0.0004909999997835257	states													"    state_name
id            
28  warndanger"
5645.393253	3.0005080000000817	states													"            state_name
id                    
29  warndanger_warning"
5648.394253	17.43499999999949	trials	1.0	r	2.0	p	1.0	r	2.0	0.0	0.0	1.0	r	p	
5648.394253	17.43499999999949	states													"   state_name
id           
0     state_0"
5648.394253	0.01599999999962165	states													"          state_name
id                  
1   sending_trialnum"
5648.410253	0.0005000000001018634	states													"      state_name
id              
3   wait_for_cin"
5648.410753	0.001999999999497959	states													"   state_name
id           
4     nicstim"
5648.412753	0.0005150000006324262	states													"       state_name
id               
5   stimon_nosein"
5648.413268	0.5959999999995489	states													"   state_name
id           
4     nicstim"
5649.009268	1.002494000000297	states													"      state_name
id              
7   reinit_cpoke"
5650.011762	0.002005000000281143	states													"   state_name
id           
4     nicstim"
5650.013767	0.00048599999990983633	states													"       state_name
id               
5   stimon_nosein"
5650.014253	0.6264999999993961	states													"   state_name
id           
4     nicstim"
5650.640753	6.357500000000073	states													"      state_name
id              
7   reinit_cpoke"
5656.998253	0.0020000000004074536	states													"   state_name
id           
4     nicstim"
5657.000253	0.0005000000001018634	states													"       state_name
id               
5   stimon_nosein"
5657.000753	0.5910069999999905	states													"   state_name
id           
4     nicstim"
5657.59176	0.007994999999937136	states													"       state_name
id               
8   wait_for_cout"
5657.599755	0.0014979999996285187	states													"   state_name
id           
9       csgap"
5657.601253	0.7065099999999802	states													"        state_name
id                
16  wait_for_spoke"
5658.307763	0.0004900000003544847	states													"             state_name
id                     
18  soff_reward_chooser"
5658.308253	0.06700999999975465	states													"     state_name
id             
22  reward_soff"
5658.375263	0.39399000000048545	states													"         state_name
id                 
26  post_reward_off"
5658.769253	4.058999999999287	states													"         state_name
id                 
27  soft_drink_time"
5662.828253	0.0005000000001018634	states													"    state_name
id            
28  warndanger"
5662.828753	3.000500000000102	states													"            state_name
id                    
29  warndanger_warning"
5665.829757	14.438495999999759	trials	1.0	r	2.0	p	1.0	r	3.0	0.0	0.0	1.0	r	p	
5665.829757	14.438495999999759	states													"   state_name
id           
0     state_0"
5665.829757	0.01600999999936903	states													"          state_name
id                  
1   sending_trialnum"
5665.845767	0.14048600000023725	states													"      state_name
id              
3   wait_for_cin"
5665.986253	0.0020000000004074536	states													"   state_name
id           
4     nicstim"
5665.988253	0.0004999999991923687	states													"       state_name
id               
5   stimon_nosein"
5665.988753	0.6295000000000073	states													"   state_name
id           
4     nicstim"
5666.618253	1.0025000000005093	states													"      state_name
id              
7   reinit_cpoke"
5667.620753	0.001999999999497959	states													"   state_name
id           
4     nicstim"
5667.622753	0.0005000000001018634	states													"       state_name
id               
5   stimon_nosein"
5667.623253	0.6560150000004796	states													"   state_name
id           
4     nicstim"
5668.279268	1.002491000000191	states													"      state_name
id              
7   reinit_cpoke"
5669.281759	0.0020009999998364947	states													"   state_name
id           
4     nicstim"
5669.28376	0.0004929999995511025	states													"       state_name
id               
5   stimon_nosein"
5669.284253	0.6905160000005708	states													"   state_name
id           
4     nicstim"
5669.974769	2.153983999999582	states													"      state_name
id              
7   reinit_cpoke"
5672.128753	0.0020000000004074536	states													"   state_name
id           
4     nicstim"
5672.130753	0.0004999999991923687	states													"       state_name
id               
5   stimon_nosein"
5672.131253	0.6110050000006595	states													"   state_name
id           
4     nicstim"
5672.742258	0.1589960000001156	states													"       state_name
id               
8   wait_for_cout"
5672.901254	0.0014989999999670545	states													"   state_name
id           
9       csgap"
5672.902753	0.3319999999994252	states													"        state_name
id                
16  wait_for_spoke"
5673.234753	0.0005049999999755528	states													"             state_name
id                     
18  soff_reward_chooser"
5673.235258	0.06699500000013359	states													"     state_name
id             
22  reward_soff"
5673.302253	0.309505000000172	states													"         state_name
id                 
26  post_reward_off"
5673.611758	3.6554949999999735	states													"         state_name
id                 
27  soft_drink_time"
5677.267253	0.0005099999998492422	states													"    state_name
id            
28  warndanger"
5677.267763	3.0004900000003545	states													"            state_name
id                    
29  warndanger_warning"
5680.268753	9.486508999999387	trials	1.0	l	1.0	p	1.0	r	1.0	0.0	0.0	1.0	l	p	
5680.268753	9.486508999999387	states													"   state_name
id           
0     state_0"
5680.268753	0.01599999999962165	states													"          state_name
id                  
1   sending_trialnum"
5680.284753	0.028000000000247383	states													"      state_name
id              
3   wait_for_cin"
5680.312753	0.002005000000281143	states													"   state_name
id           
4     nicstim"
5680.314758	0.0004949999993186793	states													"       state_name
id               
5   stimon_nosein"
5680.315253	0.6550000000006548	states													"   state_name
id           
4     nicstim"
5680.970253	1.001999999999498	states													"      state_name
id              
7   reinit_cpoke"
5681.972253	0.0020000000004074536	states													"   state_name
id           
4     nicstim"
5681.974253	0.0005000000001018634	states													"       state_name
id               
5   stimon_nosein"
5681.974753	0.6150029999998878	states													"   state_name
id           
4     nicstim"
5682.589756	0.03850299999976414	states													"       state_name
id               
8   wait_for_cout"
5682.628259	0.0014970000001994777	states													"   state_name
id           
9       csgap"
5682.629756	0.25801099999989674	states													"        state_name
id                
16  wait_for_spoke"
5682.887767	0.0004870000002483721	states													"             state_name
id                     
18  soff_reward_chooser"
5682.888254	0.06399899999996705	states													"     state_name
id             
22  reward_soff"
5682.952253	0.1404999999995198	states													"         state_name
id                 
26  post_reward_off"
5683.092753	3.662000000000262	states													"         state_name
id                 
27  soft_drink_time"
5686.754753	0.0005000000001018634	states													"    state_name
id            
28  warndanger"
5686.755253	3.000008999999409	states													"            state_name
id                    
29  warndanger_warning"
5689.755763	9.581992999999784	trials	1.0	r	2.0	p	1.0	r	0.0	0.0	0.0	1.0	r	p	
5689.755763	9.581992999999784	states													"   state_name
id           
0     state_0"
5689.755763	0.015997999999854073	states													"          state_name
id                  
1   sending_trialnum"
5689.771761	0.10149199999978009	states													"      state_name
id              
3   wait_for_cin"
5689.873253	0.0020000000004074536	states													"   state_name
id           
4     nicstim"
5689.875253	0.0005080000000816653	states													"       state_name
id               
5   stimon_nosein"
5689.875761	0.6114919999999984	states													"   state_name
id           
4     nicstim"
5690.487253	0.10399999999935972	states													"       state_name
id               
8   wait_for_cout"
5690.591253	0.001006000000415952	states													"   state_name
id           
9       csgap"
5690.592259	0.6495020000002114	states													"        state_name
id                
16  wait_for_spoke"
5691.241761	0.0004920000001220615	states													"             state_name
id                     
18  soff_reward_chooser"
5691.242253	0.13400000000001455	states													"         state_name
id                 
19  reward_big_soff"
5691.376253	0.33750400000008085	states													"         state_name
id                 
26  post_reward_off"
5691.713757	4.622995999999148	states													"         state_name
id                 
27  soft_drink_time"
5696.336753	0.0005150000006324262	states													"    state_name
id            
28  warndanger"
5696.337268	3.0004879999996774	states													"            state_name
id                    
29  warndanger_warning"
5699.338253	8.771005000000514	trials	1.0	l	1.0	p	1.0	r	0.0	0.0	0.0	1.0	l	p	
5699.338253	8.771005000000514	states													"   state_name
id           
0     state_0"
5699.338253	0.016000000000531145	states													"          state_name
id                  
1   sending_trialnum"
5699.354253	0.0004999999991923687	states													"      state_name
id              
3   wait_for_cin"
5699.354753	0.0020000000004074536	states													"   state_name
id           
4     nicstim"
5699.356753	0.0005000000001018634	states													"       state_name
id               
5   stimon_nosein"
5699.357253	0.6105170000000726	states													"   state_name
id           
4     nicstim"
5699.96777	0.20549799999935203	states													"       state_name
id               
8   wait_for_cout"
5700.173268	0.0014950000004319008	states													"   state_name
id           
9       csgap"
5700.174763	0.3164950000000317	states													"        state_name
id                
16  wait_for_spoke"
5700.491258	0.0005009999995309045	states													"             state_name
id                     
18  soff_reward_chooser"
5700.491759	0.12750900000082765	states													"         state_name
id                 
19  reward_big_soff"
5700.619268	0.6764909999992597	states													"         state_name
id                 
26  post_reward_off"
5701.295759	3.812496000000465	states													"         state_name
id                 
27  soft_drink_time"
5705.108255	0.0005140000002938905	states													"    state_name
id            
28  warndanger"
5705.108769	3.000489000000016	states													"            state_name
id                    
29  warndanger_warning"
5708.109762	14.692990999999893	trials	1.0	l	1.0	p	1.0	r	1.0	0.0	0.0	1.0	l	p	
5708.109762	14.692990999999893	states													"   state_name
id           
0     state_0"
5708.109762	0.01599400000031892	states													"          state_name
id                  
1   sending_trialnum"
5708.125756	5.467001999999411	states													"      state_name
id              
3   wait_for_cin"
5713.592758	0.0024950000006356277	states													"   state_name
id           
4     nicstim"
5713.595253	0.0005059999994045938	states													"       state_name
id               
5   stimon_nosein"
5713.595759	0.5164940000004208	states													"   state_name
id           
4     nicstim"
5714.112253	1.001999999999498	states													"      state_name
id              
7   reinit_cpoke"
5715.114253	0.002500000000509317	states													"   state_name
id           
4     nicstim"
5715.116753	0.0005000000001018634	states													"       state_name
id               
5   stimon_nosein"
5715.117253	0.6295000000000073	states													"   state_name
id           
4     nicstim"
5715.746753	0.029007999999521417	states													"       state_name
id               
8   wait_for_cout"
5715.775761	0.0014920000003257883	states													"   state_name
id           
9       csgap"
5715.777253	0.3345069999995758	states													"        state_name
id                
16  wait_for_spoke"
5716.11176	0.0004930000004605972	states													"             state_name
id                     
18  soff_reward_chooser"
5716.112253	0.0639999999993961	states													"     state_name
id             
22  reward_soff"
5716.176253	0.2139999999999418	states													"         state_name
id                 
26  post_reward_off"
5716.390253	3.412000000000262	states													"         state_name
id                 
27  soft_drink_time"
5719.802253	0.0005000000001018634	states													"    state_name
id            
28  warndanger"
5719.802753	3.0	states													"            state_name
id                    
29  warndanger_warning"
5722.803253	10.207499999999527	trials	1.0	r	2.0	p	1.0	r	1.0	0.0	0.0	1.0	r	p	
5722.803253	10.207499999999527	states													"   state_name
id           
0     state_0"
5722.803253	0.016015000000152213	states													"          state_name
id                  
1   sending_trialnum"
5722.819268	0.0005000000001018634	states													"      state_name
id              
3   wait_for_cin"
5722.819768	0.002484999999978754	states													"   state_name
id           
4     nicstim"
5722.822253	0.0005000000001018634	states													"       state_name
id               
5   stimon_nosein"
5722.822753	0.58301499999925	states													"   state_name
id           
4     nicstim"
5723.405768	1.0019950000005338	states													"      state_name
id              
7   reinit_cpoke"
5724.407763	0.0025049999994735117	states													"   state_name
id           
4     nicstim"
5724.410268	0.000495000000228174	states													"       state_name
id               
5   stimon_nosein"
5724.410763	0.5919899999998961	states													"   state_name
id           
4     nicstim"
5725.002753	0.06750000000010914	states													"       state_name
id               
8   wait_for_cout"
5725.070253	0.0010000000002037268	states													"   state_name
id           
9       csgap"
5725.071253	0.5039999999999054	states													"        state_name
id                
16  wait_for_spoke"
5725.575253	0.000503999999637017	states													"             state_name
id                     
18  soff_reward_chooser"
5725.575757	0.06699600000047212	states													"     state_name
id             
22  reward_soff"
5725.642753	0.2460000000000946	states													"         state_name
id                 
26  post_reward_off"
5725.888753	4.121008999999503	states													"         state_name
id                 
27  soft_drink_time"
5730.009762	0.0004960000005667098	states													"    state_name
id            
28  warndanger"
5730.010258	3.0004949999993187	states													"            state_name
id                    
29  warndanger_warning"
5733.011253	9.05200000000059	trials	1.0	l	1.0	p	1.0	r	0.0	0.0	0.0	1.0	l	p	
5733.011253	9.05200000000059	states													"   state_name
id           
0     state_0"
5733.011253	0.016015000000152213	states													"          state_name
id                  
1   sending_trialnum"
5733.027268	0.0004980000003342866	states													"      state_name
id              
3   wait_for_cin"
5733.027766	0.002486999999746331	states													"   state_name
id           
4     nicstim"
5733.030253	0.0005000000001018634	states													"       state_name
id               
5   stimon_nosein"
5733.030753	0.606499999999869	states													"   state_name
id           
4     nicstim"
5733.637253	0.09000000000014552	states													"       state_name
id               
8   wait_for_cout"
5733.727253	0.0010000000002037268	states													"   state_name
id           
9       csgap"
5733.728253	0.23550499999964813	states													"        state_name
id                
16  wait_for_spoke"
5733.963758	0.000495000000228174	states													"             state_name
id                     
18  soff_reward_chooser"
5733.964253	0.12750400000004447	states													"         state_name
id                 
19  reward_big_soff"
5734.091757	0.30701200000021345	states													"         state_name
id                 
26  post_reward_off"
5734.398769	4.663485000000037	states													"         state_name
id                 
27  soft_drink_time"
5739.062254	0.0005149999997229315	states													"    state_name
id            
28  warndanger"
5739.062769	3.0004840000001423	states													"            state_name
id                    
29  warndanger_warning"
5742.06376	11.224492999999711	trials	1.0	l	1.0	p	1.0	r	2.0	0.0	0.0	1.0	l	p	
5742.06376	11.224492999999711	states													"   state_name
id           
0     state_0"
5742.06376	0.0160040000000663	states													"          state_name
id                  
1   sending_trialnum"
5742.079764	0.4369989999995596	states													"      state_name
id              
3   wait_for_cin"
5742.516763	0.0024900000007619383	states													"   state_name
id           
4     nicstim"
5742.519253	0.0005029999992984813	states													"       state_name
id               
5   stimon_nosein"
5742.519756	0.7144969999999375	states													"   state_name
id           
4     nicstim"
5743.234253	1.0025000000005093	states													"      state_name
id              
7   reinit_cpoke"
5744.236753	0.002515000000130385	states													"   state_name
id           
4     nicstim"
5744.239268	0.0005000000001018634	states													"       state_name
id               
5   stimon_nosein"
5744.239768	0.6859919999997146	states													"   state_name
id           
4     nicstim"
5744.92576	1.0024929999999586	states													"      state_name
id              
7   reinit_cpoke"
5745.928253	0.0024999999995998223	states													"   state_name
id           
4     nicstim"
5745.930753	0.0005000000001018634	states													"       state_name
id               
5   stimon_nosein"
5745.931253	0.5980150000004869	states													"   state_name
id           
4     nicstim"
5746.529268	0.13698500000009517	states													"       state_name
id               
8   wait_for_cout"
5746.666253	0.001014999999824795	states													"   state_name
id           
9       csgap"
5746.667268	0.4094939999995404	states													"        state_name
id                
16  wait_for_spoke"
5747.076762	0.0004910000006930204	states													"             state_name
id                     
18  soff_reward_chooser"
5747.077253	0.0639999999993961	states													"     state_name
id             
22  reward_soff"
5747.141253	0.9800050000003466	states													"         state_name
id                 
26  post_reward_off"
5748.121258	2.1659950000002937	states													"         state_name
id                 
27  soft_drink_time"
5750.287253	0.0005069999997431296	states													"    state_name
id            
28  warndanger"
5750.28776	3.000492999999551	states													"            state_name
id                    
29  warndanger_warning"
5753.288753	9.369499999999789	trials	1.0	l	1.0	p	1.0	r	1.0	0.0	0.0	1.0	l	p	
5753.288753	9.369499999999789	states													"   state_name
id           
0     state_0"
5753.288753	0.016005999999833875	states													"          state_name
id                  
1   sending_trialnum"
5753.304759	0.11949400000048627	states													"      state_name
id              
3   wait_for_cin"
5753.424253	0.002515000000130385	states													"   state_name
id           
4     nicstim"
5753.426768	0.0005000000001018634	states													"       state_name
id               
5   stimon_nosein"
5753.427268	0.7069849999998041	states													"   state_name
id           
4     nicstim"
5754.134253	1.0024999999995998	states													"      state_name
id              
7   reinit_cpoke"
5755.136753	0.002500000000509317	states													"   state_name
id           
4     nicstim"
5755.139253	0.0005129999999553547	states													"       state_name
id               
5   stimon_nosein"
5755.139766	0.6259959999997591	states													"   state_name
id           
4     nicstim"
5755.765762	0.289506000000074	states													"       state_name
id               
8   wait_for_cout"
5756.055268	0.0014849999997750274	states													"   state_name
id           
9       csgap"
5756.056753	0.39950000000044383	states													"        state_name
id                
16  wait_for_spoke"
5756.456253	0.0005000000001018634	states													"             state_name
id                     
18  soff_reward_chooser"
5756.456753	0.0639999999993961	states													"     state_name
id             
22  reward_soff"
5756.520753	0.9525149999999485	states													"         state_name
id                 
26  post_reward_off"
5757.473268	2.184494000000086	states													"         state_name
id                 
27  soft_drink_time"
5759.657762	0.0004909999997835257	states													"    state_name
id            
28  warndanger"
5759.658253	3.0	states													"            state_name
id                    
29  warndanger_warning"
5762.658753	10.329005000000507	trials	1.0	r	2.0	p	1.0	r	1.0	0.0	0.0	1.0	r	p	
5762.658753	10.329005000000507	states													"   state_name
id           
0     state_0"
5762.658753	0.016005000000404834	states													"          state_name
id                  
1   sending_trialnum"
5762.674758	0.0005099999998492422	states													"      state_name
id              
3   wait_for_cin"
5762.675268	0.0024890000004234025	states													"   state_name
id           
4     nicstim"
5762.677757	0.0004959999996572151	states													"       state_name
id               
5   stimon_nosein"
5762.678253	0.15751199999976961	states													"   state_name
id           
4     nicstim"
5762.835765	1.330988000000616	states													"      state_name
id              
7   reinit_cpoke"
5764.166753	0.0024999999995998223	states													"   state_name
id           
4     nicstim"
5764.169253	0.0005069999997431296	states													"       state_name
id               
5   stimon_nosein"
5764.16976	0.6150090000001001	states													"   state_name
id           
4     nicstim"
5764.784769	0.14049900000009075	states													"       state_name
id               
8   wait_for_cout"
5764.925268	0.0014849999997750274	states													"   state_name
id           
9       csgap"
5764.926753	0.4875000000001819	states													"        state_name
id                
16  wait_for_spoke"
5765.414253	0.0005000000001018634	states													"             state_name
id                     
18  soff_reward_chooser"
5765.414753	0.06700699999964854	states													"     state_name
id             
22  reward_soff"
5765.48176	1.2624930000001768	states													"         state_name
id                 
26  post_reward_off"
5766.744253	3.242500000000291	states													"         state_name
id                 
27  soft_drink_time"
5769.986753	0.0005000000001018634	states													"    state_name
id            
28  warndanger"
5769.987253	3.0005049999999756	states													"            state_name
id                    
29  warndanger_warning"
5772.988254	16.706014000000323	trials	1.0	r	2.0	p	1.0	r	3.0	0.0	0.0	1.0	r	p	
5772.988254	16.706014000000323	states													"   state_name
id           
0     state_0"
5772.988254	0.01599900000019261	states													"          state_name
id                  
1   sending_trialnum"
5773.004253	2.594000000000051	states													"      state_name
id              
3   wait_for_cin"
5775.598253	0.001999999999497959	states													"   state_name
id           
4     nicstim"
5775.600253	0.0005000000001018634	states													"       state_name
id               
5   stimon_nosein"
5775.600753	0.7265000000006694	states													"   state_name
id           
4     nicstim"
5776.327253	1.0025019999993674	states													"      state_name
id              
7   reinit_cpoke"
5777.329755	0.0024979999998322455	states													"   state_name
id           
4     nicstim"
5777.332253	0.0005000000001018634	states													"       state_name
id               
5   stimon_nosein"
5777.332753	0.6675000000004729	states													"   state_name
id           
4     nicstim"
5778.000253	1.001999999999498	states													"      state_name
id              
7   reinit_cpoke"
5779.002253	0.0020010000007459894	states													"   state_name
id           
4     nicstim"
5779.004254	0.0005149999997229315	states													"       state_name
id               
5   stimon_nosein"
5779.004769	0.7009980000002543	states													"   state_name
id           
4     nicstim"
5779.705767	1.1899949999997261	states													"      state_name
id              
7   reinit_cpoke"
5780.895762	0.002005000000281143	states													"   state_name
id           
4     nicstim"
5780.897767	0.00048599999990983633	states													"       state_name
id               
5   stimon_nosein"
5780.898253	0.6244999999998981	states													"   state_name
id           
4     nicstim"
5781.522753	0.181999999999789	states													"       state_name
id               
8   wait_for_cout"
5781.704753	0.0010039999997388804	states													"   state_name
id           
9       csgap"
5781.705757	0.34849600000052305	states													"        state_name
id                
16  wait_for_spoke"
5782.054253	0.0005000000001018634	states													"             state_name
id                     
18  soff_reward_chooser"
5782.054753	0.06700999999975465	states													"     state_name
id             
22  reward_soff"
5782.121763	1.6464900000000853	states													"         state_name
id                 
26  post_reward_off"
5783.768253	2.9250160000001415	states													"         state_name
id                 
27  soft_drink_time"
5786.693269	0.0004909999997835257	states													"    state_name
id            
28  warndanger"
5786.69376	3.0005080000000817	states													"            state_name
id                    
29  warndanger_warning"
5789.694753	9.271502999999939	trials	1.0	l	1.0	p	1.0	r	0.0	0.0	0.0	1.0	l	p	
5789.694753	9.271502999999939	states													"   state_name
id           
0     state_0"
5789.694753	0.016000000000531145	states													"          state_name
id                  
1   sending_trialnum"
5789.710753	0.0005000000001018634	states													"      state_name
id              
3   wait_for_cin"
5789.711253	0.002509999999347201	states													"   state_name
id           
4     nicstim"
5789.713763	0.000495000000228174	states													"       state_name
id               
5   stimon_nosein"
5789.714258	0.5965020000003278	states													"   state_name
id           
4     nicstim"
5790.31076	0.2029949999996461	states													"       state_name
id               
8   wait_for_cout"
5790.513755	0.0014979999996285187	states													"   state_name
id           
9       csgap"
5790.515253	0.26300500000070315	states													"        state_name
id                
16  wait_for_spoke"
5790.778258	0.0005000000001018634	states													"             state_name
id                     
18  soff_reward_chooser"
5790.778758	0.12749499999972613	states													"         state_name
id                 
19  reward_big_soff"
5790.906253	0.32849999999962165	states													"         state_name
id                 
26  post_reward_off"
5791.234753	4.730500000000575	states													"         state_name
id                 
27  soft_drink_time"
5795.965253	0.0005080000000816653	states													"    state_name
id            
28  warndanger"
5795.965761	3.0004949999993187	states													"            state_name
id                    
29  warndanger_warning"
5798.966753	9.222000000000662	trials	1.0	l	1.0	p	1.0	r	0.0	0.0	0.0	1.0	l	p	
5798.966753	9.222000000000662	states													"   state_name
id           
0     state_0"
5798.966753	0.016000000000531145	states													"          state_name
id                  
1   sending_trialnum"
5798.982753	0.0005000000001018634	states													"      state_name
id              
3   wait_for_cin"
5798.983253	0.0020150000000285218	states													"   state_name
id           
4     nicstim"
5798.985268	0.0005080000000816653	states													"       state_name
id               
5   stimon_nosein"
5798.985776	0.608976999999868	states													"   state_name
id           
4     nicstim"
5799.594753	0.16601600000012695	states													"       state_name
id               
8   wait_for_cout"
5799.760769	0.0010009999996327679	states													"   state_name
id           
9       csgap"
5799.76177	0.43648299999949813	states													"        state_name
id                
16  wait_for_spoke"
5800.198253	0.0005000000001018634	states													"             state_name
id                     
18  soff_reward_chooser"
5800.198753	0.12750000000050932	states													"         state_name
id                 
19  reward_big_soff"
5800.326253	1.0659999999998035	states													"         state_name
id                 
26  post_reward_off"
5801.392253	3.7955009999996037	states													"         state_name
id                 
27  soft_drink_time"
5805.187754	0.0004990000006728224	states													"    state_name
id            
28  warndanger"
5805.188253	3.000500000000102	states													"            state_name
id                    
29  warndanger_warning"
5808.189253	15.261500000000524	trials	1.0	l	1.0	p	1.0	r	1.0	0.0	0.0	1.0	l	p	
5808.189253	15.261500000000524	states													"   state_name
id           
0     state_0"
5808.189253	0.016000000000531145	states													"          state_name
id                  
1   sending_trialnum"
5808.205253	4.425000000000182	states													"      state_name
id              
3   wait_for_cin"
5812.630253	0.0020020000001750304	states													"   state_name
id           
4     nicstim"
5812.632255	0.0005139999993843958	states													"       state_name
id               
5   stimon_nosein"
5812.632769	0.6654840000001059	states													"   state_name
id           
4     nicstim"
5813.298253	1.0025000000005093	states													"      state_name
id              
7   reinit_cpoke"
5814.300753	0.001999999999497959	states													"   state_name
id           
4     nicstim"
5814.302753	0.0005000000001018634	states													"       state_name
id               
5   stimon_nosein"
5814.303253	0.6199999999998909	states													"   state_name
id           
4     nicstim"
5814.923253	0.2794999999996435	states													"       state_name
id               
8   wait_for_cout"
5815.202753	0.0010080000001835288	states													"   state_name
id           
9       csgap"
5815.203761	0.28249200000027486	states													"        state_name
id                
16  wait_for_spoke"
5815.486253	0.0005000000001018634	states													"             state_name
id                     
18  soff_reward_chooser"
5815.486753	0.06400000000030559	states													"     state_name
id             
22  reward_soff"
5815.550753	1.2159999999994398	states													"         state_name
id                 
26  post_reward_off"
5816.766753	3.6835000000000946	states													"         state_name
id                 
27  soft_drink_time"
5820.450253	0.0005000000001018634	states													"    state_name
id            
28  warndanger"
5820.450753	3.0	states													"            state_name
id                    
29  warndanger_warning"
5823.451253	14.868505999999797	trials	1.0	r	2.0	p	1.0	r	1.0	0.0	0.0	1.0	r	p	
5823.451253	14.868505999999797	states													"   state_name
id           
0     state_0"
5823.451253	0.01599999999962165	states													"          state_name
id                  
1   sending_trialnum"
5823.467253	0.36900000000059663	states													"      state_name
id              
3   wait_for_cin"
5823.836253	0.0020029999996040715	states													"   state_name
id           
4     nicstim"
5823.838256	0.0005019999998694402	states													"       state_name
id               
5   stimon_nosein"
5823.838758	0.6540039999999863	states													"   state_name
id           
4     nicstim"
5824.492762	5.64549100000022	states													"      state_name
id              
7   reinit_cpoke"
5830.138253	0.001999999999497959	states													"   state_name
id           
4     nicstim"
5830.140253	0.0005000000001018634	states													"       state_name
id               
5   stimon_nosein"
5830.140753	0.5970030000007682	states													"   state_name
id           
4     nicstim"
5830.737756	0.03499699999974837	states													"       state_name
id               
8   wait_for_cout"
5830.772753	0.0010099999999511056	states													"   state_name
id           
9       csgap"
5830.773763	0.30548999999973603	states													"        state_name
id                
16  wait_for_spoke"
5831.079253	0.0005069999997431296	states													"             state_name
id                     
18  soff_reward_chooser"
5831.07976	0.06699300000036601	states													"     state_name
id             
22  reward_soff"
5831.146753	0.5225000000000364	states													"         state_name
id                 
26  post_reward_off"
5831.669253	3.649999999999636	states													"         state_name
id                 
27  soft_drink_time"
5835.319253	0.0005060000003140885	states													"    state_name
id            
28  warndanger"
5835.319759	3.0	states													"            state_name
id                    
29  warndanger_warning"
5838.320253	9.965000000000146	trials	1.0	r	2.0	p	1.0	r	0.0	0.0	0.0	1.0	r	p	
5838.320253	9.965000000000146	states													"   state_name
id           
0     state_0"
5838.320253	0.016000000000531145	states													"          state_name
id                  
1   sending_trialnum"
5838.336253	0.0004999999991923687	states													"      state_name
id              
3   wait_for_cin"
5838.336753	0.002500000000509317	states													"   state_name
id           
4     nicstim"
5838.339253	0.0005089999995107064	states													"        state_name
id                
6   stimon_noseout"
5838.339762	0.6054910000002565	states													"   state_name
id           
4     nicstim"
5838.945253	0.021015000000261352	states													"       state_name
id               
8   wait_for_cout"
5838.966268	0.0014949999995224061	states													"   state_name
id           
9       csgap"
5838.967763	0.5684900000005655	states													"        state_name
id                
16  wait_for_spoke"
5839.536253	0.0005000000001018634	states													"             state_name
id                     
18  soff_reward_chooser"
5839.536753	0.13400000000001455	states													"         state_name
id                 
19  reward_big_soff"
5839.670753	0.38400000000001455	states													"         state_name
id                 
26  post_reward_off"
5840.054753	5.229505999999674	states													"         state_name
id                 
27  soft_drink_time"
5845.284259	0.0005099999998492422	states													"    state_name
id            
28  warndanger"
5845.284769	3.0004840000001423	states													"            state_name
id                    
29  warndanger_warning"
5848.285763	13.024505000000318	trials	1.0	r	2.0	p	1.0	r	2.0	0.0	0.0	1.0	r	p	
5848.285763	13.024505000000318	states													"   state_name
id           
0     state_0"
5848.285763	0.016000000000531145	states													"          state_name
id                  
1   sending_trialnum"
5848.301763	0.22298999999929947	states													"      state_name
id              
3   wait_for_cin"
5848.524753	0.0020010000007459894	states													"   state_name
id           
4     nicstim"
5848.526754	0.0005139999993843958	states													"       state_name
id               
5   stimon_nosein"
5848.527268	0.7114849999998114	states													"   state_name
id           
4     nicstim"
5849.238753	1.0025150000001304	states													"      state_name
id              
7   reinit_cpoke"
5850.241268	0.0024890000004234025	states													"   state_name
id           
4     nicstim"
5850.243757	0.0004959999996572151	states													"       state_name
id               
5   stimon_nosein"
5850.244253	0.17300500000055763	states													"   state_name
id           
4     nicstim"
5850.417258	1.5924999999997453	states													"      state_name
id              
7   reinit_cpoke"
5852.009758	0.002494999999726133	states													"   state_name
id           
4     nicstim"
5852.012253	0.0005000000001018634	states													"       state_name
id               
5   stimon_nosein"
5852.012753	0.6130169999996724	states													"   state_name
id           
4     nicstim"
5852.62577	0.20048300000053132	states													"       state_name
id               
8   wait_for_cout"
5852.826253	0.0015089999997144332	states													"   state_name
id           
9       csgap"
5852.827762	0.5359969999999521	states													"        state_name
id                
16  wait_for_spoke"
5853.363759	0.0005090000004202011	states													"             state_name
id                     
18  soff_reward_chooser"
5853.364268	0.06698499999947671	states													"     state_name
id             
22  reward_soff"
5853.431253	1.0270000000000437	states													"         state_name
id                 
26  post_reward_off"
5854.458253	3.8510000000005675	states													"         state_name
id                 
27  soft_drink_time"
5858.309253	0.0005099999998492422	states													"    state_name
id            
28  warndanger"
5858.309763	3.0005049999999756	states													"            state_name
id                    
29  warndanger_warning"
5861.310753	10.267501000000266	trials	1.0	l	1.0	p	1.0	r	0.0	0.0	0.0	1.0	l	p	
5861.310753	10.267501000000266	states													"   state_name
id           
0     state_0"
5861.310753	0.01601600000049075	states													"          state_name
id                  
1   sending_trialnum"
5861.326769	0.7254839999995966	states													"      state_name
id              
3   wait_for_cin"
5862.052253	0.002500000000509317	states													"   state_name
id           
4     nicstim"
5862.054753	0.0005049999999755528	states													"       state_name
id               
5   stimon_nosein"
5862.055258	0.6285009999992326	states													"   state_name
id           
4     nicstim"
5862.683759	0.07599800000025425	states													"       state_name
id               
8   wait_for_cout"
5862.759757	0.001495999999860942	states													"   state_name
id           
9       csgap"
5862.761253	0.39050500000030297	states													"        state_name
id                
16  wait_for_spoke"
5863.151758	0.000495000000228174	states													"             state_name
id                     
18  soff_reward_chooser"
5863.152253	0.12750700000015058	states													"         state_name
id                 
19  reward_big_soff"
5863.27976	1.2334929999997257	states													"         state_name
id                 
26  post_reward_off"
5864.513253	4.064502999999604	states													"         state_name
id                 
27  soft_drink_time"
5868.577756	0.0004969999999957508	states													"    state_name
id            
28  warndanger"
5868.578253	3.0000010000003385	states													"            state_name
id                    
29  warndanger_warning"
5871.578769	10.064996000000065	trials	1.0	r	2.0	p	1.0	r	0.0	0.0	0.0	1.0	r	p	
5871.578769	10.064996000000065	states													"   state_name
id           
0     state_0"
5871.578769	0.01598400000057154	states													"          state_name
id                  
1   sending_trialnum"
5871.594753	0.0005049999999755528	states													"      state_name
id              
3   wait_for_cin"
5871.595258	0.0024979999998322455	states													"   state_name
id           
4     nicstim"
5871.597756	0.0004969999999957508	states													"       state_name
id               
5   stimon_nosein"
5871.598253	0.6165000000000873	states													"   state_name
id           
4     nicstim"
5872.214753	0.023008000000118045	states													"       state_name
id               
8   wait_for_cout"
5872.237761	0.001007999999274034	states													"   state_name
id           
9       csgap"
5872.238769	0.43798400000014226	states													"        state_name
id                
16  wait_for_spoke"
5872.676753	0.0005000000001018634	states													"             state_name
id                     
18  soff_reward_chooser"
5872.677253	0.13401599999997416	states													"         state_name
id                 
19  reward_big_soff"
5872.811269	0.3889840000001641	states													"         state_name
id                 
26  post_reward_off"
5873.200253	5.442500000000109	states													"         state_name
id                 
27  soft_drink_time"
5878.642753	0.0005000000001018634	states													"    state_name
id            
28  warndanger"
5878.643253	3.000511999999617	states													"            state_name
id                    
29  warndanger_warning"
5881.644253	6.044504999999845	trials	0.0	r	2.0	p	1.0	r	0.0	0.0	0.0	0.0	r	p	
5881.644253	6.044504999999845	states													"   state_name
id           
0     state_0"
5881.644253	0.01601499999924272	states													"          state_name
id                  
1   sending_trialnum"
5881.660268	0.000495000000228174	states													"      state_name
id              
3   wait_for_cin"
5881.660763	0.0024899999998524436	states													"   state_name
id           
4     nicstim"
5881.663253	0.0005040000005465117	states													"       state_name
id               
5   stimon_nosein"
5881.663757	0.6029959999996208	states													"   state_name
id           
4     nicstim"
5882.266753	0.12049999999999272	states													"       state_name
id               
8   wait_for_cout"
5882.387253	0.0010000000002037268	states													"   state_name
id           
9       csgap"
5882.388253	0.2995039999996152	states													"        state_name
id                
16  wait_for_spoke"
5882.687757	5.001001000000542	states													"     state_name
id             
31  error_state"
5887.689269	72.80649199999971	trials	1.0	r	2.0	p	1.0	r	1.0	0.0	0.0	1.0	r	p	
5887.689269	72.80649199999971	states													"   state_name
id           
0     state_0"
5887.689269	0.015983999999662046	states													"          state_name
id                  
1   sending_trialnum"
5887.705253	0.31451000000015483	states													"      state_name
id              
3   wait_for_cin"
5888.019763	0.0020009999998364947	states													"   state_name
id           
4     nicstim"
5888.021764	0.0004939999998896383	states													"       state_name
id               
5   stimon_nosein"
5888.022258	0.75099500000033	states													"   state_name
id           
4     nicstim"
5888.773253	62.82500499999969	states													"      state_name
id              
7   reinit_cpoke"
5951.598258	0.002494999999726133	states													"   state_name
id           
4     nicstim"
5951.600753	0.0005000000001018634	states													"       state_name
id               
5   stimon_nosein"
5951.601253	0.6185110000005807	states													"   state_name
id           
4     nicstim"
5952.219764	0.19498899999962305	states													"       state_name
id               
8   wait_for_cout"
5952.414753	0.0010019999999713036	states													"   state_name
id           
9       csgap"
5952.415755	0.2640010000004622	states													"        state_name
id                
16  wait_for_spoke"
5952.679756	0.0004969999999957508	states													"             state_name
id                     
18  soff_reward_chooser"
5952.680253	0.06700499999988097	states													"     state_name
id             
22  reward_soff"
5952.747258	0.9865019999997457	states													"         state_name
id                 
26  post_reward_off"
5953.73376	3.7609929999998712	states													"         state_name
id                 
27  soft_drink_time"
5957.494753	0.0005000000001018634	states													"    state_name
id            
28  warndanger"
5957.495253	3.0005080000000817	states													"            state_name
id                    
29  warndanger_warning"
5960.496253	52.573999999999614	trials	1.0	l	1.0	p	1.0	r	5.0	0.0	0.0	1.0	l	p	
5960.496253	52.573999999999614	states													"   state_name
id           
0     state_0"
5960.496253	0.01599999999962165	states													"          state_name
id                  
1   sending_trialnum"
5960.512253	17.98400000000038	states													"      state_name
id              
3   wait_for_cin"
5978.496253	0.0024999999995998223	states													"   state_name
id           
4     nicstim"
5978.498753	0.0005000000001018634	states													"       state_name
id               
5   stimon_nosein"
5978.499253	0.7120000000004438	states													"   state_name
id           
4     nicstim"
5979.211253	1.0025159999995594	states													"      state_name
id              
7   reinit_cpoke"
5980.213769	0.0024839999996402184	states													"   state_name
id           
4     nicstim"
5980.216253	0.0005000000001018634	states													"       state_name
id               
5   stimon_nosein"
5980.216753	0.7200000000002547	states													"   state_name
id           
4     nicstim"
5980.936753	2.801013000000239	states													"      state_name
id              
7   reinit_cpoke"
5983.737766	0.002486999999746331	states													"   state_name
id           
4     nicstim"
5983.740253	0.0005000000001018634	states													"       state_name
id               
5   stimon_nosein"
5983.740753	0.6460049999996045	states													"   state_name
id           
4     nicstim"
5984.386758	15.31349500000033	states													"      state_name
id              
7   reinit_cpoke"
5999.700253	0.0024999999995998223	states													"   state_name
id           
4     nicstim"
5999.702753	0.0005000000001018634	states													"       state_name
id               
5   stimon_nosein"
5999.703253	0.7045189999998911	states													"   state_name
id           
4     nicstim"
6000.407772	4.445985000000292	states													"      state_name
id              
7   reinit_cpoke"
6004.853757	0.0024960000000646687	states													"   state_name
id           
4     nicstim"
6004.856253	0.0005000000001018634	states													"       state_name
id               
5   stimon_nosein"
6004.856753	0.5164999999997235	states													"   state_name
id           
4     nicstim"
6005.373253	1.0020050000002811	states													"      state_name
id              
7   reinit_cpoke"
6006.375258	0.0024960000000646687	states													"   state_name
id           
4     nicstim"
6006.377754	0.0004989999997633277	states													"       state_name
id               
5   stimon_nosein"
6006.378253	0.6270150000000285	states													"   state_name
id           
4     nicstim"
6007.005268	0.5364959999997154	states													"       state_name
id               
8   wait_for_cout"
6007.541764	0.0010050000000774162	states													"   state_name
id           
9       csgap"
6007.542769	0.27548900000056165	states													"        state_name
id                
16  wait_for_spoke"
6007.818258	0.0005000000001018634	states													"             state_name
id                     
18  soff_reward_chooser"
6007.818758	0.06400299999950221	states													"     state_name
id             
22  reward_soff"
6007.882761	0.06550500000048487	states													"         state_name
id                 
26  post_reward_off"
6007.948266	2.1214890000001105	states													"         state_name
id                 
27  soft_drink_time"
6010.069755	0.0004979999994247919	states													"    state_name
id            
28  warndanger"
6010.070253	3.0	states													"            state_name
id                    
29  warndanger_warning"
6013.070753	74.33100800000011	trials	1.0	r	2.0	p	1.0	r	6.0	0.0	0.0	1.0	r	p	
6013.070753	74.33100800000011	states													"   state_name
id           
0     state_0"
6013.070753	0.01599999999962165	states													"          state_name
id                  
1   sending_trialnum"
6013.086753	0.3975000000000364	states													"      state_name
id              
3   wait_for_cin"
6013.484253	0.0020000000004074536	states													"   state_name
id           
4     nicstim"
6013.486253	0.0005049999999755528	states													"       state_name
id               
5   stimon_nosein"
6013.486758	0.7419950000003155	states													"   state_name
id           
4     nicstim"
6014.228753	48.46399999999994	states													"      state_name
id              
7   reinit_cpoke"
6062.692753	0.0020100000001548324	states													"   state_name
id           
4     nicstim"
6062.694763	0.00048999999944499	states													"       state_name
id               
5   stimon_nosein"
6062.695253	0.5995000000002619	states													"   state_name
id           
4     nicstim"
6063.294753	3.895007000000078	states													"      state_name
id              
7   reinit_cpoke"
6067.18976	0.00200700000004872	states													"   state_name
id           
4     nicstim"
6067.191767	0.00048599999990983633	states													"       state_name
id               
5   stimon_nosein"
6067.192253	0.6395059999995283	states													"   state_name
id           
4     nicstim"
6067.831759	1.002494000000297	states													"      state_name
id              
7   reinit_cpoke"
6068.834253	0.0024999999995998223	states													"   state_name
id           
4     nicstim"
6068.836753	0.0005000000001018634	states													"       state_name
id               
5   stimon_nosein"
6068.837253	0.4945060000000012	states													"   state_name
id           
4     nicstim"
6069.331759	1.002494000000297	states													"      state_name
id              
7   reinit_cpoke"
6070.334253	0.0020009999998364947	states													"   state_name
id           
4     nicstim"
6070.336254	0.0004989999997633277	states													"       state_name
id               
5   stimon_nosein"
6070.336753	0.5835000000006403	states													"   state_name
id           
4     nicstim"
6070.920253	1.405999999999949	states													"      state_name
id              
7   reinit_cpoke"
6072.326253	0.0020049999993716483	states													"   state_name
id           
4     nicstim"
6072.328258	0.0005000000001018634	states													"       state_name
id               
5   stimon_nosein"
6072.328758	0.45349500000065746	states													"   state_name
id           
4     nicstim"
6072.782253	5.214500000000044	states													"      state_name
id              
7   reinit_cpoke"
6077.996753	0.0020089999998162966	states													"   state_name
id           
4     nicstim"
6077.998762	0.0004909999997835257	states													"       state_name
id               
5   stimon_nosein"
6077.999253	0.6025159999999232	states													"   state_name
id           
4     nicstim"
6078.601769	0.32548399999996036	states													"       state_name
id               
8   wait_for_cout"
6078.927253	0.0015000000003055902	states													"   state_name
id           
9       csgap"
6078.928753	0.4295000000001892	states													"        state_name
id                
16  wait_for_spoke"
6079.358253	0.0005000000001018634	states													"             state_name
id                     
18  soff_reward_chooser"
6079.358753	0.06700399999954243	states													"     state_name
id             
22  reward_soff"
6079.425757	0.32899600000018836	states													"         state_name
id                 
26  post_reward_off"
6079.754753	4.646499999999833	states													"         state_name
id                 
27  soft_drink_time"
6084.401253	0.0005019999998694402	states													"    state_name
id            
28  warndanger"
6084.401755	3.0000060000002122	states													"            state_name
id                    
29  warndanger_warning"
6087.402253	10.072000999999545	trials	1.0	r	2.0	p	1.0	r	0.0	0.0	0.0	1.0	r	p	
6087.402253	10.072000999999545	states													"   state_name
id           
0     state_0"
6087.402253	0.01599999999962165	states													"          state_name
id                  
1   sending_trialnum"
6087.418253	0.0005000000001018634	states													"      state_name
id              
3   wait_for_cin"
6087.418753	0.002500000000509317	states													"   state_name
id           
4     nicstim"
6087.421253	0.0005089999995107064	states													"       state_name
id               
5   stimon_nosein"
6087.421762	0.6334910000005038	states													"   state_name
id           
4     nicstim"
6088.055253	0.06699999999909778	states													"       state_name
id               
8   wait_for_cout"
6088.122253	0.0010050000000774162	states													"   state_name
id           
9       csgap"
6088.123258	0.2974950000007084	states													"        state_name
id                
16  wait_for_spoke"
6088.420753	0.0005000000001018634	states													"             state_name
id                     
18  soff_reward_chooser"
6088.421253	0.13400499999988824	states													"         state_name
id                 
19  reward_big_soff"
6088.555258	0.32199499999933323	states													"         state_name
id                 
26  post_reward_off"
6088.877253	5.5960150000000795	states													"         state_name
id                 
27  soft_drink_time"
6094.473268	0.0004920000001220615	states													"    state_name
id            
28  warndanger"
6094.47376	3.0004939999998896	states													"            state_name
id                    
29  warndanger_warning"
6097.474753	6.324499999999716	trials	0.0	l	1.0	p	1.0	r	0.0	0.0	0.0	0.0	l	p	
6097.474753	6.324499999999716	states													"   state_name
id           
0     state_0"
6097.474753	0.016015999999581254	states													"          state_name
id                  
1   sending_trialnum"
6097.490769	0.05598399999962567	states													"      state_name
id              
3   wait_for_cin"
6097.546753	0.0020000000004074536	states													"   state_name
id           
4     nicstim"
6097.548753	0.0005000000001018634	states													"       state_name
id               
5   stimon_nosein"
6097.549253	0.6125050000000556	states													"   state_name
id           
4     nicstim"
6098.161758	0.23549999999977445	states													"       state_name
id               
8   wait_for_cout"
6098.397258	0.0014950000004319008	states													"   state_name
id           
9       csgap"
6098.398753	0.39949999999953434	states													"        state_name
id                
16  wait_for_spoke"
6098.798253	5.001000000000204	states													"     state_name
id             
31  error_state"
6103.799765	10.288488000000143	trials	1.0	l	1.0	p	1.0	r	0.0	0.0	0.0	1.0	l	p	
6103.799765	10.288488000000143	states													"   state_name
id           
0     state_0"
6103.799765	0.015997999999854073	states													"          state_name
id                  
1   sending_trialnum"
6103.815763	0.0004900000003544847	states													"      state_name
id              
3   wait_for_cin"
6103.816253	0.002005000000281143	states													"   state_name
id           
4     nicstim"
6103.818258	0.0005000000001018634	states													"       state_name
id               
5   stimon_nosein"
6103.818758	0.6199950000000172	states													"   state_name
id           
4     nicstim"
6104.438753	0.05300699999952485	states													"       state_name
id               
8   wait_for_cout"
6104.49176	0.0010080000001835288	states													"   state_name
id           
9       csgap"
6104.492768	0.7849909999995361	states													"        state_name
id                
16  wait_for_spoke"
6105.277759	0.000494000000799133	states													"             state_name
id                     
18  soff_reward_chooser"
6105.278253	0.12750599999981205	states													"         state_name
id                 
19  reward_big_soff"
6105.405759	0.27649399999972957	states													"         state_name
id                 
26  post_reward_off"
6105.682253	5.404999999999745	states													"         state_name
id                 
27  soft_drink_time"
6111.087253	0.0005150000006324262	states													"    state_name
id            
28  warndanger"
6111.087768	3.0004849999995713	states													"            state_name
id                    
29  warndanger_warning"
6114.088753	10.037500000000364	trials	1.0	l	1.0	p	1.0	r	0.0	0.0	0.0	1.0	l	p	
6114.088753	10.037500000000364	states													"   state_name
id           
0     state_0"
6114.088753	0.01599999999962165	states													"          state_name
id                  
1   sending_trialnum"
6114.104753	0.0005000000001018634	states													"      state_name
id              
3   wait_for_cin"
6114.105253	0.002510000000256696	states													"   state_name
id           
4     nicstim"
6114.107763	0.0004900000003544847	states													"       state_name
id               
5   stimon_nosein"
6114.108253	0.6075160000000324	states													"   state_name
id           
4     nicstim"
6114.715769	0.06548399999974208	states													"       state_name
id               
8   wait_for_cout"
6114.781253	0.0010000000002037268	states													"   state_name
id           
9       csgap"
6114.782253	0.5815050000001065	states													"        state_name
id                
16  wait_for_spoke"
6115.363758	0.0004949999993186793	states													"             state_name
id                     
18  soff_reward_chooser"
6115.364253	0.12750700000015058	states													"         state_name
id                 
19  reward_big_soff"
6115.49176	1.5880070000002888	states													"         state_name
id                 
26  post_reward_off"
6117.079767	4.045500999999604	states													"         state_name
id                 
27  soft_drink_time"
6121.125268	0.0004909999997835257	states													"    state_name
id            
28  warndanger"
6121.125759	3.000494000000799	states													"            state_name
id                    
29  warndanger_warning"
6124.126753	12.461500000000342	trials	1.0	r	2.0	p	1.0	r	0.0	0.0	0.0	1.0	r	p	
6124.126753	12.461500000000342	states													"   state_name
id           
0     state_0"
6124.126753	0.016000000000531145	states													"          state_name
id                  
1   sending_trialnum"
6124.142753	1.5520159999996395	states													"      state_name
id              
3   wait_for_cin"
6125.694769	0.002484000000549713	states													"   state_name
id           
4     nicstim"
6125.697253	0.0005089999995107064	states													"       state_name
id               
5   stimon_nosein"
6125.697762	0.6119950000002063	states													"   state_name
id           
4     nicstim"
6126.309757	0.02800200000001496	states													"       state_name
id               
8   wait_for_cout"
6126.337759	0.0010030000003098394	states													"   state_name
id           
9       csgap"
6126.338762	0.22549099999923783	states													"        state_name
id                
16  wait_for_spoke"
6126.564253	0.0005000000001018634	states													"             state_name
id                     
18  soff_reward_chooser"
6126.564753	0.13400000000001455	states													"         state_name
id                 
19  reward_big_soff"
6126.698753	0.35200000000077125	states													"         state_name
id                 
26  post_reward_off"
6127.050753	6.537014999999883	states													"         state_name
id                 
27  soft_drink_time"
6133.587768	0.0004849999995713006	states													"    state_name
id            
28  warndanger"
6133.588253	3.0	states													"            state_name
id                    
29  warndanger_warning"
6136.588753	11.597499999999854	trials	1.0	r	2.0	p	1.0	r	0.0	0.0	0.0	1.0	r	p	
6136.588753	11.597499999999854	states													"   state_name
id           
0     state_0"
6136.588753	0.01599999999962165	states													"          state_name
id                  
1   sending_trialnum"
6136.604753	0.015004000000772066	states													"      state_name
id              
3   wait_for_cin"
6136.619757	0.0020009999998364947	states													"   state_name
id           
4     nicstim"
6136.621758	0.0004949999993186793	states													"       state_name
id               
5   stimon_nosein"
6136.622253	0.623000000000502	states													"   state_name
id           
4     nicstim"
6137.245253	0.015005000000201107	states													"       state_name
id               
8   wait_for_cout"
6137.260258	0.0014989999999670545	states													"   state_name
id           
9       csgap"
6137.261757	0.47000800000023446	states													"        state_name
id                
16  wait_for_spoke"
6137.731765	0.00048799999967741314	states													"             state_name
id                     
18  soff_reward_chooser"
6137.732253	0.13400000000001455	states													"         state_name
id                 
19  reward_big_soff"
6137.866253	0.423015000000305	states													"         state_name
id                 
26  post_reward_off"
6138.289268	6.8959849999992	states													"         state_name
id                 
27  soft_drink_time"
6145.185253	0.0005160000000614673	states													"    state_name
id            
28  warndanger"
6145.185769	3.0004840000001423	states													"            state_name
id                    
29  warndanger_warning"
6148.186753	16.79399999999987	trials	1.0	r	2.0	p	1.0	r	1.0	0.0	0.0	1.0	r	p	
6148.186753	16.79399999999987	states													"   state_name
id           
0     state_0"
6148.186753	0.01599999999962165	states													"          state_name
id                  
1   sending_trialnum"
6148.202753	0.0005000000001018634	states													"      state_name
id              
3   wait_for_cin"
6148.203253	0.0020150000000285218	states													"   state_name
id           
4     nicstim"
6148.205268	0.0005040000005465117	states													"       state_name
id               
5   stimon_nosein"
6148.205772	0.543999999999869	states													"   state_name
id           
4     nicstim"
6148.749772	7.433481000000029	states													"      state_name
id              
7   reinit_cpoke"
6156.183253	0.002510000000256696	states													"   state_name
id           
4     nicstim"
6156.185763	0.00048999999944499	states													"       state_name
id               
5   stimon_nosein"
6156.186253	0.6279999999997017	states													"   state_name
id           
4     nicstim"
6156.814253	0.06050000000050204	states													"       state_name
id               
8   wait_for_cout"
6156.874753	0.001006999999844993	states													"   state_name
id           
9       csgap"
6156.87576	0.3705079999999725	states													"        state_name
id                
16  wait_for_spoke"
6157.246268	0.000495000000228174	states													"             state_name
id                     
18  soff_reward_chooser"
6157.246763	0.06699599999956263	states													"     state_name
id             
22  reward_soff"
6157.313759	0.9159950000002937	states													"         state_name
id                 
26  post_reward_off"
6158.229754	3.7504989999997633	states													"         state_name
id                 
27  soft_drink_time"
6161.980253	0.0005000000001018634	states													"    state_name
id            
28  warndanger"
6161.980753	3.0	states													"            state_name
id                    
29  warndanger_warning"
6164.981253	14.8870050000005	trials	1.0	r	2.0	p	1.0	r	2.0	0.0	0.0	1.0	r	p	
6164.981253	14.8870050000005	states													"   state_name
id           
0     state_0"
6164.981253	0.01599999999962165	states													"          state_name
id                  
1   sending_trialnum"
6164.997253	0.0005020000007789349	states													"      state_name
id              
3   wait_for_cin"
6164.997755	0.0024979999998322455	states													"   state_name
id           
4     nicstim"
6165.000253	0.0005049999999755528	states													"       state_name
id               
5   stimon_nosein"
6165.000758	0.6900049999994735	states													"   state_name
id           
4     nicstim"
6165.690763	2.248489999999947	states													"      state_name
id              
7   reinit_cpoke"
6167.939253	0.002005000000281143	states													"   state_name
id           
4     nicstim"
6167.941258	0.0005010000004403992	states													"       state_name
id               
5   stimon_nosein"
6167.941759	0.7520070000000487	states													"   state_name
id           
4     nicstim"
6168.693766	2.624986999999237	states													"      state_name
id              
7   reinit_cpoke"
6171.318753	0.0020000000004074536	states													"   state_name
id           
4     nicstim"
6171.320753	0.0005000000001018634	states													"       state_name
id               
5   stimon_nosein"
6171.321253	0.620506000000205	states													"   state_name
id           
4     nicstim"
6171.941759	0.03449399999954039	states													"       state_name
id               
8   wait_for_cout"
6171.976253	0.0015069999999468564	states													"   state_name
id           
9       csgap"
6171.97776	0.43000000000029104	states													"        state_name
id                
16  wait_for_spoke"
6172.40776	0.0004929999995511025	states													"             state_name
id                     
18  soff_reward_chooser"
6172.408253	0.06700000000000728	states													"     state_name
id             
22  reward_soff"
6172.475253	1.329001000000062	states													"         state_name
id                 
26  post_reward_off"
6173.804254	3.062999000000673	states													"         state_name
id                 
27  soft_drink_time"
6176.867253	0.0005069999997431296	states													"    state_name
id            
28  warndanger"
6176.86776	3.0004980000003343	states													"            state_name
id                    
29  warndanger_warning"
6179.868753	10.996000000000095	trials	1.0	l	1.0	p	1.0	r	1.0	0.0	0.0	1.0	l	p	
6179.868753	10.996000000000095	states													"   state_name
id           
0     state_0"
6179.868753	0.016000000000531145	states													"          state_name
id                  
1   sending_trialnum"
6179.884753	2.1979999999994106	states													"      state_name
id              
3   wait_for_cin"
6182.082753	0.0020160000003670575	states													"   state_name
id           
4     nicstim"
6182.084769	0.0004890000000159489	states													"       state_name
id               
5   stimon_nosein"
6182.085258	0.5519949999998062	states													"   state_name
id           
4     nicstim"
6182.637253	1.0025109999996857	states													"      state_name
id              
7   reinit_cpoke"
6183.639764	0.0024890000004234025	states													"   state_name
id           
4     nicstim"
6183.642253	0.0005000000001018634	states													"       state_name
id               
5   stimon_nosein"
6183.642753	0.6085000000002765	states													"   state_name
id           
4     nicstim"
6184.251253	0.13401499999963562	states													"       state_name
id               
8   wait_for_cout"
6184.385268	0.0014849999997750274	states													"   state_name
id           
9       csgap"
6184.386753	0.36900299999979325	states													"        state_name
id                
16  wait_for_spoke"
6184.755756	0.0004969999999957508	states													"             state_name
id                     
18  soff_reward_chooser"
6184.756253	0.06400000000030559	states													"     state_name
id             
22  reward_soff"
6184.820253	0.992500000000291	states													"         state_name
id                 
26  post_reward_off"
6185.812753	2.051007000000027	states													"         state_name
id                 
27  soft_drink_time"
6187.86376	0.0005080000000816653	states													"    state_name
id            
28  warndanger"
6187.864268	3.0004849999995713	states													"            state_name
id                    
29  warndanger_warning"
6190.865253	10.63050800000019	trials	1.0	l	1.0	p	1.0	r	1.0	0.0	0.0	1.0	l	p	
6190.865253	10.63050800000019	states													"   state_name
id           
0     state_0"
6190.865253	0.016005999999833875	states													"          state_name
id                  
1   sending_trialnum"
6190.881259	0.0005010000004403992	states													"      state_name
id              
3   wait_for_cin"
6190.88176	0.002492999999958556	states													"   state_name
id           
4     nicstim"
6190.884253	0.0005000000001018634	states													"       state_name
id               
5   stimon_nosein"
6190.884753	0.6619999999993524	states													"   state_name
id           
4     nicstim"
6191.546753	1.0025000000005093	states													"      state_name
id              
7   reinit_cpoke"
6192.549253	0.0025079999995796243	states													"   state_name
id           
4     nicstim"
6192.551761	0.0004969999999957508	states													"       state_name
id               
5   stimon_nosein"
6192.552258	0.6315050000002884	states													"   state_name
id           
4     nicstim"
6193.183763	0.10848999999961961	states													"       state_name
id               
8   wait_for_cout"
6193.292253	0.0010050000000774162	states													"   state_name
id           
9       csgap"
6193.293258	0.4819950000000972	states													"        state_name
id                
16  wait_for_spoke"
6193.775253	0.0005070000006526243	states													"             state_name
id                     
18  soff_reward_chooser"
6193.77576	0.06401099999948201	states													"     state_name
id             
22  reward_soff"
6193.839771	0.4254819999996471	states													"         state_name
id                 
26  post_reward_off"
6194.265253	4.230005000000347	states													"         state_name
id                 
27  soft_drink_time"
6198.495258	0.0005019999998694402	states													"    state_name
id            
28  warndanger"
6198.49576	3.0000010000003385	states													"            state_name
id                    
29  warndanger_warning"
6201.496253	354.6144999999997	trials	1.0	r	2.0	p	1.0	r	2.0	0.0	0.0	1.0	r	p	
6201.496253	354.6144999999997	states													"   state_name
id           
0     state_0"
6201.496253	0.01599999999962165	states													"          state_name
id                  
1   sending_trialnum"
6201.512253	171.7510000000002	states													"      state_name
id              
3   wait_for_cin"
6373.263253	0.0020150000000285218	states													"   state_name
id           
4     nicstim"
6373.265268	0.0004920000001220615	states													"       state_name
id               
5   stimon_nosein"
6373.26576	0.6249929999994492	states													"   state_name
id           
4     nicstim"
6373.890753	168.206005	states													"      state_name
id              
7   reinit_cpoke"
6542.096758	0.0024950000006356277	states													"   state_name
id           
4     nicstim"
6542.099253	0.0005099999998492422	states													"       state_name
id               
5   stimon_nosein"
6542.099763	0.29250499999943713	states													"   state_name
id           
4     nicstim"
6542.392268	4.9719850000001315	states													"      state_name
id              
7   reinit_cpoke"
6547.364253	0.0020150000000285218	states													"   state_name
id           
4     nicstim"
6547.366268	0.0004850000004807953	states													"       state_name
id               
5   stimon_nosein"
6547.366753	0.6060159999997268	states													"   state_name
id           
4     nicstim"
6547.972769	0.01099900000008347	states													"       state_name
id               
8   wait_for_cout"
6547.983768	0.0014849999997750274	states													"   state_name
id           
9       csgap"
6547.985253	0.3100000000004002	states													"        state_name
id                
16  wait_for_spoke"
6548.295253	0.0005160000000614673	states													"             state_name
id                     
18  soff_reward_chooser"
6548.295769	0.06698400000004767	states													"     state_name
id             
22  reward_soff"
6548.362753	0.5504999999993743	states													"         state_name
id                 
26  post_reward_off"
6548.913253	4.197000000000116	states													"         state_name
id                 
27  soft_drink_time"
6553.110253	0.0005000000001018634	states													"    state_name
id            
28  warndanger"
6553.110753	3.0	states													"            state_name
id                    
29  warndanger_warning"
6556.111253	14.174511000000166	trials	1.0	r	2.0	p	1.0	r	1.0	0.0	0.0	1.0	r	p	
6556.111253	14.174511000000166	states													"   state_name
id           
0     state_0"
6556.111253	0.01599999999962165	states													"          state_name
id                  
1   sending_trialnum"
6556.127253	1.050506000000496	states													"      state_name
id              
3   wait_for_cin"
6557.177759	0.0020039999999426072	states													"   state_name
id           
4     nicstim"
6557.179763	0.0004900000003544847	states													"       state_name
id               
5   stimon_nosein"
6557.180253	0.6659999999992579	states													"   state_name
id           
4     nicstim"
6557.846253	4.046002000000044	states													"      state_name
id              
7   reinit_cpoke"
6561.892255	0.0024979999998322455	states													"   state_name
id           
4     nicstim"
6561.894753	0.0005000000001018634	states													"       state_name
id               
5   stimon_nosein"
6561.895253	0.6019999999998618	states													"   state_name
id           
4     nicstim"
6562.497253	0.13350000000082218	states													"       state_name
id               
8   wait_for_cout"
6562.630753	0.0010019999999713036	states													"   state_name
id           
9       csgap"
6562.631755	0.3510049999995317	states													"        state_name
id                
16  wait_for_spoke"
6562.98276	0.0004930000004605972	states													"             state_name
id                     
18  soff_reward_chooser"
6562.983253	0.06700000000000728	states													"     state_name
id             
22  reward_soff"
6563.050253	0.1959999999999127	states													"         state_name
id                 
26  post_reward_off"
6563.246253	4.03899999999976	states													"         state_name
id                 
27  soft_drink_time"
6567.285253	0.000503000000207976	states													"    state_name
id            
28  warndanger"
6567.285756	3.00000799999998	states													"            state_name
id                    
29  warndanger_warning"
6570.286254	6.343507999999929	trials	1.0	l	1.0	p	1.0	r	0.0	0.0	0.0	1.0	l	p	
6570.286254	6.343507999999929	states													"   state_name
id           
0     state_0"
6570.286254	0.01599900000019261	states													"          state_name
id                  
1   sending_trialnum"
6570.302253	0.0005000000001018634	states													"      state_name
id              
3   wait_for_cin"
6570.302753	0.0020000000004074536	states													"   state_name
id           
4     nicstim"
6570.304753	0.0005149999997229315	states													"       state_name
id               
5   stimon_nosein"
6570.305268	0.6369850000000952	states													"   state_name
id           
4     nicstim"
6570.942253	0.24049999999988358	states													"       state_name
id               
8   wait_for_cout"
6571.182753	0.001006999999844993	states													"   state_name
id           
9       csgap"
6571.18376	0.316993000000366	states													"        state_name
id                
16  wait_for_spoke"
6571.500753	0.0005000000001018634	states													"             state_name
id                     
18  soff_reward_chooser"
6571.501253	0.12749999999959982	states													"         state_name
id                 
19  reward_big_soff"
6571.628753	2.0	states													"         state_name
id                 
26  post_reward_off"
6573.628753	0.0005000000001018634	states													"    state_name
id            
28  warndanger"
6573.629253	3.0005089999995107	states													"            state_name
id                    
29  warndanger_warning"
6576.630253	12.105999999999767	trials	1.0	l	1.0	p	1.0	r	1.0	0.0	0.0	1.0	l	p	
6576.630253	12.105999999999767	states													"   state_name
id           
0     state_0"
6576.630253	0.016015000000152213	states													"          state_name
id                  
1   sending_trialnum"
6576.646268	2.477984999999535	states													"      state_name
id              
3   wait_for_cin"
6579.124253	0.0020150000000285218	states													"   state_name
id           
4     nicstim"
6579.126268	0.0004849999995713006	states													"       state_name
id               
5   stimon_nosein"
6579.126753	0.6905000000006112	states													"   state_name
id           
4     nicstim"
6579.817253	1.0020150000000285	states													"      state_name
id              
7   reinit_cpoke"
6580.819268	0.0024859999994077953	states													"   state_name
id           
4     nicstim"
6580.821754	0.0004990000006728224	states													"       state_name
id               
5   stimon_nosein"
6580.822253	0.613999999999578	states													"   state_name
id           
4     nicstim"
6581.436253	0.1430000000000291	states													"       state_name
id               
8   wait_for_cout"
6581.579253	0.0010000000002037268	states													"   state_name
id           
9       csgap"
6581.580253	0.26401499999974476	states													"        state_name
id                
16  wait_for_spoke"
6581.844268	0.0004850000004807953	states													"             state_name
id                     
18  soff_reward_chooser"
6581.844753	0.0639999999993961	states													"     state_name
id             
22  reward_soff"
6581.908753	1.3100000000004002	states													"         state_name
id                 
26  post_reward_off"
6583.218753	2.516515000000254	states													"         state_name
id                 
27  soft_drink_time"
6585.735268	0.0005049999999755528	states													"    state_name
id            
28  warndanger"
6585.735773	3.0004799999996976	states													"            state_name
id                    
29  warndanger_warning"
6588.736753	11.419499999999971	trials	1.0	r	2.0	p	1.0	r	0.0	0.0	0.0	1.0	r	p	
6588.736753	11.419499999999971	states													"   state_name
id           
0     state_0"
6588.736753	0.01599999999962165	states													"          state_name
id                  
1   sending_trialnum"
6588.752753	0.03250000000025466	states													"      state_name
id              
3   wait_for_cin"
6588.785253	0.0020000000004074536	states													"   state_name
id           
4     nicstim"
6588.787253	0.0005209999999351567	states													"       state_name
id               
5   stimon_nosein"
6588.787774	0.6274839999996402	states													"   state_name
id           
4     nicstim"
6589.415258	0.14950000000044383	states													"       state_name
id               
8   wait_for_cout"
6589.564758	0.001015999999253836	states													"   state_name
id           
9       csgap"
6589.565774	0.5299830000003567	states													"        state_name
id                
16  wait_for_spoke"
6590.095757	0.0004959999996572151	states													"             state_name
id                     
18  soff_reward_chooser"
6590.096253	0.13400000000001455	states													"         state_name
id                 
19  reward_big_soff"
6590.230253	0.5705000000007203	states													"         state_name
id                 
26  post_reward_off"
6590.800753	6.354499999999462	states													"         state_name
id                 
27  soft_drink_time"
6597.155253	0.0005099999998492422	states													"    state_name
id            
28  warndanger"
6597.155763	3.0004900000003545	states													"            state_name
id                    
29  warndanger_warning"
6600.156753	13.739015000000109	trials	1.0	r	2.0	p	1.0	r	2.0	0.0	0.0	1.0	r	p	
6600.156753	13.739015000000109	states													"   state_name
id           
0     state_0"
6600.156753	0.01599999999962165	states													"          state_name
id                  
1   sending_trialnum"
6600.172753	0.0005000000001018634	states													"      state_name
id              
3   wait_for_cin"
6600.173253	0.0020150000000285218	states													"   state_name
id           
4     nicstim"
6600.175268	0.0005049999999755528	states													"       state_name
id               
5   stimon_nosein"
6600.175773	0.6889799999999013	states													"   state_name
id           
4     nicstim"
6600.864753	3.0055010000005495	states													"      state_name
id              
7   reinit_cpoke"
6603.870254	0.0024989999992612866	states													"   state_name
id           
4     nicstim"
6603.872753	0.0005000000001018634	states													"       state_name
id               
5   stimon_nosein"
6603.873253	0.7405150000004141	states													"   state_name
id           
4     nicstim"
6604.613768	1.957484999999906	states													"      state_name
id              
7   reinit_cpoke"
6606.571253	0.002005000000281143	states													"   state_name
id           
4     nicstim"
6606.573258	0.0005009999995309045	states													"       state_name
id               
5   stimon_nosein"
6606.573759	0.6344939999999042	states													"   state_name
id           
4     nicstim"
6607.208253	0.08449999999993452	states													"       state_name
id               
8   wait_for_cout"
6607.292753	0.0010019999999713036	states													"   state_name
id           
9       csgap"
6607.293755	0.41499800000019604	states													"        state_name
id                
16  wait_for_spoke"
6607.708753	0.0005000000001018634	states													"             state_name
id                     
18  soff_reward_chooser"
6607.709253	0.06700000000000728	states													"     state_name
id             
22  reward_soff"
6607.776253	0.07150300000012066	states													"         state_name
id                 
26  post_reward_off"
6607.847756	3.0474969999995665	states													"         state_name
id                 
27  soft_drink_time"
6610.895253	0.0005129999999553547	states													"    state_name
id            
28  warndanger"
6610.895766	3.000002000000677	states													"            state_name
id                    
29  warndanger_warning"
6613.896253	12.72649999999976	trials	1.0	l	1.0	p	1.0	r	1.0	0.0	0.0	1.0	l	p	
6613.896253	12.72649999999976	states													"   state_name
id           
0     state_0"
6613.896253	0.016000000000531145	states													"          state_name
id                  
1   sending_trialnum"
6613.912253	0.0004999999991923687	states													"      state_name
id              
3   wait_for_cin"
6613.912753	0.0025050000003830064	states													"   state_name
id           
4     nicstim"
6613.915258	0.0005010000004403992	states													"       state_name
id               
5   stimon_nosein"
6613.915759	0.7795089999999618	states													"   state_name
id           
4     nicstim"
6614.695268	3.745484999999462	states													"      state_name
id              
7   reinit_cpoke"
6618.440753	0.0020000000004074536	states													"   state_name
id           
4     nicstim"
6618.442753	0.0005000000001018634	states													"       state_name
id               
5   stimon_nosein"
6618.443253	0.6329999999998108	states													"   state_name
id           
4     nicstim"
6619.076253	0.14499999999952706	states													"       state_name
id               
8   wait_for_cout"
6619.221253	0.0010000000002037268	states													"   state_name
id           
9       csgap"
6619.222253	0.33950499999991735	states													"        state_name
id                
16  wait_for_spoke"
6619.561758	0.000495000000228174	states													"             state_name
id                     
18  soff_reward_chooser"
6619.562253	0.06400000000030559	states													"     state_name
id             
22  reward_soff"
6619.626253	0.12799999999970169	states													"         state_name
id                 
26  post_reward_off"
6619.754253	3.8679999999994834	states													"         state_name
id                 
27  soft_drink_time"
6623.622253	0.0005000000001018634	states													"    state_name
id            
28  warndanger"
6623.622753	3.0	states													"            state_name
id                    
29  warndanger_warning"
6626.623253	12.572501000000557	trials	1.0	r	2.0	p	1.0	r	0.0	0.0	0.0	1.0	r	p	
6626.623253	12.572501000000557	states													"   state_name
id           
0     state_0"
6626.623253	0.016000000000531145	states													"          state_name
id                  
1   sending_trialnum"
6626.639253	2.3245209999995495	states													"      state_name
id              
3   wait_for_cin"
6628.963774	0.002478999999766529	states													"   state_name
id           
4     nicstim"
6628.966253	0.0005000000001018634	states													"       state_name
id               
5   stimon_nosein"
6628.966753	0.6115150000005087	states													"   state_name
id           
4     nicstim"
6629.578268	0.07550199999968754	states													"       state_name
id               
8   wait_for_cout"
6629.65377	0.0014830000000074506	states													"   state_name
id           
9       csgap"
6629.655253	0.4835000000002765	states													"        state_name
id                
16  wait_for_spoke"
6630.138753	0.0005000000001018634	states													"             state_name
id                     
18  soff_reward_chooser"
6630.139253	0.13400000000001455	states													"         state_name
id                 
19  reward_big_soff"
6630.273253	0.9219999999995707	states													"         state_name
id                 
26  post_reward_off"
6631.195253	4.999499999999898	states													"         state_name
id                 
27  soft_drink_time"
6636.194753	0.0005150000006324262	states													"    state_name
id            
28  warndanger"
6636.195268	3.00048599999991	states													"            state_name
id                    
29  warndanger_warning"
6639.196253	14.77950299999975	trials	1.0	r	2.0	p	1.0	r	2.0	0.0	0.0	1.0	r	p	
6639.196253	14.77950299999975	states													"   state_name
id           
0     state_0"
6639.196253	0.01599999999962165	states													"          state_name
id                  
1   sending_trialnum"
6639.212253	0.14800000000013824	states													"      state_name
id              
3   wait_for_cin"
6639.360253	0.002005000000281143	states													"   state_name
id           
4     nicstim"
6639.362258	0.0005009999995309045	states													"       state_name
id               
5   stimon_nosein"
6639.362759	0.7679990000006001	states													"   state_name
id           
4     nicstim"
6640.130758	1.0019949999996243	states													"      state_name
id              
7   reinit_cpoke"
6641.132753	0.002500000000509317	states													"   state_name
id           
4     nicstim"
6641.135253	0.0005049999999755528	states													"       state_name
id               
5   stimon_nosein"
6641.135758	0.6604950000000827	states													"   state_name
id           
4     nicstim"
6641.796253	1.881014999999934	states													"      state_name
id              
7   reinit_cpoke"
6643.677268	0.0024909999992814846	states													"   state_name
id           
4     nicstim"
6643.679759	0.000494000000799133	states													"       state_name
id               
5   stimon_nosein"
6643.680253	0.6264999999993961	states													"   state_name
id           
4     nicstim"
6644.306753	0.04201000000011845	states													"       state_name
id               
8   wait_for_cout"
6644.348763	0.0010009999996327679	states													"   state_name
id           
9       csgap"
6644.349764	0.28500500000063766	states													"        state_name
id                
16  wait_for_spoke"
6644.634769	0.0004989999997633277	states													"             state_name
id                     
18  soff_reward_chooser"
6644.635268	0.06698500000038621	states													"     state_name
id             
22  reward_soff"
6644.702253	0.5915059999997538	states													"         state_name
id                 
26  post_reward_off"
6645.293759	5.6809940000002825	states													"         state_name
id                 
27  soft_drink_time"
6650.974753	0.0004999999991923687	states													"    state_name
id            
28  warndanger"
6650.975253	3.000503000000208	states													"            state_name
id                    
29  warndanger_warning"
6653.976253	11.688500000000204	trials	1.0	r	2.0	p	1.0	r	1.0	0.0	0.0	1.0	r	p	
6653.976253	11.688500000000204	states													"   state_name
id           
0     state_0"
6653.976253	0.016000000000531145	states													"          state_name
id                  
1   sending_trialnum"
6653.992253	0.2999999999992724	states													"      state_name
id              
3   wait_for_cin"
6654.292253	0.0020000000004074536	states													"   state_name
id           
4     nicstim"
6654.294253	0.0005000000001018634	states													"       state_name
id               
5   stimon_nosein"
6654.294753	0.6810089999999036	states													"   state_name
id           
4     nicstim"
6654.975762	1.1089970000002722	states													"      state_name
id              
7   reinit_cpoke"
6656.084759	0.002493999999387597	states													"   state_name
id           
4     nicstim"
6656.087253	0.0005019999998694402	states													"       state_name
id               
5   stimon_nosein"
6656.087755	0.6344980000003488	states													"   state_name
id           
4     nicstim"
6656.722253	0.11551299999973708	states													"       state_name
id               
8   wait_for_cout"
6656.837766	0.001487000000452099	states													"   state_name
id           
9       csgap"
6656.839253	0.35200499999973545	states													"        state_name
id                
16  wait_for_spoke"
6657.191258	0.0005010000004403992	states													"             state_name
id                     
18  soff_reward_chooser"
6657.191759	0.06699399999979505	states													"     state_name
id             
22  reward_soff"
6657.258753	0.06549999999970169	states													"         state_name
id                 
26  post_reward_off"
6657.324253	5.339501999999811	states													"         state_name
id                 
27  soft_drink_time"
6662.663755	0.0004980000003342866	states													"    state_name
id            
28  warndanger"
6662.664253	3.000500000000102	states													"            state_name
id                    
29  warndanger_warning"
6665.665253	11.050999999999476	trials	1.0	l	1.0	p	1.0	r	1.0	0.0	0.0	1.0	l	p	
6665.665253	11.050999999999476	states													"   state_name
id           
0     state_0"
6665.665253	0.016015000000152213	states													"          state_name
id                  
1   sending_trialnum"
6665.681268	0.3434849999994185	states													"      state_name
id              
3   wait_for_cin"
6666.024753	0.002005000000281143	states													"   state_name
id           
4     nicstim"
6666.026758	0.0005000000001018634	states													"       state_name
id               
5   stimon_nosein"
6666.027258	0.7585149999995338	states													"   state_name
id           
4     nicstim"
6666.785773	1.002480000000105	states													"      state_name
id              
7   reinit_cpoke"
6667.788253	0.0020000000004074536	states													"   state_name
id           
4     nicstim"
6667.790253	0.0005000000001018634	states													"       state_name
id               
5   stimon_nosein"
6667.790753	0.6430039999995643	states													"   state_name
id           
4     nicstim"
6668.433757	0.2144960000005085	states													"       state_name
id               
8   wait_for_cout"
6668.648253	0.0015069999999468564	states													"   state_name
id           
9       csgap"
6668.64976	0.3709929999995438	states													"        state_name
id                
16  wait_for_spoke"
6669.020753	0.0005000000001018634	states													"             state_name
id                     
18  soff_reward_chooser"
6669.021253	0.06400000000030559	states													"     state_name
id             
22  reward_soff"
6669.085253	0.06999999999970896	states													"         state_name
id                 
26  post_reward_off"
6669.155253	4.560508000000482	states													"         state_name
id                 
27  soft_drink_time"
6673.715761	0.0004919999992125668	states													"    state_name
id            
28  warndanger"
6673.716253	3.0	states													"            state_name
id                    
29  warndanger_warning"
6676.716753	18.973500000000058	trials	1.0	r	2.0	p	1.0	r	0.0	0.0	0.0	1.0	r	p	
6676.716753	18.973500000000058	states													"   state_name
id           
0     state_0"
6676.716753	0.016000000000531145	states													"          state_name
id                  
1   sending_trialnum"
6676.732753	8.472004999999626	states													"      state_name
id              
3   wait_for_cin"
6685.204758	0.002494999999726133	states													"   state_name
id           
4     nicstim"
6685.207253	0.0005070000006526243	states													"       state_name
id               
5   stimon_nosein"
6685.20776	0.6224929999998494	states													"   state_name
id           
4     nicstim"
6685.830253	0.028000000000247383	states													"       state_name
id               
8   wait_for_cout"
6685.858253	0.001014999999824795	states													"   state_name
id           
9       csgap"
6685.859268	0.7724939999998242	states													"        state_name
id                
16  wait_for_spoke"
6686.631762	0.0004920000001220615	states													"             state_name
id                     
18  soff_reward_chooser"
6686.632254	0.13399899999967602	states													"         state_name
id                 
19  reward_big_soff"
6686.766253	0.03000900000006368	states													"         state_name
id                 
26  post_reward_off"
6686.796262	5.892990999999711	states													"         state_name
id                 
27  soft_drink_time"
6692.689253	0.0005060000003140885	states													"    state_name
id            
28  warndanger"
6692.689759	3.0004939999998896	states													"            state_name
id                    
29  warndanger_warning"
6695.690753	12.57549999999992	trials	1.0	r	2.0	p	1.0	r	2.0	0.0	0.0	1.0	r	p	
6695.690753	12.57549999999992	states													"   state_name
id           
0     state_0"
6695.690753	0.016000000000531145	states													"          state_name
id                  
1   sending_trialnum"
6695.706753	0.0004999999991923687	states													"      state_name
id              
3   wait_for_cin"
6695.707253	0.0020160000003670575	states													"   state_name
id           
4     nicstim"
6695.709269	0.0004900000003544847	states													"       state_name
id               
5   stimon_nosein"
6695.709759	0.1594939999995404	states													"   state_name
id           
4     nicstim"
6695.869253	1.0025130000003628	states													"      state_name
id              
7   reinit_cpoke"
6696.871766	0.00200700000004872	states													"   state_name
id           
4     nicstim"
6696.873773	0.0004799999996976112	states													"       state_name
id               
5   stimon_nosein"
6696.874253	0.2804999999998472	states													"   state_name
id           
4     nicstim"
6697.154753	1.0264999999999418	states													"      state_name
id              
7   reinit_cpoke"
6698.181253	0.0020150000000285218	states													"   state_name
id           
4     nicstim"
6698.183268	0.0005010000004403992	states													"       state_name
id               
5   stimon_nosein"
6698.183769	0.6059909999994488	states													"   state_name
id           
4     nicstim"
6698.78976	0.020498000000770844	states													"       state_name
id               
8   wait_for_cout"
6698.810258	0.0010099999999511056	states													"   state_name
id           
9       csgap"
6698.811268	0.368492999999944	states													"        state_name
id                
16  wait_for_spoke"
6699.179761	0.0004920000001220615	states													"             state_name
id                     
18  soff_reward_chooser"
6699.180253	0.06699999999909778	states													"     state_name
id             
22  reward_soff"
6699.247253	0.07300000000032014	states													"         state_name
id                 
26  post_reward_off"
6699.320253	5.945510999999897	states													"         state_name
id                 
27  soft_drink_time"
6705.265764	0.0004890000000159489	states													"    state_name
id            
28  warndanger"
6705.266253	3.0	states													"            state_name
id                    
29  warndanger_warning"
6708.266758	11.193004000000656	trials	1.0	r	2.0	p	1.0	r	0.0	0.0	0.0	1.0	r	p	
6708.266758	11.193004000000656	states													"   state_name
id           
0     state_0"
6708.266758	0.015995000000657456	states													"          state_name
id                  
1   sending_trialnum"
6708.282753	0.0005149999997229315	states													"      state_name
id              
3   wait_for_cin"
6708.283268	0.002492999999958556	states													"   state_name
id           
4     nicstim"
6708.285761	0.0004920000001220615	states													"       state_name
id               
5   stimon_nosein"
6708.286253	0.6155069999995249	states													"   state_name
id           
4     nicstim"
6708.90176	0.23250800000005256	states													"       state_name
id               
8   wait_for_cout"
6709.134268	0.0014950000004319008	states													"   state_name
id           
9       csgap"
6709.135763	0.608010999999351	states													"        state_name
id                
16  wait_for_spoke"
6709.743774	0.00047900000026857015	states													"             state_name
id                     
18  soff_reward_chooser"
6709.744253	0.13400000000001455	states													"         state_name
id                 
19  reward_big_soff"
6709.878253	1.0744999999997162	states													"         state_name
id                 
26  post_reward_off"
6710.952753	5.506000000000313	states													"         state_name
id                 
27  soft_drink_time"
6716.458753	0.0005000000001018634	states													"    state_name
id            
28  warndanger"
6716.459253	3.00050900000042	states													"            state_name
id                    
29  warndanger_warning"
6719.460253	11.777500999999575	trials	1.0	r	2.0	p	1.0	r	0.0	0.0	0.0	1.0	r	p	
6719.460253	11.777500999999575	states													"   state_name
id           
0     state_0"
6719.460253	0.01599999999962165	states													"          state_name
id                  
1   sending_trialnum"
6719.476253	1.7350160000005417	states													"      state_name
id              
3   wait_for_cin"
6721.211269	0.002493999999387597	states													"   state_name
id           
4     nicstim"
6721.213763	0.0004900000003544847	states													"       state_name
id               
5   stimon_nosein"
6721.214253	0.6195070000003398	states													"   state_name
id           
4     nicstim"
6721.83376	0.27999999999974534	states													"       state_name
id               
8   wait_for_cout"
6722.11376	0.0010089999996125698	states													"   state_name
id           
9       csgap"
6722.114769	0.5299839999997857	states													"        state_name
id                
16  wait_for_spoke"
6722.644753	0.0005150000006324262	states													"             state_name
id                     
18  soff_reward_chooser"
6722.645268	0.133984999999484	states													"         state_name
id                 
19  reward_big_soff"
6722.779253	0.8659999999999854	states													"         state_name
id                 
26  post_reward_off"
6723.645253	4.591500000000451	states													"         state_name
id                 
27  soft_drink_time"
6728.236753	0.0005149999997229315	states													"    state_name
id            
28  warndanger"
6728.237268	3.00048599999991	states													"            state_name
id                    
29  warndanger_warning"
6731.238253	10.165517999999793	trials	1.0	l	1.0	p	1.0	r	1.0	0.0	0.0	1.0	l	p	
6731.238253	10.165517999999793	states													"   state_name
id           
0     state_0"
6731.238253	0.01600499999949534	states													"          state_name
id                  
1   sending_trialnum"
6731.254258	0.000495000000228174	states													"      state_name
id              
3   wait_for_cin"
6731.254753	0.001999999999497959	states													"   state_name
id           
4     nicstim"
6731.256753	0.0005000000001018634	states													"       state_name
id               
5   stimon_nosein"
6731.257253	0.7625070000003689	states													"   state_name
id           
4     nicstim"
6732.01976	1.0024979999998322	states													"      state_name
id              
7   reinit_cpoke"
6733.022258	0.002494999999726133	states													"   state_name
id           
4     nicstim"
6733.024753	0.0005000000001018634	states													"       state_name
id               
5   stimon_nosein"
6733.025253	0.6295000000000073	states													"   state_name
id           
4     nicstim"
6733.654753	0.14750000000003638	states													"       state_name
id               
8   wait_for_cout"
6733.802253	0.001510000000052969	states													"   state_name
id           
9       csgap"
6733.803763	0.49949000000015076	states													"        state_name
id                
16  wait_for_spoke"
6734.303253	0.0005069999997431296	states													"             state_name
id                     
18  soff_reward_chooser"
6734.30376	0.06399800000053801	states													"     state_name
id             
22  reward_soff"
6734.367758	0.046494999999595166	states													"         state_name
id                 
26  post_reward_off"
6734.414253	3.9890000000004875	states													"         state_name
id                 
27  soft_drink_time"
6738.403253	0.0005109999992782832	states													"    state_name
id            
28  warndanger"
6738.403764	3.0000070000005508	states													"            state_name
id                    
29  warndanger_warning"
6741.404253	151.77250000000004	trials	1.0	r	2.0	p	1.0	r	3.0	0.0	0.0	1.0	r	p	
6741.404253	151.77250000000004	states													"   state_name
id           
0     state_0"
6741.404253	0.016000000000531145	states													"          state_name
id                  
1   sending_trialnum"
6741.420253	123.07250000000022	states													"      state_name
id              
3   wait_for_cin"
6864.492753	0.001999999999497959	states													"   state_name
id           
4     nicstim"
6864.494753	0.0005000000001018634	states													"       state_name
id               
5   stimon_nosein"
6864.495253	0.7550049999999828	states													"   state_name
id           
4     nicstim"
6865.250258	1.0019949999996243	states													"      state_name
id              
7   reinit_cpoke"
6866.252253	0.0020000000004074536	states													"   state_name
id           
4     nicstim"
6866.254253	0.0005049999999755528	states													"       state_name
id               
5   stimon_nosein"
6866.254758	0.28849499999978434	states													"   state_name
id           
4     nicstim"
6866.543253	10.202502000000095	states													"      state_name
id              
7   reinit_cpoke"
6876.745755	0.002011000000493368	states													"   state_name
id           
4     nicstim"
6876.747766	0.0004869999993388774	states													"       state_name
id               
5   stimon_nosein"
6876.748253	0.6590000000005602	states													"   state_name
id           
4     nicstim"
6877.407253	7.682999999999993	states													"      state_name
id              
7   reinit_cpoke"
6885.090253	0.001999999999497959	states													"   state_name
id           
4     nicstim"
6885.092253	0.0005000000001018634	states													"       state_name
id               
5   stimon_nosein"
6885.092753	0.6365050000003976	states													"   state_name
id           
4     nicstim"
6885.729258	0.40199499999926047	states													"       state_name
id               
8   wait_for_cout"
6886.131253	0.0010000000002037268	states													"   state_name
id           
9       csgap"
6886.132253	0.6340000000000146	states													"        state_name
id                
16  wait_for_spoke"
6886.766253	0.0005000000001018634	states													"             state_name
id                     
18  soff_reward_chooser"
6886.766753	0.06700900000032561	states													"     state_name
id             
22  reward_soff"
6886.833762	0.2829910000000382	states													"         state_name
id                 
26  post_reward_off"
6887.116753	3.059005999999499	states													"         state_name
id                 
27  soft_drink_time"
6890.175759	0.0005090000004202011	states													"    state_name
id            
28  warndanger"
6890.176268	3.0004849999995713	states													"            state_name
id                    
29  warndanger_warning"
6893.177253	23.263500000000022	trials	1.0	l	1.0	p	1.0	r	2.0	0.0	0.0	1.0	l	p	
6893.177253	23.263500000000022	states													"   state_name
id           
0     state_0"
6893.177253	0.016000000000531145	states													"          state_name
id                  
1   sending_trialnum"
6893.193253	0.000503999999637017	states													"      state_name
id              
3   wait_for_cin"
6893.193757	0.0020029999996040715	states													"   state_name
id           
4     nicstim"
6893.19576	0.0005010000004403992	states													"       state_name
id               
5   stimon_nosein"
6893.196261	0.19649200000003475	states													"   state_name
id           
4     nicstim"
6893.392753	12.572500000000218	states													"      state_name
id              
7   reinit_cpoke"
6905.965253	0.0020150000000285218	states													"   state_name
id           
4     nicstim"
6905.967268	0.0005109999992782832	states													"       state_name
id               
5   stimon_nosein"
6905.967779	0.6769739999999729	states													"   state_name
id           
4     nicstim"
6906.644753	1.336500000000342	states													"      state_name
id              
7   reinit_cpoke"
6907.981253	0.0020000000004074536	states													"   state_name
id           
4     nicstim"
6907.983253	0.0005089999995107064	states													"       state_name
id               
5   stimon_nosein"
6907.983762	0.6189970000004905	states													"   state_name
id           
4     nicstim"
6908.602759	0.22849399999995512	states													"       state_name
id               
8   wait_for_cout"
6908.831253	0.0009999999992942321	states													"   state_name
id           
9       csgap"
6908.832253	0.6190000000005966	states													"        state_name
id                
16  wait_for_spoke"
6909.451253	0.0005099999998492422	states													"             state_name
id                     
18  soff_reward_chooser"
6909.451763	0.06400500000017928	states													"     state_name
id             
22  reward_soff"
6909.515768	1.7389899999998306	states													"         state_name
id                 
26  post_reward_off"
6911.254758	2.185005000000274	states													"         state_name
id                 
27  soft_drink_time"
6913.439763	0.00048999999944499	states													"    state_name
id            
28  warndanger"
6913.440253	3.000500000000102	states													"            state_name
id                    
29  warndanger_warning"
6916.441253	15.084015000000363	trials	1.0	l	1.0	p	1.0	r	2.0	0.0	0.0	1.0	l	p	
6916.441253	15.084015000000363	states													"   state_name
id           
0     state_0"
6916.441253	0.016005000000404834	states													"          state_name
id                  
1   sending_trialnum"
6916.457258	0.0004979999994247919	states													"      state_name
id              
3   wait_for_cin"
6916.457756	0.0020039999999426072	states													"   state_name
id           
4     nicstim"
6916.45976	0.0004930000004605972	states													"       state_name
id               
5   stimon_nosein"
6916.460253	0.6944999999996071	states													"   state_name
id           
4     nicstim"
6917.154753	3.651002000000517	states													"      state_name
id              
7   reinit_cpoke"
6920.805755	0.0020029999996040715	states													"   state_name
id           
4     nicstim"
6920.807758	0.000495000000228174	states													"       state_name
id               
5   stimon_nosein"
6920.808253	0.7139999999999418	states													"   state_name
id           
4     nicstim"
6921.522253	1.001999999999498	states													"      state_name
id              
7   reinit_cpoke"
6922.524253	0.002005000000281143	states													"   state_name
id           
4     nicstim"
6922.526258	0.0005000000001018634	states													"       state_name
id               
5   stimon_nosein"
6922.526758	0.6234949999998207	states													"   state_name
id           
4     nicstim"
6923.150253	0.29650000000037835	states													"       state_name
id               
8   wait_for_cout"
6923.446753	0.0010099999999511056	states													"   state_name
id           
9       csgap"
6923.447763	0.3194899999998597	states													"        state_name
id                
16  wait_for_spoke"
6923.767253	0.0005049999999755528	states													"             state_name
id                     
18  soff_reward_chooser"
6923.767758	0.06399899999996705	states													"     state_name
id             
22  reward_soff"
6923.831757	0.08249599999999191	states													"         state_name
id                 
26  post_reward_off"
6923.914253	4.609999999999673	states													"         state_name
id                 
27  soft_drink_time"
6928.524253	0.0005000000001018634	states													"    state_name
id            
28  warndanger"
6928.524753	3.0005150000006324	states													"            state_name
id                    
29  warndanger_warning"
6931.525765	6.314487999999983	trials	1.0	l	1.0	p	1.0	r	0.0	0.0	0.0	1.0	l	p	
6931.525765	6.314487999999983	states													"   state_name
id           
0     state_0"
6931.525765	0.015993999999409425	states													"          state_name
id                  
1   sending_trialnum"
6931.541759	0.0004939999998896383	states													"      state_name
id              
3   wait_for_cin"
6931.542253	0.002516000000468921	states													"   state_name
id           
4     nicstim"
6931.544769	0.0004900000003544847	states													"       state_name
id               
5   stimon_nosein"
6931.545259	0.6434939999999187	states													"   state_name
id           
4     nicstim"
6932.188753	0.04100899999957619	states													"       state_name
id               
8   wait_for_cout"
6932.229762	0.0014909999999872525	states													"   state_name
id           
9       csgap"
6932.231253	0.48000000000047294	states													"        state_name
id                
16  wait_for_spoke"
6932.711253	0.0005079999991721706	states													"             state_name
id                     
18  soff_reward_chooser"
6932.711761	0.12749200000052952	states													"         state_name
id                 
19  reward_big_soff"
6932.839253	2.0	states													"         state_name
id                 
26  post_reward_off"
6934.839253	0.000503999999637017	states													"    state_name
id            
28  warndanger"
6934.839757	3.0004960000005667	states													"            state_name
id                    
29  warndanger_warning"
6937.840753	10.091011999999864	trials	1.0	r	2.0	p	1.0	r	0.0	0.0	0.0	1.0	r	p	
6937.840753	10.091011999999864	states													"   state_name
id           
0     state_0"
6937.840753	0.01600499999949534	states													"          state_name
id                  
1   sending_trialnum"
6937.856758	0.127994999999828	states													"      state_name
id              
3   wait_for_cin"
6937.984753	0.0020000000004074536	states													"   state_name
id           
4     nicstim"
6937.986753	0.0005000000001018634	states													"       state_name
id               
5   stimon_nosein"
6937.987253	0.6439999999993233	states													"   state_name
id           
4     nicstim"
6938.631253	0.018505000000004657	states													"       state_name
id               
8   wait_for_cout"
6938.649758	0.0014950000004319008	states													"   state_name
id           
9       csgap"
6938.651253	0.6779999999998836	states													"        state_name
id                
16  wait_for_spoke"
6939.329253	0.0005040000005465117	states													"             state_name
id                     
18  soff_reward_chooser"
6939.329757	0.13400299999921117	states													"         state_name
id                 
19  reward_big_soff"
6939.46376	0.33599900000081107	states													"         state_name
id                 
26  post_reward_off"
6939.799759	5.131493999999293	states													"         state_name
id                 
27  soft_drink_time"
6944.931253	0.0005010000004403992	states													"    state_name
id            
28  warndanger"
6944.931754	3.000011000000086	states													"            state_name
id                    
29  warndanger_warning"
6947.932253	12.709015999999792	trials	1.0	r	2.0	p	1.0	r	1.0	0.0	0.0	1.0	r	p	
6947.932253	12.709015999999792	states													"   state_name
id           
0     state_0"
6947.932253	0.01599999999962165	states													"          state_name
id                  
1   sending_trialnum"
6947.948253	0.0005000000001018634	states													"      state_name
id              
3   wait_for_cin"
6947.948753	0.002515000000130385	states													"   state_name
id           
4     nicstim"
6947.951268	0.0004909999997835257	states													"       state_name
id               
5   stimon_nosein"
6947.951759	0.6384990000005928	states													"   state_name
id           
4     nicstim"
6948.590258	3.053498999999647	states													"      state_name
id              
7   reinit_cpoke"
6951.643757	0.0020039999999426072	states													"   state_name
id           
4     nicstim"
6951.645761	0.0004960000005667098	states													"       state_name
id               
5   stimon_nosein"
6951.646257	0.6384959999995772	states													"   state_name
id           
4     nicstim"
6952.284753	0.039002999999866006	states													"       state_name
id               
8   wait_for_cout"
6952.323756	0.0014970000001994777	states													"   state_name
id           
9       csgap"
6952.325253	0.47599999999965803	states													"        state_name
id                
16  wait_for_spoke"
6952.801253	0.0005100000007587369	states													"             state_name
id                     
18  soff_reward_chooser"
6952.801763	0.06700599999931	states													"     state_name
id             
22  reward_soff"
6952.868769	1.607984000000215	states													"         state_name
id                 
26  post_reward_off"
6954.476753	3.163499999999658	states													"         state_name
id                 
27  soft_drink_time"
6957.640253	0.0005000000001018634	states													"    state_name
id            
28  warndanger"
6957.640753	3.0005160000000615	states													"            state_name
id                    
29  warndanger_warning"
6960.641759	12.250993999999992	trials	1.0	r	2.0	p	1.0	r	1.0	0.0	0.0	1.0	r	p	
6960.641759	12.250993999999992	states													"   state_name
id           
0     state_0"
6960.641759	0.01600499999949534	states													"          state_name
id                  
1   sending_trialnum"
6960.657764	0.0004890000000159489	states													"      state_name
id              
3   wait_for_cin"
6960.658253	0.002500000000509317	states													"   state_name
id           
4     nicstim"
6960.660753	0.0005000000001018634	states													"       state_name
id               
5   stimon_nosein"
6960.661253	0.6985070000000633	states													"   state_name
id           
4     nicstim"
6961.35976	1.450992999999471	states													"      state_name
id              
7   reinit_cpoke"
6962.810753	0.0020000000004074536	states													"   state_name
id           
4     nicstim"
6962.812753	0.0005160000000614673	states													"       state_name
id               
5   stimon_nosein"
6962.813269	0.6454839999996693	states													"   state_name
id           
4     nicstim"
6963.458753	0.16200600000047416	states													"       state_name
id               
8   wait_for_cout"
6963.620759	0.0010009999996327679	states													"   state_name
id           
9       csgap"
6963.62176	0.2904930000004242	states													"        state_name
id                
16  wait_for_spoke"
6963.912253	0.0005159999991519726	states													"             state_name
id                     
18  soff_reward_chooser"
6963.912769	0.06698500000038621	states													"     state_name
id             
22  reward_soff"
6963.979754	0.13400499999988824	states													"         state_name
id                 
26  post_reward_off"
6964.113759	5.778000000000247	states													"         state_name
id                 
27  soft_drink_time"
6969.891759	0.0005089999995107064	states													"    state_name
id            
28  warndanger"
6969.892268	3.000485000000481	states													"            state_name
id                    
29  warndanger_warning"
6972.893253	10.159499999999753	trials	1.0	l	1.0	p	1.0	r	1.0	0.0	0.0	1.0	l	p	
6972.893253	10.159499999999753	states													"   state_name
id           
0     state_0"
6972.893253	0.016015000000152213	states													"          state_name
id                  
1   sending_trialnum"
6972.909268	0.4819999999999709	states													"      state_name
id              
3   wait_for_cin"
6973.391268	0.0024919999996200204	states													"   state_name
id           
4     nicstim"
6973.39376	0.0004930000004605972	states													"       state_name
id               
5   stimon_nosein"
6973.394253	0.75	states													"   state_name
id           
4     nicstim"
6974.144253	1.0024999999995998	states													"      state_name
id              
7   reinit_cpoke"
6975.146753	0.002005999999710184	states													"   state_name
id           
4     nicstim"
6975.148759	0.0005090000004202011	states													"       state_name
id               
5   stimon_nosein"
6975.149268	0.63799999999992	states													"   state_name
id           
4     nicstim"
6975.787268	0.06999999999970896	states													"       state_name
id               
8   wait_for_cout"
6975.857268	0.001485000000684522	states													"   state_name
id           
9       csgap"
6975.858753	0.4710129999994024	states													"        state_name
id                
16  wait_for_spoke"
6976.329766	0.0004870000002483721	states													"             state_name
id                     
18  soff_reward_chooser"
6976.330253	0.06400000000030559	states													"     state_name
id             
22  reward_soff"
6976.394253	0.04750999999941996	states													"         state_name
id                 
26  post_reward_off"
6976.441763	3.609997000000476	states													"         state_name
id                 
27  soft_drink_time"
6980.05176	0.0005080000000816653	states													"    state_name
id            
28  warndanger"
6980.052268	3.0004849999995713	states													"            state_name
id                    
29  warndanger_warning"
6983.053253	209.08950000000004	trials	1.0	r	2.0	p	1.0	r	0.0	0.0	0.0	1.0	r	p	
6983.053253	209.08950000000004	states													"   state_name
id           
0     state_0"
6983.053253	0.01599999999962165	states													"          state_name
id                  
1   sending_trialnum"
6983.069253	200.0055000000002	states													"      state_name
id              
3   wait_for_cin"
7183.074753	0.0020160000003670575	states													"   state_name
id           
4     nicstim"
7183.076769	0.0004890000000159489	states													"       state_name
id               
5   stimon_nosein"
7183.077258	0.6394949999994424	states													"   state_name
id           
4     nicstim"
7183.716753	0.09450500000002648	states													"       state_name
id               
8   wait_for_cout"
7183.811258	0.0014950000004319008	states													"   state_name
id           
9       csgap"
7183.812753	0.42550000000028376	states													"        state_name
id                
16  wait_for_spoke"
7184.238253	0.0004999999991923687	states													"             state_name
id                     
18  soff_reward_chooser"
7184.238753	0.13400500000079774	states													"         state_name
id                 
19  reward_big_soff"
7184.372758	0.227509999999711	states													"         state_name
id                 
26  post_reward_off"
7184.600268	4.5419849999998405	states													"         state_name
id                 
27  soft_drink_time"
7189.142253	0.0005000000001018634	states													"    state_name
id            
28  warndanger"
7189.142753	3.0	states													"            state_name
id                    
29  warndanger_warning"
7192.143253	12.040508000000045	trials	1.0	r	2.0	p	1.0	r	1.0	0.0	0.0	1.0	r	p	
7192.143253	12.040508000000045	states													"   state_name
id           
0     state_0"
7192.143253	0.01599999999962165	states													"          state_name
id                  
1   sending_trialnum"
7192.159253	0.119499999999789	states													"      state_name
id              
3   wait_for_cin"
7192.278753	0.0020160000003670575	states													"   state_name
id           
4     nicstim"
7192.280769	0.0004989999997633277	states													"       state_name
id               
5   stimon_nosein"
7192.281268	0.6209850000004735	states													"   state_name
id           
4     nicstim"
7192.902253	2.030499999999847	states													"      state_name
id              
7   reinit_cpoke"
7194.932753	0.001999999999497959	states													"   state_name
id           
4     nicstim"
7194.934753	0.0005000000001018634	states													"       state_name
id               
5   stimon_nosein"
7194.935253	0.63799999999992	states													"   state_name
id           
4     nicstim"
7195.573253	0.12750000000050932	states													"       state_name
id               
8   wait_for_cout"
7195.700753	0.0010019999999713036	states													"   state_name
id           
9       csgap"
7195.701755	0.5170029999999315	states													"        state_name
id                
16  wait_for_spoke"
7196.218758	0.0005099999998492422	states													"             state_name
id                     
18  soff_reward_chooser"
7196.219268	0.06698500000038621	states													"     state_name
id             
22  reward_soff"
7196.286253	1.2910000000001673	states													"         state_name
id                 
26  post_reward_off"
7197.577253	3.605999999999767	states													"         state_name
id                 
27  soft_drink_time"
7201.183253	0.0005049999999755528	states													"    state_name
id            
28  warndanger"
7201.183758	3.000003000000106	states													"            state_name
id                    
29  warndanger_warning"
7204.184253	10.725004999999328	trials	1.0	r	2.0	p	1.0	r	0.0	0.0	0.0	1.0	r	p	
7204.184253	10.725004999999328	states													"   state_name
id           
0     state_0"
7204.184253	0.01599999999962165	states													"          state_name
id                  
1   sending_trialnum"
7204.200253	0.3155059999999139	states													"      state_name
id              
3   wait_for_cin"
7204.515759	0.0020009999998364947	states													"   state_name
id           
4     nicstim"
7204.51776	0.0004930000004605972	states													"       state_name
id               
5   stimon_nosein"
7204.518253	0.6409999999996217	states													"   state_name
id           
4     nicstim"
7205.159253	0.12700000000040745	states													"       state_name
id               
8   wait_for_cout"
7205.286253	0.0015069999999468564	states													"   state_name
id           
9       csgap"
7205.28776	0.41949299999942014	states													"        state_name
id                
16  wait_for_spoke"
7205.707253	0.0005049999999755528	states													"             state_name
id                     
18  soff_reward_chooser"
7205.707758	0.1340010000003531	states													"         state_name
id                 
19  reward_big_soff"
7205.841759	0.2704940000003262	states													"         state_name
id                 
26  post_reward_off"
7206.112253	5.796499999999469	states													"         state_name
id                 
27  soft_drink_time"
7211.908753	0.0005000000001018634	states													"    state_name
id            
28  warndanger"
7211.909253	3.0000049999998737	states													"            state_name
id                    
29  warndanger_warning"
7214.90976	11.323499000000083	trials	1.0	r	2.0	p	1.0	r	0.0	0.0	0.0	1.0	r	p	
7214.90976	11.323499000000083	states													"   state_name
id           
0     state_0"
7214.90976	0.016000000000531145	states													"          state_name
id                  
1   sending_trialnum"
7214.92576	0.0004939999998896383	states													"      state_name
id              
3   wait_for_cin"
7214.926254	0.0024990000001707813	states													"   state_name
id           
4     nicstim"
7214.928753	0.0005000000001018634	states													"       state_name
id               
5   stimon_nosein"
7214.929253	0.6319999999996071	states													"   state_name
id           
4     nicstim"
7215.561253	0.09900000000016007	states													"       state_name
id               
8   wait_for_cout"
7215.660253	0.0015089999997144332	states													"   state_name
id           
9       csgap"
7215.661762	0.4039950000005774	states													"        state_name
id                
16  wait_for_spoke"
7216.065757	0.0004959999996572151	states													"             state_name
id                     
18  soff_reward_chooser"
7216.066253	0.13400000000001455	states													"         state_name
id                 
19  reward_big_soff"
7216.200253	0.36849999999958527	states													"         state_name
id                 
26  post_reward_off"
7216.568753	6.6635000000005675	states													"         state_name
id                 
27  soft_drink_time"
7223.232253	0.0005000000001018634	states													"    state_name
id            
28  warndanger"
7223.232753	3.0005059999994046	states													"            state_name
id                    
29  warndanger_warning"
7226.23376	9.77000599999974	trials	1.0	l	1.0	p	1.0	r	0.0	0.0	0.0	1.0	l	p	
7226.23376	9.77000599999974	states													"   state_name
id           
0     state_0"
7226.23376	0.01599900000019261	states													"          state_name
id                  
1   sending_trialnum"
7226.249759	0.0004939999998896383	states													"      state_name
id              
3   wait_for_cin"
7226.250253	0.0024999999995998223	states													"   state_name
id           
4     nicstim"
7226.252753	0.0005000000001018634	states													"       state_name
id               
5   stimon_nosein"
7226.253253	0.6130000000002838	states													"   state_name
id           
4     nicstim"
7226.866253	0.07250000000021828	states													"       state_name
id               
8   wait_for_cout"
7226.938753	0.001006999999844993	states													"   state_name
id           
9       csgap"
7226.93976	0.4644929999994929	states													"        state_name
id                
16  wait_for_spoke"
7227.404253	0.0005000000001018634	states													"             state_name
id                     
18  soff_reward_chooser"
7227.404753	0.12750000000050932	states													"         state_name
id                 
19  reward_big_soff"
7227.532253	0.1859999999996944	states													"         state_name
id                 
26  post_reward_off"
7227.718253	5.285015999999814	states													"         state_name
id                 
27  soft_drink_time"
7233.003269	0.0004900000003544847	states													"    state_name
id            
28  warndanger"
7233.003759	3.0000069999996413	states													"            state_name
id                    
29  warndanger_warning"
7236.004254	9.689500999999836	trials	1.0	l	1.0	p	1.0	r	0.0	0.0	0.0	1.0	l	p	
7236.004254	9.689500999999836	states													"   state_name
id           
0     state_0"
7236.004254	0.015998999999283114	states													"          state_name
id                  
1   sending_trialnum"
7236.020253	0.10950300000058633	states													"      state_name
id              
3   wait_for_cin"
7236.129756	0.002007999999477761	states													"   state_name
id           
4     nicstim"
7236.131764	0.0004890000000159489	states													"       state_name
id               
5   stimon_nosein"
7236.132253	0.6215090000005148	states													"   state_name
id           
4     nicstim"
7236.753762	0.13949099999990722	states													"       state_name
id               
8   wait_for_cout"
7236.893253	0.001516000000265194	states													"   state_name
id           
9       csgap"
7236.894769	0.39399999999932334	states													"        state_name
id                
16  wait_for_spoke"
7237.288769	0.0005000000001018634	states													"             state_name
id                     
18  soff_reward_chooser"
7237.289269	0.1274840000005497	states													"         state_name
id                 
19  reward_big_soff"
7237.416753	0.15701099999932921	states													"         state_name
id                 
26  post_reward_off"
7237.573764	5.118989000000511	states													"         state_name
id                 
27  soft_drink_time"
7242.692753	0.0005000000001018634	states													"    state_name
id            
28  warndanger"
7242.693253	3.0005019999998694	states													"            state_name
id                    
29  warndanger_warning"
7245.694253	11.05750800000078	trials	1.0	l	1.0	p	1.0	r	0.0	0.0	0.0	1.0	l	p	
7245.694253	11.05750800000078	states													"   state_name
id           
0     state_0"
7245.694253	0.016000000000531145	states													"          state_name
id                  
1   sending_trialnum"
7245.710253	0.0005000000001018634	states													"      state_name
id              
3   wait_for_cin"
7245.710753	0.002005999999710184	states													"   state_name
id           
4     nicstim"
7245.712759	0.0005099999998492422	states													"       state_name
id               
5   stimon_nosein"
7245.713269	0.6334999999999127	states													"   state_name
id           
4     nicstim"
7246.346769	0.12649899999996705	states													"       state_name
id               
8   wait_for_cout"
7246.473268	0.001485000000684522	states													"   state_name
id           
9       csgap"
7246.474753	0.37599999999929423	states													"        state_name
id                
16  wait_for_spoke"
7246.850753	0.0005150000006324262	states													"             state_name
id                     
18  soff_reward_chooser"
7246.851268	0.12748499999997875	states													"         state_name
id                 
19  reward_big_soff"
7246.978753	0.1305050000000847	states													"         state_name
id                 
26  post_reward_off"
7247.109258	6.64149499999985	states													"         state_name
id                 
27  soft_drink_time"
7253.750753	0.0005000000001018634	states													"    state_name
id            
28  warndanger"
7253.751253	3.0005080000000817	states													"            state_name
id                    
29  warndanger_warning"
7256.752253	18.16400000000067	trials	1.0	l	1.0	p	1.0	r	2.0	0.0	0.0	1.0	l	p	
7256.752253	18.16400000000067	states													"   state_name
id           
0     state_0"
7256.752253	0.016000000000531145	states													"          state_name
id                  
1   sending_trialnum"
7256.768253	5.581000000000131	states													"      state_name
id              
3   wait_for_cin"
7262.349253	0.0020150000000285218	states													"   state_name
id           
4     nicstim"
7262.351268	0.0004969999999957508	states													"       state_name
id               
5   stimon_nosein"
7262.351765	0.7349879999992481	states													"   state_name
id           
4     nicstim"
7263.086753	1.0020050000002811	states													"      state_name
id              
7   reinit_cpoke"
7264.088758	0.002494999999726133	states													"   state_name
id           
4     nicstim"
7264.091253	0.0005070000006526243	states													"       state_name
id               
5   stimon_nosein"
7264.09176	0.5804929999994783	states													"   state_name
id           
4     nicstim"
7264.672253	1.0020000000004075	states													"      state_name
id              
7   reinit_cpoke"
7265.674253	0.001999999999497959	states													"   state_name
id           
4     nicstim"
7265.676253	0.0005000000001018634	states													"       state_name
id               
5   stimon_nosein"
7265.676753	0.6215000000001965	states													"   state_name
id           
4     nicstim"
7266.298253	0.1765000000004875	states													"       state_name
id               
8   wait_for_cout"
7266.474753	0.0010039999997388804	states													"   state_name
id           
9       csgap"
7266.475757	0.4424959999996645	states													"        state_name
id                
16  wait_for_spoke"
7266.918253	0.0005000000001018634	states													"             state_name
id                     
18  soff_reward_chooser"
7266.918753	0.06400000000030559	states													"     state_name
id             
22  reward_soff"
7266.982753	0.27599999999983993	states													"         state_name
id                 
26  post_reward_off"
7267.258753	4.656514999999672	states													"         state_name
id                 
27  soft_drink_time"
7271.915268	0.0005000000001018634	states													"    state_name
id            
28  warndanger"
7271.915768	3.000485000000481	states													"            state_name
id                    
29  warndanger_warning"
7274.916753	15.82049999999981	trials	1.0	r	2.0	p	1.0	r	2.0	0.0	0.0	1.0	r	p	
7274.916753	15.82049999999981	states													"   state_name
id           
0     state_0"
7274.916753	0.01599999999962165	states													"          state_name
id                  
1   sending_trialnum"
7274.932753	0.0005000000001018634	states													"      state_name
id              
3   wait_for_cin"
7274.933253	0.002005000000281143	states													"   state_name
id           
4     nicstim"
7274.935258	0.0005009999995309045	states													"       state_name
id               
5   stimon_nosein"
7274.935759	0.5449939999998605	states													"   state_name
id           
4     nicstim"
7275.480753	2.7870020000000295	states													"      state_name
id              
7   reinit_cpoke"
7278.267755	0.0020039999999426072	states													"   state_name
id           
4     nicstim"
7278.269759	0.0005090000004202011	states													"       state_name
id               
5   stimon_nosein"
7278.270268	0.7304850000000442	states													"   state_name
id           
4     nicstim"
7279.000753	3.292515999999523	states													"      state_name
id              
7   reinit_cpoke"
7282.293269	0.0024890000004234025	states													"   state_name
id           
4     nicstim"
7282.295758	0.000495000000228174	states													"       state_name
id               
5   stimon_nosein"
7282.296253	0.6419999999998254	states													"   state_name
id           
4     nicstim"
7282.938253	0.040500000000065484	states													"       state_name
id               
8   wait_for_cout"
7282.978753	0.0010009999996327679	states													"   state_name
id           
9       csgap"
7282.979754	0.3640029999996841	states													"        state_name
id                
16  wait_for_spoke"
7283.343757	0.0004960000005667098	states													"             state_name
id                     
18  soff_reward_chooser"
7283.344253	0.06700000000000728	states													"     state_name
id             
22  reward_soff"
7283.411253	0.3329999999996289	states													"         state_name
id                 
26  post_reward_off"
7283.744253	3.9920030000002953	states													"         state_name
id                 
27  soft_drink_time"
7287.736256	0.0005129999999553547	states													"    state_name
id            
28  warndanger"
7287.736769	3.0004840000001423	states													"            state_name
id                    
29  warndanger_warning"
7290.737757	62.632996000000276	trials	1.0	r	2.0	p	1.0	r	3.0	0.0	0.0	1.0	r	p	
7290.737757	62.632996000000276	states													"   state_name
id           
0     state_0"
7290.737757	0.016000999999960186	states													"          state_name
id                  
1   sending_trialnum"
7290.753758	0.000495000000228174	states													"      state_name
id              
3   wait_for_cin"
7290.754253	0.0024999999995998223	states													"   state_name
id           
4     nicstim"
7290.756753	0.0005000000001018634	states													"       state_name
id               
5   stimon_nosein"
7290.757253	0.1554999999998472	states													"   state_name
id           
4     nicstim"
7290.912753	1.0020000000004075	states													"      state_name
id              
7   reinit_cpoke"
7291.914753	0.0024999999995998223	states													"   state_name
id           
4     nicstim"
7291.917253	0.0005020000007789349	states													"       state_name
id               
5   stimon_nosein"
7291.917755	0.4489979999998468	states													"   state_name
id           
4     nicstim"
7292.366753	2.822499999999309	states													"      state_name
id              
7   reinit_cpoke"
7295.189253	0.0020150000000285218	states													"   state_name
id           
4     nicstim"
7295.191268	0.0004910000006930204	states													"       state_name
id               
5   stimon_nosein"
7295.191759	0.7440040000001318	states													"   state_name
id           
4     nicstim"
7295.935763	48.98099000000002	states													"      state_name
id              
7   reinit_cpoke"
7344.916753	0.0024999999995998223	states													"   state_name
id           
4     nicstim"
7344.919253	0.0005090000004202011	states													"       state_name
id               
5   stimon_nosein"
7344.919762	0.6469909999996162	states													"   state_name
id           
4     nicstim"
7345.566753	0.07999999999992724	states													"       state_name
id               
8   wait_for_cout"
7345.646753	0.0010019999999713036	states													"   state_name
id           
9       csgap"
7345.647755	0.5345029999998587	states													"        state_name
id                
16  wait_for_spoke"
7346.182258	0.0005010000004403992	states													"             state_name
id                     
18  soff_reward_chooser"
7346.182759	0.06699599999956263	states													"     state_name
id             
22  reward_soff"
7346.249755	0.3625130000000354	states													"         state_name
id                 
26  post_reward_off"
7346.612268	3.757491999999729	states													"         state_name
id                 
27  soft_drink_time"
7350.36976	0.0005080000000816653	states													"    state_name
id            
28  warndanger"
7350.370268	3.000485000000481	states													"            state_name
id                    
29  warndanger_warning"
7353.371258	9.841494999999668	trials	1.0	l	1.0	p	1.0	r	1.0	0.0	0.0	1.0	l	p	
7353.371258	9.841494999999668	states													"   state_name
id           
0     state_0"
7353.371258	0.01599499999974796	states													"          state_name
id                  
1   sending_trialnum"
7353.387253	0.0005129999999553547	states													"      state_name
id              
3   wait_for_cin"
7353.387766	0.002005000000281143	states													"   state_name
id           
4     nicstim"
7353.389771	0.000481999999465188	states													"       state_name
id               
5   stimon_nosein"
7353.390253	0.7485000000006039	states													"   state_name
id           
4     nicstim"
7354.138753	1.001999999999498	states													"      state_name
id              
7   reinit_cpoke"
7355.140753	0.002500000000509317	states													"   state_name
id           
4     nicstim"
7355.143253	0.0005069999997431296	states													"       state_name
id               
5   stimon_nosein"
7355.14376	0.616493000000446	states													"   state_name
id           
4     nicstim"
7355.760253	0.2915069999999105	states													"       state_name
id               
8   wait_for_cout"
7356.05176	0.0010089999996125698	states													"   state_name
id           
9       csgap"
7356.052769	0.427983999999924	states													"        state_name
id                
16  wait_for_spoke"
7356.480753	0.0005000000001018634	states													"             state_name
id                     
18  soff_reward_chooser"
7356.481253	0.06400000000030559	states													"     state_name
id             
22  reward_soff"
7356.545253	0.743507000000136	states													"         state_name
id                 
26  post_reward_off"
7357.28876	2.9234929999993255	states													"         state_name
id                 
27  soft_drink_time"
7360.212253	0.0005000000001018634	states													"    state_name
id            
28  warndanger"
7360.212753	3.0	states													"            state_name
id                    
29  warndanger_warning"
7363.213253	10.44549999999981	trials	1.0	r	2.0	p	1.0	r	0.0	0.0	0.0	1.0	r	p	
7363.213253	10.44549999999981	states													"   state_name
id           
0     state_0"
7363.213253	0.016015000000152213	states													"          state_name
id                  
1   sending_trialnum"
7363.229268	0.0004980000003342866	states													"      state_name
id              
3   wait_for_cin"
7363.229766	0.002486999999746331	states													"   state_name
id           
4     nicstim"
7363.232253	0.0005000000001018634	states													"       state_name
id               
5   stimon_nosein"
7363.232753	0.6290069999995467	states													"   state_name
id           
4     nicstim"
7363.86176	0.1619989999999234	states													"       state_name
id               
8   wait_for_cout"
7364.023759	0.001494000000093365	states													"   state_name
id           
9       csgap"
7364.025253	0.42300500000055763	states													"        state_name
id                
16  wait_for_spoke"
7364.448258	0.0005099999998492422	states													"             state_name
id                     
18  soff_reward_chooser"
7364.448768	0.133984999999484	states													"         state_name
id                 
19  reward_big_soff"
7364.582753	0.43150000000059663	states													"         state_name
id                 
26  post_reward_off"
7365.014253	5.643999999999323	states													"         state_name
id                 
27  soft_drink_time"
7370.658253	0.0005000000001018634	states													"    state_name
id            
28  warndanger"
7370.658753	3.0	states													"            state_name
id                    
29  warndanger_warning"
7373.659253	11.901499999999942	trials	1.0	r	2.0	p	1.0	r	0.0	0.0	0.0	1.0	r	p	
7373.659253	11.901499999999942	states													"   state_name
id           
0     state_0"
7373.659253	0.016000000000531145	states													"          state_name
id                  
1   sending_trialnum"
7373.675253	0.3015159999995376	states													"      state_name
id              
3   wait_for_cin"
7373.976769	0.002484000000549713	states													"   state_name
id           
4     nicstim"
7373.979253	0.0005069999997431296	states													"       state_name
id               
5   stimon_nosein"
7373.97976	0.6404949999996461	states													"   state_name
id           
4     nicstim"
7374.620255	0.13049800000044343	states													"       state_name
id               
8   wait_for_cout"
7374.750753	0.0010050000000774162	states													"   state_name
id           
9       csgap"
7374.751758	0.2900019999997312	states													"        state_name
id                
16  wait_for_spoke"
7375.04176	0.0004980000003342866	states													"             state_name
id                     
18  soff_reward_chooser"
7375.042258	0.13399499999923137	states													"         state_name
id                 
19  reward_big_soff"
7375.176253	0.3960000000006403	states													"         state_name
id                 
26  post_reward_off"
7375.572253	6.987518999999338	states													"         state_name
id                 
27  soft_drink_time"
7382.559772	0.00048100000003614696	states													"    state_name
id            
28  warndanger"
7382.560253	3.000500000000102	states													"            state_name
id                    
29  warndanger_warning"
7385.561253	10.738014999999905	trials	1.0	r	2.0	p	1.0	r	0.0	0.0	0.0	1.0	r	p	
7385.561253	10.738014999999905	states													"   state_name
id           
0     state_0"
7385.561253	0.016000000000531145	states													"          state_name
id                  
1   sending_trialnum"
7385.577253	0.0005059999994045938	states													"      state_name
id              
3   wait_for_cin"
7385.577759	0.0020060000006196788	states													"   state_name
id           
4     nicstim"
7385.579765	0.00048799999967741314	states													"       state_name
id               
5   stimon_nosein"
7385.580253	0.6204999999999927	states													"   state_name
id           
4     nicstim"
7386.200753	0.15250000000014552	states													"       state_name
id               
8   wait_for_cout"
7386.353253	0.0010000000002037268	states													"   state_name
id           
9       csgap"
7386.354253	0.34099999999943975	states													"        state_name
id                
16  wait_for_spoke"
7386.695253	0.0005090000004202011	states													"             state_name
id                     
18  soff_reward_chooser"
7386.695762	0.1340039999995497	states													"         state_name
id                 
19  reward_big_soff"
7386.829766	0.009492000000136613	states													"         state_name
id                 
26  post_reward_off"
7386.839258	6.459495000000061	states													"         state_name
id                 
27  soft_drink_time"
7393.298753	0.0005000000001018634	states													"    state_name
id            
28  warndanger"
7393.299253	3.000014999999621	states													"            state_name
id                    
29  warndanger_warning"
7396.299768	8.303995000000214	trials	1.0	l	1.0	p	1.0	r	0.0	0.0	0.0	1.0	l	p	
7396.299768	8.303995000000214	states													"   state_name
id           
0     state_0"
7396.299768	0.016000000000531145	states													"          state_name
id                  
1   sending_trialnum"
7396.315768	0.0004849999995713006	states													"      state_name
id              
3   wait_for_cin"
7396.316253	0.0024999999995998223	states													"   state_name
id           
4     nicstim"
7396.318753	0.0005000000001018634	states													"       state_name
id               
5   stimon_nosein"
7396.319253	0.6215000000001965	states													"   state_name
id           
4     nicstim"
7396.940753	0.1970209999999497	states													"       state_name
id               
8   wait_for_cout"
7397.137774	0.001479000000472297	states													"   state_name
id           
9       csgap"
7397.139253	0.29950000000008004	states													"        state_name
id                
16  wait_for_spoke"
7397.438753	0.0004999999991923687	states													"             state_name
id                     
18  soff_reward_chooser"
7397.439253	0.12750000000050932	states													"         state_name
id                 
19  reward_big_soff"
7397.566753	0.9525000000003274	states													"         state_name
id                 
26  post_reward_off"
7398.519253	3.0840049999997063	states													"         state_name
id                 
27  soft_drink_time"
7401.603258	0.0005009999995309045	states													"    state_name
id            
28  warndanger"
7401.603759	3.0000040000004446	states													"            state_name
id                    
29  warndanger_warning"
7404.604253	12.248504999999568	trials	1.0	r	2.0	p	1.0	r	1.0	0.0	0.0	1.0	r	p	
7404.604253	12.248504999999568	states													"   state_name
id           
0     state_0"
7404.604253	0.01599999999962165	states													"          state_name
id                  
1   sending_trialnum"
7404.620253	0.0005000000001018634	states													"      state_name
id              
3   wait_for_cin"
7404.620753	0.0020150000000285218	states													"   state_name
id           
4     nicstim"
7404.622768	0.00048999999944499	states													"       state_name
id               
5   stimon_nosein"
7404.623258	0.7860000000000582	states													"   state_name
id           
4     nicstim"
7405.409258	3.1159950000001118	states													"      state_name
id              
7   reinit_cpoke"
7408.525253	0.0020150000000285218	states													"   state_name
id           
4     nicstim"
7408.527268	0.0005060000003140885	states													"       state_name
id               
5   stimon_nosein"
7408.527774	0.6384790000001885	states													"   state_name
id           
4     nicstim"
7409.166253	0.09850000000005821	states													"       state_name
id               
8   wait_for_cout"
7409.264753	0.0010139999994862592	states													"   state_name
id           
9       csgap"
7409.265767	0.4699909999999363	states													"        state_name
id                
16  wait_for_spoke"
7409.735758	0.000495000000228174	states													"             state_name
id                     
18  soff_reward_chooser"
7409.736253	0.06700900000032561	states													"     state_name
id             
22  reward_soff"
7409.803262	0.21399099999962345	states													"         state_name
id                 
26  post_reward_off"
7410.017253	3.8350000000000364	states													"         state_name
id                 
27  soft_drink_time"
7413.852253	0.0005000000001018634	states													"    state_name
id            
28  warndanger"
7413.852753	3.0000049999998737	states													"            state_name
id                    
29  warndanger_warning"
7416.853253	9.943014999999832	trials	1.0	r	2.0	p	1.0	r	0.0	0.0	0.0	1.0	r	p	
7416.853253	9.943014999999832	states													"   state_name
id           
0     state_0"
7416.853253	0.01600499999949534	states													"          state_name
id                  
1   sending_trialnum"
7416.869258	0.0005019999998694402	states													"      state_name
id              
3   wait_for_cin"
7416.86976	0.002492999999958556	states													"   state_name
id           
4     nicstim"
7416.872253	0.0005000000001018634	states													"       state_name
id               
5   stimon_nosein"
7416.872753	0.6360160000003816	states													"   state_name
id           
4     nicstim"
7417.508769	0.2189859999998589	states													"       state_name
id               
8   wait_for_cout"
7417.727755	0.0014980000005380134	states													"   state_name
id           
9       csgap"
7417.729253	0.4485049999993862	states													"        state_name
id                
16  wait_for_spoke"
7418.177758	0.000495000000228174	states													"             state_name
id                     
18  soff_reward_chooser"
7418.178253	0.13400799999999435	states													"         state_name
id                 
19  reward_big_soff"
7418.312261	0.2789919999995618	states													"         state_name
id                 
26  post_reward_off"
7418.591253	5.204513000000588	states													"         state_name
id                 
27  soft_drink_time"
7423.795766	0.0004870000002483721	states													"    state_name
id            
28  warndanger"
7423.796253	3.000014999999621	states													"            state_name
id                    
29  warndanger_warning"
7426.796764	13.007489000000533	trials	1.0	l	1.0	p	1.0	r	0.0	0.0	0.0	1.0	l	p	
7426.796764	13.007489000000533	states													"   state_name
id           
0     state_0"
7426.796764	0.015995000000657456	states													"          state_name
id                  
1   sending_trialnum"
7426.812759	3.304493999999977	states													"      state_name
id              
3   wait_for_cin"
7430.117253	0.001999999999497959	states													"   state_name
id           
4     nicstim"
7430.119253	0.000503000000207976	states													"       state_name
id               
5   stimon_nosein"
7430.119756	0.6474969999999303	states													"   state_name
id           
4     nicstim"
7430.767253	0.015003999999862572	states													"       state_name
id               
8   wait_for_cout"
7430.782257	0.0010010000005422626	states													"   state_name
id           
9       csgap"
7430.783258	0.3959949999998571	states													"        state_name
id                
16  wait_for_spoke"
7431.179253	0.000511999999616819	states													"             state_name
id                     
18  soff_reward_chooser"
7431.179765	0.12748800000008487	states													"         state_name
id                 
19  reward_big_soff"
7431.307253	0.7445060000000012	states													"         state_name
id                 
26  post_reward_off"
7432.051759	4.751498999999967	states													"         state_name
id                 
27  soft_drink_time"
7436.803258	0.0005010000004403992	states													"    state_name
id            
28  warndanger"
7436.803759	3.0004939999998896	states													"            state_name
id                    
29  warndanger_warning"
7439.804753	12.485999999999876	trials	1.0	l	1.0	p	1.0	r	1.0	0.0	0.0	1.0	l	p	
7439.804753	12.485999999999876	states													"   state_name
id           
0     state_0"
7439.804753	0.01599999999962165	states													"          state_name
id                  
1   sending_trialnum"
7439.820753	2.573500000000422	states													"      state_name
id              
3   wait_for_cin"
7442.394253	0.001999999999497959	states													"   state_name
id           
4     nicstim"
7442.396253	0.0005000000001018634	states													"       state_name
id               
5   stimon_nosein"
7442.396753	0.738006999999925	states													"   state_name
id           
4     nicstim"
7443.13476	1.0020009999998365	states													"      state_name
id              
7   reinit_cpoke"
7444.136761	0.002492000000529515	states													"   state_name
id           
4     nicstim"
7444.139253	0.0005089999995107064	states													"       state_name
id               
5   stimon_nosein"
7444.139762	0.6209909999997762	states													"   state_name
id           
4     nicstim"
7444.760753	0.2600000000002183	states													"       state_name
id               
8   wait_for_cout"
7445.020753	0.0010140000003957539	states													"   state_name
id           
9       csgap"
7445.021767	0.29599599999983184	states													"        state_name
id                
16  wait_for_spoke"
7445.317763	0.0004900000003544847	states													"             state_name
id                     
18  soff_reward_chooser"
7445.318253	0.0639999999993961	states													"     state_name
id             
22  reward_soff"
7445.382253	0.41301500000008673	states													"         state_name
id                 
26  post_reward_off"
7445.795268	3.49498500000027	states													"         state_name
id                 
27  soft_drink_time"
7449.290253	0.0005000000001018634	states													"    state_name
id            
28  warndanger"
7449.290753	3.0	states													"            state_name
id                    
29  warndanger_warning"
7452.291253	9.604507000000012	trials	1.0	r	2.0	p	1.0	r	0.0	0.0	0.0	1.0	r	p	
7452.291253	9.604507000000012	states													"   state_name
id           
0     state_0"
7452.291253	0.01599999999962165	states													"          state_name
id                  
1   sending_trialnum"
7452.307253	0.07850799999960145	states													"      state_name
id              
3   wait_for_cin"
7452.385761	0.0025070000001505832	states													"   state_name
id           
4     nicstim"
7452.388268	0.0004850000004807953	states													"       state_name
id               
5   stimon_nosein"
7452.388753	0.6284999999998035	states													"   state_name
id           
4     nicstim"
7453.017253	0.2070000000003347	states													"       state_name
id               
8   wait_for_cout"
7453.224253	0.0010050000000774162	states													"   state_name
id           
9       csgap"
7453.225258	0.28450599999996484	states													"        state_name
id                
16  wait_for_spoke"
7453.509764	0.0004890000000159489	states													"             state_name
id                     
18  soff_reward_chooser"
7453.510253	0.13400000000001455	states													"         state_name
id                 
19  reward_big_soff"
7453.644253	0.30951399999958085	states													"         state_name
id                 
26  post_reward_off"
7453.953767	4.9409859999996115	states													"         state_name
id                 
27  soft_drink_time"
7458.894753	0.0005000000001018634	states													"    state_name
id            
28  warndanger"
7458.895253	3.0005070000006526	states													"            state_name
id                    
29  warndanger_warning"
7461.896253	6.687511000000086	trials	1.0	r	2.0	p	1.0	r	0.0	0.0	0.0	1.0	r	p	
7461.896253	6.687511000000086	states													"   state_name
id           
0     state_0"
7461.896253	0.016000000000531145	states													"          state_name
id                  
1   sending_trialnum"
7461.912253	0.0004999999991923687	states													"      state_name
id              
3   wait_for_cin"
7461.912753	0.002500000000509317	states													"   state_name
id           
4     nicstim"
7461.915253	0.000511999999616819	states													"       state_name
id               
5   stimon_nosein"
7461.915765	0.6329880000002959	states													"   state_name
id           
4     nicstim"
7462.548753	0.054505000000062864	states													"       state_name
id               
8   wait_for_cout"
7462.603258	0.0010099999999511056	states													"   state_name
id           
9       csgap"
7462.604268	0.8444849999996222	states													"        state_name
id                
16  wait_for_spoke"
7463.448753	0.0005000000001018634	states													"             state_name
id                     
18  soff_reward_chooser"
7463.449253	0.13400000000001455	states													"         state_name
id                 
19  reward_big_soff"
7463.583253	2.0	states													"         state_name
id                 
26  post_reward_off"
7465.583253	0.0005070000006526243	states													"    state_name
id            
28  warndanger"
7465.58376	3.000003999999535	states													"            state_name
id                    
29  warndanger_warning"
7468.584253	166.92551100000037	trials	1.0	r	2.0	p	1.0	r	2.0	0.0	0.0	1.0	r	p	
7468.584253	166.92551100000037	states													"   state_name
id           
0     state_0"
7468.584253	0.01599999999962165	states													"          state_name
id                  
1   sending_trialnum"
7468.600253	1.0615060000000085	states													"      state_name
id              
3   wait_for_cin"
7469.661759	0.002494000000297092	states													"   state_name
id           
4     nicstim"
7469.664253	0.0005000000001018634	states													"       state_name
id               
5   stimon_nosein"
7469.664753	0.7570079999995869	states													"   state_name
id           
4     nicstim"
7470.421761	2.0410020000008444	states													"      state_name
id              
7   reinit_cpoke"
7472.462763	0.0024899999998524436	states													"   state_name
id           
4     nicstim"
7472.465253	0.0005019999998694402	states													"       state_name
id               
5   stimon_nosein"
7472.465755	0.7244979999995849	states													"   state_name
id           
4     nicstim"
7473.190253	153.87550800000008	states													"      state_name
id              
7   reinit_cpoke"
7627.065761	0.002492000000529515	states													"   state_name
id           
4     nicstim"
7627.068253	0.0004999999991923687	states													"       state_name
id               
5   stimon_nosein"
7627.068753	0.6380160000007891	states													"   state_name
id           
4     nicstim"
7627.706769	0.07848399999966205	states													"       state_name
id               
8   wait_for_cout"
7627.785253	0.0010050000000774162	states													"   state_name
id           
9       csgap"
7627.786258	0.7259960000001229	states													"        state_name
id                
16  wait_for_spoke"
7628.512254	0.0005149999997229315	states													"             state_name
id                     
18  soff_reward_chooser"
7628.512769	0.06698700000015378	states													"     state_name
id             
22  reward_soff"
7628.579756	0.07099699999980658	states													"         state_name
id                 
26  post_reward_off"
7628.650753	3.8580160000001342	states													"         state_name
id                 
27  soft_drink_time"
7632.508769	0.0004989999997633277	states													"    state_name
id            
28  warndanger"
7632.509268	3.0004960000005667	states													"            state_name
id                    
29  warndanger_warning"
7635.510253	9.47899999999936	trials	1.0	l	1.0	p	1.0	r	0.0	0.0	0.0	1.0	l	p	
7635.510253	9.47899999999936	states													"   state_name
id           
0     state_0"
7635.510253	0.01599999999962165	states													"          state_name
id                  
1   sending_trialnum"
7635.526253	0.0005000000001018634	states													"      state_name
id              
3   wait_for_cin"
7635.526753	0.002015999999457563	states													"   state_name
id           
4     nicstim"
7635.528769	0.0004990000006728224	states													"       state_name
id               
5   stimon_nosein"
7635.529268	0.6409880000001067	states													"   state_name
id           
4     nicstim"
7636.170256	0.1749970000000758	states													"       state_name
id               
8   wait_for_cout"
7636.345253	0.0009999999992942321	states													"   state_name
id           
9       csgap"
7636.346253	0.6060150000002977	states													"        state_name
id                
16  wait_for_spoke"
7636.952268	0.0004849999995713006	states													"             state_name
id                     
18  soff_reward_chooser"
7636.952753	0.12751500000013039	states													"         state_name
id                 
19  reward_big_soff"
7637.080268	0.6070010000003094	states													"         state_name
id                 
26  post_reward_off"
7637.687269	4.300984999999855	states													"         state_name
id                 
27  soft_drink_time"
7641.988254	0.0005149999997229315	states													"    state_name
id            
28  warndanger"
7641.988769	3.0004840000001423	states													"            state_name
id                    
29  warndanger_warning"
7644.989756	10.702013000000079	trials	1.0	l	1.0	p	1.0	r	1.0	0.0	0.0	1.0	l	p	
7644.989756	10.702013000000079	states													"   state_name
id           
0     state_0"
7644.989756	0.016010000000278524	states													"          state_name
id                  
1   sending_trialnum"
7645.005766	0.31999399999949674	states													"      state_name
id              
3   wait_for_cin"
7645.32576	0.002492999999958556	states													"   state_name
id           
4     nicstim"
7645.328253	0.0005000000001018634	states													"       state_name
id               
5   stimon_nosein"
7645.328753	0.7020050000000992	states													"   state_name
id           
4     nicstim"
7646.030758	1.0354950000000827	states													"      state_name
id              
7   reinit_cpoke"
7647.066253	0.0020000000004074536	states													"   state_name
id           
4     nicstim"
7647.068253	0.0004999999991923687	states													"       state_name
id               
5   stimon_nosein"
7647.068753	0.6270090000007258	states													"   state_name
id           
4     nicstim"
7647.695762	0.1510069999994812	states													"       state_name
id               
8   wait_for_cout"
7647.846769	0.0014840000003459863	states													"   state_name
id           
9       csgap"
7647.848253	0.29100500000004104	states													"        state_name
id                
16  wait_for_spoke"
7648.139258	0.0005110000001877779	states													"             state_name
id                     
18  soff_reward_chooser"
7648.139769	0.06399699999928998	states													"     state_name
id             
22  reward_soff"
7648.203766	1.8459930000008171	states													"         state_name
id                 
26  post_reward_off"
7650.049759	2.6414939999995113	states													"         state_name
id                 
27  soft_drink_time"
7652.691253	0.0005080000000816653	states													"    state_name
id            
28  warndanger"
7652.691761	3.00000799999998	states													"            state_name
id                    
29  warndanger_warning"
7655.692253	10.108000000000175	trials	1.0	r	2.0	p	1.0	r	0.0	0.0	0.0	1.0	r	p	
7655.692253	10.108000000000175	states													"   state_name
id           
0     state_0"
7655.692253	0.01599999999962165	states													"          state_name
id                  
1   sending_trialnum"
7655.708253	0.0005000000001018634	states													"      state_name
id              
3   wait_for_cin"
7655.708753	0.002500000000509317	states													"   state_name
id           
4     nicstim"
7655.711253	0.0005149999997229315	states													"       state_name
id               
5   stimon_nosein"
7655.711768	0.6274899999998524	states													"   state_name
id           
4     nicstim"
7656.339258	0.2690099999999802	states													"       state_name
id               
8   wait_for_cout"
7656.608268	0.0014890000002196757	states													"   state_name
id           
9       csgap"
7656.609757	0.4910119999995004	states													"        state_name
id                
16  wait_for_spoke"
7657.100769	0.0004890000000159489	states													"             state_name
id                     
18  soff_reward_chooser"
7657.101258	0.13401000000067143	states													"         state_name
id                 
19  reward_big_soff"
7657.235268	0.35148499999922933	states													"         state_name
id                 
26  post_reward_off"
7657.586753	5.212500000000546	states													"         state_name
id                 
27  soft_drink_time"
7662.799253	0.0005110000001877779	states													"    state_name
id            
28  warndanger"
7662.799764	3.000489000000016	states													"            state_name
id                    
29  warndanger_warning"
7665.800753	12.55201599999964	trials	1.0	r	2.0	p	1.0	r	2.0	0.0	0.0	1.0	r	p	
7665.800753	12.55201599999964	states													"   state_name
id           
0     state_0"
7665.800753	0.01599999999962165	states													"          state_name
id                  
1   sending_trialnum"
7665.816753	0.0005000000001018634	states													"      state_name
id              
3   wait_for_cin"
7665.817253	0.0020150000000285218	states													"   state_name
id           
4     nicstim"
7665.819268	0.0004920000001220615	states													"       state_name
id               
5   stimon_nosein"
7665.81976	0.7494929999993474	states													"   state_name
id           
4     nicstim"
7666.569253	1.099500000000262	states													"      state_name
id              
7   reinit_cpoke"
7667.668753	0.002500000000509317	states													"   state_name
id           
4     nicstim"
7667.671253	0.0005069999997431296	states													"       state_name
id               
5   stimon_nosein"
7667.67176	0.6669929999998203	states													"   state_name
id           
4     nicstim"
7668.338753	1.0024999999995998	states													"      state_name
id              
7   reinit_cpoke"
7669.341253	0.002508000000489119	states													"   state_name
id           
4     nicstim"
7669.343761	0.0004920000001220615	states													"       state_name
id               
5   stimon_nosein"
7669.344253	0.6455070000001797	states													"   state_name
id           
4     nicstim"
7669.98976	0.09950799999933224	states													"       state_name
id               
8   wait_for_cout"
7670.089268	0.001485000000684522	states													"   state_name
id           
9       csgap"
7670.090753	0.273005999999441	states													"        state_name
id                
16  wait_for_spoke"
7670.363759	0.0005090000004202011	states													"             state_name
id                     
18  soff_reward_chooser"
7670.364268	0.06698499999947671	states													"     state_name
id             
22  reward_soff"
7670.431253	1.4870150000006106	states													"         state_name
id                 
26  post_reward_off"
7671.918268	3.433984999999666	states													"         state_name
id                 
27  soft_drink_time"
7675.352253	0.0005000000001018634	states													"    state_name
id            
28  warndanger"
7675.352753	3.0000159999999596	states													"            state_name
id                    
29  warndanger_warning"
7678.353268	14.9679900000001	trials	1.0	l	1.0	p	1.0	r	0.0	0.0	0.0	1.0	l	p	
7678.353268	14.9679900000001	states													"   state_name
id           
0     state_0"
7678.353268	0.015985000000000582	states													"          state_name
id                  
1   sending_trialnum"
7678.369253	4.6425060000001395	states													"      state_name
id              
3   wait_for_cin"
7683.011759	0.002494000000297092	states													"   state_name
id           
4     nicstim"
7683.014253	0.0005000000001018634	states													"       state_name
id               
5   stimon_nosein"
7683.014753	0.6575049999992189	states													"   state_name
id           
4     nicstim"
7683.672258	0.009512000000540866	states													"       state_name
id               
8   wait_for_cout"
7683.68177	0.0014979999996285187	states													"   state_name
id           
9       csgap"
7683.683268	0.45698499999980413	states													"        state_name
id                
16  wait_for_spoke"
7684.140253	0.0005000000001018634	states													"             state_name
id                     
18  soff_reward_chooser"
7684.140753	0.12750000000050932	states													"         state_name
id                 
19  reward_big_soff"
7684.268253	0.17051600000013423	states													"         state_name
id                 
26  post_reward_off"
7684.438769	5.881485999999313	states													"         state_name
id                 
27  soft_drink_time"
7690.320255	0.000503000000207976	states													"    state_name
id            
28  warndanger"
7690.320758	3.000500000000102	states													"            state_name
id                    
29  warndanger_warning"
7693.32176	10.042508000000453	trials	1.0	r	2.0	p	1.0	r	0.0	0.0	0.0	1.0	r	p	
7693.32176	10.042508000000453	states													"   state_name
id           
0     state_0"
7693.32176	0.01599900000019261	states													"          state_name
id                  
1   sending_trialnum"
7693.337759	0.000503999999637017	states													"      state_name
id              
3   wait_for_cin"
7693.338263	0.0024900000007619383	states													"   state_name
id           
4     nicstim"
7693.340753	0.0004999999991923687	states													"       state_name
id               
5   stimon_nosein"
7693.341253	0.6590000000005602	states													"   state_name
id           
4     nicstim"
7694.000253	0.2075089999998454	states													"       state_name
id               
8   wait_for_cout"
7694.207762	0.0014909999999872525	states													"   state_name
id           
9       csgap"
7694.209253	0.4070000000001528	states													"        state_name
id                
16  wait_for_spoke"
7694.616253	0.0005000000001018634	states													"             state_name
id                     
18  soff_reward_chooser"
7694.616753	0.13400000000001455	states													"         state_name
id                 
19  reward_big_soff"
7694.750753	0.3079999999999927	states													"         state_name
id                 
26  post_reward_off"
7695.058753	5.304500000000189	states													"         state_name
id                 
27  soft_drink_time"
7700.363253	0.0005089999995107064	states													"    state_name
id            
28  warndanger"
7700.363762	3.000506000000314	states													"            state_name
id                    
29  warndanger_warning"
7703.364762	10.414991999999984	trials	1.0	l	1.0	p	1.0	r	1.0	0.0	0.0	1.0	l	p	
7703.364762	10.414991999999984	states													"   state_name
id           
0     state_0"
7703.364762	0.015991000000212807	states													"          state_name
id                  
1   sending_trialnum"
7703.380753	0.0004999999991923687	states													"      state_name
id              
3   wait_for_cin"
7703.381253	0.0025050000003830064	states													"   state_name
id           
4     nicstim"
7703.383758	0.000495000000228174	states													"       state_name
id               
5   stimon_nosein"
7703.384253	0.7699999999995271	states													"   state_name
id           
4     nicstim"
7704.154253	1.0025000000005093	states													"      state_name
id              
7   reinit_cpoke"
7705.156753	0.002015999999457563	states													"   state_name
id           
4     nicstim"
7705.158769	0.0004890000000159489	states													"       state_name
id               
5   stimon_nosein"
7705.159258	0.6619950000003882	states													"   state_name
id           
4     nicstim"
7705.821253	0.2955000000001746	states													"       state_name
id               
8   wait_for_cout"
7706.116753	0.0010089999996125698	states													"   state_name
id           
9       csgap"
7706.117762	0.6224910000000818	states													"        state_name
id                
16  wait_for_spoke"
7706.740253	0.0005000000001018634	states													"             state_name
id                     
18  soff_reward_chooser"
7706.740753	0.06401000000005297	states													"     state_name
id             
22  reward_soff"
7706.804763	0.04799000000002707	states													"         state_name
id                 
26  post_reward_off"
7706.852753	3.925999999999476	states													"         state_name
id                 
27  soft_drink_time"
7710.778753	0.0005000000001018634	states													"    state_name
id            
28  warndanger"
7710.779253	3.0005010000004404	states													"            state_name
id                    
29  warndanger_warning"
7713.780253	19.011999999999716	trials	1.0	l	1.0	p	1.0	r	0.0	0.0	0.0	1.0	l	p	
7713.780253	19.011999999999716	states													"   state_name
id           
0     state_0"
7713.780253	0.016000000000531145	states													"          state_name
id                  
1   sending_trialnum"
7713.796253	8.331014999999752	states													"      state_name
id              
3   wait_for_cin"
7722.127268	0.002494999999726133	states													"   state_name
id           
4     nicstim"
7722.129763	0.0004900000003544847	states													"       state_name
id               
5   stimon_nosein"
7722.130253	0.6405159999994794	states													"   state_name
id           
4     nicstim"
7722.770769	0.26249900000038906	states													"       state_name
id               
8   wait_for_cout"
7723.033268	0.0014849999997750274	states													"   state_name
id           
9       csgap"
7723.034753	0.6245150000004287	states													"        state_name
id                
16  wait_for_spoke"
7723.659268	0.0005029999992984813	states													"             state_name
id                     
18  soff_reward_chooser"
7723.659771	0.1274970000004032	states													"         state_name
id                 
19  reward_big_soff"
7723.787268	0.5019849999998769	states													"         state_name
id                 
26  post_reward_off"
7724.289253	5.502513000000363	states													"         state_name
id                 
27  soft_drink_time"
7729.791766	0.0004869999993388774	states													"    state_name
id            
28  warndanger"
7729.792253	3.0	states													"            state_name
id                    
29  warndanger_warning"
7732.792753	10.04700099999991	trials	1.0	r	2.0	p	1.0	r	0.0	0.0	0.0	1.0	r	p	
7732.792753	10.04700099999991	states													"   state_name
id           
0     state_0"
7732.792753	0.01601600000049075	states													"          state_name
id                  
1   sending_trialnum"
7732.808769	0.0004989999997633277	states													"      state_name
id              
3   wait_for_cin"
7732.809268	0.002486999999746331	states													"   state_name
id           
4     nicstim"
7732.811755	0.0004980000003342866	states													"       state_name
id               
5   stimon_nosein"
7732.812253	0.6595079999997324	states													"   state_name
id           
4     nicstim"
7733.471761	0.1535069999999905	states													"       state_name
id               
8   wait_for_cout"
7733.625268	0.0014849999997750274	states													"   state_name
id           
9       csgap"
7733.626753	0.4225000000005821	states													"        state_name
id                
16  wait_for_spoke"
7734.049253	0.0005069999997431296	states													"             state_name
id                     
18  soff_reward_chooser"
7734.04976	0.13400499999988824	states													"         state_name
id                 
19  reward_big_soff"
7734.183765	0.5014879999998811	states													"         state_name
id                 
26  post_reward_off"
7734.685253	5.1535060000005615	states													"         state_name
id                 
27  soft_drink_time"
7739.838759	0.0004939999998896383	states													"    state_name
id            
28  warndanger"
7739.839253	3.000500999999531	states													"            state_name
id                    
29  warndanger_warning"
7742.840253	10.884999999999309	trials	1.0	r	2.0	p	1.0	r	0.0	0.0	0.0	1.0	r	p	
7742.840253	10.884999999999309	states													"   state_name
id           
0     state_0"
7742.840253	0.01599999999962165	states													"          state_name
id                  
1   sending_trialnum"
7742.856253	0.0005000000001018634	states													"      state_name
id              
3   wait_for_cin"
7742.856753	0.002005000000281143	states													"   state_name
id           
4     nicstim"
7742.858758	0.0005099999998492422	states													"       state_name
id               
5   stimon_nosein"
7742.859268	0.6684909999994488	states													"   state_name
id           
4     nicstim"
7743.527759	0.19150900000022375	states													"       state_name
id               
8   wait_for_cout"
7743.719268	0.0014849999997750274	states													"   state_name
id           
9       csgap"
7743.720753	0.42000000000007276	states													"        state_name
id                
16  wait_for_spoke"
7744.140753	0.0005000000001018634	states													"             state_name
id                     
18  soff_reward_chooser"
7744.141253	0.13400000000001455	states													"         state_name
id                 
19  reward_big_soff"
7744.275253	0.2595000000001164	states													"         state_name
id                 
26  post_reward_off"
7744.534753	6.1895000000004075	states													"         state_name
id                 
27  soft_drink_time"
7750.724253	0.0005160000000614673	states													"    state_name
id            
28  warndanger"
7750.724769	3.0004839999992328	states													"            state_name
id                    
29  warndanger_warning"
7753.725758	22.139509999999973	trials	1.0	l	1.0	p	1.0	r	0.0	0.0	0.0	1.0	l	p	
7753.725758	22.139509999999973	states													"   state_name
id           
0     state_0"
7753.725758	0.01600700000017241	states													"          state_name
id                  
1   sending_trialnum"
7753.741765	12.508488000000398	states													"      state_name
id              
3   wait_for_cin"
7766.250253	0.0024999999995998223	states													"   state_name
id           
4     nicstim"
7766.252753	0.0005000000001018634	states													"       state_name
id               
5   stimon_nosein"
7766.253253	0.6475000000000364	states													"   state_name
id           
4     nicstim"
7766.900753	0.1665000000002692	states													"       state_name
id               
8   wait_for_cout"
7767.067253	0.0010050000000774162	states													"   state_name
id           
9       csgap"
7767.068258	0.3919949999999517	states													"        state_name
id                
16  wait_for_spoke"
7767.460253	0.0005000000001018634	states													"             state_name
id                     
18  soff_reward_chooser"
7767.460753	0.12749999999959982	states													"         state_name
id                 
19  reward_big_soff"
7767.588253	0.23999999999978172	states													"         state_name
id                 
26  post_reward_off"
7767.828253	5.03650000000016	states													"         state_name
id                 
27  soft_drink_time"
7772.864753	0.0005000000001018634	states													"    state_name
id            
28  warndanger"
7772.865253	3.000014999999621	states													"            state_name
id                    
29  warndanger_warning"
7775.865759	151.85649899999953	trials	1.0	l	1.0	p	1.0	r	2.0	0.0	0.0	1.0	l	p	
7775.865759	151.85649899999953	states													"   state_name
id           
0     state_0"
7775.865759	0.01600700000017241	states													"          state_name
id                  
1   sending_trialnum"
7775.881766	140.95599399999992	states													"      state_name
id              
3   wait_for_cin"
7916.83776	0.002011999999922409	states													"   state_name
id           
4     nicstim"
7916.839772	0.00048100000003614696	states													"       state_name
id               
5   stimon_nosein"
7916.840253	0.6264999999993961	states													"   state_name
id           
4     nicstim"
7917.466753	1.0025000000005093	states													"      state_name
id              
7   reinit_cpoke"
7918.469253	0.0025070000001505832	states													"   state_name
id           
4     nicstim"
7918.47176	0.0004929999995511025	states													"       state_name
id               
5   stimon_nosein"
7918.472253	0.7355040000002191	states													"   state_name
id           
4     nicstim"
7919.207757	1.0024960000000647	states													"      state_name
id              
7   reinit_cpoke"
7920.210253	0.0024999999995998223	states													"   state_name
id           
4     nicstim"
7920.212753	0.0005000000001018634	states													"       state_name
id               
5   stimon_nosein"
7920.213253	0.649000000000342	states													"   state_name
id           
4     nicstim"
7920.862253	0.2249999999994543	states													"       state_name
id               
8   wait_for_cout"
7921.087253	0.0010000000002037268	states													"   state_name
id           
9       csgap"
7921.088253	0.26450000000022555	states													"        state_name
id                
16  wait_for_spoke"
7921.352753	0.0005049999999755528	states													"             state_name
id                     
18  soff_reward_chooser"
7921.353258	0.0639949999995224	states													"     state_name
id             
22  reward_soff"
7921.417253	0.054015000000617874	states													"         state_name
id                 
26  post_reward_off"
7921.471268	3.250000999999429	states													"         state_name
id                 
27  soft_drink_time"
7924.721269	0.0005049999999755528	states													"    state_name
id            
28  warndanger"
7924.721774	3.0004840000001423	states													"            state_name
id                    
29  warndanger_warning"
7927.722768	9.176986000000397	trials	1.0	l	1.0	p	1.0	r	0.0	0.0	0.0	1.0	l	p	
7927.722768	9.176986000000397	states													"   state_name
id           
0     state_0"
7927.722768	0.015985000000000582	states													"          state_name
id                  
1   sending_trialnum"
7927.738753	0.0005150000006324262	states													"      state_name
id              
3   wait_for_cin"
7927.739268	0.002492999999958556	states													"   state_name
id           
4     nicstim"
7927.741761	0.0004920000001220615	states													"       state_name
id               
5   stimon_nosein"
7927.742253	0.6335099999996601	states													"   state_name
id           
4     nicstim"
7928.375763	0.25548999999955413	states													"       state_name
id               
8   wait_for_cout"
7928.631253	0.0010010000005422626	states													"   state_name
id           
9       csgap"
7928.632254	0.42550200000005134	states													"        state_name
id                
16  wait_for_spoke"
7929.057756	0.0004979999994247919	states													"             state_name
id                     
18  soff_reward_chooser"
7929.058254	0.12750600000072154	states													"         state_name
id                 
19  reward_big_soff"
7929.18576	1.4554929999994783	states													"         state_name
id                 
26  post_reward_off"
7930.641253	3.2575000000006185	states													"         state_name
id                 
27  soft_drink_time"
7933.898753	0.0005149999997229315	states													"    state_name
id            
28  warndanger"
7933.899268	3.00048599999991	states													"            state_name
id                    
29  warndanger_warning"
7936.900253	8.38801500000045	trials	1.0	l	1.0	p	1.0	r	0.0	0.0	0.0	1.0	l	p	
7936.900253	8.38801500000045	states													"   state_name
id           
0     state_0"
7936.900253	0.016000000000531145	states													"          state_name
id                  
1   sending_trialnum"
7936.916253	0.0005000000001018634	states													"      state_name
id              
3   wait_for_cin"
7936.916753	0.001999999999497959	states													"   state_name
id           
4     nicstim"
7936.918753	0.0005000000001018634	states													"       state_name
id               
5   stimon_nosein"
7936.919253	0.644506999999976	states													"   state_name
id           
4     nicstim"
7937.56376	0.13699300000007497	states													"       state_name
id               
8   wait_for_cout"
7937.700753	0.0010059999995064572	states													"   state_name
id           
9       csgap"
7937.701759	0.4549940000006245	states													"        state_name
id                
16  wait_for_spoke"
7938.156753	0.0005000000001018634	states													"             state_name
id                     
18  soff_reward_chooser"
7938.157253	0.12749999999959982	states													"         state_name
id                 
19  reward_big_soff"
7938.284753	0.2165000000004511	states													"         state_name
id                 
26  post_reward_off"
7938.501253	3.786016000000018	states													"         state_name
id                 
27  soft_drink_time"
7942.287269	0.0004989999997633277	states													"    state_name
id            
28  warndanger"
7942.287768	3.000500000000102	states													"            state_name
id                    
29  warndanger_warning"
7945.288753	9.756000000000313	trials	1.0	r	2.0	p	1.0	r	0.0	0.0	0.0	1.0	r	p	
7945.288753	9.756000000000313	states													"   state_name
id           
0     state_0"
7945.288753	0.016010000000278524	states													"          state_name
id                  
1   sending_trialnum"
7945.304763	0.0004900000003544847	states													"      state_name
id              
3   wait_for_cin"
7945.305253	0.001999999999497959	states													"   state_name
id           
4     nicstim"
7945.307253	0.0005080000000816653	states													"       state_name
id               
5   stimon_nosein"
7945.307761	0.6684919999997874	states													"   state_name
id           
4     nicstim"
7945.976253	0.23250499999994645	states													"       state_name
id               
8   wait_for_cout"
7946.208758	0.0010130000000572181	states													"   state_name
id           
9       csgap"
7946.209771	0.41498200000023644	states													"        state_name
id                
16  wait_for_spoke"
7946.624753	0.0005000000001018634	states													"             state_name
id                     
18  soff_reward_chooser"
7946.625253	0.13400499999988824	states													"         state_name
id                 
19  reward_big_soff"
7946.759258	1.5644979999997304	states													"         state_name
id                 
26  post_reward_off"
7948.323756	3.7204970000002504	states													"         state_name
id                 
27  soft_drink_time"
7952.044253	0.0005000000001018634	states													"    state_name
id            
28  warndanger"
7952.044753	3.0	states													"            state_name
id                    
29  warndanger_warning"
7955.04526	9.311493000000155	trials	1.0	l	1.0	p	1.0	r	0.0	0.0	0.0	1.0	l	p	
7955.04526	9.311493000000155	states													"   state_name
id           
0     state_0"
7955.04526	0.015992999999980384	states													"          state_name
id                  
1   sending_trialnum"
7955.061253	0.0005090000004202011	states													"      state_name
id              
3   wait_for_cin"
7955.061762	0.002005999999710184	states													"   state_name
id           
4     nicstim"
7955.063768	0.0004849999995713006	states													"       state_name
id               
5   stimon_nosein"
7955.064253	0.6630160000004253	states													"   state_name
id           
4     nicstim"
7955.727269	0.23800000000028376	states													"       state_name
id               
8   wait_for_cout"
7955.965269	0.0014839999994364916	states													"   state_name
id           
9       csgap"
7955.966753	0.2775050000000192	states													"        state_name
id                
16  wait_for_spoke"
7956.244258	0.0005110000001877779	states													"             state_name
id                     
18  soff_reward_chooser"
7956.244769	0.12748399999964022	states													"         state_name
id                 
19  reward_big_soff"
7956.372253	0.2885000000005675	states													"         state_name
id                 
26  post_reward_off"
7956.660753	4.6950010000000475	states													"         state_name
id                 
27  soft_drink_time"
7961.355754	0.0004989999997633277	states													"    state_name
id            
28  warndanger"
7961.356253	3.000500000000102	states													"            state_name
id                    
29  warndanger_warning"
7964.357253	10.502502999999706	trials	1.0	r	2.0	p	1.0	r	0.0	0.0	0.0	1.0	r	p	
7964.357253	10.502502999999706	states													"   state_name
id           
0     state_0"
7964.357253	0.01599999999962165	states													"          state_name
id                  
1   sending_trialnum"
7964.373253	0.000503000000207976	states													"      state_name
id              
3   wait_for_cin"
7964.373756	0.0020029999996040715	states													"   state_name
id           
4     nicstim"
7964.375759	0.0005090000004202011	states													"       state_name
id               
5   stimon_nosein"
7964.376268	0.6529849999997168	states													"   state_name
id           
4     nicstim"
7965.029253	0.25500000000010914	states													"       state_name
id               
8   wait_for_cout"
7965.284253	0.0010010000005422626	states													"   state_name
id           
9       csgap"
7965.285254	0.5745059999999285	states													"        state_name
id                
16  wait_for_spoke"
7965.85976	0.0004929999995511025	states													"             state_name
id                     
18  soff_reward_chooser"
7965.860253	0.13400000000001455	states													"         state_name
id                 
19  reward_big_soff"
7965.994253	0.7495060000001104	states													"         state_name
id                 
26  post_reward_off"
7966.743759	5.114994000000479	states													"         state_name
id                 
27  soft_drink_time"
7971.858753	0.0004999999991923687	states													"    state_name
id            
28  warndanger"
7971.859253	3.000503000000208	states													"            state_name
id                    
29  warndanger_warning"
7974.860253	31.074999999999818	trials	1.0	l	1.0	p	1.0	r	0.0	0.0	0.0	1.0	l	p	
7974.860253	31.074999999999818	states													"   state_name
id           
0     state_0"
7974.860253	0.016013000000384636	states													"          state_name
id                  
1   sending_trialnum"
7974.876266	19.889991999999438	states													"      state_name
id              
3   wait_for_cin"
7994.766258	0.0024950000006356277	states													"   state_name
id           
4     nicstim"
7994.768753	0.0005000000001018634	states													"       state_name
id               
5   stimon_nosein"
7994.769253	0.6605030000000625	states													"   state_name
id           
4     nicstim"
7995.429756	0.12249699999938457	states													"       state_name
id               
8   wait_for_cout"
7995.552253	0.0015140000004976173	states													"   state_name
id           
9       csgap"
7995.553767	0.46700199999941105	states													"        state_name
id                
16  wait_for_spoke"
7996.020769	0.0005000000001018634	states													"             state_name
id                     
18  soff_reward_chooser"
7996.021269	0.1274890000004234	states													"         state_name
id                 
19  reward_big_soff"
7996.148758	1.5090049999998882	states													"         state_name
id                 
26  post_reward_off"
7997.657763	5.276490000000194	states													"         state_name
id                 
27  soft_drink_time"
8002.934253	0.0004999999991923687	states													"    state_name
id            
28  warndanger"
8002.934753	3.000500000000102	states													"            state_name
id                    
29  warndanger_warning"
8005.935762	8.795506999999816	trials	1.0	l	1.0	p	1.0	r	0.0	0.0	0.0	1.0	l	p	
8005.935762	8.795506999999816	states													"   state_name
id           
0     state_0"
8005.935762	0.016000999999960186	states													"          state_name
id                  
1   sending_trialnum"
8005.951763	0.008990000000267173	states													"      state_name
id              
3   wait_for_cin"
8005.960753	0.0024999999995998223	states													"   state_name
id           
4     nicstim"
8005.963253	0.0005049999999755528	states													"       state_name
id               
5   stimon_nosein"
8005.963758	0.6480010000004768	states													"   state_name
id           
4     nicstim"
8006.611759	0.1239980000000287	states													"       state_name
id               
8   wait_for_cout"
8006.735757	0.001495999999860942	states													"   state_name
id           
9       csgap"
8006.737253	0.256507000000056	states													"        state_name
id                
16  wait_for_spoke"
8006.99376	0.0004929999995511025	states													"             state_name
id                     
18  soff_reward_chooser"
8006.994253	0.12750800000048912	states													"         state_name
id                 
19  reward_big_soff"
8007.121761	0.3124920000000202	states													"         state_name
id                 
26  post_reward_off"
8007.434253	4.296514999999999	states													"         state_name
id                 
27  soft_drink_time"
8011.730768	0.0004999999991923687	states													"    state_name
id            
28  warndanger"
8011.731268	3.0000010000003385	states													"            state_name
id                    
29  warndanger_warning"
8014.731759	13.01099400000021	trials	1.0	l	1.0	p	1.0	r	1.0	0.0	0.0	1.0	l	p	
8014.731759	13.01099400000021	states													"   state_name
id           
0     state_0"
8014.731759	0.015996999999515538	states													"          state_name
id                  
1   sending_trialnum"
8014.747756	3.4599990000006073	states													"      state_name
id              
3   wait_for_cin"
8018.207755	0.0020009999998364947	states													"   state_name
id           
4     nicstim"
8018.209756	0.0004969999999957508	states													"       state_name
id               
5   stimon_nosein"
8018.210253	0.7695089999997435	states													"   state_name
id           
4     nicstim"
8018.979762	1.002491000000191	states													"      state_name
id              
7   reinit_cpoke"
8019.982253	0.001999999999497959	states													"   state_name
id           
4     nicstim"
8019.984253	0.0005000000001018634	states													"       state_name
id               
5   stimon_nosein"
8019.984753	0.6540000000004511	states													"   state_name
id           
4     nicstim"
8020.638753	0.17749999999978172	states													"       state_name
id               
8   wait_for_cout"
8020.816253	0.0015050000001792796	states													"   state_name
id           
9       csgap"
8020.817758	0.5309950000000754	states													"        state_name
id                
16  wait_for_spoke"
8021.348753	0.0005149999997229315	states													"             state_name
id                     
18  soff_reward_chooser"
8021.349268	0.06398499999977503	states													"     state_name
id             
22  reward_soff"
8021.413253	1.1225020000001678	states													"         state_name
id                 
26  post_reward_off"
8022.535755	2.2064980000004653	states													"         state_name
id                 
27  soft_drink_time"
8024.742253	0.0005000000001018634	states													"    state_name
id            
28  warndanger"
8024.742753	3.0	states													"            state_name
id                    
29  warndanger_warning"
8027.743253	448.2610020000002	trials	1.0	l	1.0	p	1.0	r	3.0	0.0	0.0	1.0	l	p	
8027.743253	448.2610020000002	states													"   state_name
id           
0     state_0"
8027.743253	0.016015000000152213	states													"          state_name
id                  
1   sending_trialnum"
8027.759268	110.01798500000041	states													"      state_name
id              
3   wait_for_cin"
8137.777253	0.001999999999497959	states													"   state_name
id           
4     nicstim"
8137.779253	0.0005060000003140885	states													"       state_name
id               
5   stimon_nosein"
8137.779759	0.5820000000003347	states													"   state_name
id           
4     nicstim"
8138.361759	1.0024939999993876	states													"      state_name
id              
7   reinit_cpoke"
8139.364253	0.002500000000509317	states													"   state_name
id           
4     nicstim"
8139.366753	0.0005000000001018634	states													"       state_name
id               
5   stimon_nosein"
8139.367253	0.7530049999995754	states													"   state_name
id           
4     nicstim"
8140.120258	327.68699500000093	states													"      state_name
id              
7   reinit_cpoke"
8467.807253	0.0019999999985884642	states													"   state_name
id           
4     nicstim"
8467.809253	0.0005020000007789349	states													"       state_name
id               
5   stimon_nosein"
8467.809755	0.7544980000002397	states													"   state_name
id           
4     nicstim"
8468.564253	1.0024999999986903	states													"      state_name
id              
7   reinit_cpoke"
8469.566753	0.002500000000509317	states													"   state_name
id           
4     nicstim"
8469.569253	0.0005060000003140885	states													"       state_name
id               
5   stimon_nosein"
8469.569759	0.6499999999996362	states													"   state_name
id           
4     nicstim"
8470.219759	0.308006999999634	states													"       state_name
id               
8   wait_for_cout"
8470.527766	0.0014870000013615936	states													"   state_name
id           
9       csgap"
8470.529253	0.4099999999998545	states													"        state_name
id                
16  wait_for_spoke"
8470.939253	0.0005049999999755528	states													"             state_name
id                     
18  soff_reward_chooser"
8470.939758	0.06399899999996705	states													"     state_name
id             
22  reward_soff"
8471.003757	2.000001999998858	states													"         state_name
id                 
26  post_reward_off"
8473.003759	0.0004939999998896383	states													"    state_name
id            
28  warndanger"
8473.004253	3.000002000000677	states													"            state_name
id                    
29  warndanger_warning"
8476.004769	1128.9229910000013	trials	1.0	r	2.0	p	1.0	r	1.0	0.0	0.0	1.0	r	p	
8476.004769	1128.9229910000013	states													"   state_name
id           
0     state_0"
8476.004769	0.015984000001481036	states													"          state_name
id                  
1   sending_trialnum"
8476.020753	72.21049999999923	states													"      state_name
id              
3   wait_for_cin"
8548.231253	0.0020000000004074536	states													"   state_name
id           
4     nicstim"
8548.233253	0.0005099999998492422	states													"       state_name
id               
5   stimon_nosein"
8548.233763	0.6134899999997288	states													"   state_name
id           
4     nicstim"
8548.847253	1047.2739999999994	states													"      state_name
id              
7   reinit_cpoke"
9596.121253	0.0025120000009337673	states													"   state_name
id           
4     nicstim"
9596.123765	0.0004900000003544847	states													"       state_name
id               
5   stimon_nosein"
9596.124255	0.6705139999994572	states													"   state_name
id           
4     nicstim"
9596.794769	0.28798400000050606	states													"       state_name
id               
8   wait_for_cout"
9597.082753	0.0010009999987232732	states													"   state_name
id           
9       csgap"
9597.083754	0.48649900000054913	states													"        state_name
id                
16  wait_for_spoke"
9597.570253	0.0005000000001018634	states													"             state_name
id                     
18  soff_reward_chooser"
9597.570753	0.13400000000001455	states													"         state_name
id                 
19  reward_big_soff"
9597.704753	0.8765160000002652	states													"         state_name
id                 
26  post_reward_off"
9598.581269	3.345499999999447	states													"         state_name
id                 
27  soft_drink_time"
9601.926769	0.0004890000000159489	states													"    state_name
id            
28  warndanger"
9601.927258	3.000502000000779	states													"            state_name
id                    
29  warndanger_warning"
9604.928253	14.55551000000014	trials	1.0	r	2.0	p	1.0	r	0.0	0.0	0.0	1.0	r	p	
9604.928253	14.55551000000014	states													"   state_name
id           
0     state_0"
9604.928253	0.01599999999962165	states													"          state_name
id                  
1   sending_trialnum"
9604.944253	6.166505000001052	states													"      state_name
id              
3   wait_for_cin"
9611.110758	0.0024949999988166383	states													"   state_name
id           
4     nicstim"
9611.113253	0.00050800000099116	states													"       state_name
id               
5   stimon_nosein"
9611.113761	0.6564920000000711	states													"   state_name
id           
4     nicstim"
9611.770253	0.19551200000023528	states													"       state_name
id               
8   wait_for_cout"
9611.965765	0.00148799999988114	states													"   state_name
id           
9       csgap"
9611.967253	0.24699999999938882	states													"        state_name
id                
16  wait_for_spoke"
9612.214253	0.0005000000001018634	states													"             state_name
id                     
18  soff_reward_chooser"
9612.214753	0.13400000000001455	states													"         state_name
id                 
19  reward_big_soff"
9612.348753	1.1480159999991884	states													"         state_name
id                 
26  post_reward_off"
9613.496769	2.986484000000928	states													"         state_name
id                 
27  soft_drink_time"
9616.483253	0.0005019999989599455	states													"    state_name
id            
28  warndanger"
9616.483755	3.0000080000008893	states													"            state_name
id                    
29  warndanger_warning"
9619.484258	39.96950300000026	trials	1.0	r	2.0	p	1.0	r	1.0	0.0	0.0	1.0	r	p	
9619.484258	39.96950300000026	states													"   state_name
id           
0     state_0"
9619.484258	0.01599499999974796	states													"          state_name
id                  
1   sending_trialnum"
9619.500253	20.829999999999927	states													"      state_name
id              
3   wait_for_cin"
9640.330253	0.0020000000004074536	states													"   state_name
id           
4     nicstim"
9640.332253	0.0005000000001018634	states													"       state_name
id               
5   stimon_nosein"
9640.332753	0.7624999999989086	states													"   state_name
id           
4     nicstim"
9641.095253	11.080502000000706	states													"      state_name
id              
7   reinit_cpoke"
9652.175755	0.002021000000240747	states													"   state_name
id           
4     nicstim"
9652.177776	0.00047699999959149864	states													"       state_name
id               
5   stimon_nosein"
9652.178253	0.6679999999996653	states													"   state_name
id           
4     nicstim"
9652.846253	0.21299999999973807	states													"       state_name
id               
8   wait_for_cout"
9653.059253	0.0010000000002037268	states													"   state_name
id           
9       csgap"
9653.060253	0.26051600000027975	states													"        state_name
id                
16  wait_for_spoke"
9653.320769	0.0004989999997633277	states													"             state_name
id                     
18  soff_reward_chooser"
9653.321268	0.06698599999981525	states													"     state_name
id             
22  reward_soff"
9653.388254	1.2900000000008731	states													"         state_name
id                 
26  post_reward_off"
9654.678254	1.7744989999991958	states													"         state_name
id                 
27  soft_drink_time"
9656.452753	0.0005000000001018634	states													"    state_name
id            
28  warndanger"
9656.453253	3.000508000000991	states													"            state_name
id                    
29  warndanger_warning"
9659.454258	10.72499500000049	trials	1.0	r	2.0	p	1.0	r	0.0	0.0	0.0	1.0	r	p	
9659.454258	10.72499500000049	states													"   state_name
id           
0     state_0"
9659.454258	0.01599499999974796	states													"          state_name
id                  
1   sending_trialnum"
9659.470253	1.2445000000006985	states													"      state_name
id              
3   wait_for_cin"
9660.714753	0.0020000000004074536	states													"   state_name
id           
4     nicstim"
9660.716753	0.0005160000000614673	states													"       state_name
id               
5   stimon_nosein"
9660.717269	0.6629839999986871	states													"   state_name
id           
4     nicstim"
9661.380253	0.2165050000003248	states													"       state_name
id               
8   wait_for_cout"
9661.596758	0.001014999999824795	states													"   state_name
id           
9       csgap"
9661.597773	0.6299850000013976	states													"        state_name
id                
16  wait_for_spoke"
9662.227758	0.0004949999984091846	states													"             state_name
id                     
18  soff_reward_chooser"
9662.228253	0.13400000000001455	states													"         state_name
id                 
19  reward_big_soff"
9662.362253	0.7060040000014851	states													"         state_name
id                 
26  post_reward_off"
9663.068257	4.11049599999933	states													"         state_name
id                 
27  soft_drink_time"
9667.178753	0.0005000000001018634	states													"    state_name
id            
28  warndanger"
9667.179253	3.0	states													"            state_name
id                    
29  warndanger_warning"
9670.17976	55.38099299999885	trials	1.0	l	1.0	p	1.0	r	3.0	0.0	0.0	1.0	l	p	
9670.17976	55.38099299999885	states													"   state_name
id           
0     state_0"
9670.17976	0.016003999999156804	states													"          state_name
id                  
1   sending_trialnum"
9670.195764	0.2059929999995802	states													"      state_name
id              
3   wait_for_cin"
9670.401757	0.0020089999998162966	states													"   state_name
id           
4     nicstim"
9670.403766	0.0004920000010315562	states													"       state_name
id               
5   stimon_nosein"
9670.404258	0.68849500000033	states													"   state_name
id           
4     nicstim"
9671.092753	17.33549999999923	states													"      state_name
id              
7   reinit_cpoke"
9688.428253	0.0020150000000285218	states													"   state_name
id           
4     nicstim"
9688.430268	0.0004850000004807953	states													"       state_name
id               
5   stimon_nosein"
9688.430753	0.7235149999996793	states													"   state_name
id           
4     nicstim"
9689.154268	1.0024849999990693	states													"      state_name
id              
7   reinit_cpoke"
9690.156753	0.0020000000004074536	states													"   state_name
id           
4     nicstim"
9690.158753	0.0005149999997229315	states													"       state_name
id               
5   stimon_nosein"
9690.159268	0.17348500000116474	states													"   state_name
id           
4     nicstim"
9690.332753	28.853499999999258	states													"      state_name
id              
7   reinit_cpoke"
9719.186253	0.0020150000000285218	states													"   state_name
id           
4     nicstim"
9719.188268	0.0004850000004807953	states													"       state_name
id               
5   stimon_nosein"
9719.188753	0.6525000000001455	states													"   state_name
id           
4     nicstim"
9719.841253	0.27599999999983993	states													"       state_name
id               
8   wait_for_cout"
9720.117253	0.0010000000002037268	states													"   state_name
id           
9       csgap"
9720.118253	0.37699999999858846	states													"        state_name
id                
16  wait_for_spoke"
9720.495253	0.0005040000014560064	states													"             state_name
id                     
18  soff_reward_chooser"
9720.495757	0.06400000000030559	states													"     state_name
id             
22  reward_soff"
9720.559757	2.0000079999990703	states													"         state_name
id                 
26  post_reward_off"
9722.559765	0.00048799999967741314	states													"    state_name
id            
28  warndanger"
9722.560253	3.000500000000102	states													"            state_name
id                    
29  warndanger_warning"
9725.561253	26.40350000000035	trials	1.0	r	2.0	p	1.0	r	1.0	0.0	0.0	1.0	r	p	
9725.561253	26.40350000000035	states													"   state_name
id           
0     state_0"
9725.561253	0.01599999999962165	states													"          state_name
id                  
1   sending_trialnum"
9725.577253	12.712000000001353	states													"      state_name
id              
3   wait_for_cin"
9738.289253	0.0019999999985884642	states													"   state_name
id           
4     nicstim"
9738.291253	0.0005110000001877779	states													"       state_name
id               
5   stimon_nosein"
9738.291764	0.6704890000000887	states													"   state_name
id           
4     nicstim"
9738.962253	4.333509000000049	states													"      state_name
id              
7   reinit_cpoke"
9743.295762	0.002002000001084525	states													"   state_name
id           
4     nicstim"
9743.297764	0.0004890000000159489	states													"       state_name
id               
5   stimon_nosein"
9743.298253	0.679999999998472	states													"   state_name
id           
4     nicstim"
9743.978253	0.18649999999979627	states													"       state_name
id               
8   wait_for_cout"
9744.164753	0.001006000000415952	states													"   state_name
id           
9       csgap"
9744.165759	0.3575090000013006	states													"        state_name
id                
16  wait_for_spoke"
9744.523268	0.0005019999989599455	states													"             state_name
id                     
18  soff_reward_chooser"
9744.52377	0.06698300000061863	states													"     state_name
id             
22  reward_soff"
9744.590753	0.6034999999992579	states													"         state_name
id                 
26  post_reward_off"
9745.194253	3.769508000001224	states													"         state_name
id                 
27  soft_drink_time"
9748.963761	0.0004919999992125668	states													"    state_name
id            
28  warndanger"
9748.964253	3.000500000000102	states													"            state_name
id                    
29  warndanger_warning"
9751.965253	74.76150000000052	trials	1.0	l	1.0	p	1.0	r	2.0	0.0	0.0	1.0	l	p	
9751.965253	74.76150000000052	states													"   state_name
id           
0     state_0"
9751.965253	0.01599999999962165	states													"          state_name
id                  
1   sending_trialnum"
9751.981253	1.1405020000001969	states													"      state_name
id              
3   wait_for_cin"
9753.121755	0.0020000000004074536	states													"   state_name
id           
4     nicstim"
9753.123755	0.0004979999994247919	states													"       state_name
id               
5   stimon_nosein"
9753.124253	0.7459999999991851	states													"   state_name
id           
4     nicstim"
9753.870253	1.0025080000013986	states													"      state_name
id              
7   reinit_cpoke"
9754.872761	0.0024919999996200204	states													"   state_name
id           
4     nicstim"
9754.875253	0.0005049999999755528	states													"       state_name
id               
5   stimon_nosein"
9754.875758	0.6764949999997043	states													"   state_name
id           
4     nicstim"
9755.552253	65.14550600000075	states													"      state_name
id              
7   reinit_cpoke"
9820.697759	0.002000999998927	states													"   state_name
id           
4     nicstim"
9820.69976	0.0004930000013700919	states													"       state_name
id               
5   stimon_nosein"
9820.700253	0.6775219999999536	states													"   state_name
id           
4     nicstim"
9821.377775	0.0009780000000318978	states													"       state_name
id               
8   wait_for_cout"
9821.378753	0.0010059999985969625	states													"   state_name
id           
9       csgap"
9821.379759	0.28150900000036927	states													"        state_name
id                
16  wait_for_spoke"
9821.661268	0.0004910000006930204	states													"             state_name
id                     
18  soff_reward_chooser"
9821.661759	0.06399599999895145	states													"     state_name
id             
22  reward_soff"
9821.725755	2.0000070000005508	states													"         state_name
id                 
26  post_reward_off"
9823.725762	0.0004960000005667098	states													"    state_name
id            
28  warndanger"
9823.726258	3.000495000000228	states													"            state_name
id                    
29  warndanger_warning"
9826.727253	10.990520000001197	trials	1.0	l	1.0	p	1.0	r	1.0	0.0	0.0	1.0	l	p	
9826.727253	10.990520000001197	states													"   state_name
id           
0     state_0"
9826.727253	0.016015000001061708	states													"          state_name
id                  
1   sending_trialnum"
9826.743268	2.4359850000000733	states													"      state_name
id              
3   wait_for_cin"
9829.179253	0.0020150000000285218	states													"   state_name
id           
4     nicstim"
9829.181268	0.0004969999990862561	states													"       state_name
id               
5   stimon_nosein"
9829.181765	0.6765030000005936	states													"   state_name
id           
4     nicstim"
9829.858268	1.0024850000008882	states													"      state_name
id              
7   reinit_cpoke"
9830.860753	0.0024999999986903276	states													"   state_name
id           
4     nicstim"
9830.863253	0.000503999999637017	states													"       state_name
id               
5   stimon_nosein"
9830.863757	0.6584960000000137	states													"   state_name
id           
4     nicstim"
9831.522253	0.12700000000040745	states													"       state_name
id               
8   wait_for_cout"
9831.649253	0.0010010000005422626	states													"   state_name
id           
9       csgap"
9831.650254	0.3395070000005944	states													"        state_name
id                
16  wait_for_spoke"
9831.989761	0.0004919999992125668	states													"             state_name
id                     
18  soff_reward_chooser"
9831.990253	0.06400000000030559	states													"     state_name
id             
22  reward_soff"
9832.054253	0.2715059999991354	states													"         state_name
id                 
26  post_reward_off"
9832.325759	2.3914940000013303	states													"         state_name
id                 
27  soft_drink_time"
9834.717253	0.0005069999988336349	states													"    state_name
id            
28  warndanger"
9834.71776	3.000013000000763	states													"            state_name
id                    
29  warndanger_warning"
9837.718253	23.554015000001527	trials	1.0	l	1.0	p	1.0	r	1.0	0.0	0.0	1.0	l	p	
9837.718253	23.554015000001527	states													"   state_name
id           
0     state_0"
9837.718253	0.01600000000144064	states													"          state_name
id                  
1   sending_trialnum"
9837.734253	13.268500000000131	states													"      state_name
id              
3   wait_for_cin"
9851.002753	0.0019999999985884642	states													"   state_name
id           
4     nicstim"
9851.004753	0.0005000000001018634	states													"       state_name
id               
5   stimon_nosein"
9851.005253	0.7579999999998108	states													"   state_name
id           
4     nicstim"
9851.763253	1.0025060000007215	states													"      state_name
id              
7   reinit_cpoke"
9852.765759	0.0020010000007459894	states													"   state_name
id           
4     nicstim"
9852.76776	0.0004929999995511025	states													"       state_name
id               
5   stimon_nosein"
9852.768253	0.6470159999989846	states													"   state_name
id           
4     nicstim"
9853.415269	0.5679840000011609	states													"       state_name
id               
8   wait_for_cout"
9853.983253	0.0010000000002037268	states													"   state_name
id           
9       csgap"
9853.984253	0.3040000000000873	states													"        state_name
id                
16  wait_for_spoke"
9854.288253	0.0005000000001018634	states													"             state_name
id                     
18  soff_reward_chooser"
9854.288753	0.06400899999971443	states													"     state_name
id             
22  reward_soff"
9854.352762	0.18299599999954808	states													"         state_name
id                 
26  post_reward_off"
9854.535758	3.7354950000008103	states													"         state_name
id                 
27  soft_drink_time"
9858.271253	0.0005149999997229315	states													"    state_name
id            
28  warndanger"
9858.271768	3.000500000000102	states													"            state_name
id                    
29  warndanger_warning"
9861.272763	53.05150499999945	trials	1.0	l	1.0	p	1.0	r	0.0	0.0	0.0	1.0	l	p	
9861.272763	53.05150499999945	states													"   state_name
id           
0     state_0"
9861.272763	0.015998999999283114	states													"          state_name
id                  
1   sending_trialnum"
9861.288762	43.995490999999674	states													"      state_name
id              
3   wait_for_cin"
9905.284253	0.0020039999999426072	states													"   state_name
id           
4     nicstim"
9905.286257	0.0005120000005263137	states													"       state_name
id               
5   stimon_nosein"
9905.286769	0.6589920000005804	states													"   state_name
id           
4     nicstim"
9905.945761	0.0015069999990373617	states													"       state_name
id               
8   wait_for_cout"
9905.947268	0.001485000000684522	states													"   state_name
id           
9       csgap"
9905.948753	0.7304999999996653	states													"        state_name
id                
16  wait_for_spoke"
9906.679253	0.0005029999992984813	states													"             state_name
id                     
18  soff_reward_chooser"
9906.679756	0.12751200000093377	states													"         state_name
id                 
19  reward_big_soff"
9906.807268	0.40798499999982596	states													"         state_name
id                 
26  post_reward_off"
9907.215253	4.10850500000015	states													"         state_name
id                 
27  soft_drink_time"
9911.323758	0.000495000000228174	states													"    state_name
id            
28  warndanger"
9911.324253	3.000014999999621	states													"            state_name
id                    
29  warndanger_warning"
9914.324753	41.64400899999964	trials	1.0	r	2.0	p	1.0	r	4.0	0.0	0.0	1.0	r	p	
9914.324753	41.64400899999964	states													"   state_name
id           
0     state_0"
9914.324753	0.016015999999581254	states													"          state_name
id                  
1   sending_trialnum"
9914.340769	0.8414840000004915	states													"      state_name
id              
3   wait_for_cin"
9915.182253	0.0019999999985884642	states													"   state_name
id           
4     nicstim"
9915.184253	0.0005000000001018634	states													"       state_name
id               
5   stimon_nosein"
9915.184753	0.58851500000128	states													"   state_name
id           
4     nicstim"
9915.773268	1.2124889999995503	states													"      state_name
id              
7   reinit_cpoke"
9916.985757	0.0020029999996040715	states													"   state_name
id           
4     nicstim"
9916.98776	0.0005020000007789349	states													"       state_name
id               
5   stimon_nosein"
9916.988262	0.758006000000023	states													"   state_name
id           
4     nicstim"
9917.746268	19.604999999999563	states													"      state_name
id              
7   reinit_cpoke"
9937.351268	0.0024919999996200204	states													"   state_name
id           
4     nicstim"
9937.35376	0.0004929999995511025	states													"       state_name
id               
5   stimon_nosein"
9937.354253	0.7545000000009168	states													"   state_name
id           
4     nicstim"
9938.108753	5.789504999998826	states													"      state_name
id              
7   reinit_cpoke"
9943.898258	0.0024950000006356277	states													"   state_name
id           
4     nicstim"
9943.900753	0.0005000000001018634	states													"       state_name
id               
5   stimon_nosein"
9943.901253	0.6865030000008119	states													"   state_name
id           
4     nicstim"
9944.587756	1.9069970000000467	states													"      state_name
id              
7   reinit_cpoke"
9946.494753	0.0020150000000285218	states													"   state_name
id           
4     nicstim"
9946.496768	0.0005009999986214098	states													"       state_name
id               
5   stimon_nosein"
9946.497269	0.6419839999998658	states													"   state_name
id           
4     nicstim"
9947.139253	0.10750000000007276	states													"       state_name
id               
8   wait_for_cout"
9947.246753	0.0010050000000774162	states													"   state_name
id           
9       csgap"
9947.247758	0.5740010000008624	states													"        state_name
id                
16  wait_for_spoke"
9947.821759	0.0005089999995107064	states													"             state_name
id                     
18  soff_reward_chooser"
9947.822268	0.06698499999947671	states													"     state_name
id             
22  reward_soff"
9947.889253	1.0830000000005384	states													"         state_name
id                 
26  post_reward_off"
9948.972253	3.995506999999634	states													"         state_name
id                 
27  soft_drink_time"
9952.96776	0.0005020000007789349	states													"    state_name
id            
28  warndanger"
9952.968262	3.000500000000102	states													"            state_name
id                    
29  warndanger_warning"
9955.969253	9.765000000001237	trials	1.0	l	1.0	p	1.0	r	1.0	0.0	0.0	1.0	l	p	
9955.969253	9.765000000001237	states													"   state_name
id           
0     state_0"
9955.969253	0.016015000001061708	states													"          state_name
id                  
1   sending_trialnum"
9955.985268	0.2589850000003935	states													"      state_name
id              
3   wait_for_cin"
9956.244253	0.0019999999985884642	states													"   state_name
id           
4     nicstim"
9956.246253	0.0005000000001018634	states													"       state_name
id               
5   stimon_nosein"
9956.246753	0.6005000000004657	states													"   state_name
id           
4     nicstim"
9956.847253	1.0025060000007215	states													"      state_name
id              
7   reinit_cpoke"
9957.849759	0.0024939999984781025	states													"   state_name
id           
4     nicstim"
9957.852253	0.0005000000001018634	states													"       state_name
id               
5   stimon_nosein"
9957.852753	0.6775000000016007	states													"   state_name
id           
4     nicstim"
9958.530253	0.11300499999924796	states													"       state_name
id               
8   wait_for_cout"
9958.643258	0.0014950000004319008	states													"   state_name
id           
9       csgap"
9958.644753	0.3959999999988213	states													"        state_name
id                
16  wait_for_spoke"
9959.040753	0.0005000000001018634	states													"             state_name
id                     
18  soff_reward_chooser"
9959.041253	0.06400000000030559	states													"     state_name
id             
22  reward_soff"
9959.105253	0.23450700000103097	states													"         state_name
id                 
26  post_reward_off"
9959.33976	3.3940089999996417	states													"         state_name
id                 
27  soft_drink_time"
9962.733769	0.0004840000001422595	states													"    state_name
id            
28  warndanger"
9962.734253	3.0	states													"            state_name
id                    
29  warndanger_warning"
9965.734753	24.48449999999866	trials	1.0	l	1.0	p	1.0	r	1.0	0.0	0.0	1.0	l	p	
9965.734753	24.48449999999866	states													"   state_name
id           
0     state_0"
9965.734753	0.016015999999581254	states													"          state_name
id                  
1   sending_trialnum"
9965.750769	14.391483999999764	states													"      state_name
id              
3   wait_for_cin"
9980.142253	0.0020000000004074536	states													"   state_name
id           
4     nicstim"
9980.144253	0.0005000000001018634	states													"       state_name
id               
5   stimon_nosein"
9980.144753	0.8034999999999854	states													"   state_name
id           
4     nicstim"
9980.948253	1.0024999999986903	states													"      state_name
id              
7   reinit_cpoke"
9981.950753	0.002005000000281143	states													"   state_name
id           
4     nicstim"
9981.952758	0.000495000000228174	states													"       state_name
id               
5   stimon_nosein"
9981.953253	0.6785170000002836	states													"   state_name
id           
4     nicstim"
9982.63177	0.3689830000002985	states													"       state_name
id               
8   wait_for_cout"
9983.000753	0.0010069999989354983	states													"   state_name
id           
9       csgap"
9983.00176	0.4039950000005774	states													"        state_name
id                
16  wait_for_spoke"
9983.405755	0.0004979999994247919	states													"             state_name
id                     
18  soff_reward_chooser"
9983.406253	0.06400500000017928	states													"     state_name
id             
22  reward_soff"
9983.470258	0.2779950000003737	states													"         state_name
id                 
26  post_reward_off"
9983.748253	3.469999999999345	states													"         state_name
id                 
27  soft_drink_time"
9987.218253	0.0005000000001018634	states													"    state_name
id            
28  warndanger"
9987.218753	3.000500000000102	states													"            state_name
id                    
29  warndanger_warning"
9990.21976	32.50200000000041	trials	1.0	r	2.0	p	1.0	r	1.0	0.0	0.0	1.0	r	p	
9990.21976	32.50200000000041	states													"   state_name
id           
0     state_0"
9990.21976	0.015993999999409425	states													"          state_name
id                  
1   sending_trialnum"
9990.235754	0.0004989999997633277	states													"      state_name
id              
3   wait_for_cin"
9990.236253	0.0020000000004074536	states													"   state_name
id           
4     nicstim"
9990.238253	0.0005000000001018634	states													"       state_name
id               
5   stimon_nosein"
9990.238753	0.779500000000553	states													"   state_name
id           
4     nicstim"
9991.018253	23.116500000000087	states													"      state_name
id              
7   reinit_cpoke"
10014.134753	0.0025050000003830064	states													"   state_name
id           
4     nicstim"
10014.137258	0.0005019999989599455	states													"       state_name
id               
5   stimon_nosein"
10014.13776	0.6694930000012391	states													"   state_name
id           
4     nicstim"
10014.807253	0.1760149999990972	states													"       state_name
id               
8   wait_for_cout"
10014.983268	0.001485000000684522	states													"   state_name
id           
9       csgap"
10014.984753	0.8700059999991936	states													"        state_name
id                
16  wait_for_spoke"
10015.854759	0.0005099999998492422	states													"             state_name
id                     
18  soff_reward_chooser"
10015.855269	0.06698400000095717	states													"     state_name
id             
22  reward_soff"
10015.922253	1.7770160000000033	states													"         state_name
id                 
26  post_reward_off"
10017.699269	2.021499999998923	states													"         state_name
id                 
27  soft_drink_time"
10019.720769	0.0004989999997633277	states													"    state_name
id            
28  warndanger"
10019.721268	3.0004920000010316	states													"            state_name
id                    
29  warndanger_warning"
10022.722268	32.28998500000125	trials	1.0	r	2.0	p	1.0	r	0.0	0.0	0.0	1.0	r	p	
10022.722268	32.28998500000125	states													"   state_name
id           
0     state_0"
10022.722268	0.015985000000000582	states													"          state_name
id                  
1   sending_trialnum"
10022.738253	22.785015000001295	states													"      state_name
id              
3   wait_for_cin"
10045.523268	0.0024919999996200204	states													"   state_name
id           
4     nicstim"
10045.52576	0.0004929999995511025	states													"       state_name
id               
5   stimon_nosein"
10045.526253	0.6675080000004527	states													"   state_name
id           
4     nicstim"
10046.193761	0.17899199999919801	states													"       state_name
id               
8   wait_for_cout"
10046.372753	0.0010070000007544877	states													"   state_name
id           
9       csgap"
10046.37376	0.2669979999991483	states													"        state_name
id                
16  wait_for_spoke"
10046.640758	0.0005099999998492422	states													"             state_name
id                     
18  soff_reward_chooser"
10046.641268	0.13398500000039348	states													"         state_name
id                 
19  reward_big_soff"
10046.775253	0.2520150000000285	states													"         state_name
id                 
26  post_reward_off"
10047.027268	4.984000000000378	states													"         state_name
id                 
27  soft_drink_time"
10052.011268	0.000503999999637017	states													"    state_name
id            
28  warndanger"
10052.011772	3.0004810000009456	states													"            state_name
id                    
29  warndanger_warning"
10055.012753	9.961010999999417	trials	1.0	l	1.0	p	1.0	r	1.0	0.0	0.0	1.0	l	p	
10055.012753	9.961010999999417	states													"   state_name
id           
0     state_0"
10055.012753	0.01599999999962165	states													"          state_name
id                  
1   sending_trialnum"
10055.028753	0.0005000000001018634	states													"      state_name
id              
3   wait_for_cin"
10055.029253	0.002504999998564017	states													"   state_name
id           
4     nicstim"
10055.031758	0.000495000000228174	states													"       state_name
id               
5   stimon_nosein"
10055.032253	0.6959999999999127	states													"   state_name
id           
4     nicstim"
10055.728253	1.0020000000004075	states													"      state_name
id              
7   reinit_cpoke"
10056.730253	0.0020000000004074536	states													"   state_name
id           
4     nicstim"
10056.732253	0.0005000000001018634	states													"       state_name
id               
5   stimon_nosein"
10056.732753	0.6640000000006694	states													"   state_name
id           
4     nicstim"
10057.396753	0.029999999998835847	states													"       state_name
id               
8   wait_for_cout"
10057.426753	0.0010070000007544877	states													"   state_name
id           
9       csgap"
10057.42776	0.6029929999986052	states													"        state_name
id                
16  wait_for_spoke"
10058.030753	0.0005000000001018634	states													"             state_name
id                     
18  soff_reward_chooser"
10058.031253	0.06400000000030559	states													"     state_name
id             
22  reward_soff"
10058.095253	0.11700000000018917	states													"         state_name
id                 
26  post_reward_off"
10058.212253	3.761015000000043	states													"         state_name
id                 
27  soft_drink_time"
10061.973268	0.0004910000006930204	states													"    state_name
id            
28  warndanger"
10061.973759	3.0000049999998737	states													"            state_name
id                    
29  warndanger_warning"
10064.974253	26.414999999999054	trials	1.0	l	1.0	p	1.0	r	1.0	0.0	0.0	1.0	l	p	
10064.974253	26.414999999999054	states													"   state_name
id           
0     state_0"
10064.974253	0.01599999999962165	states													"          state_name
id                  
1   sending_trialnum"
10064.990253	15.653014999999868	states													"      state_name
id              
3   wait_for_cin"
10080.643268	0.002486999999746331	states													"   state_name
id           
4     nicstim"
10080.645755	0.0004980000012437813	states													"       state_name
id               
5   stimon_nosein"
10080.646253	0.6610149999996793	states													"   state_name
id           
4     nicstim"
10081.307268	1.0024890000004234	states													"      state_name
id              
7   reinit_cpoke"
10082.309757	0.002495999999155174	states													"   state_name
id           
4     nicstim"
10082.312253	0.0005000000001018634	states													"       state_name
id               
5   stimon_nosein"
10082.312753	0.6690149999994901	states													"   state_name
id           
4     nicstim"
10082.981768	0.00500099999953818	states													"       state_name
id               
8   wait_for_cout"
10082.986769	0.0010010000005422626	states													"   state_name
id           
9       csgap"
10082.98777	0.7659850000000006	states													"        state_name
id                
16  wait_for_spoke"
10083.753755	0.0004979999994247919	states													"             state_name
id                     
18  soff_reward_chooser"
10083.754253	0.06400500000017928	states													"     state_name
id             
22  reward_soff"
10083.818258	0.04899500000101398	states													"         state_name
id                 
26  post_reward_off"
10083.867253	4.521005000000514	states													"         state_name
id                 
27  soft_drink_time"
10088.388258	0.000499999998282874	states													"    state_name
id            
28  warndanger"
10088.388758	3.000495000000228	states													"            state_name
id                    
29  warndanger_warning"
10091.389766	8.968487000000096	trials	1.0	r	2.0	p	1.0	r	0.0	0.0	0.0	1.0	r	p	
10091.389766	8.968487000000096	states													"   state_name
id           
0     state_0"
10091.389766	0.01599999999962165	states													"          state_name
id                  
1   sending_trialnum"
10091.405766	2.298487000000023	states													"      state_name
id              
3   wait_for_cin"
10093.704253	0.0020000000004074536	states													"   state_name
id           
4     nicstim"
10093.706253	0.0005000000001018634	states													"       state_name
id               
5   stimon_nosein"
10093.706753	0.6620000000002619	states													"   state_name
id           
4     nicstim"
10094.368753	0.27951500000017404	states													"       state_name
id               
8   wait_for_cout"
10094.648268	0.0014959999989514472	states													"   state_name
id           
9       csgap"
10094.649764	0.5729890000002342	states													"        state_name
id                
16  wait_for_spoke"
10095.222753	0.0005000000001018634	states													"             state_name
id                     
18  soff_reward_chooser"
10095.223253	0.13400000000001455	states													"         state_name
id                 
19  reward_big_soff"
10095.357253	2.0	states													"         state_name
id                 
26  post_reward_off"
10097.357253	0.0005099999998492422	states													"    state_name
id            
28  warndanger"
10097.357763	3.0004900000003545	states													"            state_name
id                    
29  warndanger_warning"
10100.358753	10.217507999999725	trials	1.0	l	1.0	p	1.0	r	1.0	0.0	0.0	1.0	l	p	
10100.358753	10.217507999999725	states													"   state_name
id           
0     state_0"
10100.358753	0.01599999999962165	states													"          state_name
id                  
1   sending_trialnum"
10100.374753	0.323500000000422	states													"      state_name
id              
3   wait_for_cin"
10100.698253	0.0020029999996040715	states													"   state_name
id           
4     nicstim"
10100.700256	0.00051299999904586	states													"       state_name
id               
5   stimon_nosein"
10100.700769	0.6199840000008408	states													"   state_name
id           
4     nicstim"
10101.320753	1.0025000000005093	states													"      state_name
id              
7   reinit_cpoke"
10102.323253	0.002005000000281143	states													"   state_name
id           
4     nicstim"
10102.325258	0.0004969999990862561	states													"       state_name
id               
5   stimon_nosein"
10102.325755	0.6540120000008756	states													"   state_name
id           
4     nicstim"
10102.979767	0.16948599999886937	states													"       state_name
id               
8   wait_for_cout"
10103.149253	0.0010000000002037268	states													"   state_name
id           
9       csgap"
10103.150253	0.48849999999947613	states													"        state_name
id                
16  wait_for_spoke"
10103.638753	0.0005000000001018634	states													"             state_name
id                     
18  soff_reward_chooser"
10103.639253	0.06400000000030559	states													"     state_name
id             
22  reward_soff"
10103.703253	0.16500000000087311	states													"         state_name
id                 
26  post_reward_off"
10103.868253	3.707507999999507	states													"         state_name
id                 
27  soft_drink_time"
10107.575761	0.0004919999992125668	states													"    state_name
id            
28  warndanger"
10107.576253	3.0000080000008893	states													"            state_name
id                    
29  warndanger_warning"
10110.576769	399.115984	trials	1.0	r	2.0	p	1.0	r	2.0	0.0	0.0	1.0	r	p	
10110.576769	399.115984	states													"   state_name
id           
0     state_0"
10110.576769	0.015984000001481036	states													"          state_name
id                  
1   sending_trialnum"
10110.592753	0.0005049999999755528	states													"      state_name
id              
3   wait_for_cin"
10110.593258	0.002502999999705935	states													"   state_name
id           
4     nicstim"
10110.595761	0.0004919999992125668	states													"       state_name
id               
5   stimon_nosein"
10110.596253	0.7670149999994464	states													"   state_name
id           
4     nicstim"
10111.363268	288.83899999999994	states													"      state_name
id              
7   reinit_cpoke"
10400.202268	0.002485000000888249	states													"   state_name
id           
4     nicstim"
10400.204753	0.0005000000001018634	states													"       state_name
id               
5   stimon_nosein"
10400.205253	0.7520000000004075	states													"   state_name
id           
4     nicstim"
10400.957253	99.66150000000016	states													"      state_name
id              
7   reinit_cpoke"
10500.618753	0.0024999999986903276	states													"   state_name
id           
4     nicstim"
10500.621253	0.0005099999998492422	states													"       state_name
id               
5   stimon_nosein"
10500.621763	0.6615060000003723	states													"   state_name
id           
4     nicstim"
10501.283269	0.06698400000095717	states													"       state_name
id               
8   wait_for_cout"
10501.350253	0.0015079999993758975	states													"   state_name
id           
9       csgap"
10501.351761	0.6440000000002328	states													"        state_name
id                
16  wait_for_spoke"
10501.995761	0.0004919999992125668	states													"             state_name
id                     
18  soff_reward_chooser"
10501.996253	0.06701600000087637	states													"     state_name
id             
22  reward_soff"
10502.063269	0.5679839999993419	states													"         state_name
id                 
26  post_reward_off"
10502.631253	4.060999999999694	states													"         state_name
id                 
27  soft_drink_time"
10506.692253	0.0005000000001018634	states													"    state_name
id            
28  warndanger"
10506.692753	3.0	states													"            state_name
id                    
29  warndanger_warning"
10509.693253	9.5	trials	1.0	l	1.0	p	1.0	r	1.0	0.0	0.0	1.0	l	p	
10509.693253	9.5	states													"   state_name
id           
0     state_0"
10509.693253	0.01600000000144064	states													"          state_name
id                  
1   sending_trialnum"
10509.709253	0.0005099999998492422	states													"      state_name
id              
3   wait_for_cin"
10509.709763	0.002489999998942949	states													"   state_name
id           
4     nicstim"
10509.712253	0.0005000000001018634	states													"       state_name
id               
5   stimon_nosein"
10509.712753	0.7310070000003179	states													"   state_name
id           
4     nicstim"
10510.44376	1.0024929999999586	states													"      state_name
id              
7   reinit_cpoke"
10511.446253	0.0020000000004074536	states													"   state_name
id           
4     nicstim"
10511.448253	0.0005000000001018634	states													"       state_name
id               
5   stimon_nosein"
10511.448753	0.6625160000003234	states													"   state_name
id           
4     nicstim"
10512.111269	0.14649199999985285	states													"       state_name
id               
8   wait_for_cout"
10512.257761	0.0014919999994162936	states													"   state_name
id           
9       csgap"
10512.259253	0.2605039999998553	states													"        state_name
id                
16  wait_for_spoke"
10512.519757	0.0004960000005667098	states													"             state_name
id                     
18  soff_reward_chooser"
10512.520253	0.06400000000030559	states													"     state_name
id             
22  reward_soff"
10512.584253	1.4379999999982829	states													"         state_name
id                 
26  post_reward_off"
10514.022253	2.1700000000000728	states													"         state_name
id                 
27  soft_drink_time"
10516.192253	0.0005160000000614673	states													"    state_name
id            
28  warndanger"
10516.192769	3.0004840000001423	states													"            state_name
id                    
29  warndanger_warning"
10519.193762	15.128490999999485	trials	1.0	r	2.0	p	1.0	r	2.0	0.0	0.0	1.0	r	p	
10519.193762	15.128490999999485	states													"   state_name
id           
0     state_0"
10519.193762	0.01599999999962165	states													"          state_name
id                  
1   sending_trialnum"
10519.209762	2.7640080000001035	states													"      state_name
id              
3   wait_for_cin"
10521.97377	0.0024830000002111774	states													"   state_name
id           
4     nicstim"
10521.976253	0.0005000000001018634	states													"       state_name
id               
5   stimon_nosein"
10521.976753	0.7139999999999418	states													"   state_name
id           
4     nicstim"
10522.690753	1.5574999999989814	states													"      state_name
id              
7   reinit_cpoke"
10524.248253	0.0020010000007459894	states													"   state_name
id           
4     nicstim"
10524.250254	0.0005149999997229315	states													"       state_name
id               
5   stimon_nosein"
10524.250769	0.7264839999988908	states													"   state_name
id           
4     nicstim"
10524.977253	1.1090000000003783	states													"      state_name
id              
7   reinit_cpoke"
10526.086253	0.0020000000004074536	states													"   state_name
id           
4     nicstim"
10526.088253	0.0005000000001018634	states													"       state_name
id               
5   stimon_nosein"
10526.088753	0.6460000000006403	states													"   state_name
id           
4     nicstim"
10526.734753	0.10900599999877159	states													"       state_name
id               
8   wait_for_cout"
10526.843759	0.0015000000003055902	states													"   state_name
id           
9       csgap"
10526.845259	0.6249939999997878	states													"        state_name
id                
16  wait_for_spoke"
10527.470253	0.0005000000001018634	states													"             state_name
id                     
18  soff_reward_chooser"
10527.470753	0.06700300000011339	states													"     state_name
id             
22  reward_soff"
10527.537756	0.41699700000026496	states													"         state_name
id                 
26  post_reward_off"
10527.954753	3.367018000000826	states													"         state_name
id                 
27  soft_drink_time"
10531.321771	0.000481999999465188	states													"    state_name
id            
28  warndanger"
10531.322253	3.0	states													"            state_name
id                    
29  warndanger_warning"
10534.322753	10.005499999999302	trials	1.0	r	2.0	p	1.0	r	0.0	0.0	0.0	1.0	r	p	
10534.322753	10.005499999999302	states													"   state_name
id           
0     state_0"
10534.322753	0.01599999999962165	states													"          state_name
id                  
1   sending_trialnum"
10534.338753	0.0005000000001018634	states													"      state_name
id              
3   wait_for_cin"
10534.339253	0.0020150000000285218	states													"   state_name
id           
4     nicstim"
10534.341268	0.0004919999992125668	states													"       state_name
id               
5   stimon_nosein"
10534.34176	0.6489980000005744	states													"   state_name
id           
4     nicstim"
10534.990758	0.010495000000446453	states													"       state_name
id               
8   wait_for_cout"
10535.001253	0.0010029999994003447	states													"   state_name
id           
9       csgap"
10535.002256	0.530996999999843	states													"        state_name
id                
16  wait_for_spoke"
10535.533253	0.0005070000006526243	states													"             state_name
id                     
18  soff_reward_chooser"
10535.53376	0.13399799999933748	states													"         state_name
id                 
19  reward_big_soff"
10535.667758	0.24549500000102853	states													"         state_name
id                 
26  post_reward_off"
10535.913253	5.41399999999885	states													"         state_name
id                 
27  soft_drink_time"
10541.327253	0.0005060000003140885	states													"    state_name
id            
28  warndanger"
10541.327759	3.0004939999998896	states													"            state_name
id                    
29  warndanger_warning"
10544.328753	10.183009000000311	trials	1.0	r	2.0	p	1.0	r	0.0	0.0	0.0	1.0	r	p	
10544.328753	10.183009000000311	states													"   state_name
id           
0     state_0"
10544.328753	0.01599999999962165	states													"          state_name
id                  
1   sending_trialnum"
10544.344753	0.0005049999999755528	states													"      state_name
id              
3   wait_for_cin"
10544.345258	0.0024990000001707813	states													"   state_name
id           
4     nicstim"
10544.347757	0.0004960000005667098	states													"       state_name
id               
5   stimon_nosein"
10544.348253	0.6835019999998622	states													"   state_name
id           
4     nicstim"
10545.031755	0.17749800000092364	states													"       state_name
id               
8   wait_for_cout"
10545.209253	0.0009999999983847374	states													"   state_name
id           
9       csgap"
10545.210253	0.3805000000011205	states													"        state_name
id                
16  wait_for_spoke"
10545.590753	0.0005000000001018634	states													"             state_name
id                     
18  soff_reward_chooser"
10545.591253	0.13400000000001455	states													"         state_name
id                 
19  reward_big_soff"
10545.725253	0.35650299999906565	states													"         state_name
id                 
26  post_reward_off"
10546.081756	5.429008000000977	states													"         state_name
id                 
27  soft_drink_time"
10551.510764	0.0004890000000159489	states													"    state_name
id            
28  warndanger"
10551.511253	3.0005089999995107	states													"            state_name
id                    
29  warndanger_warning"
10554.512253	45.4419999999991	trials	1.0	l	1.0	p	1.0	r	1.0	0.0	0.0	1.0	l	p	
10554.512253	45.4419999999991	states													"   state_name
id           
0     state_0"
10554.512253	0.01599999999962165	states													"          state_name
id                  
1   sending_trialnum"
10554.528253	37.88600000000042	states													"      state_name
id              
3   wait_for_cin"
10592.414253	0.002000999998927	states													"   state_name
id           
4     nicstim"
10592.416254	0.0004989999997633277	states													"       state_name
id               
5   stimon_nosein"
10592.416753	0.5155150000009598	states													"   state_name
id           
4     nicstim"
10592.932268	1.0019849999989674	states													"      state_name
id              
7   reinit_cpoke"
10593.934253	0.002500000000509317	states													"   state_name
id           
4     nicstim"
10593.936753	0.0005000000001018634	states													"       state_name
id               
5   stimon_nosein"
10593.937253	0.6645059999991645	states													"   state_name
id           
4     nicstim"
10594.601759	0.0069940000012138626	states													"       state_name
id               
8   wait_for_cout"
10594.608753	0.0010110000002896413	states													"   state_name
id           
9       csgap"
10594.609764	0.27848899999844434	states													"        state_name
id                
16  wait_for_spoke"
10594.888253	0.0005000000001018634	states													"             state_name
id                     
18  soff_reward_chooser"
10594.888753	0.06400000000030559	states													"     state_name
id             
22  reward_soff"
10594.952753	2.000500000000102	states													"         state_name
id                 
26  post_reward_off"
10596.953253	0.0005110000001877779	states													"    state_name
id            
28  warndanger"
10596.953764	3.000489000000016	states													"            state_name
id                    
29  warndanger_warning"
10599.954753	9.701515000000654	trials	1.0	l	1.0	p	1.0	r	1.0	0.0	0.0	1.0	l	p	
10599.954753	9.701515000000654	states													"   state_name
id           
0     state_0"
10599.954753	0.01599999999962165	states													"          state_name
id                  
1   sending_trialnum"
10599.970753	0.0005049999999755528	states													"      state_name
id              
3   wait_for_cin"
10599.971258	0.002502999999705935	states													"   state_name
id           
4     nicstim"
10599.973761	0.0004920000010315562	states													"       state_name
id               
5   stimon_nosein"
10599.974253	0.6779999999998836	states													"   state_name
id           
4     nicstim"
10600.652253	1.0025000000005093	states													"      state_name
id              
7   reinit_cpoke"
10601.654753	0.0024999999986903276	states													"   state_name
id           
4     nicstim"
10601.657253	0.0005090000013296958	states													"       state_name
id               
5   stimon_nosein"
10601.657762	0.6819930000001477	states													"   state_name
id           
4     nicstim"
10602.339755	0.037497999999686726	states													"       state_name
id               
8   wait_for_cout"
10602.377253	0.0015000000003055902	states													"   state_name
id           
9       csgap"
10602.378753	0.4070109999993292	states													"        state_name
id                
16  wait_for_spoke"
10602.785764	0.0004890000000159489	states													"             state_name
id                     
18  soff_reward_chooser"
10602.786253	0.06400000000030559	states													"     state_name
id             
22  reward_soff"
10602.850253	0.4115009999986796	states													"         state_name
id                 
26  post_reward_off"
10603.261754	3.394017000000531	states													"         state_name
id                 
27  soft_drink_time"
10606.655771	0.000481999999465188	states													"    state_name
id            
28  warndanger"
10606.656253	3.00001500000144	states													"            state_name
id                    
29  warndanger_warning"
10609.656753	11.697500000000218	trials	1.0	l	1.0	p	1.0	r	2.0	0.0	0.0	1.0	l	p	
10609.656753	11.697500000000218	states													"   state_name
id           
0     state_0"
10609.656753	0.01600000000144064	states													"          state_name
id                  
1   sending_trialnum"
10609.672753	0.0005000000001018634	states													"      state_name
id              
3   wait_for_cin"
10609.673253	0.002502999999705935	states													"   state_name
id           
4     nicstim"
10609.675756	0.0004969999990862561	states													"       state_name
id               
5   stimon_nosein"
10609.676253	0.7790000000004511	states													"   state_name
id           
4     nicstim"
10610.455253	1.0020000000004075	states													"      state_name
id              
7   reinit_cpoke"
10611.457253	0.0025139999997918494	states													"   state_name
id           
4     nicstim"
10611.459767	0.00048599999900034163	states													"       state_name
id               
5   stimon_nosein"
10611.460253	0.6590000000014697	states													"   state_name
id           
4     nicstim"
10612.119253	1.0025079999995796	states													"      state_name
id              
7   reinit_cpoke"
10613.121761	0.0024919999996200204	states													"   state_name
id           
4     nicstim"
10613.124253	0.0005000000001018634	states													"       state_name
id               
5   stimon_nosein"
10613.124753	0.6784999999999854	states													"   state_name
id           
4     nicstim"
10613.803253	0.25499999999919964	states													"       state_name
id               
8   wait_for_cout"
10614.058253	0.0015030000013211975	states													"   state_name
id           
9       csgap"
10614.059756	0.45000400000026275	states													"        state_name
id                
16  wait_for_spoke"
10614.50976	0.0004929999995511025	states													"             state_name
id                     
18  soff_reward_chooser"
10614.510253	0.06400000000030559	states													"     state_name
id             
22  reward_soff"
10614.574253	1.5819999999985157	states													"         state_name
id                 
26  post_reward_off"
10616.156253	2.1975130000009813	states													"         state_name
id                 
27  soft_drink_time"
10618.353766	0.0004869999993388774	states													"    state_name
id            
28  warndanger"
10618.354253	3.0	states													"            state_name
id                    
29  warndanger_warning"
10621.354753	11.13050000000112	trials	1.0	l	1.0	p	1.0	r	2.0	0.0	0.0	1.0	l	p	
10621.354753	11.13050000000112	states													"   state_name
id           
0     state_0"
10621.354753	0.01599999999962165	states													"          state_name
id                  
1   sending_trialnum"
10621.370753	0.17799999999988358	states													"      state_name
id              
3   wait_for_cin"
10621.548753	0.002005000000281143	states													"   state_name
id           
4     nicstim"
10621.550758	0.0005099999998492422	states													"       state_name
id               
5   stimon_nosein"
10621.551268	0.7729850000014267	states													"   state_name
id           
4     nicstim"
10622.324253	1.0024999999986903	states													"      state_name
id              
7   reinit_cpoke"
10623.326753	0.002005000000281143	states													"   state_name
id           
4     nicstim"
10623.328758	0.0005099999998492422	states													"       state_name
id               
5   stimon_nosein"
10623.329268	0.5269850000004226	states													"   state_name
id           
4     nicstim"
10623.856253	1.106999999999971	states													"      state_name
id              
7   reinit_cpoke"
10624.963253	0.0020160000003670575	states													"   state_name
id           
4     nicstim"
10624.965269	0.0004900000003544847	states													"       state_name
id               
5   stimon_nosein"
10624.965759	0.6544939999985218	states													"   state_name
id           
4     nicstim"
10625.620253	0.2890000000006694	states													"       state_name
id               
8   wait_for_cout"
10625.909253	0.0010000000002037268	states													"   state_name
id           
9       csgap"
10625.910253	0.5344999999997526	states													"        state_name
id                
16  wait_for_spoke"
10626.444753	0.0005000000001018634	states													"             state_name
id                     
18  soff_reward_chooser"
10626.445253	0.06400000000030559	states													"     state_name
id             
22  reward_soff"
10626.509253	0.3614999999990687	states													"         state_name
id                 
26  post_reward_off"
10626.870753	2.613500000001295	states													"         state_name
id                 
27  soft_drink_time"
10629.484253	0.0005000000001018634	states													"    state_name
id            
28  warndanger"
10629.484753	3.000500000000102	states													"            state_name
id                    
29  warndanger_warning"
10632.48576	233.0374979999997	trials	1.0	r	2.0	p	1.0	r	2.0	0.0	0.0	1.0	r	p	
10632.48576	233.0374979999997	states													"   state_name
id           
0     state_0"
10632.48576	0.01600200000029872	states													"          state_name
id                  
1   sending_trialnum"
10632.501762	0.0004910000006930204	states													"      state_name
id              
3   wait_for_cin"
10632.502253	0.0019999999985884642	states													"   state_name
id           
4     nicstim"
10632.504253	0.0005000000001018634	states													"       state_name
id               
5   stimon_nosein"
10632.504753	0.8115000000016153	states													"   state_name
id           
4     nicstim"
10633.316253	222.17499999999927	states													"      state_name
id              
7   reinit_cpoke"
10855.491253	0.0020160000003670575	states													"   state_name
id           
4     nicstim"
10855.493269	0.0004900000003544847	states													"       state_name
id               
5   stimon_nosein"
10855.493759	0.7460139999984676	states													"   state_name
id           
4     nicstim"
10856.239773	1.2559860000001208	states													"      state_name
id              
7   reinit_cpoke"
10857.495759	0.0020010000007459894	states													"   state_name
id           
4     nicstim"
10857.49776	0.0004929999995511025	states													"       state_name
id               
5   stimon_nosein"
10857.498253	0.6735110000008717	states													"   state_name
id           
4     nicstim"
10858.171764	0.2689890000001469	states													"       state_name
id               
8   wait_for_cout"
10858.440753	0.0010119999988091877	states													"   state_name
id           
9       csgap"
10858.441765	0.2824880000007397	states													"        state_name
id                
16  wait_for_spoke"
10858.724253	0.0005049999999755528	states													"             state_name
id                     
18  soff_reward_chooser"
10858.724758	0.06700499999897147	states													"     state_name
id             
22  reward_soff"
10858.791763	1.1259980000013456	states													"         state_name
id                 
26  post_reward_off"
10859.917761	2.6044919999985723	states													"         state_name
id                 
27  soft_drink_time"
10862.522253	0.0005000000001018634	states													"    state_name
id            
28  warndanger"
10862.522753	3.0005049999999756	states													"            state_name
id                    
29  warndanger_warning"
10865.52376	11.339998999999807	trials	1.0	l	1.0	p	1.0	r	1.0	0.0	0.0	1.0	l	p	
10865.52376	11.339998999999807	states													"   state_name
id           
0     state_0"
10865.52376	0.01599999999962165	states													"          state_name
id                  
1   sending_trialnum"
10865.53976	1.250992999999653	states													"      state_name
id              
3   wait_for_cin"
10866.790753	0.0020000000004074536	states													"   state_name
id           
4     nicstim"
10866.792753	0.0005000000001018634	states													"       state_name
id               
5   stimon_nosein"
10866.793253	0.8155160000005708	states													"   state_name
id           
4     nicstim"
10867.608769	1.0024839999987307	states													"      state_name
id              
7   reinit_cpoke"
10868.611253	0.0020160000003670575	states													"   state_name
id           
4     nicstim"
10868.613269	0.0004910000006930204	states													"       state_name
id               
5   stimon_nosein"
10868.61376	0.6724930000000313	states													"   state_name
id           
4     nicstim"
10869.286253	0.3099999999994907	states													"       state_name
id               
8   wait_for_cout"
10869.596253	0.0015050000001792796	states													"   state_name
id           
9       csgap"
10869.597758	0.5460100000000239	states													"        state_name
id                
16  wait_for_spoke"
10870.143768	0.0004850000004807953	states													"             state_name
id                     
18  soff_reward_chooser"
10870.144253	0.06400000000030559	states													"     state_name
id             
22  reward_soff"
10870.208253	0.3660069999987172	states													"         state_name
id                 
26  post_reward_off"
10870.57426	3.2889930000001186	states													"         state_name
id                 
27  soft_drink_time"
10873.863253	0.0005049999999755528	states													"    state_name
id            
28  warndanger"
10873.863758	3.0000010000003385	states													"            state_name
id                    
29  warndanger_warning"
10876.864268	9.425984999999855	trials	1.0	l	1.0	p	1.0	r	0.0	0.0	0.0	1.0	l	p	
10876.864268	9.425984999999855	states													"   state_name
id           
0     state_0"
10876.864268	0.015987000000677654	states													"          state_name
id                  
1   sending_trialnum"
10876.880255	0.0005139999993843958	states													"      state_name
id              
3   wait_for_cin"
10876.880769	0.002484000000549713	states													"   state_name
id           
4     nicstim"
10876.883253	0.0005049999999755528	states													"       state_name
id               
5   stimon_nosein"
10876.883758	0.6794950000003155	states													"   state_name
id           
4     nicstim"
10877.563253	0.29100499999913154	states													"       state_name
id               
8   wait_for_cout"
10877.854258	0.0014960000007704366	states													"   state_name
id           
9       csgap"
10877.855754	0.505498999998963	states													"        state_name
id                
16  wait_for_spoke"
10878.361253	0.0005020000007789349	states													"             state_name
id                     
18  soff_reward_chooser"
10878.361755	0.12749799999983225	states													"         state_name
id                 
19  reward_big_soff"
10878.489253	0.4099999999998545	states													"         state_name
id                 
26  post_reward_off"
10878.899253	4.390000000001237	states													"         state_name
id                 
27  soft_drink_time"
10883.289253	0.0005139999993843958	states													"    state_name
id            
28  warndanger"
10883.289767	3.0004859999990003	states													"            state_name
id                    
29  warndanger_warning"
10886.290753	9.414500000000771	trials	1.0	l	1.0	p	1.0	r	0.0	0.0	0.0	1.0	l	p	
10886.290753	9.414500000000771	states													"   state_name
id           
0     state_0"
10886.290753	0.01600000000144064	states													"          state_name
id                  
1   sending_trialnum"
10886.306753	0.0005149999997229315	states													"      state_name
id              
3   wait_for_cin"
10886.307268	0.002494000000297092	states													"   state_name
id           
4     nicstim"
10886.309762	0.000490999998874031	states													"       state_name
id               
5   stimon_nosein"
10886.310253	0.6684999999997672	states													"   state_name
id           
4     nicstim"
10886.978753	0.1525050000000192	states													"       state_name
id               
8   wait_for_cout"
10887.131258	0.0014950000004319008	states													"   state_name
id           
9       csgap"
10887.132753	0.42400000000088767	states													"        state_name
id                
16  wait_for_spoke"
10887.556753	0.0005149999997229315	states													"             state_name
id                     
18  soff_reward_chooser"
10887.557268	0.12748499999906926	states													"         state_name
id                 
19  reward_big_soff"
10887.684753	0.15700600000127451	states													"         state_name
id                 
26  post_reward_off"
10887.841759	4.86249399999906	states													"         state_name
id                 
27  soft_drink_time"
10892.704253	0.0005000000001018634	states													"    state_name
id            
28  warndanger"
10892.704753	3.000500000000102	states													"            state_name
id                    
29  warndanger_warning"
10895.70576	15.910004999999728	trials	1.0	r	2.0	p	1.0	r	0.0	0.0	0.0	1.0	r	p	
10895.70576	15.910004999999728	states													"   state_name
id           
0     state_0"
10895.70576	0.01600999999936903	states													"          state_name
id                  
1   sending_trialnum"
10895.72177	9.515482999999222	states													"      state_name
id              
3   wait_for_cin"
10905.237253	0.0020150000000285218	states													"   state_name
id           
4     nicstim"
10905.239268	0.0005000000001018634	states													"       state_name
id               
5   stimon_nosein"
10905.239768	0.6629850000008446	states													"   state_name
id           
4     nicstim"
10905.902753	0.013001999999687541	states													"       state_name
id               
8   wait_for_cout"
10905.915755	0.0014979999996285187	states													"   state_name
id           
9       csgap"
10905.917253	0.5630149999997229	states													"        state_name
id                
16  wait_for_spoke"
10906.480268	0.0004960000005667098	states													"             state_name
id                     
18  soff_reward_chooser"
10906.480764	0.13398899999992864	states													"         state_name
id                 
19  reward_big_soff"
10906.614753	2.0005049999999756	states													"         state_name
id                 
26  post_reward_off"
10908.615258	0.0005010000004403992	states													"    state_name
id            
28  warndanger"
10908.615759	3.0000060000002122	states													"            state_name
id                    
29  warndanger_warning"
10911.616253	10.228506999999809	trials	1.0	l	1.0	p	1.0	r	0.0	0.0	0.0	1.0	l	p	
10911.616253	10.228506999999809	states													"   state_name
id           
0     state_0"
10911.616253	0.01599999999962165	states													"          state_name
id                  
1   sending_trialnum"
10911.632253	1.8425000000006548	states													"      state_name
id              
3   wait_for_cin"
10913.474753	0.0020160000003670575	states													"   state_name
id           
4     nicstim"
10913.476769	0.0004989999997633277	states													"       state_name
id               
5   stimon_nosein"
10913.477268	0.6754849999997532	states													"   state_name
id           
4     nicstim"
10914.152753	0.06700099999943632	states													"       state_name
id               
8   wait_for_cout"
10914.219754	0.0014989999999670545	states													"   state_name
id           
9       csgap"
10914.221253	0.3080000000009022	states													"        state_name
id                
16  wait_for_spoke"
10914.529253	0.0005099999998492422	states													"             state_name
id                     
18  soff_reward_chooser"
10914.529763	0.12748999999894295	states													"         state_name
id                 
19  reward_big_soff"
10914.657253	0.0235000000011496	states													"         state_name
id                 
26  post_reward_off"
10914.680753	4.163006999999197	states													"         state_name
id                 
27  soft_drink_time"
10918.84376	0.00050800000099116	states													"    state_name
id            
28  warndanger"
10918.844268	3.0004919999992126	states													"            state_name
id                    
29  warndanger_warning"
10921.845253	9.010503999999855	trials	1.0	l	1.0	p	1.0	r	0.0	0.0	0.0	1.0	l	p	
10921.845253	9.010503999999855	states													"   state_name
id           
0     state_0"
10921.845253	0.01599999999962165	states													"          state_name
id                  
1   sending_trialnum"
10921.861253	0.0005020000007789349	states													"      state_name
id              
3   wait_for_cin"
10921.861755	0.0020129999993514502	states													"   state_name
id           
4     nicstim"
10921.863768	0.0004850000004807953	states													"       state_name
id               
5   stimon_nosein"
10921.864253	0.6885050000000774	states													"   state_name
id           
4     nicstim"
10922.552758	0.03799500000059197	states													"       state_name
id               
8   wait_for_cout"
10922.590753	0.0010009999987232732	states													"   state_name
id           
9       csgap"
10922.591754	0.299499000000651	states													"        state_name
id                
16  wait_for_spoke"
10922.891253	0.0005110000001877779	states													"             state_name
id                     
18  soff_reward_chooser"
10922.891764	0.12750400000004447	states													"         state_name
id                 
19  reward_big_soff"
10923.019268	0.08548499999960768	states													"         state_name
id                 
26  post_reward_off"
10923.104753	4.75	states													"         state_name
id                 
27  soft_drink_time"
10927.854753	0.0005000000001018634	states													"    state_name
id            
28  warndanger"
10927.855253	3.000503999999637	states													"            state_name
id                    
29  warndanger_warning"
10930.856253	10.349005000000034	trials	1.0	l	1.0	p	1.0	r	0.0	0.0	0.0	1.0	l	p	
10930.856253	10.349005000000034	states													"   state_name
id           
0     state_0"
10930.856253	0.016009000000849483	states													"          state_name
id                  
1   sending_trialnum"
10930.872262	0.0005000000001018634	states													"      state_name
id              
3   wait_for_cin"
10930.872762	0.0024909999992814846	states													"   state_name
id           
4     nicstim"
10930.875253	0.0005110000001877779	states													"       state_name
id               
5   stimon_nosein"
10930.875764	0.6644899999992049	states													"   state_name
id           
4     nicstim"
10931.540254	0.11251500000071246	states													"       state_name
id               
8   wait_for_cout"
10931.652769	0.0014840000003459863	states													"   state_name
id           
9       csgap"
10931.654253	0.4215069999991101	states													"        state_name
id                
16  wait_for_spoke"
10932.07576	0.0004929999995511025	states													"             state_name
id                     
18  soff_reward_chooser"
10932.076253	0.12751400000161084	states													"         state_name
id                 
19  reward_big_soff"
10932.203767	0.8779869999998482	states													"         state_name
id                 
26  post_reward_off"
10933.081754	5.122498999999152	states													"         state_name
id                 
27  soft_drink_time"
10938.204253	0.0005000000001018634	states													"    state_name
id            
28  warndanger"
10938.204753	3.0005049999999756	states													"            state_name
id                    
29  warndanger_warning"
10941.205759	13.358494000000064	trials	1.0	r	2.0	p	1.0	r	0.0	0.0	0.0	1.0	r	p	
10941.205759	13.358494000000064	states													"   state_name
id           
0     state_0"
10941.205759	0.01600499999949534	states													"          state_name
id                  
1   sending_trialnum"
10941.221764	0.07848899999953574	states													"      state_name
id              
3   wait_for_cin"
10941.300253	0.0020000000004074536	states													"   state_name
id           
4     nicstim"
10941.302253	0.0005000000001018634	states													"       state_name
id               
5   stimon_nosein"
10941.302753	0.6710029999994731	states													"   state_name
id           
4     nicstim"
10941.973756	0.015497000000323169	states													"       state_name
id               
8   wait_for_cout"
10941.989253	0.0010000000002037268	states													"   state_name
id           
9       csgap"
10941.990253	0.5130150000004505	states													"        state_name
id                
16  wait_for_spoke"
10942.503268	0.000495000000228174	states													"             state_name
id                     
18  soff_reward_chooser"
10942.503763	0.13399099999878672	states													"         state_name
id                 
19  reward_big_soff"
10942.637754	0.008999000001495006	states													"         state_name
id                 
26  post_reward_off"
10942.646753	8.91649999999936	states													"         state_name
id                 
27  soft_drink_time"
10951.563253	0.0005079999991721706	states													"    state_name
id            
28  warndanger"
10951.563761	3.0004920000010316	states													"            state_name
id                    
29  warndanger_warning"
10954.564753	8.454499999999825	trials	1.0	l	1.0	p	1.0	r	0.0	0.0	0.0	1.0	l	p	
10954.564753	8.454499999999825	states													"   state_name
id           
0     state_0"
10954.564753	0.01599999999962165	states													"          state_name
id                  
1   sending_trialnum"
10954.580753	0.0005000000001018634	states													"      state_name
id              
3   wait_for_cin"
10954.581253	0.0020000000004074536	states													"   state_name
id           
4     nicstim"
10954.583253	0.0005119999987073243	states													"       state_name
id               
5   stimon_nosein"
10954.583765	0.6644880000003468	states													"   state_name
id           
4     nicstim"
10955.248253	0.40099999999983993	states													"       state_name
id               
8   wait_for_cout"
10955.649253	0.0010000000002037268	states													"   state_name
id           
9       csgap"
10955.650253	0.319510999999693	states													"        state_name
id                
16  wait_for_spoke"
10955.969764	0.0004890000000159489	states													"             state_name
id                     
18  soff_reward_chooser"
10955.970253	0.12751200000093377	states													"         state_name
id                 
19  reward_big_soff"
10956.097765	0.18450300000040443	states													"         state_name
id                 
26  post_reward_off"
10956.282268	3.7364919999999984	states													"         state_name
id                 
27  soft_drink_time"
10960.01876	0.0004929999995511025	states													"    state_name
id            
28  warndanger"
10960.019253	3.0	states													"            state_name
id                    
29  warndanger_warning"
10963.019761	14.836992000000464	trials	1.0	r	2.0	p	1.0	r	0.0	0.0	0.0	1.0	r	p	
10963.019761	14.836992000000464	states													"   state_name
id           
0     state_0"
10963.019761	0.01599999999962165	states													"          state_name
id                  
1   sending_trialnum"
10963.035761	4.1779980000010255	states													"      state_name
id              
3   wait_for_cin"
10967.213759	0.002005000000281143	states													"   state_name
id           
4     nicstim"
10967.215764	0.0004890000000159489	states													"       state_name
id               
5   stimon_nosein"
10967.216253	0.6705000000001746	states													"   state_name
id           
4     nicstim"
10967.886753	0.11549999999988358	states													"       state_name
id               
8   wait_for_cout"
10968.002253	0.0010050000000774162	states													"   state_name
id           
9       csgap"
10968.003258	0.7369949999992969	states													"        state_name
id                
16  wait_for_spoke"
10968.740253	0.0005160000000614673	states													"             state_name
id                     
18  soff_reward_chooser"
10968.740769	0.13398400000005495	states													"         state_name
id                 
19  reward_big_soff"
10968.874753	0.41849999999976717	states													"         state_name
id                 
26  post_reward_off"
10969.293253	5.562504999999874	states													"         state_name
id                 
27  soft_drink_time"
10974.855758	0.000495000000228174	states													"    state_name
id            
28  warndanger"
10974.856253	3.000500000000102	states													"            state_name
id                    
29  warndanger_warning"
10977.857253	10.338999999999942	trials	1.0	l	1.0	p	1.0	r	0.0	0.0	0.0	1.0	l	p	
10977.857253	10.338999999999942	states													"   state_name
id           
0     state_0"
10977.857253	0.01599999999962165	states													"          state_name
id                  
1   sending_trialnum"
10977.873253	0.0005070000006526243	states													"      state_name
id              
3   wait_for_cin"
10977.87376	0.002000999998927	states													"   state_name
id           
4     nicstim"
10977.875761	0.0004939999998896383	states													"       state_name
id               
5   stimon_nosein"
10977.876255	0.6764980000007199	states													"   state_name
id           
4     nicstim"
10978.552753	0.057505000000674045	states													"       state_name
id               
8   wait_for_cout"
10978.610258	0.0010099999999511056	states													"   state_name
id           
9       csgap"
10978.611268	0.5134849999994913	states													"        state_name
id                
16  wait_for_spoke"
10979.124753	0.0005000000001018634	states													"             state_name
id                     
18  soff_reward_chooser"
10979.125253	0.12750000000050932	states													"         state_name
id                 
19  reward_big_soff"
10979.252753	0.15999999999985448	states													"         state_name
id                 
26  post_reward_off"
10979.412753	5.782514999998966	states													"         state_name
id                 
27  soft_drink_time"
10985.195268	0.0004989999997633277	states													"    state_name
id            
28  warndanger"
10985.195767	3.0004860000008193	states													"            state_name
id                    
29  warndanger_warning"
10988.196753	10.324000000000524	trials	1.0	l	1.0	p	1.0	r	1.0	0.0	0.0	1.0	l	p	
10988.196753	10.324000000000524	states													"   state_name
id           
0     state_0"
10988.196753	0.01599999999962165	states													"          state_name
id                  
1   sending_trialnum"
10988.212753	0.0005000000001018634	states													"      state_name
id              
3   wait_for_cin"
10988.213253	0.0025069999992410885	states													"   state_name
id           
4     nicstim"
10988.21576	0.0004930000013700919	states													"       state_name
id               
5   stimon_nosein"
10988.216253	0.7484999999996944	states													"   state_name
id           
4     nicstim"
10988.964753	1.0025150000001304	states													"      state_name
id              
7   reinit_cpoke"
10989.967268	0.0024880000000848668	states													"   state_name
id           
4     nicstim"
10989.969756	0.0004979999994247919	states													"       state_name
id               
5   stimon_nosein"
10989.970254	0.6609989999997197	states													"   state_name
id           
4     nicstim"
10990.631253	0.16051100000004226	states													"       state_name
id               
8   wait_for_cout"
10990.791764	0.0014890000002196757	states													"   state_name
id           
9       csgap"
10990.793253	0.5720149999997375	states													"        state_name
id                
16  wait_for_spoke"
10991.365268	0.000503999999637017	states													"             state_name
id                     
18  soff_reward_chooser"
10991.365772	0.06398900000021968	states													"     state_name
id             
22  reward_soff"
10991.429761	0.361999000000651	states													"         state_name
id                 
26  post_reward_off"
10991.79176	3.728009000000384	states													"         state_name
id                 
27  soft_drink_time"
10995.519769	0.0004840000001422595	states													"    state_name
id            
28  warndanger"
10995.520253	3.000500000000102	states													"            state_name
id                    
29  warndanger_warning"
10998.521268	6.394491999999445	trials	0.0	l	1.0	p	1.0	r	0.0	0.0	0.0	0.0	l	p	
10998.521268	6.394491999999445	states													"   state_name
id           
0     state_0"
10998.521268	0.01598999999987427	states													"          state_name
id                  
1   sending_trialnum"
10998.537258	0.0005010000004403992	states													"      state_name
id              
3   wait_for_cin"
10998.537759	0.0024939999984781025	states													"   state_name
id           
4     nicstim"
10998.540253	0.0005000000001018634	states													"       state_name
id               
5   stimon_nosein"
10998.540753	0.676500000001397	states													"   state_name
id           
4     nicstim"
10999.217253	0.37151599999924656	states													"       state_name
id               
8   wait_for_cout"
10999.588769	0.0014840000003459863	states													"   state_name
id           
9       csgap"
10999.590253	0.3240009999990434	states													"        state_name
id                
16  wait_for_spoke"
10999.914254	5.001506000000518	states													"     state_name
id             
31  error_state"
11004.916253	491.3575149999997	trials	1.0	r	2.0	p	1.0	r	2.0	0.0	0.0	1.0	r	p	
11004.916253	491.3575149999997	states													"   state_name
id           
0     state_0"
11004.916253	0.01600000000144064	states													"          state_name
id                  
1   sending_trialnum"
11004.932253	34.11701499999981	states													"      state_name
id              
3   wait_for_cin"
11039.049268	0.0024880000000848668	states													"   state_name
id           
4     nicstim"
11039.051756	0.0004969999990862561	states													"       state_name
id               
5   stimon_nosein"
11039.052253	0.6144999999996799	states													"   state_name
id           
4     nicstim"
11039.666753	1.2645150000007561	states													"      state_name
id              
7   reinit_cpoke"
11040.931268	0.002489999998942949	states													"   state_name
id           
4     nicstim"
11040.933758	0.000495000000228174	states													"       state_name
id               
5   stimon_nosein"
11040.934253	0.5465000000003783	states													"   state_name
id           
4     nicstim"
11041.480753	446.86901000000034	states													"      state_name
id              
7   reinit_cpoke"
11488.349763	0.0020100000001548324	states													"   state_name
id           
4     nicstim"
11488.351773	0.0004799999987881165	states													"       state_name
id               
5   stimon_nosein"
11488.352253	0.6820150000003196	states													"   state_name
id           
4     nicstim"
11489.034268	0.06598500000109198	states													"       state_name
id               
8   wait_for_cout"
11489.100253	0.0015069999990373617	states													"   state_name
id           
9       csgap"
11489.10176	0.37999800000034156	states													"        state_name
id                
16  wait_for_spoke"
11489.481758	0.000495000000228174	states													"             state_name
id                     
18  soff_reward_chooser"
11489.482253	0.06699999999909778	states													"     state_name
id             
22  reward_soff"
11489.549253	1.3515090000000782	states													"         state_name
id                 
26  post_reward_off"
11490.900762	2.372491000000082	states													"         state_name
id                 
27  soft_drink_time"
11493.273253	0.00050800000099116	states													"    state_name
id            
28  warndanger"
11493.273761	3.0000069999987318	states													"            state_name
id                    
29  warndanger_warning"
11496.274253	414.84500000000116	trials	1.0	l	1.0	p	1.0	r	2.0	0.0	0.0	1.0	l	p	
11496.274253	414.84500000000116	states													"   state_name
id           
0     state_0"
11496.274253	0.01599999999962165	states													"          state_name
id                  
1   sending_trialnum"
11496.290253	7.919000000001688	states													"      state_name
id              
3   wait_for_cin"
11504.209253	0.0019999999985884642	states													"   state_name
id           
4     nicstim"
11504.211253	0.0005130000008648494	states													"       state_name
id               
5   stimon_nosein"
11504.211766	0.7710029999998369	states													"   state_name
id           
4     nicstim"
11504.982769	392.36899099999937	states													"      state_name
id              
7   reinit_cpoke"
11897.35176	0.002492999999958556	states													"   state_name
id           
4     nicstim"
11897.354253	0.0005000000001018634	states													"       state_name
id               
5   stimon_nosein"
11897.354753	0.7445000000006985	states													"   state_name
id           
4     nicstim"
11898.099253	2.478520999999091	states													"      state_name
id              
7   reinit_cpoke"
11900.577774	0.0024790000006760238	states													"   state_name
id           
4     nicstim"
11900.580253	0.0005000000001018634	states													"       state_name
id               
5   stimon_nosein"
11900.580753	0.6664999999993597	states													"   state_name
id           
4     nicstim"
11901.247253	0.4210000000002765	states													"       state_name
id               
8   wait_for_cout"
11901.668253	0.0015039999998407438	states													"   state_name
id           
9       csgap"
11901.669757	0.4315120000010211	states													"        state_name
id                
16  wait_for_spoke"
11902.101269	0.0004899999985354953	states													"             state_name
id                     
18  soff_reward_chooser"
11902.101759	0.0640030000013212	states													"     state_name
id             
22  reward_soff"
11902.165762	1.8919939999996132	states													"         state_name
id                 
26  post_reward_off"
11904.057756	4.060512000000017	states													"         state_name
id                 
27  soft_drink_time"
11908.118268	0.0004960000005667098	states													"    state_name
id            
28  warndanger"
11908.118764	3.000489000000016	states													"            state_name
id                    
29  warndanger_warning"
11911.119767	38.881500999999844	trials	1.0	r	2.0	p	1.0	r	2.0	0.0	0.0	1.0	r	p	
11911.119767	38.881500999999844	states													"   state_name
id           
0     state_0"
11911.119767	0.016008000000510947	states													"          state_name
id                  
1   sending_trialnum"
11911.135775	0.10847800000010466	states													"      state_name
id              
3   wait_for_cin"
11911.244253	0.0024999999986903276	states													"   state_name
id           
4     nicstim"
11911.246753	0.0005000000001018634	states													"       state_name
id               
5   stimon_nosein"
11911.247253	0.7785080000012385	states													"   state_name
id           
4     nicstim"
11912.025761	7.556491999999707	states													"      state_name
id              
7   reinit_cpoke"
11919.582253	0.0020000000004074536	states													"   state_name
id           
4     nicstim"
11919.584253	0.000499999998282874	states													"       state_name
id               
5   stimon_nosein"
11919.584753	0.6590100000012171	states													"   state_name
id           
4     nicstim"
11920.243763	20.597490000000107	states													"      state_name
id              
7   reinit_cpoke"
11940.841253	0.0019999999985884642	states													"   state_name
id           
4     nicstim"
11940.843253	0.0005070000006526243	states													"       state_name
id               
5   stimon_nosein"
11940.84376	0.6814930000000459	states													"   state_name
id           
4     nicstim"
11941.525253	0.041499999999359716	states													"       state_name
id               
8   wait_for_cout"
11941.566753	0.0010020000008807983	states													"   state_name
id           
9       csgap"
11941.567755	0.38849800000025425	states													"        state_name
id                
16  wait_for_spoke"
11941.956253	0.0005000000001018634	states													"             state_name
id                     
18  soff_reward_chooser"
11941.956753	0.06700599999931	states													"     state_name
id             
22  reward_soff"
11942.023759	0.48400299999957497	states													"         state_name
id                 
26  post_reward_off"
11942.507762	4.492991000000984	states													"         state_name
id                 
27  soft_drink_time"
11947.000753	0.0005000000001018634	states													"    state_name
id            
28  warndanger"
11947.001253	3.000014999999621	states													"            state_name
id                    
29  warndanger_warning"
