onset	duration	nwb_table	ProAnti3Marino_hit_history	ProAnti3Marino_sides_history	ProAnti3Marino_psych_history	ProAnti3Marino_loc_history	ProAnti3Marino_mem_history	ProAnti3Marino_free_history	StimulatorSection_stimulator_history	MaskSection_mask_history	AntibiasSection_LocalHitHistory	AntibiasSection_LocalSidesHistory	AntibiasSection_LocalLocHistory	state_type
49.440677	111.11049	trials	0.0	r	2.0	p	1.0	r	0.0	0.0	0.0	r	p	
49.440677	111.11049	states												"   state_name
id           
0     state_0"
49.440677	0.015999000000000763	states												"          state_name
id                  
1   sending_trialnum"
49.456676	104.97699899999999	states												"      state_name
id              
3   wait_for_cin"
154.433675	1.000491000000011	states												"   state_name
id           
4     context"
155.434166	0.0010029999999972006	states												"   state_name
id           
6       csgap"
155.435169	0.11499699999998825	states												"   state_name
id           
11    stim_on"
155.550166	5.001001000000002	states												"     state_name
id             
28  error_state"
160.551678	31.581997	trials	0.0	r	2.0	p	1.0	r	0.0	0.0	0.0	r	p	
160.551678	31.581997	states												"   state_name
id           
0     state_0"
160.551678	0.016001999999986083	states												"          state_name
id                  
1   sending_trialnum"
160.56768	25.42999499999999	states												"      state_name
id              
3   wait_for_cin"
185.997675	1.0000050000000158	states												"   state_name
id           
4     context"
186.99768	0.0014909999999872525	states												"   state_name
id           
6       csgap"
186.999171	0.1335030000000188	states												"   state_name
id           
11    stim_on"
187.132674	5.001001000000002	states												"     state_name
id             
28  error_state"
192.134166	39.529015000000015	trials	0.0	r	2.0	p	1.0	r	0.0	0.0	0.0	r	p	
192.134166	39.529015000000015	states												"   state_name
id           
0     state_0"
192.134166	0.016000000000019554	states												"          state_name
id                  
1   sending_trialnum"
192.150166	33.02199999999999	states												"      state_name
id              
3   wait_for_cin"
225.172166	1.0	states												"   state_name
id           
4     context"
226.172166	0.0010079999999845768	states												"   state_name
id           
6       csgap"
226.173174	0.4889920000000245	states												"   state_name
id           
11    stim_on"
226.662166	5.001014999999995	states												"     state_name
id             
28  error_state"
231.663674	219.930492	trials	0.0	r	2.0	p	1.0	r	0.0	0.0	0.0	r	p	
231.663674	219.930492	states												"   state_name
id           
0     state_0"
231.663674	0.016000000000019554	states												"          state_name
id                  
1   sending_trialnum"
231.679674	213.853492	states												"      state_name
id              
3   wait_for_cin"
445.533166	1.0	states												"   state_name
id           
4     context"
446.533166	0.0010010000000306718	states												"   state_name
id           
6       csgap"
446.534167	0.05900599999995393	states												"   state_name
id           
11    stim_on"
446.593173	5.000992999999994	states												"     state_name
id             
28  error_state"
451.594678	8.591488000000027	trials	0.0	r	2.0	p	1.0	r	0.0	0.0	0.0	r	p	
451.594678	8.591488000000027	states												"   state_name
id           
0     state_0"
451.594678	0.016000000000019554	states												"          state_name
id                  
1   sending_trialnum"
451.610678	1.4414879999999926	states												"      state_name
id              
3   wait_for_cin"
453.052166	1.0	states												"   state_name
id           
4     context"
454.052166	0.0010009999999738284	states												"   state_name
id           
6       csgap"
454.053167	1.0005060000000299	states												"   state_name
id           
11    stim_on"
455.053673	0.0010019999999713036	states												"   state_name
id           
12   stim_off"
455.054675	0.13049700000004805	states												"        state_name
id                
13  wait_for_spoke"
455.185172	5.0009939999999915	states												"     state_name
id             
28  error_state"
460.186674	11.272004000000038	trials	0.0	r	2.0	p	1.0	r	0.0	0.0	0.0	r	p	
460.186674	11.272004000000038	states												"   state_name
id           
0     state_0"
460.186674	0.016000000000019554	states												"          state_name
id                  
1   sending_trialnum"
460.202674	4.980998	states												"      state_name
id              
3   wait_for_cin"
465.183672	1.00000399999999	states												"   state_name
id           
4     context"
466.183676	0.001495000000033997	states												"   state_name
id           
6       csgap"
466.185171	0.2725059999999644	states												"   state_name
id           
11    stim_on"
466.457677	5.001001000000031	states												"     state_name
id             
28  error_state"
471.459171	40.63699500000001	trials	1.0	r	2.0	p	1.0	r	0.0	0.0	1.0	r	p	
471.459171	40.63699500000001	states												"   state_name
id           
0     state_0"
471.459171	0.015994999999975335	states												"          state_name
id                  
1   sending_trialnum"
471.475166	24.666007999999977	states												"      state_name
id              
3   wait_for_cin"
496.141174	1.0005010000000425	states												"   state_name
id           
4     context"
497.141675	0.0014909999999872525	states												"   state_name
id           
6       csgap"
497.143166	1.0000009999999975	states												"   state_name
id           
11    stim_on"
498.143167	0.0015169999999784523	states												"   state_name
id           
12   stim_off"
498.144684	0.7634820000000104	states												"        state_name
id                
13  wait_for_spoke"
498.908166	0.0005029999999806023	states												"             state_name
id                     
15  soff_reward_chooser"
498.908669	0.06400200000001632	states												"         state_name
id                 
16  reward_big_soff"
498.972671	0.12149600000003602	states												"         state_name
id                 
23  post_reward_off"
499.094167	10.001009999999951	states												"         state_name
id                 
24  soft_drink_time"
509.095177	0.0005090000000222972	states												"    state_name
id            
25  warndanger"
509.095686	3.0004800000000387	states												"            state_name
id                    
26  warndanger_warning"
512.096673	9.156505000000038	trials	0.0	r	2.0	p	1.0	r	0.0	0.0	0.0	r	p	
512.096673	9.156505000000038	states												"   state_name
id           
0     state_0"
512.096673	0.016006999999945037	states												"          state_name
id                  
1   sending_trialnum"
512.11268	2.364003000000025	states												"      state_name
id              
3   wait_for_cin"
514.476683	1.000483000000031	states												"   state_name
id           
4     context"
515.477166	0.0009999999999763531	states												"   state_name
id           
6       csgap"
515.478166	0.7735069999999951	states												"   state_name
id           
11    stim_on"
516.251673	5.001505000000066	states												"     state_name
id             
28  error_state"
521.253674	21.68099799999993	trials	0.0	r	2.0	p	1.0	r	0.0	0.0	0.0	r	p	
521.253674	21.68099799999993	states												"   state_name
id           
0     state_0"
521.253674	0.015998999999965235	states												"          state_name
id                  
1   sending_trialnum"
521.269673	15.275507999999945	states												"      state_name
id              
3   wait_for_cin"
536.545181	1.0004969999999958	states												"   state_name
id           
4     context"
537.545678	0.001488999999992302	states												"   state_name
id           
6       csgap"
537.547167	0.3865100000000439	states												"   state_name
id           
11    stim_on"
537.933677	5.000994999999989	states												"     state_name
id             
28  error_state"
542.935175	148.255498	trials	0.0	r	2.0	p	1.0	r	0.0	0.0	0.0	r	p	
542.935175	148.255498	states												"   state_name
id           
0     state_0"
542.935175	0.015997000000083972	states												"          state_name
id                  
1   sending_trialnum"
542.951172	141.39149999999995	states												"      state_name
id              
3   wait_for_cin"
684.342672	1.0000009999999975	states												"   state_name
id           
4     context"
685.342673	0.0010029999999687789	states												"   state_name
id           
6       csgap"
685.343676	0.8459980000000087	states												"   state_name
id           
11    stim_on"
686.189674	5.000998999999979	states												"     state_name
id             
28  error_state"
691.191173	123.4895009999999	trials	0.0	r	2.0	p	1.0	r	0.0	0.0	0.0	r	p	
691.191173	123.4895009999999	states												"   state_name
id           
0     state_0"
691.191173	0.01599599999997281	states												"          state_name
id                  
1   sending_trialnum"
691.207169	117.02050599999995	states												"      state_name
id              
3   wait_for_cin"
808.227675	1.0000009999999975	states												"   state_name
id           
4     context"
809.227676	0.0014990000000807413	states												"   state_name
id           
6       csgap"
809.229175	0.45050499999990734	states												"   state_name
id           
11    stim_on"
809.67968	5.0009939999999915	states												"     state_name
id             
28  error_state"
814.681173	8.836994000000004	trials	0.0	r	2.0	p	1.0	r	0.0	0.0	0.0	r	p	
814.681173	8.836994000000004	states												"   state_name
id           
0     state_0"
814.681173	0.016000000000076398	states												"          state_name
id                  
1   sending_trialnum"
814.697173	2.510505999999964	states												"      state_name
id              
3   wait_for_cin"
817.207679	1.000487000000021	states												"   state_name
id           
4     context"
818.208166	0.0015240000000176224	states												"   state_name
id           
6       csgap"
818.20969	0.30747999999994136	states												"   state_name
id           
11    stim_on"
818.51717	5.000996999999984	states												"     state_name
id             
28  error_state"
823.518674	6.7340039999999135	trials	0.0	r	2.0	p	1.0	r	0.0	0.0	0.0	r	p	
823.518674	6.7340039999999135	states												"   state_name
id           
0     state_0"
823.518674	0.015998999999965235	states												"          state_name
id                  
1   sending_trialnum"
823.534673	0.0004950000000008004	states												"      state_name
id              
3   wait_for_cin"
823.535168	1.0005069999999705	states												"   state_name
id           
4     context"
824.535675	0.0014939999999796783	states												"   state_name
id           
6       csgap"
824.537169	0.7145140000000083	states												"   state_name
id           
11    stim_on"
825.251683	5.000994999999989	states												"     state_name
id             
28  error_state"
830.25318	181.6589859999999	trials	0.0	r	2.0	p	1.0	r	0.0	0.0	0.0	r	p	
830.25318	181.6589859999999	states												"   state_name
id           
0     state_0"
830.25318	0.015985999999998057	states												"          state_name
id                  
1   sending_trialnum"
830.269166	0.1380069999999023	states												"      state_name
id              
3   wait_for_cin"
830.407173	1.0005010000000993	states												"   state_name
id           
4     context"
831.407674	0.0010009999999738284	states												"   state_name
id           
6       csgap"
831.408675	1.0004930000000058	states												"   state_name
id           
11    stim_on"
832.409168	0.0015019999999594802	states												"   state_name
id           
12   stim_off"
832.41067	174.500498	states												"        state_name
id                
13  wait_for_spoke"
1006.911168	5.000997999999981	states												"     state_name
id             
28  error_state"
1011.912677	9.586005	trials	0.0	r	2.0	p	1.0	r	0.0	0.0	0.0	r	p	
1011.912677	9.586005	states												"   state_name
id           
0     state_0"
1011.912677	0.015998999999965235	states												"          state_name
id                  
1   sending_trialnum"
1011.928676	3.3839910000000373	states												"      state_name
id              
3   wait_for_cin"
1015.312667	1.0000049999999874	states												"   state_name
id           
4     context"
1016.312672	0.0010089999999536303	states												"   state_name
id           
6       csgap"
1016.313681	0.18399699999997665	states												"   state_name
id           
11    stim_on"
1016.497678	5.00100400000008	states												"     state_name
id             
28  error_state"
1021.499166	26.855001000000016	trials	1.0	r	2.0	p	1.0	r	0.0	0.0	1.0	r	p	
1021.499166	26.855001000000016	states												"   state_name
id           
0     state_0"
1021.499166	0.0160040000000663	states												"          state_name
id                  
1   sending_trialnum"
1021.51517	6.945006999999919	states												"      state_name
id              
3   wait_for_cin"
1028.460177	1.000494000000117	states												"   state_name
id           
4     context"
1029.460671	0.001002999999855092	states												"   state_name
id           
6       csgap"
1029.461674	1.0000010000001112	states												"   state_name
id           
11    stim_on"
1030.461675	0.0010039999999662541	states												"   state_name
id           
12   stim_off"
1030.462679	12.826002000000017	states												"        state_name
id                
13  wait_for_spoke"
1043.288681	0.00048599999990983633	states												"             state_name
id                     
15  soff_reward_chooser"
1043.289167	0.06399900000019443	states												"         state_name
id                 
16  reward_big_soff"
1043.353166	2.0005099999998492	states												"         state_name
id                 
23  post_reward_off"
1045.353676	0.000490000000127111	states												"    state_name
id            
25  warndanger"
1045.354166	3.000000999999884	states												"            state_name
id                    
26  warndanger_warning"
1048.354669	109.64700700000003	trials	1.0	r	2.0	p	1.0	r	0.0	0.0	1.0	r	p	
1048.354669	109.64700700000003	states												"   state_name
id           
0     state_0"
1048.354669	0.015999999999849024	states												"          state_name
id                  
1   sending_trialnum"
1048.370669	90.19849900000008	states												"      state_name
id              
3   wait_for_cin"
1138.569168	1.0005080000000817	states												"   state_name
id           
4     context"
1139.569676	0.001492999999982203	states												"   state_name
id           
6       csgap"
1139.571169	1.0005049999999756	states												"   state_name
id           
11    stim_on"
1140.571674	0.001491999999871041	states												"   state_name
id           
12   stim_off"
1140.573166	2.812513000000081	states												"        state_name
id                
13  wait_for_spoke"
1143.385679	0.0004870000000209984	states												"             state_name
id                     
15  soff_reward_chooser"
1143.386166	0.06400000000007822	states												"         state_name
id                 
16  reward_big_soff"
1143.450166	1.5499999999999545	states												"         state_name
id                 
23  post_reward_off"
1145.000166	10.000516000000061	states												"         state_name
id                 
24  soft_drink_time"
1155.000682	0.00048499999979867425	states												"    state_name
id            
25  warndanger"
1155.001167	3.000509000000193	states												"            state_name
id                    
26  warndanger_warning"
1158.002166	37.588506999999936	trials	0.0	r	2.0	p	1.0	r	0.0	0.0	0.0	r	p	
1158.002166	37.588506999999936	states												"   state_name
id           
0     state_0"
1158.002166	0.016000999999960186	states												"          state_name
id                  
1   sending_trialnum"
1158.018167	31.336508999999978	states												"      state_name
id              
3   wait_for_cin"
1189.354676	1.0004930000000058	states												"   state_name
id           
4     context"
1190.355169	0.001500999999962005	states												"   state_name
id           
6       csgap"
1190.35667	0.23300700000004326	states												"   state_name
id           
11    stim_on"
1190.589677	5.0009959999999865	states												"     state_name
id             
28  error_state"
1195.591171	7.391501999999946	trials	0.0	r	2.0	p	1.0	r	0.0	0.0	0.0	r	p	
1195.591171	7.391501999999946	states												"   state_name
id           
0     state_0"
1195.591171	0.016002999999955136	states												"          state_name
id                  
1   sending_trialnum"
1195.607174	0.0005029999999806023	states												"      state_name
id              
3   wait_for_cin"
1195.607677	1.000489000000016	states												"   state_name
id           
4     context"
1196.608166	0.0010010000000875152	states												"   state_name
id           
6       csgap"
1196.609167	1.0	states												"   state_name
id           
11    stim_on"
1197.609167	0.0015069999999468564	states												"   state_name
id           
12   stim_off"
1197.610674	0.37101099999995313	states												"        state_name
id                
13  wait_for_spoke"
1197.981685	5.000988000000007	states												"     state_name
id             
28  error_state"
1202.983166	7.738002999999935	trials	0.0	r	2.0	p	1.0	r	0.0	0.0	0.0	r	p	
1202.983166	7.738002999999935	states												"   state_name
id           
0     state_0"
1202.983166	0.016000000000076398	states												"          state_name
id                  
1   sending_trialnum"
1202.999166	1.6995099999999184	states												"      state_name
id              
3   wait_for_cin"
1204.698676	1.000490000000127	states												"   state_name
id           
4     context"
1205.699166	0.0015069999999468564	states												"   state_name
id           
6       csgap"
1205.700673	0.019493000000011307	states												"   state_name
id           
11    stim_on"
1205.720166	5.001002999999855	states												"     state_name
id             
28  error_state"
1210.721676	8.367498000000069	trials	0.0	r	2.0	p	1.0	r	0.0	0.0	0.0	r	p	
1210.721676	8.367498000000069	states												"   state_name
id           
0     state_0"
1210.721676	0.016002000000071348	states												"          state_name
id                  
1   sending_trialnum"
1210.737678	1.8120040000001154	states												"      state_name
id              
3   wait_for_cin"
1212.549682	1.0004839999999149	states												"   state_name
id           
4     context"
1213.550166	0.0010050000000774162	states												"   state_name
id           
6       csgap"
1213.551171	0.5369949999999335	states												"   state_name
id           
11    stim_on"
1214.088166	5.001007999999956	states												"     state_name
id             
28  error_state"
1219.089676	6.256489999999985	trials	0.0	r	2.0	p	1.0	r	0.0	0.0	0.0	r	p	
1219.089676	6.256489999999985	states												"   state_name
id           
0     state_0"
1219.089676	0.015999999999849024	states												"          state_name
id                  
1   sending_trialnum"
1219.105676	0.000490000000127111	states												"      state_name
id              
3   wait_for_cin"
1219.106166	1.0005080000000817	states												"   state_name
id           
4     context"
1220.106674	0.001002999999855092	states												"   state_name
id           
6       csgap"
1220.107677	0.23749100000009093	states												"   state_name
id           
11    stim_on"
1220.345168	5.000997999999981	states												"     state_name
id             
28  error_state"
1225.34668	8.674996999999848	trials	0.0	r	2.0	p	1.0	r	0.0	0.0	0.0	r	p	
1225.34668	8.674996999999848	states												"   state_name
id           
0     state_0"
1225.34668	0.015992999999980384	states												"          state_name
id                  
1   sending_trialnum"
1225.362673	2.2390060000000176	states												"      state_name
id              
3   wait_for_cin"
1227.601679	1.0004879999999048	states												"   state_name
id           
4     context"
1228.602167	0.0015089999999418069	states												"   state_name
id           
6       csgap"
1228.603676	0.41699500000004264	states												"   state_name
id           
11    stim_on"
1229.020671	5.001005999999961	states												"     state_name
id             
28  error_state"
1234.022167	16.35150499999986	trials	1.0	r	2.0	p	1.0	r	0.0	0.0	1.0	r	p	
1234.022167	16.35150499999986	states												"   state_name
id           
0     state_0"
1234.022167	0.015998999999965235	states												"          state_name
id                  
1   sending_trialnum"
1234.038166	0.623501000000033	states												"      state_name
id              
3   wait_for_cin"
1234.661667	1.0000079999999798	states												"   state_name
id           
4     context"
1235.661675	0.001491999999871041	states												"   state_name
id           
6       csgap"
1235.663167	0.6150000000000091	states												"   state_name
id           
11    stim_on"
1236.278167	0.0005089999999654538	states												"            state_name
id                    
14  son_reward_chooser"
1236.278676	0.06399900000019443	states												"        state_name
id                
17  reward_big_son"
1236.342675	0.9364979999998013	states												"        state_name
id                
22  post_reward_on"
1237.279173	0.09299400000008973	states												"         state_name
id                 
23  post_reward_off"
1237.372167	10.000510000000077	states												"         state_name
id                 
24  soft_drink_time"
1247.372677	0.0004969999999957508	states												"    state_name
id            
25  warndanger"
1247.373174	3.0004979999998795	states												"            state_name
id                    
26  warndanger_warning"
1250.374166	47.150507999999945	trials	0.0	r	2.0	p	1.0	r	0.0	0.0	0.0	r	p	
1250.374166	47.150507999999945	states												"   state_name
id           
0     state_0"
1250.374166	0.015999999999849024	states												"          state_name
id                  
1   sending_trialnum"
1250.390166	40.587510000000066	states												"      state_name
id              
3   wait_for_cin"
1290.977676	1.000490000000127	states												"   state_name
id           
4     context"
1291.978166	0.0015109999999367574	states												"   state_name
id           
6       csgap"
1291.979677	0.5439919999998892	states												"   state_name
id           
11    stim_on"
1292.523669	5.001005000000077	states												"     state_name
id             
28  error_state"
1297.525169	8.881503000000066	trials	1.0	r	2.0	p	1.0	r	0.0	0.0	1.0	r	p	
1297.525169	8.881503000000066	states												"   state_name
id           
0     state_0"
1297.525169	0.015998000000081447	states												"          state_name
id                  
1   sending_trialnum"
1297.541167	1.614998999999898	states												"      state_name
id              
3   wait_for_cin"
1299.156166	1.0	states												"   state_name
id           
4     context"
1300.156166	0.0010039999999662541	states												"   state_name
id           
6       csgap"
1300.15717	0.24750199999994038	states												"   state_name
id           
11    stim_on"
1300.404672	0.0004969999999957508	states												"            state_name
id                    
14  son_reward_chooser"
1300.405169	0.06399900000019443	states												"        state_name
id                
17  reward_big_son"
1300.469168	0.9365089999998872	states												"        state_name
id                
22  post_reward_on"
1301.405677	2.000489000000016	states												"         state_name
id                 
23  post_reward_off"
1303.406166	0.0005049999999755528	states												"    state_name
id            
25  warndanger"
1303.406671	3.000001000000111	states												"            state_name
id                    
26  warndanger_warning"
1306.407167	34.600999	trials	0.0	r	2.0	p	1.0	r	0.0	0.0	0.0	r	p	
1306.407167	34.600999	states												"   state_name
id           
0     state_0"
1306.407167	0.015999999999849024	states												"          state_name
id                  
1   sending_trialnum"
1306.423167	28.420503000000053	states												"      state_name
id              
3   wait_for_cin"
1334.84367	1.0000059999999849	states												"   state_name
id           
4     context"
1335.843676	0.0014900000001034641	states												"   state_name
id           
6       csgap"
1335.845166	0.1620029999999133	states												"   state_name
id           
11    stim_on"
1336.007169	5.000997000000098	states												"     state_name
id             
28  error_state"
1341.008678	14.990488000000141	trials	0.0	r	2.0	p	1.0	r	0.0	0.0	0.0	r	p	
1341.008678	14.990488000000141	states												"   state_name
id           
0     state_0"
1341.008678	0.015998000000081447	states												"          state_name
id                  
1   sending_trialnum"
1341.024676	4.785996000000068	states												"      state_name
id              
3   wait_for_cin"
1345.810672	1.0000049999998737	states												"   state_name
id           
4     context"
1346.810677	0.001488999999992302	states												"   state_name
id           
6       csgap"
1346.812166	1.0	states												"   state_name
id           
11    stim_on"
1347.812166	0.0010019999999713036	states												"   state_name
id           
12   stim_off"
1347.813168	3.184998000000178	states												"        state_name
id                
13  wait_for_spoke"
1350.998166	5.000999999999976	states												"     state_name
id             
28  error_state"
1355.999676	16.895494999999983	trials	0.0	r	2.0	p	1.0	r	0.0	0.0	0.0	r	p	
1355.999676	16.895494999999983	states												"   state_name
id           
0     state_0"
1355.999676	0.016002000000071348	states												"          state_name
id                  
1   sending_trialnum"
1356.015678	10.813488000000007	states												"      state_name
id              
3   wait_for_cin"
1366.829166	1.000011000000086	states												"   state_name
id           
4     context"
1367.829177	0.0014939999998659914	states												"   state_name
id           
6       csgap"
1367.830671	0.06349500000010266	states												"   state_name
id           
11    stim_on"
1367.894166	5.00100499999985	states												"     state_name
id             
28  error_state"
1372.895684	10.818481999999904	trials	0.0	r	2.0	p	1.0	r	0.0	0.0	0.0	r	p	
1372.895684	10.818481999999904	states												"   state_name
id           
0     state_0"
1372.895684	0.015997999999854073	states												"          state_name
id                  
1   sending_trialnum"
1372.911682	1.2909899999999652	states												"      state_name
id              
3   wait_for_cin"
1374.202672	1.000496000000112	states												"   state_name
id           
4     context"
1375.203168	0.001506000000063068	states												"   state_name
id           
6       csgap"
1375.204674	1.0004930000000058	states												"   state_name
id           
11    stim_on"
1376.205167	0.0015099999998255953	states												"   state_name
id           
12   stim_off"
1376.206677	2.5064890000001014	states												"        state_name
id                
13  wait_for_spoke"
1378.713166	5.000999999999976	states												"     state_name
id             
28  error_state"
1383.71467	17.855497000000014	trials	1.0	r	2.0	p	1.0	r	0.0	0.0	1.0	r	p	
1383.71467	17.855497000000014	states												"   state_name
id           
0     state_0"
1383.71467	0.015999999999849024	states												"          state_name
id                  
1   sending_trialnum"
1383.73067	2.5775120000000697	states												"      state_name
id              
3   wait_for_cin"
1386.308182	1.000492000000122	states												"   state_name
id           
4     context"
1387.308674	0.001002999999855092	states												"   state_name
id           
6       csgap"
1387.309677	1.000489000000016	states												"   state_name
id           
11    stim_on"
1388.310166	0.0010099999999511056	states												"   state_name
id           
12   stim_off"
1388.311176	0.12999100000001818	states												"        state_name
id                
13  wait_for_spoke"
1388.441167	0.0005089999999654538	states												"             state_name
id                     
15  soff_reward_chooser"
1388.441676	0.06399900000019443	states												"         state_name
id                 
16  reward_big_soff"
1388.505675	0.06299399999988964	states												"         state_name
id                 
23  post_reward_off"
1388.568669	10.000498000000107	states												"         state_name
id                 
24  soft_drink_time"
1398.569167	0.0005139999998391431	states												"    state_name
id            
25  warndanger"
1398.569681	3.000486000000137	states												"            state_name
id                    
26  warndanger_warning"
1401.570673	112.89701300000002	trials	1.0	r	2.0	p	1.0	r	0.0	0.0	1.0	r	p	
1401.570673	112.89701300000002	states												"   state_name
id           
0     state_0"
1401.570673	0.016000000000076398	states												"          state_name
id                  
1   sending_trialnum"
1401.586673	96.89649600000007	states												"      state_name
id              
3   wait_for_cin"
1498.483169	1.000001999999995	states												"   state_name
id           
4     context"
1499.483171	0.0010009999998601415	states												"   state_name
id           
6       csgap"
1499.484172	0.7919940000001588	states												"   state_name
id           
11    stim_on"
1500.276166	0.0005049999999755528	states												"            state_name
id                    
14  son_reward_chooser"
1500.276671	0.064000999999962	states												"        state_name
id                
17  reward_big_son"
1500.340672	0.9364940000000388	states												"        state_name
id                
22  post_reward_on"
1501.277166	0.18899999999985084	states												"         state_name
id                 
23  post_reward_off"
1501.466166	10.000500999999986	states												"         state_name
id                 
24  soft_drink_time"
1511.466667	0.0005029999999806023	states												"    state_name
id            
25  warndanger"
1511.46717	3.0005160000000615	states												"            state_name
id                    
26  warndanger_warning"
1514.468166	18.03599999999983	trials	0.0	r	2.0	p	1.0	r	0.0	0.0	0.0	r	p	
1514.468166	18.03599999999983	states												"   state_name
id           
0     state_0"
1514.468166	0.016000999999960186	states												"          state_name
id                  
1   sending_trialnum"
1514.484167	11.784999999999854	states												"      state_name
id              
3   wait_for_cin"
1526.269167	1.0004989999999907	states												"   state_name
id           
4     context"
1527.269666	0.0010040000001936278	states												"   state_name
id           
6       csgap"
1527.27067	0.23250099999995655	states												"   state_name
id           
11    stim_on"
1527.503171	5.000994999999875	states												"     state_name
id             
28  error_state"
1532.504672	27.366493999999875	trials	1.0	r	2.0	p	1.0	r	0.0	0.0	1.0	r	p	
1532.504672	27.366493999999875	states												"   state_name
id           
0     state_0"
1532.504672	0.015998000000081447	states												"          state_name
id                  
1   sending_trialnum"
1532.52067	12.281495999999834	states												"      state_name
id              
3   wait_for_cin"
1544.802166	1.0005100000000766	states												"   state_name
id           
4     context"
1545.802676	0.0014899999998760904	states												"   state_name
id           
6       csgap"
1545.804166	0.007508000000143511	states												"   state_name
id           
11    stim_on"
1545.811674	0.0004939999998896383	states												"            state_name
id                    
14  son_reward_chooser"
1545.812168	0.06399800000008327	states												"        state_name
id                
17  reward_big_son"
1545.876166	0.9365040000000135	states												"        state_name
id                
22  post_reward_on"
1546.81267	0.05700099999990016	states												"         state_name
id                 
23  post_reward_off"
1546.869671	10.000495	states												"         state_name
id                 
24  soft_drink_time"
1556.870166	0.0005100000000766158	states												"    state_name
id            
25  warndanger"
1556.870676	3.0004899999998997	states												"            state_name
id                    
26  warndanger_warning"
1559.871675	29.41949099999988	trials	0.0	r	2.0	p	1.0	r	0.0	0.0	0.0	r	p	
1559.871675	29.41949099999988	states												"   state_name
id           
0     state_0"
1559.871675	0.016000999999960186	states												"          state_name
id                  
1   sending_trialnum"
1559.887676	20.806996000000026	states												"      state_name
id              
3   wait_for_cin"
1580.694672	1.0004939999998896	states												"   state_name
id           
4     context"
1581.695166	0.0015040000000681175	states												"   state_name
id           
6       csgap"
1581.69667	1.0000119999999697	states												"   state_name
id           
11    stim_on"
1582.696682	0.001483999999891239	states												"   state_name
id           
12   stim_off"
1582.698166	1.5920000000000982	states												"        state_name
id                
13  wait_for_spoke"
1584.290166	5.000999999999976	states												"     state_name
id             
28  error_state"
1589.291675	20.578001000000086	trials	1.0	r	2.0	p	1.0	r	0.0	0.0	1.0	r	p	
1589.291675	20.578001000000086	states												"   state_name
id           
0     state_0"
1589.291675	0.016002000000071348	states												"          state_name
id                  
1   sending_trialnum"
1589.307677	5.3560019999999895	states												"      state_name
id              
3   wait_for_cin"
1594.663679	1.000487000000021	states												"   state_name
id           
4     context"
1595.664166	0.0010030000000824657	states												"   state_name
id           
6       csgap"
1595.665169	0.7585069999997813	states												"   state_name
id           
11    stim_on"
1596.423676	0.0004910000000108994	states												"            state_name
id                    
14  son_reward_chooser"
1596.424167	0.06399900000019443	states												"        state_name
id                
17  reward_big_son"
1596.488166	0.9365060000000085	states												"        state_name
id                
22  post_reward_on"
1597.424672	0.40999699999997574	states												"         state_name
id                 
23  post_reward_off"
1597.834669	9.03400099999999	states												"         state_name
id                 
24  soft_drink_time"
1606.86867	0.0005019999998694402	states												"    state_name
id            
25  warndanger"
1606.869172	3.0005040000000918	states												"            state_name
id                    
26  warndanger_warning"
1609.870166	14.762002000000166	trials	1.0	r	2.0	p	1.0	r	0.0	0.0	1.0	r	p	
1609.870166	14.762002000000166	states												"   state_name
id           
0     state_0"
1609.870166	0.016000000000076398	states												"          state_name
id                  
1   sending_trialnum"
1609.886166	1.6420000000000528	states												"      state_name
id              
3   wait_for_cin"
1611.528166	1.0	states												"   state_name
id           
4     context"
1612.528166	0.0010019999999713036	states												"   state_name
id           
6       csgap"
1612.529168	0.07299799999987044	states												"   state_name
id           
11    stim_on"
1612.602166	0.0005070000001978769	states												"            state_name
id                    
14  son_reward_chooser"
1612.602673	0.064000999999962	states												"        state_name
id                
17  reward_big_son"
1612.666674	0.9364949999999226	states												"        state_name
id                
22  post_reward_on"
1613.603169	0.45149800000012874	states												"         state_name
id                 
23  post_reward_off"
1614.054667	7.5770189999998365	states												"         state_name
id                 
24  soft_drink_time"
1621.631686	0.00048000000015235855	states												"    state_name
id            
25  warndanger"
1621.632166	3.000001999999995	states												"            state_name
id                    
26  warndanger_warning"
1624.632669	9.277006000000029	trials	0.0	r	2.0	p	1.0	r	0.0	0.0	0.0	r	p	
1624.632669	9.277006000000029	states												"   state_name
id           
0     state_0"
1624.632669	0.016006999999945037	states												"          state_name
id                  
1   sending_trialnum"
1624.648676	3.245490000000018	states												"      state_name
id              
3   wait_for_cin"
1627.894166	1.0005029999999806	states												"   state_name
id           
4     context"
1628.894669	0.0010039999999662541	states												"   state_name
id           
6       csgap"
1628.895673	0.012997000000041226	states												"   state_name
id           
11    stim_on"
1628.90867	5.001005000000077	states												"     state_name
id             
28  error_state"
1633.910166	16.26150800000005	trials	0.0	r	2.0	p	1.0	r	0.0	0.0	0.0	r	p	
1633.910166	16.26150800000005	states												"   state_name
id           
0     state_0"
1633.910166	0.016000000000076398	states												"          state_name
id                  
1   sending_trialnum"
1633.926166	3.291013000000021	states												"      state_name
id              
3   wait_for_cin"
1637.217179	1.0005100000000766	states												"   state_name
id           
4     context"
1638.217689	0.001485000000002401	states												"   state_name
id           
6       csgap"
1638.219174	1.0005019999998694	states												"   state_name
id           
11    stim_on"
1639.219676	0.0010019999999713036	states												"   state_name
id           
12   stim_off"
1639.220678	5.949989000000187	states												"        state_name
id                
13  wait_for_spoke"
1645.170667	5.001006999999845	states												"     state_name
id             
28  error_state"
1650.172166	16.380506999999852	trials	1.0	r	2.0	p	1.0	r	0.0	0.0	1.0	r	p	
1650.172166	16.380506999999852	states												"   state_name
id           
0     state_0"
1650.172166	0.015999999999849024	states												"          state_name
id                  
1   sending_trialnum"
1650.188166	7.694511000000148	states												"      state_name
id              
3   wait_for_cin"
1657.882677	1.000489000000016	states												"   state_name
id           
4     context"
1658.883166	0.0015099999998255953	states												"   state_name
id           
6       csgap"
1658.884676	1.0004969999999958	states												"   state_name
id           
11    stim_on"
1659.885173	0.001498000000083266	states												"   state_name
id           
12   stim_off"
1659.886671	0.7894960000000992	states												"        state_name
id                
13  wait_for_spoke"
1660.676167	0.0005009999999856518	states												"             state_name
id                     
15  soff_reward_chooser"
1660.676668	0.06399899999996705	states												"         state_name
id                 
16  reward_big_soff"
1660.740667	0.14500599999996666	states												"         state_name
id                 
23  post_reward_off"
1660.885673	2.666003000000046	states												"         state_name
id                 
24  soft_drink_time"
1663.551676	0.0004910000000108994	states												"    state_name
id            
25  warndanger"
1663.552167	3.0005059999998593	states												"            state_name
id                    
26  warndanger_warning"
1666.553166	16.509506999999985	trials	0.0	r	2.0	p	1.0	r	0.0	0.0	0.0	r	p	
1666.553166	16.509506999999985	states												"   state_name
id           
0     state_0"
1666.553166	0.016000000000076398	states												"          state_name
id                  
1   sending_trialnum"
1666.569166	7.974510000000009	states												"      state_name
id              
3   wait_for_cin"
1674.543676	1.000001999999995	states												"   state_name
id           
4     context"
1675.543678	0.0014900000001034641	states												"   state_name
id           
6       csgap"
1675.545168	1.0000069999998686	states												"   state_name
id           
11    stim_on"
1676.545175	0.0015129999999317079	states												"   state_name
id           
12   stim_off"
1676.546688	1.5149780000001556	states												"        state_name
id                
13  wait_for_spoke"
1678.061666	5.001006999999845	states												"     state_name
id             
28  error_state"
1683.063166	9.643508999999995	trials	0.0	r	2.0	p	1.0	r	0.0	0.0	0.0	r	p	
1683.063166	9.643508999999995	states												"   state_name
id           
0     state_0"
1683.063166	0.016000000000076398	states												"          state_name
id                  
1   sending_trialnum"
1683.079166	3.5465090000000146	states												"      state_name
id              
3   wait_for_cin"
1686.625675	1.0000010000001112	states												"   state_name
id           
4     context"
1687.625676	0.0015109999999367574	states												"   state_name
id           
6       csgap"
1687.627187	0.07849899999996524	states												"   state_name
id           
11    stim_on"
1687.705686	5.00098899999989	states												"     state_name
id             
28  error_state"
1692.707173	15.767495999999937	trials	0.0	r	2.0	p	1.0	r	0.0	0.0	0.0	r	p	
1692.707173	15.767495999999937	states												"   state_name
id           
0     state_0"
1692.707173	0.015994999999975335	states												"          state_name
id                  
1   sending_trialnum"
1692.723168	8.17550499999993	states												"      state_name
id              
3   wait_for_cin"
1700.898673	1.0000010000001112	states												"   state_name
id           
4     context"
1701.898674	0.0009999999999763531	states												"   state_name
id           
6       csgap"
1701.899674	1.0000030000001061	states												"   state_name
id           
11    stim_on"
1702.899677	0.0014899999998760904	states												"   state_name
id           
12   stim_off"
1702.901167	0.572505000000092	states												"        state_name
id                
13  wait_for_spoke"
1703.473672	5.00099699999987	states												"     state_name
id             
28  error_state"
1708.47517	6.460507000000007	trials	0.0	r	2.0	p	1.0	r	0.0	0.0	0.0	r	p	
1708.47517	6.460507000000007	states												"   state_name
id           
0     state_0"
1708.47517	0.015998999999965235	states												"          state_name
id                  
1   sending_trialnum"
1708.491169	0.0005080000000816653	states												"      state_name
id              
3   wait_for_cin"
1708.491677	1.000489000000016	states												"   state_name
id           
4     context"
1709.492166	0.0015080000000580185	states												"   state_name
id           
6       csgap"
1709.493674	0.4410120000000006	states												"   state_name
id           
11    stim_on"
1709.934686	5.000990999999885	states												"     state_name
id             
28  error_state"
1714.936166	6.279999999999973	trials	0.0	r	2.0	p	1.0	r	0.0	0.0	0.0	r	p	
1714.936166	6.279999999999973	states												"   state_name
id           
0     state_0"
1714.936166	0.016000000000076398	states												"          state_name
id                  
1   sending_trialnum"
1714.952166	0.07600000000002183	states												"      state_name
id              
3   wait_for_cin"
1715.028166	1.0	states												"   state_name
id           
4     context"
1716.028166	0.0010009999998601415	states												"   state_name
id           
6       csgap"
1716.029167	0.18600100000003295	states												"   state_name
id           
11    stim_on"
1716.215168	5.000997999999981	states												"     state_name
id             
28  error_state"
1721.216677	30.20199300000013	trials	1.0	r	2.0	p	1.0	r	0.0	0.0	1.0	r	p	
1721.216677	30.20199300000013	states												"   state_name
id           
0     state_0"
1721.216677	0.015998000000081447	states												"          state_name
id                  
1   sending_trialnum"
1721.232675	14.733007999999927	states												"      state_name
id              
3   wait_for_cin"
1735.965683	1.000483000000031	states												"   state_name
id           
4     context"
1736.966166	0.0009999999999763531	states												"   state_name
id           
6       csgap"
1736.967166	0.07000700000003235	states												"   state_name
id           
11    stim_on"
1737.037173	0.0005149999999503052	states												"            state_name
id                    
14  son_reward_chooser"
1737.037688	0.06398900000021968	states												"        state_name
id                
17  reward_big_son"
1737.101677	0.9364889999999377	states												"        state_name
id                
22  post_reward_on"
1738.038166	0.3795039999999972	states												"         state_name
id                 
23  post_reward_off"
1738.41767	10.000495999999885	states												"         state_name
id                 
24  soft_drink_time"
1748.418166	0.0005009999999856518	states												"    state_name
id            
25  warndanger"
1748.418667	3.000003000000106	states												"            state_name
id                    
26  warndanger_warning"
1751.419175	20.317498999999998	trials	0.0	r	2.0	p	1.0	r	0.0	0.0	0.0	r	p	
1751.419175	20.317498999999998	states												"   state_name
id           
0     state_0"
1751.419175	0.015996999999970285	states												"          state_name
id                  
1   sending_trialnum"
1751.435172	14.188994999999977	states												"      state_name
id              
3   wait_for_cin"
1765.624167	1.0005000000001019	states												"   state_name
id           
4     context"
1766.624667	0.001006999999844993	states												"   state_name
id           
6       csgap"
1766.625674	0.11000400000011723	states												"   state_name
id           
11    stim_on"
1766.735678	5.0009959999999865	states												"     state_name
id             
28  error_state"
1771.737172	16.265994999999975	trials	1.0	r	2.0	p	1.0	r	0.0	0.0	1.0	r	p	
1771.737172	16.265994999999975	states												"   state_name
id           
0     state_0"
1771.737172	0.015995999999859123	states												"          state_name
id                  
1   sending_trialnum"
1771.753168	0.6944980000000669	states												"      state_name
id              
3   wait_for_cin"
1772.447666	1.0000079999999798	states												"   state_name
id           
4     context"
1773.447674	0.001496999999972104	states												"   state_name
id           
6       csgap"
1773.449171	0.537996000000021	states												"   state_name
id           
11    stim_on"
1773.987167	0.0005060000000867149	states												"            state_name
id                    
14  son_reward_chooser"
1773.987673	0.06399899999996705	states												"        state_name
id                
17  reward_big_son"
1774.051672	0.9364940000000388	states												"        state_name
id                
22  post_reward_on"
1774.988166	0.01351199999999153	states												"         state_name
id                 
23  post_reward_off"
1775.001678	10.000994999999875	states												"         state_name
id                 
24  soft_drink_time"
1785.002673	0.0004930000000058499	states												"    state_name
id            
25  warndanger"
1785.003166	3.000001000000111	states												"            state_name
id                    
26  warndanger_warning"
1788.003667	31.46100300000012	trials	1.0	r	2.0	p	1.0	r	0.0	0.0	1.0	r	p	
1788.003667	31.46100300000012	states												"   state_name
id           
0     state_0"
1788.003667	0.0160040000000663	states												"          state_name
id                  
1   sending_trialnum"
1788.019671	18.41500199999996	states												"      state_name
id              
3   wait_for_cin"
1806.434673	1.000494000000117	states												"   state_name
id           
4     context"
1807.435167	0.0014999999998508429	states												"   state_name
id           
6       csgap"
1807.436667	1.000005000000101	states												"   state_name
id           
11    stim_on"
1808.436672	0.0010009999998601415	states												"   state_name
id           
12   stim_off"
1808.437673	0.4894930000000386	states												"        state_name
id                
13  wait_for_spoke"
1808.927166	0.0005109999999604042	states												"             state_name
id                     
15  soff_reward_chooser"
1808.927677	0.06399000000010346	states												"         state_name
id                 
16  reward_big_soff"
1808.991667	0.007002000000056796	states												"         state_name
id                 
23  post_reward_off"
1808.998669	7.465005000000019	states												"         state_name
id                 
24  soft_drink_time"
1816.463674	0.0004930000000058499	states												"    state_name
id            
25  warndanger"
1816.464167	3.0005029999999806	states												"            state_name
id                    
26  warndanger_warning"
1819.465167	13.598504999999932	trials	0.0	r	2.0	p	1.0	r	0.0	0.0	0.0	r	p	
1819.465167	13.598504999999932	states												"   state_name
id           
0     state_0"
1819.465167	0.015998999999965235	states												"          state_name
id                  
1   sending_trialnum"
1819.481166	5.5470000000000255	states												"      state_name
id              
3   wait_for_cin"
1825.028166	1.0005029999999806	states												"   state_name
id           
4     context"
1826.028669	0.0010059999999612046	states												"   state_name
id           
6       csgap"
1826.029675	1.00000399999999	states												"   state_name
id           
11    stim_on"
1827.029679	0.001492999999982203	states												"   state_name
id           
12   stim_off"
1827.031172	1.0314969999999448	states												"        state_name
id                
13  wait_for_spoke"
1828.062669	5.0010030000000825	states												"     state_name
id             
28  error_state"
1833.064166	25.621507000000065	trials	0.0	r	2.0	p	1.0	r	0.0	0.0	0.0	r	p	
1833.064166	25.621507000000065	states												"   state_name
id           
0     state_0"
1833.064166	0.016000000000076398	states												"          state_name
id                  
1   sending_trialnum"
1833.080166	11.833511000000044	states												"      state_name
id              
3   wait_for_cin"
1844.913677	1.0	states												"   state_name
id           
4     context"
1845.913677	0.0014900000001034641	states												"   state_name
id           
6       csgap"
1845.915167	1.000001999999995	states												"   state_name
id           
11    stim_on"
1846.915169	0.0015029999999569554	states												"   state_name
id           
12   stim_off"
1846.916672	6.768000000000029	states												"        state_name
id                
13  wait_for_spoke"
1853.684672	5.00100099999986	states												"     state_name
id             
28  error_state"
1858.686167	9.05351399999995	trials	1.0	r	2.0	p	1.0	r	0.0	0.0	1.0	r	p	
1858.686167	9.05351399999995	states												"   state_name
id           
0     state_0"
1858.686167	0.015999999999849024	states												"          state_name
id                  
1   sending_trialnum"
1858.702167	1.8795110000000932	states												"      state_name
id              
3   wait_for_cin"
1860.581678	1.000011000000086	states												"   state_name
id           
4     context"
1861.581689	0.0014769999997952254	states												"   state_name
id           
6       csgap"
1861.583166	0.1550000000002001	states												"   state_name
id           
11    stim_on"
1861.738166	0.0005069999999705033	states												"            state_name
id                    
14  son_reward_chooser"
1861.738673	0.06399999999985084	states												"        state_name
id                
17  reward_big_son"
1861.802673	0.936493000000155	states												"        state_name
id                
22  post_reward_on"
1862.739166	2.0	states												"         state_name
id                 
23  post_reward_off"
1864.739166	0.0005099999998492422	states												"    state_name
id            
25  warndanger"
1864.739676	3.000005000000101	states												"            state_name
id                    
26  warndanger_warning"
1867.740166	12.919007999999849	trials	0.0	r	2.0	p	1.0	r	0.0	0.0	0.0	r	p	
1867.740166	12.919007999999849	states												"   state_name
id           
0     state_0"
1867.740166	0.015999999999849024	states												"          state_name
id                  
1   sending_trialnum"
1867.756166	6.83400000000006	states												"      state_name
id              
3   wait_for_cin"
1874.590166	1.0000010000001112	states												"   state_name
id           
4     context"
1875.590167	0.0015039999998407438	states												"   state_name
id           
6       csgap"
1875.591671	0.06649500000003172	states												"   state_name
id           
11    stim_on"
1875.658166	5.001007999999956	states												"     state_name
id             
28  error_state"
1880.659678	6.366489000000001	trials	0.0	r	2.0	p	1.0	r	0.0	0.0	0.0	r	p	
1880.659678	6.366489000000001	states												"   state_name
id           
0     state_0"
1880.659678	0.016000999999960186	states												"          state_name
id                  
1   sending_trialnum"
1880.675679	0.14899300000001858	states												"      state_name
id              
3   wait_for_cin"
1880.824672	1.0005029999999806	states												"   state_name
id           
4     context"
1881.825175	0.001498000000083266	states												"   state_name
id           
6       csgap"
1881.826673	0.1985019999999622	states												"   state_name
id           
11    stim_on"
1882.025175	5.0009919999999966	states												"     state_name
id             
28  error_state"
1887.026674	17.70300300000008	trials	1.0	r	2.0	p	1.0	r	0.0	0.0	1.0	r	p	
1887.026674	17.70300300000008	states												"   state_name
id           
0     state_0"
1887.026674	0.015996999999970285	states												"          state_name
id                  
1   sending_trialnum"
1887.042671	1.7150020000001405	states												"      state_name
id              
3   wait_for_cin"
1888.757673	1.0000009999998838	states												"   state_name
id           
4     context"
1889.757674	0.001494000000093365	states												"   state_name
id           
6       csgap"
1889.759168	0.5229979999999159	states												"   state_name
id           
11    stim_on"
1890.282166	0.0005109999999604042	states												"            state_name
id                    
14  son_reward_chooser"
1890.282677	0.06399600000008832	states												"        state_name
id                
17  reward_big_son"
1890.346673	0.9364940000000388	states												"        state_name
id                
22  post_reward_on"
1891.283167	0.44452400000000125	states												"         state_name
id                 
23  post_reward_off"
1891.727691	10.000978000000032	states												"         state_name
id                 
24  soft_drink_time"
1901.728669	0.0004969999999957508	states												"    state_name
id            
25  warndanger"
1901.729166	3.0005109999999604	states												"            state_name
id                    
26  warndanger_warning"
1904.730166	12.558510999999953	trials	0.0	r	2.0	p	1.0	r	0.0	0.0	0.0	r	p	
1904.730166	12.558510999999953	states												"   state_name
id           
0     state_0"
1904.730166	0.015999999999849024	states												"          state_name
id                  
1   sending_trialnum"
1904.746166	6.254507000000103	states												"      state_name
id              
3   wait_for_cin"
1911.000673	1.000007000000096	states												"   state_name
id           
4     context"
1912.00068	0.0014859999998861895	states												"   state_name
id           
6       csgap"
1912.002166	0.285521000000017	states												"   state_name
id           
11    stim_on"
1912.287687	5.000990000000002	states												"     state_name
id             
28  error_state"
1917.289173	15.85250300000007	trials	0.0	r	2.0	p	1.0	r	0.0	0.0	0.0	r	p	
1917.289173	15.85250300000007	states												"   state_name
id           
0     state_0"
1917.289173	0.015998000000081447	states												"          state_name
id                  
1   sending_trialnum"
1917.305171	9.708507000000054	states												"      state_name
id              
3   wait_for_cin"
1927.013678	1.0000049999998737	states												"   state_name
id           
4     context"
1928.013683	0.0014880000001085136	states												"   state_name
id           
6       csgap"
1928.015171	0.12550099999998565	states												"   state_name
id           
11    stim_on"
1928.140672	5.001003999999966	states												"     state_name
id             
28  error_state"
1933.142166	11.033510999999862	trials	0.0	r	2.0	p	1.0	r	0.0	0.0	0.0	r	p	
1933.142166	11.033510999999862	states												"   state_name
id           
0     state_0"
1933.142166	0.015999999999849024	states												"          state_name
id                  
1   sending_trialnum"
1933.158166	3.2360000000001037	states												"      state_name
id              
3   wait_for_cin"
1936.394166	1.0005149999999503	states												"   state_name
id           
4     context"
1937.394681	0.001485000000002401	states												"   state_name
id           
6       csgap"
1937.396166	1.0005060000000867	states												"   state_name
id           
11    stim_on"
1938.396672	0.0010089999998399435	states												"   state_name
id           
12   stim_off"
1938.397681	0.7769940000000588	states												"        state_name
id                
13  wait_for_spoke"
1939.174675	5.001001999999971	states												"     state_name
id             
28  error_state"
1944.176166	6.126510000000053	trials	0.0	r	2.0	p	1.0	r	0.0	0.0	0.0	r	p	
1944.176166	6.126510000000053	states												"   state_name
id           
0     state_0"
1944.176166	0.016000000000076398	states												"          state_name
id                  
1   sending_trialnum"
1944.192166	0.011516999999912514	states												"      state_name
id              
3   wait_for_cin"
1944.203683	1.000483000000031	states												"   state_name
id           
4     context"
1945.204166	0.0015120000000479195	states												"   state_name
id           
6       csgap"
1945.205678	0.09600000000000364	states												"   state_name
id           
11    stim_on"
1945.301678	5.000997999999981	states												"     state_name
id             
28  error_state"
1950.303167	10.977513999999928	trials	1.0	r	2.0	p	1.0	r	0.0	0.0	1.0	r	p	
1950.303167	10.977513999999928	states												"   state_name
id           
0     state_0"
1950.303167	0.015998999999965235	states												"          state_name
id                  
1   sending_trialnum"
1950.319166	3.9480100000000675	states												"      state_name
id              
3   wait_for_cin"
1954.267176	1.0004999999998745	states												"   state_name
id           
4     context"
1955.267676	0.001502000000073167	states												"   state_name
id           
6       csgap"
1955.269178	0.00998899999990499	states												"   state_name
id           
11    stim_on"
1955.279167	0.0005150000001776789	states												"            state_name
id                    
14  son_reward_chooser"
1955.279682	0.06399799999985589	states												"        state_name
id                
17  reward_big_son"
1955.34368	0.936486000000059	states												"        state_name
id                
22  post_reward_on"
1956.280166	2.0	states												"         state_name
id                 
23  post_reward_off"
1958.280166	0.0005000000001018634	states												"    state_name
id            
25  warndanger"
1958.280666	3.0000149999998484	states												"            state_name
id                    
26  warndanger_warning"
1961.281167	15.943514999999934	trials	0.0	r	2.0	p	1.0	r	0.0	0.0	0.0	r	p	
1961.281167	15.943514999999934	states												"   state_name
id           
0     state_0"
1961.281167	0.015999999999849024	states												"          state_name
id                  
1   sending_trialnum"
1961.297167	9.727010000000064	states												"      state_name
id              
3   wait_for_cin"
1971.024177	1.0004930000000058	states												"   state_name
id           
4     context"
1972.02467	0.001007999999956155	states												"   state_name
id           
6       csgap"
1972.025678	0.1980029999999715	states												"   state_name
id           
11    stim_on"
1972.223681	5.0010010000000875	states												"     state_name
id             
28  error_state"
1977.225171	15.334004999999934	trials	0.0	r	2.0	p	1.0	r	0.0	0.0	0.0	r	p	
1977.225171	15.334004999999934	states												"   state_name
id           
0     state_0"
1977.225171	0.015994999999975335	states												"          state_name
id                  
1   sending_trialnum"
1977.241166	9.05950800000005	states												"      state_name
id              
3   wait_for_cin"
1986.300674	1.000001999999995	states												"   state_name
id           
4     context"
1987.300676	0.0010019999999713036	states												"   state_name
id           
6       csgap"
1987.301678	0.2564879999999903	states												"   state_name
id           
11    stim_on"
1987.558166	5.001009999999951	states												"     state_name
id             
28  error_state"
1992.559677	20.153997000000118	trials	1.0	r	2.0	p	1.0	r	0.0	0.0	1.0	r	p	
1992.559677	20.153997000000118	states												"   state_name
id           
0     state_0"
1992.559677	0.015998999999965235	states												"          state_name
id                  
1   sending_trialnum"
1992.575676	9.70599100000004	states												"      state_name
id              
3   wait_for_cin"
2002.281667	1.000005000000101	states												"   state_name
id           
4     context"
2003.281672	0.001002999999855092	states												"   state_name
id           
6       csgap"
2003.282675	0.16000000000008185	states												"   state_name
id           
11    stim_on"
2003.442675	0.0004930000000058499	states												"            state_name
id                    
14  son_reward_chooser"
2003.443168	0.06400400000006812	states												"        state_name
id                
17  reward_big_son"
2003.507172	0.9365020000000186	states												"        state_name
id                
22  post_reward_on"
2004.443674	0.03499199999987468	states												"         state_name
id                 
23  post_reward_off"
2004.478666	5.2340019999999186	states												"         state_name
id                 
24  soft_drink_time"
2009.712668	0.0005010000002130255	states												"    state_name
id            
25  warndanger"
2009.713169	3.0005049999999756	states												"            state_name
id                    
26  warndanger_warning"
2012.714166	6.682000000000016	trials	0.0	r	2.0	p	1.0	r	0.0	0.0	0.0	r	p	
2012.714166	6.682000000000016	states												"   state_name
id           
0     state_0"
2012.714166	0.016000000000076398	states												"          state_name
id                  
1   sending_trialnum"
2012.730166	0.0005029999999806023	states												"      state_name
id              
3   wait_for_cin"
2012.730669	1.0000129999998535	states												"   state_name
id           
4     context"
2013.730682	0.0014840000001186127	states												"   state_name
id           
6       csgap"
2013.732166	0.6630070000001069	states												"   state_name
id           
11    stim_on"
2014.395173	5.00099299999988	states												"     state_name
id             
28  error_state"
2019.396676	9.597994999999855	trials	1.0	r	2.0	p	1.0	r	0.0	0.0	1.0	r	p	
2019.396676	9.597994999999855	states												"   state_name
id           
0     state_0"
2019.396676	0.015995999999859123	states												"          state_name
id                  
1   sending_trialnum"
2019.412672	1.1990030000001752	states												"      state_name
id              
3   wait_for_cin"
2020.611675	1.0004919999998947	states												"   state_name
id           
4     context"
2021.612167	0.0010010000000875152	states												"   state_name
id           
6       csgap"
2021.613168	1.0000069999998686	states												"   state_name
id           
11    stim_on"
2022.613175	0.0015080000000580185	states												"   state_name
id           
12   stim_off"
2022.614683	1.3139879999998811	states												"        state_name
id                
13  wait_for_spoke"
2023.928671	0.000503000000207976	states												"             state_name
id                     
15  soff_reward_chooser"
2023.929174	0.06399399999986599	states												"         state_name
id                 
16  reward_big_soff"
2023.993168	2.0005080000000817	states												"         state_name
id                 
23  post_reward_off"
2025.993676	0.0004899999998997373	states												"    state_name
id            
25  warndanger"
2025.994166	3.0005049999999756	states												"            state_name
id                    
26  warndanger_warning"
2028.995167	26.752998999999818	trials	1.0	r	2.0	p	1.0	r	0.0	0.0	1.0	r	p	
2028.995167	26.752998999999818	states												"   state_name
id           
0     state_0"
2028.995167	0.015998999999965235	states												"          state_name
id                  
1   sending_trialnum"
2029.011166	13.421501000000035	states												"      state_name
id              
3   wait_for_cin"
2042.432667	1.0000029999998787	states												"   state_name
id           
4     context"
2043.43267	0.0010090000000673172	states												"   state_name
id           
6       csgap"
2043.433679	1.0	states												"   state_name
id           
11    stim_on"
2044.433679	0.001496999999972104	states												"   state_name
id           
12   stim_off"
2044.435176	6.247495000000072	states												"        state_name
id                
13  wait_for_spoke"
2050.682671	0.0004989999997633277	states												"             state_name
id                     
15  soff_reward_chooser"
2050.68317	0.06399800000008327	states												"         state_name
id                 
16  reward_big_soff"
2050.747168	2.000507000000198	states												"         state_name
id                 
23  post_reward_off"
2052.747675	0.0004909999997835257	states												"    state_name
id            
25  warndanger"
2052.748166	3.0	states												"            state_name
id                    
26  warndanger_warning"
2055.748675	77.77700100000038	trials	0.0	r	2.0	p	1.0	r	0.0	0.0	0.0	r	p	
2055.748675	77.77700100000038	states												"   state_name
id           
0     state_0"
2055.748675	0.01599400000031892	states												"          state_name
id                  
1   sending_trialnum"
2055.764669	71.63600300000007	states												"      state_name
id              
3   wait_for_cin"
2127.400672	1.0004949999997734	states												"   state_name
id           
4     context"
2128.401167	0.0015119999998205458	states												"   state_name
id           
6       csgap"
2128.402679	0.12199200000031851	states												"   state_name
id           
11    stim_on"
2128.524671	5.001005000000077	states												"     state_name
id             
28  error_state"
2133.526166	18.66900200000009	trials	1.0	r	2.0	p	1.0	r	0.0	0.0	1.0	r	p	
2133.526166	18.66900200000009	states												"   state_name
id           
0     state_0"
2133.526166	0.016000999999960186	states												"          state_name
id                  
1   sending_trialnum"
2133.542167	8.531507000000147	states												"      state_name
id              
3   wait_for_cin"
2142.073674	1.0004919999996673	states												"   state_name
id           
4     context"
2143.074166	0.0015109999999367574	states												"   state_name
id           
6       csgap"
2143.075677	0.5144890000001396	states												"   state_name
id           
11    stim_on"
2143.590166	0.0005089999999654538	states												"            state_name
id                    
14  son_reward_chooser"
2143.590675	0.06399599999986094	states												"        state_name
id                
17  reward_big_son"
2143.654671	0.9364960000002611	states												"        state_name
id                
22  post_reward_on"
2144.591167	0.09850000000005821	states												"         state_name
id                 
23  post_reward_off"
2144.689667	4.5050029999997605	states												"         state_name
id                 
24  soft_drink_time"
2149.19467	0.0004960000001119624	states												"    state_name
id            
25  warndanger"
2149.195166	3.0000020000002223	states												"            state_name
id                    
26  warndanger_warning"
2152.195685	20.948989999999867	trials	1.0	r	2.0	p	1.0	r	0.0	0.0	1.0	r	p	
2152.195685	20.948989999999867	states												"   state_name
id           
0     state_0"
2152.195685	0.015987999999651947	states												"          state_name
id                  
1   sending_trialnum"
2152.211673	11.976004000000103	states												"      state_name
id              
3   wait_for_cin"
2164.187677	1.0000079999999798	states												"   state_name
id           
4     context"
2165.187685	0.0014860000001135631	states												"   state_name
id           
6       csgap"
2165.189171	0.49299500000006446	states												"   state_name
id           
11    stim_on"
2165.682166	0.0005099999998492422	states												"            state_name
id                    
14  son_reward_chooser"
2165.682676	0.06400100000018938	states												"        state_name
id                
17  reward_big_son"
2165.746677	0.9364940000000388	states												"        state_name
id                
22  post_reward_on"
2166.683171	0.03349600000001374	states												"         state_name
id                 
23  post_reward_off"
2166.716667	3.427006999999776	states												"         state_name
id                 
24  soft_drink_time"
2170.143674	0.0004930000000058499	states												"    state_name
id            
25  warndanger"
2170.144167	3.0005080000000817	states												"            state_name
id                    
26  warndanger_warning"
2173.145166	8.13750600000003	trials	0.0	r	2.0	p	1.0	r	0.0	0.0	0.0	r	p	
2173.145166	8.13750600000003	states												"   state_name
id           
0     state_0"
2173.145166	0.016000000000076398	states												"          state_name
id                  
1   sending_trialnum"
2173.161166	0.0005080000000816653	states												"      state_name
id              
3   wait_for_cin"
2173.161674	1.000011000000086	states												"   state_name
id           
4     context"
2174.161685	0.0014869999999973516	states												"   state_name
id           
6       csgap"
2174.163172	1.0005049999999756	states												"   state_name
id           
11    stim_on"
2175.163677	0.0014909999999872525	states												"   state_name
id           
12   stim_off"
2175.165168	1.1165059999998448	states												"        state_name
id                
13  wait_for_spoke"
2176.281674	5.000997999999981	states												"     state_name
id             
28  error_state"
2181.283166	10.622507999999925	trials	1.0	r	2.0	p	1.0	r	0.0	0.0	1.0	r	p	
2181.283166	10.622507999999925	states												"   state_name
id           
0     state_0"
2181.283166	0.01599999999962165	states												"          state_name
id                  
1   sending_trialnum"
2181.299166	0.0005110000001877779	states												"      state_name
id              
3   wait_for_cin"
2181.299677	1.0004899999998997	states												"   state_name
id           
4     context"
2182.300167	0.001510000000052969	states												"   state_name
id           
6       csgap"
2182.301677	1.000489000000016	states												"   state_name
id           
11    stim_on"
2183.302166	0.001002999999855092	states												"   state_name
id           
12   stim_off"
2183.303169	0.4589970000001813	states												"        state_name
id                
13  wait_for_spoke"
2183.762166	0.0005049999999755528	states												"             state_name
id                     
15  soff_reward_chooser"
2183.762671	0.06400799999983064	states												"         state_name
id                 
16  reward_big_soff"
2183.826679	0.9994870000000446	states												"         state_name
id                 
23  post_reward_off"
2184.826166	4.078507000000172	states												"         state_name
id                 
24  soft_drink_time"
2188.904673	0.0005049999999755528	states												"    state_name
id            
25  warndanger"
2188.905178	3.000496000000112	states												"            state_name
id                    
26  warndanger_warning"
2191.906166	20.55100399999992	trials	1.0	r	2.0	p	1.0	r	0.0	0.0	1.0	r	p	
2191.906166	20.55100399999992	states												"   state_name
id           
0     state_0"
2191.906166	0.01599999999962165	states												"          state_name
id                  
1   sending_trialnum"
2191.922166	9.19900000000007	states												"      state_name
id              
3   wait_for_cin"
2201.121166	1.0005120000000716	states												"   state_name
id           
4     context"
2202.121678	0.001498000000083266	states												"   state_name
id           
6       csgap"
2202.123176	0.48149400000011155	states												"   state_name
id           
11    stim_on"
2202.60467	0.0004979999998795392	states												"            state_name
id                    
14  son_reward_chooser"
2202.605168	0.06399800000008327	states												"        state_name
id                
17  reward_big_son"
2202.669166	0.936518999999862	states												"        state_name
id                
22  post_reward_on"
2203.605685	0.11048100000016348	states												"         state_name
id                 
23  post_reward_off"
2203.716166	5.74050299999999	states												"         state_name
id                 
24  soft_drink_time"
2209.456669	0.0004969999999957508	states												"    state_name
id            
25  warndanger"
2209.457166	3.00000399999999	states												"            state_name
id                    
26  warndanger_warning"
2212.457675	10.636993999999959	trials	1.0	r	2.0	p	1.0	r	0.0	0.0	1.0	r	p	
2212.457675	10.636993999999959	states												"   state_name
id           
0     state_0"
2212.457675	0.015998999999737862	states												"          state_name
id                  
1   sending_trialnum"
2212.473674	0.02499600000010105	states												"      state_name
id              
3   wait_for_cin"
2212.49867	1.0005000000001019	states												"   state_name
id           
4     context"
2213.49917	0.0014989999999670545	states												"   state_name
id           
6       csgap"
2213.500669	0.03149699999994482	states												"   state_name
id           
11    stim_on"
2213.532166	0.0005160000000614673	states												"            state_name
id                    
14  son_reward_chooser"
2213.532682	0.06399099999998725	states												"        state_name
id                
17  reward_big_son"
2213.596673	0.9364959999998064	states												"        state_name
id                
22  post_reward_on"
2214.533169	0.07250800000019808	states												"         state_name
id                 
23  post_reward_off"
2214.605677	5.4880050000001575	states												"         state_name
id                 
24  soft_drink_time"
2220.093682	0.00048399999968751217	states												"    state_name
id            
25  warndanger"
2220.094166	3.000503000000208	states												"            state_name
id                    
26  warndanger_warning"
2223.095168	34.048999000000094	trials	1.0	r	2.0	p	1.0	r	0.0	0.0	1.0	r	p	
2223.095168	34.048999000000094	states												"   state_name
id           
0     state_0"
2223.095168	0.01599900000019261	states												"          state_name
id                  
1   sending_trialnum"
2223.111167	20.34899899999982	states												"      state_name
id              
3   wait_for_cin"
2243.460166	1.0005049999999756	states												"   state_name
id           
4     context"
2244.460671	0.001010000000405853	states												"   state_name
id           
6       csgap"
2244.461681	0.11099399999966408	states												"   state_name
id           
11    stim_on"
2244.572675	0.000499000000218075	states												"            state_name
id                    
14  son_reward_chooser"
2244.573174	0.06399899999996705	states												"        state_name
id                
17  reward_big_son"
2244.637173	0.9365029999999024	states												"        state_name
id                
22  post_reward_on"
2245.573676	0.21748999999999796	states												"         state_name
id                 
23  post_reward_off"
2245.791166	8.352511999999933	states												"         state_name
id                 
24  soft_drink_time"
2254.143678	0.0004880000001321605	states												"    state_name
id            
25  warndanger"
2254.144166	3.000000999999884	states												"            state_name
id                    
26  warndanger_warning"
2257.144667	17.894999999999982	trials	1.0	r	2.0	p	1.0	r	0.0	0.0	1.0	r	p	
2257.144667	17.894999999999982	states												"   state_name
id           
0     state_0"
2257.144667	0.016000999999960186	states												"          state_name
id                  
1   sending_trialnum"
2257.160668	7.054501000000073	states												"      state_name
id              
3   wait_for_cin"
2264.215169	1.0005029999997532	states												"   state_name
id           
4     context"
2265.215672	0.0010040000001936278	states												"   state_name
id           
6       csgap"
2265.216676	0.9464899999998124	states												"   state_name
id           
11    stim_on"
2266.163166	0.0005080000000816653	states												"            state_name
id                    
14  son_reward_chooser"
2266.163674	0.053492000000005646	states												"        state_name
id                
17  reward_big_son"
2266.217166	0.010506999999961408	states												"            state_name
id                    
18  reward_big_soffwon"
2266.227673	1.2894930000002205	states												"         state_name
id                 
23  post_reward_off"
2267.517166	4.521510999999919	states												"         state_name
id                 
24  soft_drink_time"
2272.038677	0.0004939999998896383	states												"    state_name
id            
25  warndanger"
2272.039171	3.000496000000112	states												"            state_name
id                    
26  warndanger_warning"
2275.040166	20.088000999999622	trials	1.0	r	2.0	p	1.0	r	0.0	0.0	1.0	r	p	
2275.040166	20.088000999999622	states												"   state_name
id           
0     state_0"
2275.040166	0.01599999999962165	states												"          state_name
id                  
1   sending_trialnum"
2275.056166	9.249001000000135	states												"      state_name
id              
3   wait_for_cin"
2284.305167	1.0000049999998737	states												"   state_name
id           
4     context"
2285.305172	0.0015040000002954912	states												"   state_name
id           
6       csgap"
2285.306676	0.11700100000007296	states												"   state_name
id           
11    stim_on"
2285.423677	0.0004889999995612015	states												"            state_name
id                    
14  son_reward_chooser"
2285.424166	0.06400000000030559	states												"        state_name
id                
17  reward_big_son"
2285.488166	0.9365060000000085	states												"        state_name
id                
22  post_reward_on"
2286.424672	0.1050030000001243	states												"         state_name
id                 
23  post_reward_off"
2286.529675	5.597490999999991	states												"         state_name
id                 
24  soft_drink_time"
2292.127166	0.0005109999997330306	states												"    state_name
id            
25  warndanger"
2292.127677	3.0004899999998997	states												"            state_name
id                    
26  warndanger_warning"
2295.128669	8.322501999999986	trials	1.0	r	2.0	p	1.0	r	0.0	0.0	1.0	r	p	
2295.128669	8.322501999999986	states												"   state_name
id           
0     state_0"
2295.128669	0.016002999999727763	states												"          state_name
id                  
1   sending_trialnum"
2295.144672	1.2664950000003046	states												"      state_name
id              
3   wait_for_cin"
2296.411167	1.0000009999998838	states												"   state_name
id           
4     context"
2297.411168	0.0015069999999468564	states												"   state_name
id           
6       csgap"
2297.412675	0.03649700000005396	states												"   state_name
id           
11    stim_on"
2297.449172	0.0005029999997532286	states												"            state_name
id                    
14  son_reward_chooser"
2297.449675	0.06399700000019948	states												"        state_name
id                
17  reward_big_son"
2297.513672	0.9364940000000388	states												"        state_name
id                
22  post_reward_on"
2298.450166	2.0005080000000817	states												"         state_name
id                 
23  post_reward_off"
2300.450674	0.0004919999996673141	states												"    state_name
id            
25  warndanger"
2300.451166	3.0000050000003284	states												"            state_name
id                    
26  warndanger_warning"
2303.451667	6.686009000000013	trials	0.0	r	2.0	p	1.0	r	0.0	0.0	0.0	r	p	
2303.451667	6.686009000000013	states												"   state_name
id           
0     state_0"
2303.451667	0.01600300000018251	states												"          state_name
id                  
1   sending_trialnum"
2303.46767	0.0004960000001119624	states												"      state_name
id              
3   wait_for_cin"
2303.468166	1.0000009999998838	states												"   state_name
id           
4     context"
2304.468167	0.0015090000001691806	states												"   state_name
id           
6       csgap"
2304.469676	0.6669959999999264	states												"   state_name
id           
11    stim_on"
2305.136672	5.001003999999739	states												"     state_name
id             
28  error_state"
2310.138166	10.432000999999673	trials	0.0	r	2.0	p	1.0	r	0.0	0.0	0.0	r	p	
2310.138166	10.432000999999673	states												"   state_name
id           
0     state_0"
2310.138166	0.01599999999962165	states												"          state_name
id                  
1   sending_trialnum"
2310.154166	4.371512000000166	states												"      state_name
id              
3   wait_for_cin"
2314.525678	1.0004880000001322	states												"   state_name
id           
4     context"
2315.526166	0.0010050000000774162	states												"   state_name
id           
6       csgap"
2315.527171	0.04200300000002244	states												"   state_name
id           
11    stim_on"
2315.569174	5.000992999999653	states												"     state_name
id             
28  error_state"
2320.570675	12.355997000000116	trials	1.0	r	2.0	p	1.0	r	0.0	0.0	1.0	r	p	
2320.570675	12.355997000000116	states												"   state_name
id           
0     state_0"
2320.570675	0.015997999999854073	states												"          state_name
id                  
1   sending_trialnum"
2320.586673	0.6044990000000325	states												"      state_name
id              
3   wait_for_cin"
2321.191172	1.00000399999999	states												"   state_name
id           
4     context"
2322.191176	0.001498000000083266	states												"   state_name
id           
6       csgap"
2322.192674	1.0	states												"   state_name
id           
11    stim_on"
2323.192674	0.0010019999999713036	states												"   state_name
id           
12   stim_off"
2323.193676	0.3860010000003058	states												"        state_name
id                
13  wait_for_spoke"
2323.579677	0.0004899999998997373	states												"             state_name
id                     
15  soff_reward_chooser"
2323.580167	0.06399899999996705	states												"         state_name
id                 
16  reward_big_soff"
2323.644166	0.6965079999999944	states												"         state_name
id                 
23  post_reward_off"
2324.340674	5.585493000000042	states												"         state_name
id                 
24  soft_drink_time"
2329.926167	0.0005040000000917644	states												"    state_name
id            
25  warndanger"
2329.926671	3.000000999999884	states												"            state_name
id                    
26  warndanger_warning"
2332.927168	12.31400399999984	trials	1.0	r	2.0	p	1.0	r	0.0	0.0	1.0	r	p	
2332.927168	12.31400399999984	states												"   state_name
id           
0     state_0"
2332.927168	0.01599999999962165	states												"          state_name
id                  
1   sending_trialnum"
2332.943168	0.7129980000004252	states												"      state_name
id              
3   wait_for_cin"
2333.656166	1.0000009999998838	states												"   state_name
id           
4     context"
2334.656167	0.0010010000000875152	states												"   state_name
id           
6       csgap"
2334.657168	0.10499899999967965	states												"   state_name
id           
11    stim_on"
2334.762167	0.0005020000003241876	states												"            state_name
id                    
14  son_reward_chooser"
2334.762669	0.06399999999985084	states												"        state_name
id                
17  reward_big_son"
2334.826669	0.9365029999999024	states												"        state_name
id                
22  post_reward_on"
2335.763172	1.4009940000000825	states												"         state_name
id                 
23  post_reward_off"
2337.164166	5.076502999999775	states												"         state_name
id                 
24  soft_drink_time"
2342.240669	0.000499000000218075	states												"    state_name
id            
25  warndanger"
2342.241168	3.00000399999999	states												"            state_name
id                    
26  warndanger_warning"
2345.241684	10.64948400000003	trials	0.0	r	2.0	p	1.0	r	0.0	0.0	0.0	r	p	
2345.241684	10.64948400000003	states												"   state_name
id           
0     state_0"
2345.241684	0.015988999999990483	states												"          state_name
id                  
1   sending_trialnum"
2345.257673	4.531492999999955	states												"      state_name
id              
3   wait_for_cin"
2349.789166	1.0	states												"   state_name
id           
4     context"
2350.789166	0.0015050000001792796	states												"   state_name
id           
6       csgap"
2350.790671	0.0994949999999335	states												"   state_name
id           
11    stim_on"
2350.890166	5.001001999999971	states												"     state_name
id             
28  error_state"
2355.891677	42.63599699999986	trials	1.0	r	2.0	p	1.0	r	0.0	0.0	1.0	r	p	
2355.891677	42.63599699999986	states												"   state_name
id           
0     state_0"
2355.891677	0.015997999999854073	states												"          state_name
id                  
1   sending_trialnum"
2355.907675	27.420000999999957	states												"      state_name
id              
3   wait_for_cin"
2383.327676	1.0004899999998997	states												"   state_name
id           
4     context"
2384.328166	0.0010000000002037268	states												"   state_name
id           
6       csgap"
2384.329166	0.1580030000000079	states												"   state_name
id           
11    stim_on"
2384.487169	0.0005049999999755528	states												"            state_name
id                    
14  son_reward_chooser"
2384.487674	0.06399899999996705	states												"        state_name
id                
17  reward_big_son"
2384.551673	0.936493000000155	states												"        state_name
id                
22  post_reward_on"
2385.488166	0.037520999999742344	states												"         state_name
id                 
23  post_reward_off"
2385.525687	10.000984000000244	states												"         state_name
id                 
24  soft_drink_time"
2395.526671	0.0004979999998795392	states												"    state_name
id            
25  warndanger"
2395.527169	3.0005049999999756	states												"            state_name
id                    
26  warndanger_warning"
2398.528166	7.169507000000067	trials	0.0	r	2.0	p	1.0	r	0.0	0.0	0.0	r	p	
2398.528166	7.169507000000067	states												"   state_name
id           
0     state_0"
2398.528166	0.016000000000076398	states												"          state_name
id                  
1   sending_trialnum"
2398.544166	0.8370009999998729	states												"      state_name
id              
3   wait_for_cin"
2399.381167	1.0005129999999554	states												"   state_name
id           
4     context"
2400.38168	0.0014900000001034641	states												"   state_name
id           
6       csgap"
2400.38317	0.3135039999997389	states												"   state_name
id           
11    stim_on"
2400.696674	5.00099900000032	states												"     state_name
id             
28  error_state"
2405.698166	22.86900199999991	trials	1.0	r	2.0	p	1.0	r	0.0	0.0	1.0	r	p	
2405.698166	22.86900199999991	states												"   state_name
id           
0     state_0"
2405.698166	0.016000000000076398	states												"          state_name
id                  
1   sending_trialnum"
2405.714166	12.693515999999818	states												"      state_name
id              
3   wait_for_cin"
2418.407682	1.0004840000001423	states												"   state_name
id           
4     context"
2419.408166	0.0010019999999713036	states												"   state_name
id           
6       csgap"
2419.409168	0.1469979999997122	states												"   state_name
id           
11    stim_on"
2419.556166	0.0005080000000816653	states												"            state_name
id                    
14  son_reward_chooser"
2419.556674	0.06399800000008327	states												"        state_name
id                
17  reward_big_son"
2419.620672	0.9364949999999226	states												"        state_name
id                
22  post_reward_on"
2420.557167	0.004506000000219501	states												"         state_name
id                 
23  post_reward_off"
2420.561673	5.004994999999781	states												"         state_name
id                 
24  soft_drink_time"
2425.566668	0.000499000000218075	states												"    state_name
id            
25  warndanger"
2425.567167	3.000000999999884	states												"            state_name
id                    
26  warndanger_warning"
2428.567676	20.464993999999933	trials	1.0	r	2.0	p	1.0	r	0.0	0.0	1.0	r	p	
2428.567676	20.464993999999933	states												"   state_name
id           
0     state_0"
2428.567676	0.016000000000076398	states												"          state_name
id                  
1   sending_trialnum"
2428.583676	9.80248999999958	states												"      state_name
id              
3   wait_for_cin"
2438.386166	1.0005070000001979	states												"   state_name
id           
4     context"
2439.386673	0.0010010000000875152	states												"   state_name
id           
6       csgap"
2439.387674	1.0000009999998838	states												"   state_name
id           
11    stim_on"
2440.387675	0.001494000000093365	states												"   state_name
id           
12   stim_off"
2440.389169	0.18199700000013763	states												"        state_name
id                
13  wait_for_spoke"
2440.571166	0.0005089999999654538	states												"             state_name
id                     
15  soff_reward_chooser"
2440.571675	0.06399999999985084	states												"         state_name
id                 
16  reward_big_soff"
2440.635675	1.0075000000001637	states												"         state_name
id                 
23  post_reward_off"
2441.643175	4.388498999999683	states												"         state_name
id                 
24  soft_drink_time"
2446.031674	0.0004920000001220615	states												"    state_name
id            
25  warndanger"
2446.032166	3.0005040000000918	states												"            state_name
id                    
26  warndanger_warning"
2449.033166	10.774509999999736	trials	1.0	r	2.0	p	1.0	r	0.0	0.0	1.0	r	p	
2449.033166	10.774509999999736	states												"   state_name
id           
0     state_0"
2449.033166	0.01599999999962165	states												"          state_name
id                  
1   sending_trialnum"
2449.049166	1.7555050000000847	states												"      state_name
id              
3   wait_for_cin"
2450.804671	1.0000090000003183	states												"   state_name
id           
4     context"
2451.80468	0.0014859999996588158	states												"   state_name
id           
6       csgap"
2451.806166	0.07100400000035734	states												"   state_name
id           
11    stim_on"
2451.87717	0.0005069999997431296	states												"            state_name
id                    
14  son_reward_chooser"
2451.877677	0.06399999999985084	states												"        state_name
id                
17  reward_big_son"
2451.941677	0.9364890000001651	states												"        state_name
id                
22  post_reward_on"
2452.878166	0.0985049999999319	states												"         state_name
id                 
23  post_reward_off"
2452.976671	3.8300010000002658	states												"         state_name
id                 
24  soft_drink_time"
2456.806672	0.0004979999998795392	states												"    state_name
id            
25  warndanger"
2456.80717	3.0005059999998593	states												"            state_name
id                    
26  warndanger_warning"
2459.808166	20.85050900000033	trials	1.0	r	2.0	p	1.0	r	0.0	0.0	1.0	r	p	
2459.808166	20.85050900000033	states												"   state_name
id           
0     state_0"
2459.808166	0.016000000000076398	states												"          state_name
id                  
1   sending_trialnum"
2459.824166	5.139521000000059	states												"      state_name
id              
3   wait_for_cin"
2464.963687	1.0004790000002686	states												"   state_name
id           
4     context"
2465.964166	0.0009999999997489795	states												"   state_name
id           
6       csgap"
2465.965166	0.37350599999990663	states												"   state_name
id           
11    stim_on"
2466.338672	0.0004940000003443856	states												"            state_name
id                    
14  son_reward_chooser"
2466.339166	0.06400099999973463	states												"        state_name
id                
17  reward_big_son"
2466.403167	0.9365120000002207	states												"        state_name
id                
22  post_reward_on"
2467.339679	0.5014879999998811	states												"         state_name
id                 
23  post_reward_off"
2467.841167	9.816999000000123	states												"         state_name
id                 
24  soft_drink_time"
2477.658166	0.0005049999999755528	states												"    state_name
id            
25  warndanger"
2477.658671	3.00000399999999	states												"            state_name
id                    
26  warndanger_warning"
2480.659175	12.213495000000421	trials	1.0	r	2.0	p	1.0	r	0.0	0.0	1.0	r	p	
2480.659175	12.213495000000421	states												"   state_name
id           
0     state_0"
2480.659175	0.015991000000212807	states												"          state_name
id                  
1   sending_trialnum"
2480.675166	1.700510000000122	states												"      state_name
id              
3   wait_for_cin"
2482.375676	1.0000139999997373	states												"   state_name
id           
4     context"
2483.37569	0.0014770000002499728	states												"   state_name
id           
6       csgap"
2483.377167	1.0000009999998838	states												"   state_name
id           
11    stim_on"
2484.377168	0.0015039999998407438	states												"   state_name
id           
12   stim_off"
2484.378672	0.8350050000003648	states												"        state_name
id                
13  wait_for_spoke"
2485.213677	0.0004890000000159489	states												"             state_name
id                     
15  soff_reward_chooser"
2485.214166	0.06400099999973463	states												"         state_name
id                 
16  reward_big_soff"
2485.278167	0.6639989999998761	states												"         state_name
id                 
23  post_reward_off"
2485.942166	3.9295210000000225	states												"         state_name
id                 
24  soft_drink_time"
2489.871687	0.00047900000026857015	states												"    state_name
id            
25  warndanger"
2489.872166	3.0005040000000918	states												"            state_name
id                    
26  warndanger_warning"
2492.873169	7.63450499999999	trials	0.0	r	2.0	p	1.0	r	0.0	0.0	0.0	r	p	
2492.873169	7.63450499999999	states												"   state_name
id           
0     state_0"
2492.873169	0.015996999999970285	states												"          state_name
id                  
1   sending_trialnum"
2492.889166	0.8675069999999323	states												"      state_name
id              
3   wait_for_cin"
2493.756673	1.0004980000003343	states												"   state_name
id           
4     context"
2494.757171	0.0015019999996184197	states												"   state_name
id           
6       csgap"
2494.758673	0.7480070000001433	states												"   state_name
id           
11    stim_on"
2495.50668	5.0009939999999915	states												"     state_name
id             
28  error_state"
2500.508166	24.65100799999982	trials	0.0	r	2.0	p	1.0	r	0.0	0.0	0.0	r	p	
2500.508166	24.65100799999982	states												"   state_name
id           
0     state_0"
2500.508166	0.016000000000076398	states												"          state_name
id                  
1   sending_trialnum"
2500.524166	18.48600099999976	states												"      state_name
id              
3   wait_for_cin"
2519.010167	1.0005160000000615	states												"   state_name
id           
4     context"
2520.010683	0.0014830000000074506	states												"   state_name
id           
6       csgap"
2520.012166	0.14600000000018554	states												"   state_name
id           
11    stim_on"
2520.158166	5.001007999999729	states												"     state_name
id             
28  error_state"
2525.159683	22.280991000000085	trials	0.0	r	2.0	p	1.0	r	0.0	0.0	0.0	r	p	
2525.159683	22.280991000000085	states												"   state_name
id           
0     state_0"
2525.159683	0.01599800000030882	states												"          state_name
id                  
1   sending_trialnum"
2525.175681	15.723487999999634	states												"      state_name
id              
3   wait_for_cin"
2540.899169	1.0005040000000918	states												"   state_name
id           
4     context"
2541.899673	0.0010019999999713036	states												"   state_name
id           
6       csgap"
2541.900675	0.5389990000003309	states												"   state_name
id           
11    stim_on"
2542.439674	5.000999999999749	states												"     state_name
id             
28  error_state"
2547.441174	10.527991999999813	trials	1.0	r	2.0	p	1.0	r	0.0	0.0	1.0	r	p	
2547.441174	10.527991999999813	states												"   state_name
id           
0     state_0"
2547.441174	0.01599499999974796	states												"          state_name
id                  
1   sending_trialnum"
2547.457169	0.0005090000004202011	states												"      state_name
id              
3   wait_for_cin"
2547.457678	1.0000009999998838	states												"   state_name
id           
4     context"
2548.457679	0.001495999999860942	states												"   state_name
id           
6       csgap"
2548.459175	1.0005000000001019	states												"   state_name
id           
11    stim_on"
2549.459675	0.0014909999999872525	states												"   state_name
id           
12   stim_off"
2549.461166	0.448519000000033	states												"        state_name
id                
13  wait_for_spoke"
2549.909685	0.00048100000003614696	states												"             state_name
id                     
15  soff_reward_chooser"
2549.910166	0.06399999999985084	states												"         state_name
id                 
16  reward_big_soff"
2549.974166	0.48050300000022617	states												"         state_name
id                 
23  post_reward_off"
2550.454669	4.513998999999785	states												"         state_name
id                 
24  soft_drink_time"
2554.968668	0.0004979999998795392	states												"    state_name
id            
25  warndanger"
2554.969166	3.0	states												"            state_name
id                    
26  warndanger_warning"
2557.969671	20.310010000000148	trials	1.0	r	2.0	p	1.0	r	0.0	0.0	1.0	r	p	
2557.969671	20.310010000000148	states												"   state_name
id           
0     state_0"
2557.969671	0.016000000000076398	states												"          state_name
id                  
1   sending_trialnum"
2557.985671	13.03749599999992	states												"      state_name
id              
3   wait_for_cin"
2571.023167	1.0005070000001979	states												"   state_name
id           
4     context"
2572.023674	0.001498000000083266	states												"   state_name
id           
6       csgap"
2572.025172	0.25250599999981205	states												"   state_name
id           
11    stim_on"
2572.277678	0.0004880000001321605	states												"            state_name
id                    
14  son_reward_chooser"
2572.278166	0.06399999999985084	states												"        state_name
id                
17  reward_big_son"
2572.342166	0.9365060000000085	states												"        state_name
id                
22  post_reward_on"
2573.278672	2.000495000000228	states												"         state_name
id                 
23  post_reward_off"
2575.279167	0.0005080000000816653	states												"    state_name
id            
25  warndanger"
2575.279675	3.0000059999997575	states												"            state_name
id                    
26  warndanger_warning"
2578.280166	14.291506000000027	trials	1.0	r	2.0	p	1.0	r	0.0	0.0	1.0	r	p	
2578.280166	14.291506000000027	states												"   state_name
id           
0     state_0"
2578.280166	0.016000999999960186	states												"          state_name
id                  
1   sending_trialnum"
2578.296167	4.412501000000248	states												"      state_name
id              
3   wait_for_cin"
2582.708668	1.0000019999997676	states												"   state_name
id           
4     context"
2583.70867	0.001006999999844993	states												"   state_name
id           
6       csgap"
2583.709677	0.21048900000005233	states												"   state_name
id           
11    stim_on"
2583.920166	0.0005060000003140885	states												"            state_name
id                    
14  son_reward_chooser"
2583.920672	0.06399999999985084	states												"        state_name
id                
17  reward_big_son"
2583.984672	0.9365029999999024	states												"        state_name
id                
22  post_reward_on"
2584.921175	0.15450800000007803	states												"         state_name
id                 
23  post_reward_off"
2585.075683	4.495484000000033	states												"         state_name
id                 
24  soft_drink_time"
2589.571167	0.0005049999999755528	states												"    state_name
id            
25  warndanger"
2589.571672	3.0	states												"            state_name
id                    
26  warndanger_warning"
2592.572167	13.98951100000022	trials	1.0	r	2.0	p	1.0	r	0.0	0.0	1.0	r	p	
2592.572167	13.98951100000022	states												"   state_name
id           
0     state_0"
2592.572167	0.01599900000019261	states												"          state_name
id                  
1   sending_trialnum"
2592.588166	1.5870079999999689	states												"      state_name
id              
3   wait_for_cin"
2594.175174	1.0005019999998694	states												"   state_name
id           
4     context"
2595.175676	0.0010050000000774162	states												"   state_name
id           
6       csgap"
2595.176681	0.5214850000002116	states												"   state_name
id           
11    stim_on"
2595.698166	0.0005069999997431296	states												"            state_name
id                    
14  son_reward_chooser"
2595.698673	0.06399800000008327	states												"        state_name
id                
17  reward_big_son"
2595.762671	0.9364949999999226	states												"        state_name
id                
22  post_reward_on"
2596.699166	0.06500000000005457	states												"         state_name
id                 
23  post_reward_off"
2596.764166	6.797004000000015	states												"         state_name
id                 
24  soft_drink_time"
2603.56117	0.0005019999998694402	states												"    state_name
id            
25  warndanger"
2603.561672	3.0000060000002122	states												"            state_name
id                    
26  warndanger_warning"
2606.562166	10.696504999999888	trials	1.0	r	2.0	p	1.0	r	0.0	0.0	1.0	r	p	
2606.562166	10.696504999999888	states												"   state_name
id           
0     state_0"
2606.562166	0.01599999999962165	states												"          state_name
id                  
1   sending_trialnum"
2606.578166	3.2640080000001035	states												"      state_name
id              
3   wait_for_cin"
2609.842174	1.0004969999999958	states												"   state_name
id           
4     context"
2610.842671	0.0010040000001936278	states												"   state_name
id           
6       csgap"
2610.843675	1.00000399999999	states												"   state_name
id           
11    stim_on"
2611.843679	0.001491999999871041	states												"   state_name
id           
12   stim_off"
2611.845171	0.34799900000007256	states												"        state_name
id                
13  wait_for_spoke"
2612.19317	0.0005040000000917644	states												"             state_name
id                     
15  soff_reward_chooser"
2612.193674	0.06399899999996705	states												"         state_name
id                 
16  reward_big_soff"
2612.257673	2.0000019999997676	states												"         state_name
id                 
23  post_reward_off"
2614.257675	0.0005070000001978769	states												"    state_name
id            
25  warndanger"
2614.258182	3.000489000000016	states												"            state_name
id                    
26  warndanger_warning"
2617.259166	19.622513000000254	trials	1.0	r	2.0	p	1.0	r	0.0	0.0	1.0	r	p	
2617.259166	19.622513000000254	states												"   state_name
id           
0     state_0"
2617.259166	0.0160040000000663	states												"          state_name
id                  
1   sending_trialnum"
2617.27517	9.22899600000028	states												"      state_name
id              
3   wait_for_cin"
2626.504166	1.0000009999998838	states												"   state_name
id           
4     context"
2627.504167	0.0014999999998508429	states												"   state_name
id           
6       csgap"
2627.505667	0.41800700000021607	states												"   state_name
id           
11    stim_on"
2627.923674	0.0004919999996673141	states												"            state_name
id                    
14  son_reward_chooser"
2627.924166	0.06400100000018938	states												"        state_name
id                
17  reward_big_son"
2627.988167	0.9365050000001247	states												"        state_name
id                
22  post_reward_on"
2628.924672	0.017493999999715015	states												"         state_name
id                 
23  post_reward_off"
2628.942166	4.939001000000189	states												"         state_name
id                 
24  soft_drink_time"
2633.881167	0.0005080000000816653	states												"    state_name
id            
25  warndanger"
2633.881675	3.00000399999999	states												"            state_name
id                    
26  warndanger_warning"
2636.882166	12.148000000000138	trials	1.0	r	2.0	p	1.0	r	0.0	0.0	1.0	r	p	
2636.882166	12.148000000000138	states												"   state_name
id           
0     state_0"
2636.882166	0.016006000000288623	states												"          state_name
id                  
1   sending_trialnum"
2636.898172	2.252994999999828	states												"      state_name
id              
3   wait_for_cin"
2639.151167	1.0005120000000716	states												"   state_name
id           
4     context"
2640.151679	0.001494000000093365	states												"   state_name
id           
6       csgap"
2640.153173	0.6485129999996389	states												"   state_name
id           
11    stim_on"
2640.801686	0.00048100000003614696	states												"            state_name
id                    
14  son_reward_chooser"
2640.802167	0.06400000000030559	states												"        state_name
id                
17  reward_big_son"
2640.866167	0.9365129999996498	states												"        state_name
id                
22  post_reward_on"
2641.80268	0.00248600000031729	states												"         state_name
id                 
23  post_reward_off"
2641.805166	4.2240099999999074	states												"         state_name
id                 
24  soft_drink_time"
2646.029176	0.0005000000001018634	states												"    state_name
id            
25  warndanger"
2646.029676	3.0004899999998997	states												"            state_name
id                    
26  warndanger_warning"
2649.030676	12.91449300000022	trials	1.0	r	2.0	p	1.0	r	0.0	0.0	1.0	r	p	
2649.030676	12.91449300000022	states												"   state_name
id           
0     state_0"
2649.030676	0.016004999999950087	states												"          state_name
id                  
1   sending_trialnum"
2649.046681	3.1379930000002787	states												"      state_name
id              
3   wait_for_cin"
2652.184674	1.0005019999998694	states												"   state_name
id           
4     context"
2653.185176	0.0014930000002095767	states												"   state_name
id           
6       csgap"
2653.186669	0.5740049999999428	states												"   state_name
id           
11    stim_on"
2653.760674	0.0004960000001119624	states												"            state_name
id                    
14  son_reward_chooser"
2653.76117	0.06399699999974473	states												"        state_name
id                
17  reward_big_son"
2653.825167	0.9365130000001045	states												"        state_name
id                
22  post_reward_on"
2654.76168	0.09248600000000806	states												"         state_name
id                 
23  post_reward_off"
2654.854166	4.0900000000001455	states												"         state_name
id                 
24  soft_drink_time"
2658.944166	0.0005219999998189451	states												"    state_name
id            
25  warndanger"
2658.944688	3.000481000000036	states												"            state_name
id                    
26  warndanger_warning"
2661.945682	9.61599299999989	trials	1.0	r	2.0	p	1.0	r	0.0	0.0	1.0	r	p	
2661.945682	9.61599299999989	states												"   state_name
id           
0     state_0"
2661.945682	0.015997999999854073	states												"          state_name
id                  
1   sending_trialnum"
2661.96168	0.9754860000002736	states												"      state_name
id              
3   wait_for_cin"
2662.937166	1.0	states												"   state_name
id           
4     context"
2663.937166	0.0009999999997489795	states												"   state_name
id           
6       csgap"
2663.938166	0.03050600000005943	states												"   state_name
id           
11    stim_on"
2663.968672	0.0004939999998896383	states												"            state_name
id                    
14  son_reward_chooser"
2663.969166	0.06400000000030559	states												"        state_name
id                
17  reward_big_son"
2664.033166	0.9365079999997761	states												"        state_name
id                
22  post_reward_on"
2664.969674	0.07350099999985105	states												"         state_name
id                 
23  post_reward_off"
2665.043175	3.5175010000002658	states												"         state_name
id                 
24  soft_drink_time"
2668.560676	0.0004920000001220615	states												"    state_name
id            
25  warndanger"
2668.561168	3.000506999999743	states												"            state_name
id                    
26  warndanger_warning"
2671.562166	17.685999999999694	trials	1.0	r	2.0	p	1.0	r	0.0	0.0	1.0	r	p	
2671.562166	17.685999999999694	states												"   state_name
id           
0     state_0"
2671.562166	0.01599999999962165	states												"          state_name
id                  
1   sending_trialnum"
2671.578166	6.7905070000001615	states												"      state_name
id              
3   wait_for_cin"
2678.368673	1.000007000000096	states												"   state_name
id           
4     context"
2679.36868	0.0014860000001135631	states												"   state_name
id           
6       csgap"
2679.370166	0.0645049999998264	states												"   state_name
id           
11    stim_on"
2679.434671	0.0004979999998795392	states												"            state_name
id                    
14  son_reward_chooser"
2679.435169	0.06400000000030559	states												"        state_name
id                
17  reward_big_son"
2679.499169	0.9365069999998923	states												"        state_name
id                
22  post_reward_on"
2680.435676	0.09899899999982154	states												"         state_name
id                 
23  post_reward_off"
2680.534675	5.712491000000227	states												"         state_name
id                 
24  soft_drink_time"
2686.247166	0.0005099999998492422	states												"    state_name
id            
25  warndanger"
2686.247676	3.0004899999998997	states												"            state_name
id                    
26  warndanger_warning"
2689.24867	30.865495999999894	trials	1.0	r	2.0	p	1.0	r	0.0	0.0	1.0	r	p	
2689.24867	30.865495999999894	states												"   state_name
id           
0     state_0"
2689.24867	0.016000000000076398	states												"          state_name
id                  
1   sending_trialnum"
2689.26467	19.626004000000194	states												"      state_name
id              
3   wait_for_cin"
2708.890674	1.0004930000000058	states												"   state_name
id           
4     context"
2709.891167	0.0015059999996083206	states												"   state_name
id           
6       csgap"
2709.892673	0.3454930000002605	states												"   state_name
id           
11    stim_on"
2710.238166	0.0005059999998593412	states												"            state_name
id                    
14  son_reward_chooser"
2710.238672	0.06399999999985084	states												"        state_name
id                
17  reward_big_son"
2710.302672	0.9365020000000186	states												"        state_name
id                
22  post_reward_on"
2711.239174	0.037497000000257685	states												"         state_name
id                 
23  post_reward_off"
2711.276671	5.836512999999741	states												"         state_name
id                 
24  soft_drink_time"
2717.113184	0.0004920000001220615	states												"    state_name
id            
25  warndanger"
2717.113676	3.0004899999998997	states												"            state_name
id                    
26  warndanger_warning"
2720.11467	27.034008000000085	trials	1.0	r	2.0	p	1.0	r	0.0	0.0	1.0	r	p	
2720.11467	27.034008000000085	states												"   state_name
id           
0     state_0"
2720.11467	0.016000999999960186	states												"          state_name
id                  
1   sending_trialnum"
2720.130671	13.41800000000012	states												"      state_name
id              
3   wait_for_cin"
2733.548671	1.0000009999998838	states												"   state_name
id           
4     context"
2734.548672	0.0010040000001936278	states												"   state_name
id           
6       csgap"
2734.549676	0.22899599999982456	states												"   state_name
id           
11    stim_on"
2734.778672	0.0005000000001018634	states												"            state_name
id                    
14  son_reward_chooser"
2734.779172	0.06400900000016918	states												"        state_name
id                
17  reward_big_son"
2734.843181	0.9364940000000388	states												"        state_name
id                
22  post_reward_on"
2735.779675	1.6549909999998818	states												"         state_name
id                 
23  post_reward_off"
2737.434666	6.713010999999824	states												"         state_name
id                 
24  soft_drink_time"
2744.147677	0.0004890000000159489	states												"    state_name
id            
25  warndanger"
2744.148166	3.0005120000000716	states												"            state_name
id                    
26  warndanger_warning"
2747.149166	21.632000999999946	trials	1.0	r	2.0	p	1.0	r	0.0	0.0	1.0	r	p	
2747.149166	21.632000999999946	states												"   state_name
id           
0     state_0"
2747.149166	0.0160040000000663	states												"          state_name
id                  
1   sending_trialnum"
2747.16517	12.22249899999997	states												"      state_name
id              
3   wait_for_cin"
2759.387669	1.0000029999996514	states												"   state_name
id           
4     context"
2760.387672	0.001494000000093365	states												"   state_name
id           
6       csgap"
2760.389166	0.013504000000011729	states												"   state_name
id           
11    stim_on"
2760.40267	0.0004979999998795392	states												"            state_name
id                    
14  son_reward_chooser"
2760.403168	0.06400000000030559	states												"        state_name
id                
17  reward_big_son"
2760.467168	0.9365099999999984	states												"        state_name
id                
22  post_reward_on"
2761.403678	0.04999899999984336	states												"         state_name
id                 
23  post_reward_off"
2761.453677	4.326489000000038	states												"         state_name
id                 
24  soft_drink_time"
2765.780166	0.0005059999998593412	states												"    state_name
id            
25  warndanger"
2765.780672	3.000495000000228	states												"            state_name
id                    
26  warndanger_warning"
2768.781673	110.37200100000018	trials	0.0	r	2.0	p	1.0	r	0.0	0.0	0.0	r	p	
2768.781673	110.37200100000018	states												"   state_name
id           
0     state_0"
2768.781673	0.01599900000019261	states												"          state_name
id                  
1   sending_trialnum"
2768.797672	101.30200299999979	states												"      state_name
id              
3   wait_for_cin"
2870.099675	1.0	states												"   state_name
id           
4     context"
2871.099675	0.001506000000063068	states												"   state_name
id           
6       csgap"
2871.101181	1.0004950000002282	states												"   state_name
id           
11    stim_on"
2872.101676	0.0014899999996487168	states												"   state_name
id           
12   stim_off"
2872.103166	2.0495020000003024	states												"        state_name
id                
13  wait_for_spoke"
2874.152668	5.001005999999961	states												"     state_name
id             
28  error_state"
2879.154166	10.384000000000015	trials	1.0	r	2.0	p	1.0	r	0.0	0.0	1.0	r	p	
2879.154166	10.384000000000015	states												"   state_name
id           
0     state_0"
2879.154166	0.016001000000414933	states												"          state_name
id                  
1   sending_trialnum"
2879.170167	2.7215159999996104	states												"      state_name
id              
3   wait_for_cin"
2881.891683	1.0004830000002585	states												"   state_name
id           
4     context"
2882.892166	0.0009999999997489795	states												"   state_name
id           
6       csgap"
2882.893166	0.6425070000000233	states												"   state_name
id           
11    stim_on"
2883.535673	0.0004930000000058499	states												"            state_name
id                    
14  son_reward_chooser"
2883.536166	0.06400000000030559	states												"        state_name
id                
17  reward_big_son"
2883.600166	0.9365199999997458	states												"        state_name
id                
22  post_reward_on"
2884.536686	2.000481000000036	states												"         state_name
id                 
23  post_reward_off"
2886.537167	0.0005080000000816653	states												"    state_name
id            
25  warndanger"
2886.537675	3.0004909999997835	states												"            state_name
id                    
26  warndanger_warning"
2889.538683	50.572995999999875	trials	1.0	r	2.0	p	1.0	r	0.0	0.0	1.0	r	p	
2889.538683	50.572995999999875	states												"   state_name
id           
0     state_0"
2889.538683	0.01598999999987427	states												"          state_name
id                  
1   sending_trialnum"
2889.554673	42.15349900000001	states												"      state_name
id              
3   wait_for_cin"
2931.708172	1.0004979999998795	states												"   state_name
id           
4     context"
2932.70867	0.0010059999999612046	states												"   state_name
id           
6       csgap"
2932.709676	0.09949000000005981	states												"   state_name
id           
11    stim_on"
2932.809166	0.0005080000000816653	states												"            state_name
id                    
14  son_reward_chooser"
2932.809674	0.06400200000007317	states												"        state_name
id                
17  reward_big_son"
2932.873676	0.9364900000000489	states												"        state_name
id                
22  post_reward_on"
2933.810166	0.047000999999909254	states												"         state_name
id                 
23  post_reward_off"
2933.857167	3.2535029999999097	states												"         state_name
id                 
24  soft_drink_time"
2937.11067	0.0004969999999957508	states												"    state_name
id            
25  warndanger"
2937.111167	3.0005120000000716	states												"            state_name
id                    
26  warndanger_warning"
2940.112182	17.873495000000275	trials	1.0	r	2.0	p	1.0	r	0.0	0.0	1.0	r	p	
2940.112182	17.873495000000275	states												"   state_name
id           
0     state_0"
2940.112182	0.015985000000000582	states												"          state_name
id                  
1   sending_trialnum"
2940.128167	7.822998999999982	states												"      state_name
id              
3   wait_for_cin"
2947.951166	1.0	states												"   state_name
id           
4     context"
2948.951166	0.0010000000002037268	states												"   state_name
id           
6       csgap"
2948.952166	1.0005059999998593	states												"   state_name
id           
11    stim_on"
2949.952672	0.0010070000002997403	states												"   state_name
id           
12   stim_off"
2949.953679	0.38999699999976656	states												"        state_name
id                
13  wait_for_spoke"
2950.343676	0.0004910000002382731	states												"             state_name
id                     
15  soff_reward_chooser"
2950.344167	0.06399899999996705	states												"         state_name
id                 
16  reward_big_soff"
2950.408166	0.7615219999997862	states												"         state_name
id                 
23  post_reward_off"
2951.169688	3.8149859999998625	states												"         state_name
id                 
24  soft_drink_time"
2954.984674	0.0005020000003241876	states												"    state_name
id            
25  warndanger"
2954.985176	3.0005009999999857	states												"            state_name
id                    
26  warndanger_warning"
2957.986166	14.456010999999762	trials	1.0	r	2.0	p	1.0	r	0.0	0.0	1.0	r	p	
2957.986166	14.456010999999762	states												"   state_name
id           
0     state_0"
2957.986166	0.016000000000076398	states												"          state_name
id                  
1   sending_trialnum"
2958.002166	4.576503999999659	states												"      state_name
id              
3   wait_for_cin"
2962.57867	1.00000399999999	states												"   state_name
id           
4     context"
2963.578674	0.0010010000000875152	states												"   state_name
id           
6       csgap"
2963.579675	0.8069980000000214	states												"   state_name
id           
11    stim_on"
2964.386673	0.0004939999998896383	states												"            state_name
id                    
14  son_reward_chooser"
2964.387167	0.06399899999996705	states												"        state_name
id                
17  reward_big_son"
2964.451166	0.9365130000001045	states												"        state_name
id                
22  post_reward_on"
2965.387679	0.6704869999998664	states												"         state_name
id                 
23  post_reward_off"
2966.058166	3.3830050000001393	states												"         state_name
id                 
24  soft_drink_time"
2969.441171	0.000503000000207976	states												"    state_name
id            
25  warndanger"
2969.441674	3.0005029999997532	states												"            state_name
id                    
26  warndanger_warning"
2972.44267	29.275496000000203	trials	1.0	r	2.0	p	1.0	r	0.0	0.0	1.0	r	p	
2972.44267	29.275496000000203	states												"   state_name
id           
0     state_0"
2972.44267	0.016000000000076398	states												"          state_name
id                  
1   sending_trialnum"
2972.45867	18.04000300000007	states												"      state_name
id              
3   wait_for_cin"
2990.498673	1.0000089999998636	states												"   state_name
id           
4     context"
2991.498682	0.001483999999891239	states												"   state_name
id           
6       csgap"
2991.500166	0.3320000000003347	states												"   state_name
id           
11    stim_on"
2991.832166	0.000503999999637017	states												"            state_name
id                    
14  son_reward_chooser"
2991.83267	0.0640070000004016	states												"        state_name
id                
17  reward_big_son"
2991.896677	0.9364929999997003	states												"        state_name
id                
22  post_reward_on"
2992.83317	0.11100400000032096	states												"         state_name
id                 
23  post_reward_off"
2992.944174	5.77299499999981	states												"         state_name
id                 
24  soft_drink_time"
2998.717169	0.0005080000000816653	states												"    state_name
id            
25  warndanger"
2998.717677	3.000489000000016	states												"            state_name
id                    
26  warndanger_warning"
3001.718678	12.437995999999657	trials	1.0	r	2.0	p	1.0	r	0.0	0.0	1.0	r	p	
3001.718678	12.437995999999657	states												"   state_name
id           
0     state_0"
3001.718678	0.015991999999641848	states												"          state_name
id                  
1   sending_trialnum"
3001.73467	1.0354959999999664	states												"      state_name
id              
3   wait_for_cin"
3002.770166	1.0	states												"   state_name
id           
4     context"
3003.770166	0.0015080000002853922	states												"   state_name
id           
6       csgap"
3003.771674	0.30099799999970855	states												"   state_name
id           
11    stim_on"
3004.072672	0.000495000000228174	states												"            state_name
id                    
14  son_reward_chooser"
3004.073167	0.06399999999985084	states												"        state_name
id                
17  reward_big_son"
3004.137167	0.9365190000003167	states												"        state_name
id                
22  post_reward_on"
3005.073686	0.11598599999979342	states												"         state_name
id                 
23  post_reward_off"
3005.189672	5.966494000000239	states												"         state_name
id                 
24  soft_drink_time"
3011.156166	0.0005009999999856518	states												"    state_name
id            
25  warndanger"
3011.156667	3.0000069999996413	states												"            state_name
id                    
26  warndanger_warning"
3014.157167	10.966999000000214	trials	1.0	r	2.0	p	1.0	r	0.0	0.0	1.0	r	p	
3014.157167	10.966999000000214	states												"   state_name
id           
0     state_0"
3014.157167	0.016000999999960186	states												"          state_name
id                  
1   sending_trialnum"
3014.173168	0.9895020000003569	states												"      state_name
id              
3   wait_for_cin"
3015.16267	1.0004959999996572	states												"   state_name
id           
4     context"
3016.163166	0.0010010000000875152	states												"   state_name
id           
6       csgap"
3016.164167	0.45951100000002043	states												"   state_name
id           
11    stim_on"
3016.623678	0.0004880000001321605	states												"            state_name
id                    
14  son_reward_chooser"
3016.624166	0.06399999999985084	states												"        state_name
id                
17  reward_big_son"
3016.688166	0.9365060000000085	states												"        state_name
id                
22  post_reward_on"
3017.624672	0.03900599999997212	states												"         state_name
id                 
23  post_reward_off"
3017.663678	4.459487999999965	states												"         state_name
id                 
24  soft_drink_time"
3022.123166	0.0005110000001877779	states												"    state_name
id            
25  warndanger"
3022.123677	3.000489000000016	states												"            state_name
id                    
26  warndanger_warning"
3025.124673	17.677002000000357	trials	1.0	r	2.0	p	1.0	r	0.0	0.0	1.0	r	p	
3025.124673	17.677002000000357	states												"   state_name
id           
0     state_0"
3025.124673	0.016000000000076398	states												"          state_name
id                  
1   sending_trialnum"
3025.140673	5.414000000000215	states												"      state_name
id              
3   wait_for_cin"
3030.554673	1.0004930000000058	states												"   state_name
id           
4     context"
3031.555166	0.0009999999997489795	states												"   state_name
id           
6       csgap"
3031.556166	0.14550899999994726	states												"   state_name
id           
11    stim_on"
3031.701675	0.0004920000001220615	states												"            state_name
id                    
14  son_reward_chooser"
3031.702167	0.06399899999996705	states												"        state_name
id                
17  reward_big_son"
3031.766166	0.9365069999998923	states												"        state_name
id                
22  post_reward_on"
3032.702673	0.03449300000011135	states												"         state_name
id                 
23  post_reward_off"
3032.737166	7.063505000000077	states												"         state_name
id                 
24  soft_drink_time"
3039.800671	0.0005009999999856518	states												"    state_name
id            
25  warndanger"
3039.801172	3.000503000000208	states												"            state_name
id                    
26  warndanger_warning"
3042.802166	21.65600600000016	trials	1.0	r	2.0	p	1.0	r	0.0	0.0	1.0	r	p	
3042.802166	21.65600600000016	states												"   state_name
id           
0     state_0"
3042.802166	0.016000000000076398	states												"          state_name
id                  
1   sending_trialnum"
3042.818166	9.49651700000004	states												"      state_name
id              
3   wait_for_cin"
3052.314683	1.000485000000026	states												"   state_name
id           
4     context"
3053.315168	0.0014999999998508429	states												"   state_name
id           
6       csgap"
3053.316668	0.2264989999998761	states												"   state_name
id           
11    stim_on"
3053.543167	0.0005089999999654538	states												"            state_name
id                    
14  son_reward_chooser"
3053.543676	0.0640030000004117	states												"        state_name
id                
17  reward_big_son"
3053.607679	0.9364869999999428	states												"        state_name
id                
22  post_reward_on"
3054.544166	0.006503999999949883	states												"         state_name
id                 
23  post_reward_off"
3054.55067	6.906997000000047	states												"         state_name
id                 
24  soft_drink_time"
3061.457667	0.0004989999997633277	states												"    state_name
id            
25  warndanger"
3061.458166	3.0000060000002122	states												"            state_name
id                    
26  warndanger_warning"
3064.458674	13.441995000000134	trials	1.0	r	2.0	p	1.0	r	0.0	0.0	1.0	r	p	
3064.458674	13.441995000000134	states												"   state_name
id           
0     state_0"
3064.458674	0.015996999999970285	states												"          state_name
id                  
1   sending_trialnum"
3064.474671	3.40400099999988	states												"      state_name
id              
3   wait_for_cin"
3067.878672	1.0004980000003343	states												"   state_name
id           
4     context"
3068.87917	0.0015029999999569554	states												"   state_name
id           
6       csgap"
3068.880673	0.37650099999973463	states												"   state_name
id           
11    stim_on"
3069.257174	0.0005129999999553547	states												"            state_name
id                    
14  son_reward_chooser"
3069.257687	0.06398900000021968	states												"        state_name
id                
17  reward_big_son"
3069.321676	0.9364900000000489	states												"        state_name
id                
22  post_reward_on"
3070.258166	0.07100099999979648	states												"         state_name
id                 
23  post_reward_off"
3070.329167	4.570999000000029	states												"         state_name
id                 
24  soft_drink_time"
3074.900166	0.0005009999999856518	states												"    state_name
id            
25  warndanger"
3074.900667	3.0000020000002223	states												"            state_name
id                    
26  warndanger_warning"
3077.901167	11.788998999999876	trials	1.0	r	2.0	p	1.0	r	0.0	0.0	1.0	r	p	
3077.901167	11.788998999999876	states												"   state_name
id           
0     state_0"
3077.901167	0.01599900000019261	states												"          state_name
id                  
1   sending_trialnum"
3077.917166	2.022512000000006	states												"      state_name
id              
3   wait_for_cin"
3079.939678	1.0004879999996774	states												"   state_name
id           
4     context"
3080.940166	0.0010010000000875152	states												"   state_name
id           
6       csgap"
3080.941167	0.07550200000014229	states												"   state_name
id           
11    stim_on"
3081.016669	0.0004979999998795392	states												"            state_name
id                    
14  son_reward_chooser"
3081.017167	0.06400200000007317	states												"        state_name
id                
17  reward_big_son"
3081.081169	0.9365109999998822	states												"        state_name
id                
22  post_reward_on"
3082.01768	0.09248600000000806	states												"         state_name
id                 
23  post_reward_off"
3082.110166	4.579001000000062	states												"         state_name
id                 
24  soft_drink_time"
3086.689167	0.0005089999999654538	states												"    state_name
id            
25  warndanger"
3086.689676	3.0004899999998997	states												"            state_name
id                    
26  warndanger_warning"
3089.690681	13.567485999999917	trials	1.0	r	2.0	p	1.0	r	0.0	0.0	1.0	r	p	
3089.690681	13.567485999999917	states												"   state_name
id           
0     state_0"
3089.690681	0.015985000000000582	states												"          state_name
id                  
1   sending_trialnum"
3089.706666	3.4230219999999463	states												"      state_name
id              
3   wait_for_cin"
3093.129688	1.00047799999993	states												"   state_name
id           
4     context"
3094.130166	0.0010059999999612046	states												"   state_name
id           
6       csgap"
3094.131172	0.33850100000017846	states												"   state_name
id           
11    stim_on"
3094.469673	0.0004930000000058499	states												"            state_name
id                    
14  son_reward_chooser"
3094.470166	0.06400099999973463	states												"        state_name
id                
17  reward_big_son"
3094.534167	0.9365060000000085	states												"        state_name
id                
22  post_reward_on"
3095.470673	0.08449300000029325	states												"         state_name
id                 
23  post_reward_off"
3095.555166	4.702007999999751	states												"         state_name
id                 
24  soft_drink_time"
3100.257174	0.0005129999999553547	states												"    state_name
id            
25  warndanger"
3100.257687	3.0004800000001524	states												"            state_name
id                    
26  warndanger_warning"
3103.25867	11.043495999999777	trials	1.0	r	2.0	p	1.0	r	0.0	0.0	1.0	r	p	
3103.25867	11.043495999999777	states												"   state_name
id           
0     state_0"
3103.25867	0.01599999999962165	states												"          state_name
id                  
1   sending_trialnum"
3103.27467	0.11500500000011016	states												"      state_name
id              
3   wait_for_cin"
3103.389675	1.0000009999998838	states												"   state_name
id           
4     context"
3104.389676	0.0014900000001034641	states												"   state_name
id           
6       csgap"
3104.391166	0.06600100000014208	states												"   state_name
id           
11    stim_on"
3104.457167	0.0005059999998593412	states												"            state_name
id                    
14  son_reward_chooser"
3104.457673	0.06400100000018938	states												"        state_name
id                
17  reward_big_son"
3104.521674	0.9364919999998165	states												"        state_name
id                
22  post_reward_on"
3105.458166	0.028999999999996362	states												"         state_name
id                 
23  post_reward_off"
3105.487166	5.814000000000306	states												"         state_name
id                 
24  soft_drink_time"
3111.301166	0.0005099999998492422	states												"    state_name
id            
25  warndanger"
3111.301676	3.0004899999998997	states												"            state_name
id                    
26  warndanger_warning"
3114.302667	14.022002000000157	trials	1.0	r	2.0	p	1.0	r	0.0	0.0	1.0	r	p	
3114.302667	14.022002000000157	states												"   state_name
id           
0     state_0"
3114.302667	0.016000000000076398	states												"          state_name
id                  
1   sending_trialnum"
3114.318667	1.4234989999999925	states												"      state_name
id              
3   wait_for_cin"
3115.742166	1.0005099999998492	states												"   state_name
id           
4     context"
3116.742676	0.0010019999999713036	states												"   state_name
id           
6       csgap"
3116.743678	0.09499600000026476	states												"   state_name
id           
11    stim_on"
3116.838674	0.0004930000000058499	states												"            state_name
id                    
14  son_reward_chooser"
3116.839167	0.06400299999995696	states												"        state_name
id                
17  reward_big_son"
3116.90317	0.9365029999999024	states												"        state_name
id                
22  post_reward_on"
3117.839673	0.04500000000007276	states												"         state_name
id                 
23  post_reward_off"
3117.884673	7.439002999999957	states												"         state_name
id                 
24  soft_drink_time"
3125.323676	0.0004899999998997373	states												"    state_name
id            
25  warndanger"
3125.324166	3.000503000000208	states												"            state_name
id                    
26  warndanger_warning"
3128.325167	16.295505999999932	trials	1.0	r	2.0	p	1.0	r	0.0	0.0	1.0	r	p	
3128.325167	16.295505999999932	states												"   state_name
id           
0     state_0"
3128.325167	0.01599900000019261	states												"          state_name
id                  
1   sending_trialnum"
3128.341166	0.8665059999998448	states												"      state_name
id              
3   wait_for_cin"
3129.207672	1.0000030000001061	states												"   state_name
id           
4     context"
3130.207675	0.0014909999999872525	states												"   state_name
id           
6       csgap"
3130.209166	0.4045099999998456	states												"   state_name
id           
11    stim_on"
3130.613676	0.0004899999998997373	states												"            state_name
id                    
14  son_reward_chooser"
3130.614166	0.06400600000006307	states												"        state_name
id                
17  reward_big_son"
3130.678172	0.9365040000002409	states												"        state_name
id                
22  post_reward_on"
3131.614676	0.004494999999678839	states												"         state_name
id                 
23  post_reward_off"
3131.619171	10.00099500000033	states												"         state_name
id                 
24  soft_drink_time"
3141.620166	0.0005059999998593412	states												"    state_name
id            
25  warndanger"
3141.620672	3.000000999999884	states												"            state_name
id                    
26  warndanger_warning"
3144.621166	14.971000999999887	trials	1.0	r	2.0	p	1.0	r	0.0	0.0	1.0	r	p	
3144.621166	14.971000999999887	states												"   state_name
id           
0     state_0"
3144.621166	0.016000000000076398	states												"          state_name
id                  
1   sending_trialnum"
3144.637166	7.626999999999953	states												"      state_name
id              
3   wait_for_cin"
3152.264166	1.0	states												"   state_name
id           
4     context"
3153.264166	0.0015109999999367574	states												"   state_name
id           
6       csgap"
3153.265677	0.07400200000029145	states												"   state_name
id           
11    stim_on"
3153.339679	0.00048699999979362474	states												"            state_name
id                    
14  son_reward_chooser"
3153.340166	0.06399999999985084	states												"        state_name
id                
17  reward_big_son"
3153.404166	0.9365030000003571	states												"        state_name
id                
22  post_reward_on"
3154.340669	0.0805089999998927	states												"         state_name
id                 
23  post_reward_off"
3154.421178	2.170498999999836	states												"         state_name
id                 
24  soft_drink_time"
3156.591677	0.0004890000000159489	states												"    state_name
id            
25  warndanger"
3156.592166	3.000000999999884	states												"            state_name
id                    
26  warndanger_warning"
3159.592676	25.0099909999999	trials	1.0	r	2.0	p	1.0	r	0.0	0.0	1.0	r	p	
3159.592676	25.0099909999999	states												"   state_name
id           
0     state_0"
3159.592676	0.016001999999843974	states												"          state_name
id                  
1   sending_trialnum"
3159.608678	15.565001999999822	states												"      state_name
id              
3   wait_for_cin"
3175.17368	1.0000100000002021	states												"   state_name
id           
4     context"
3176.17369	0.001475999999911437	states												"   state_name
id           
6       csgap"
3176.175166	0.3600010000000111	states												"   state_name
id           
11    stim_on"
3176.535167	0.0005089999999654538	states												"            state_name
id                    
14  son_reward_chooser"
3176.535676	0.06399999999985084	states												"        state_name
id                
17  reward_big_son"
3176.599676	0.9364900000000489	states												"        state_name
id                
22  post_reward_on"
3177.536166	0.05450599999994665	states												"         state_name
id                 
23  post_reward_off"
3177.590672	4.01100200000019	states												"         state_name
id                 
24  soft_drink_time"
3181.601674	0.0004920000001220615	states												"    state_name
id            
25  warndanger"
3181.602166	3.0005009999999857	states												"            state_name
id                    
26  warndanger_warning"
3184.603166	28.866520000000037	trials	1.0	r	2.0	p	1.0	r	0.0	0.0	1.0	r	p	
3184.603166	28.866520000000037	states												"   state_name
id           
0     state_0"
3184.603166	0.016000999999960186	states												"          state_name
id                  
1   sending_trialnum"
3184.619167	21.119513000000097	states												"      state_name
id              
3   wait_for_cin"
3205.73868	1.0004859999999098	states												"   state_name
id           
4     context"
3206.739166	0.0010000000002037268	states												"   state_name
id           
6       csgap"
3206.740166	0.11599999999998545	states												"   state_name
id           
11    stim_on"
3206.856166	0.0005089999999654538	states												"            state_name
id                    
14  son_reward_chooser"
3206.856675	0.06399199999987104	states												"        state_name
id                
17  reward_big_son"
3206.920667	0.9365080000002308	states												"        state_name
id                
22  post_reward_on"
3207.857175	0.0765120000000934	states												"         state_name
id                 
23  post_reward_off"
3207.933687	2.5349919999998747	states												"         state_name
id                 
24  soft_drink_time"
3210.468679	0.0004920000001220615	states												"    state_name
id            
25  warndanger"
3210.469171	3.000514999999723	states												"            state_name
id                    
26  warndanger_warning"
3213.470166	158.41200100000015	trials	1.0	r	2.0	p	1.0	r	0.0	0.0	1.0	r	p	
3213.470166	158.41200100000015	states												"   state_name
id           
0     state_0"
3213.470166	0.016000000000076398	states												"          state_name
id                  
1   sending_trialnum"
3213.486166	147.22450600000002	states												"      state_name
id              
3   wait_for_cin"
3360.710672	1.0004959999996572	states												"   state_name
id           
4     context"
3361.711168	0.0014989999999670545	states												"   state_name
id           
6       csgap"
3361.712667	0.6245010000002367	states												"   state_name
id           
11    stim_on"
3362.337168	0.0005049999999755528	states												"            state_name
id                    
14  son_reward_chooser"
3362.337673	0.06399999999985084	states												"        state_name
id                
17  reward_big_son"
3362.401673	0.936493000000155	states												"        state_name
id                
22  post_reward_on"
3363.338166	0.012503999999808002	states												"         state_name
id                 
23  post_reward_off"
3363.35067	5.5309980000001815	states												"         state_name
id                 
24  soft_drink_time"
3368.881668	0.0004979999998795392	states												"    state_name
id            
25  warndanger"
3368.882166	3.0000010000003385	states												"            state_name
id                    
26  warndanger_warning"
3371.882682	24.143485000000055	trials	1.0	r	2.0	p	1.0	r	0.0	0.0	1.0	r	p	
3371.882682	24.143485000000055	states												"   state_name
id           
0     state_0"
3371.882682	0.01598999999987427	states												"          state_name
id                  
1   sending_trialnum"
3371.898672	15.120494000000235	states												"      state_name
id              
3   wait_for_cin"
3387.019166	1.0000019999997676	states												"   state_name
id           
4     context"
3388.019168	0.0015040000002954912	states												"   state_name
id           
6       csgap"
3388.020672	0.2744990000001053	states												"   state_name
id           
11    stim_on"
3388.295171	0.0005019999998694402	states												"            state_name
id                    
14  son_reward_chooser"
3388.295673	0.06400099999973463	states												"        state_name
id                
17  reward_big_son"
3388.359674	0.9364920000002712	states												"        state_name
id                
22  post_reward_on"
3389.296166	0.0025160000000141736	states												"         state_name
id                 
23  post_reward_off"
3389.298682	3.727002999999968	states												"         state_name
id                 
24  soft_drink_time"
3393.025685	0.00048100000003614696	states												"    state_name
id            
25  warndanger"
3393.026166	3.000000999999884	states												"            state_name
id                    
26  warndanger_warning"
3396.026668	39.796002000000044	trials	1.0	r	2.0	p	1.0	r	0.0	0.0	1.0	r	p	
3396.026668	39.796002000000044	states												"   state_name
id           
0     state_0"
3396.026668	0.016000000000076398	states												"          state_name
id                  
1   sending_trialnum"
3396.042668	26.8440099999998	states												"      state_name
id              
3   wait_for_cin"
3422.886678	1.0004880000001322	states												"   state_name
id           
4     context"
3423.887166	0.0010000000002037268	states												"   state_name
id           
6       csgap"
3423.888166	0.2539999999999054	states												"   state_name
id           
11    stim_on"
3424.142166	0.0005080000000816653	states												"            state_name
id                    
14  son_reward_chooser"
3424.142674	0.06399899999996705	states												"        state_name
id                
17  reward_big_son"
3424.206673	0.9364940000000388	states												"        state_name
id                
22  post_reward_on"
3425.143167	0.11999900000000707	states												"         state_name
id                 
23  post_reward_off"
3425.263166	7.558517999999822	states												"         state_name
id                 
24  soft_drink_time"
3432.821684	0.00048199999991993536	states												"    state_name
id            
25  warndanger"
3432.822166	3.0005040000000918	states												"            state_name
id                    
26  warndanger_warning"
3435.823169	13.004006000000118	trials	1.0	r	2.0	p	1.0	r	0.0	0.0	1.0	r	p	
3435.823169	13.004006000000118	states												"   state_name
id           
0     state_0"
3435.823169	0.015997000000425032	states												"          state_name
id                  
1   sending_trialnum"
3435.839166	2.7120089999998527	states												"      state_name
id              
3   wait_for_cin"
3438.551175	1.0005019999998694	states												"   state_name
id           
4     context"
3439.551677	0.0014900000001034641	states												"   state_name
id           
6       csgap"
3439.553167	0.11399900000014895	states												"   state_name
id           
11    stim_on"
3439.667166	0.0005099999998492422	states												"            state_name
id                    
14  son_reward_chooser"
3439.667676	0.06400100000018938	states												"        state_name
id                
17  reward_big_son"
3439.731677	0.9364889999997104	states												"        state_name
id                
22  post_reward_on"
3440.668166	0.0775100000000748	states												"         state_name
id                 
23  post_reward_off"
3440.745676	5.080489999999827	states												"         state_name
id                 
24  soft_drink_time"
3445.826166	0.0005129999999553547	states												"    state_name
id            
25  warndanger"
3445.826679	3.000496000000112	states												"            state_name
id                    
26  warndanger_warning"
3448.827676	18.722011000000293	trials	1.0	r	2.0	p	1.0	r	0.0	0.0	1.0	r	p	
3448.827676	18.722011000000293	states												"   state_name
id           
0     state_0"
3448.827676	0.016000999999960186	states												"          state_name
id                  
1   sending_trialnum"
3448.843677	9.470996000000014	states												"      state_name
id              
3   wait_for_cin"
3458.314673	1.0004930000000058	states												"   state_name
id           
4     context"
3459.315166	0.001506000000063068	states												"   state_name
id           
6       csgap"
3459.316672	0.3330070000001797	states												"   state_name
id           
11    stim_on"
3459.649679	0.00048699999979362474	states												"            state_name
id                    
14  son_reward_chooser"
3459.650166	0.06400000000030559	states												"        state_name
id                
17  reward_big_son"
3459.714166	0.9365079999997761	states												"        state_name
id                
22  post_reward_on"
3460.650674	0.1410000000000764	states												"         state_name
id                 
23  post_reward_off"
3460.791674	3.757491999999729	states												"         state_name
id                 
24  soft_drink_time"
3464.549166	0.0005110000001877779	states												"    state_name
id            
25  warndanger"
3464.549677	3.000010000000202	states												"            state_name
id                    
26  warndanger_warning"
3467.550166	15.114004999999906	trials	1.0	r	2.0	p	1.0	r	0.0	0.0	1.0	r	p	
3467.550166	15.114004999999906	states												"   state_name
id           
0     state_0"
3467.550166	0.016000000000076398	states												"          state_name
id                  
1   sending_trialnum"
3467.566166	4.966507000000092	states												"      state_name
id              
3   wait_for_cin"
3472.532673	1.0000059999997575	states												"   state_name
id           
4     context"
3473.532679	0.0014869999999973516	states												"   state_name
id           
6       csgap"
3473.534166	0.068000000000211	states												"   state_name
id           
11    stim_on"
3473.602166	0.0005089999999654538	states												"            state_name
id                    
14  son_reward_chooser"
3473.602675	0.06399899999996705	states												"        state_name
id                
17  reward_big_son"
3473.666674	0.9364949999999226	states												"        state_name
id                
22  post_reward_on"
3474.603169	0.054509000000052765	states												"         state_name
id                 
23  post_reward_off"
3474.657678	5.005489000000125	states												"         state_name
id                 
24  soft_drink_time"
3479.663167	0.0005109999997330306	states												"    state_name
id            
25  warndanger"
3479.663678	3.000493000000006	states												"            state_name
id                    
26  warndanger_warning"
3482.664674	26.318498999999974	trials	1.0	r	2.0	p	1.0	r	0.0	0.0	1.0	r	p	
3482.664674	26.318498999999974	states												"   state_name
id           
0     state_0"
3482.664674	0.015998999999737862	states												"          state_name
id                  
1   sending_trialnum"
3482.680673	18.661495000000286	states												"      state_name
id              
3   wait_for_cin"
3501.342168	1.0005040000000918	states												"   state_name
id           
4     context"
3502.342672	0.0010079999997287814	states												"   state_name
id           
6       csgap"
3502.34368	0.22699199999988195	states												"   state_name
id           
11    stim_on"
3502.570672	0.0004940000003443856	states												"            state_name
id                    
14  son_reward_chooser"
3502.571166	0.06400399999984074	states												"        state_name
id                
17  reward_big_son"
3502.63517	0.9365039999997862	states												"        state_name
id                
22  post_reward_on"
3503.571674	0.0254930000000968	states												"         state_name
id                 
23  post_reward_off"
3503.597167	2.3849989999998797	states												"         state_name
id                 
24  soft_drink_time"
3505.982166	0.0005150000001776789	states												"    state_name
id            
25  warndanger"
3505.982681	3.000492000000122	states												"            state_name
id                    
26  warndanger_warning"
3508.983681	14.034987999999885	trials	1.0	r	2.0	p	1.0	r	0.0	0.0	1.0	r	p	
3508.983681	14.034987999999885	states												"   state_name
id           
0     state_0"
3508.983681	0.015996999999970285	states												"          state_name
id                  
1   sending_trialnum"
3508.999678	1.3564879999998993	states												"      state_name
id              
3   wait_for_cin"
3510.356166	1.0	states												"   state_name
id           
4     context"
3511.356166	0.0010010000000875152	states												"   state_name
id           
6       csgap"
3511.357167	1.0005059999998593	states												"   state_name
id           
11    stim_on"
3512.357673	0.0010059999999612046	states												"   state_name
id           
12   stim_off"
3512.358679	0.31299600000011196	states												"        state_name
id                
13  wait_for_spoke"
3512.671675	0.0004920000001220615	states												"             state_name
id                     
15  soff_reward_chooser"
3512.672167	0.06399899999996705	states												"         state_name
id                 
16  reward_big_soff"
3512.736166	1.0745019999999386	states												"         state_name
id                 
23  post_reward_off"
3513.810668	6.2074979999997595	states												"         state_name
id                 
24  soft_drink_time"
3520.018166	0.0005020000003241876	states												"    state_name
id            
25  warndanger"
3520.018668	3.000000999999884	states												"            state_name
id                    
26  warndanger_warning"
3523.019168	15.105507000000216	trials	1.0	r	2.0	p	1.0	r	0.0	0.0	1.0	r	p	
3523.019168	15.105507000000216	states												"   state_name
id           
0     state_0"
3523.019168	0.01600200000029872	states												"          state_name
id                  
1   sending_trialnum"
3523.03517	7.255497999999989	states												"      state_name
id              
3   wait_for_cin"
3530.290668	1.0000059999997575	states												"   state_name
id           
4     context"
3531.290674	0.0010040000001936278	states												"   state_name
id           
6       csgap"
3531.291678	0.09048799999982293	states												"   state_name
id           
11    stim_on"
3531.382166	0.0005120000000715663	states												"            state_name
id                    
14  son_reward_chooser"
3531.382678	0.06399400000009337	states												"        state_name
id                
17  reward_big_son"
3531.446672	0.9365039999997862	states												"        state_name
id                
22  post_reward_on"
3532.383176	0.021991000000070926	states												"         state_name
id                 
23  post_reward_off"
3532.405167	2.718999000000167	states												"         state_name
id                 
24  soft_drink_time"
3535.124166	0.0005019999998694402	states												"    state_name
id            
25  warndanger"
3535.124668	3.000007000000096	states												"            state_name
id                    
26  warndanger_warning"
3538.125168	15.139510999999857	trials	1.0	r	2.0	p	1.0	r	0.0	0.0	1.0	r	p	
3538.125168	15.139510999999857	states												"   state_name
id           
0     state_0"
3538.125168	0.015997999999854073	states												"          state_name
id                  
1   sending_trialnum"
3538.141166	6.616516999999931	states												"      state_name
id              
3   wait_for_cin"
3544.757683	1.0004830000002585	states												"   state_name
id           
4     context"
3545.758166	0.0009999999997489795	states												"   state_name
id           
6       csgap"
3545.759166	0.05900000000019645	states												"   state_name
id           
11    stim_on"
3545.818166	0.000503000000207976	states												"            state_name
id                    
14  son_reward_chooser"
3545.818669	0.06400299999995696	states												"        state_name
id                
17  reward_big_son"
3545.882672	0.9364959999998064	states												"        state_name
id                
22  post_reward_on"
3546.819168	0.014504000000215456	states												"         state_name
id                 
23  post_reward_off"
3546.833672	3.4300029999999424	states												"         state_name
id                 
24  soft_drink_time"
3550.263675	0.0004909999997835257	states												"    state_name
id            
25  warndanger"
3550.264166	3.0005129999999554	states												"            state_name
id                    
26  warndanger_warning"
3553.265167	36.9375100000002	trials	1.0	r	2.0	p	1.0	r	0.0	0.0	1.0	r	p	
3553.265167	36.9375100000002	states												"   state_name
id           
0     state_0"
3553.265167	0.016000000000076398	states												"          state_name
id                  
1   sending_trialnum"
3553.281167	26.224009000000024	states												"      state_name
id              
3   wait_for_cin"
3579.505176	1.0004989999997633	states												"   state_name
id           
4     context"
3580.505675	0.0014930000002095767	states												"   state_name
id           
6       csgap"
3580.507168	0.3719989999999598	states												"   state_name
id           
11    stim_on"
3580.879167	0.0005209999999351567	states												"            state_name
id                    
14  son_reward_chooser"
3580.879688	0.06400100000018938	states												"        state_name
id                
17  reward_big_son"
3580.943689	0.9364769999997407	states												"        state_name
id                
22  post_reward_on"
3581.880166	0.2695120000003044	states												"         state_name
id                 
23  post_reward_off"
3582.149678	5.051996999999574	states												"         state_name
id                 
24  soft_drink_time"
3587.201675	0.0004920000001220615	states												"    state_name
id            
25  warndanger"
3587.202167	3.000510000000304	states												"            state_name
id                    
26  warndanger_warning"
3590.203169	20.582510000000184	trials	1.0	r	2.0	p	1.0	r	0.0	0.0	1.0	r	p	
3590.203169	20.582510000000184	states												"   state_name
id           
0     state_0"
3590.203169	0.016000000000076398	states												"          state_name
id                  
1   sending_trialnum"
3590.219169	11.287506000000121	states												"      state_name
id              
3   wait_for_cin"
3601.506675	1.0004909999997835	states												"   state_name
id           
4     context"
3602.507166	0.001502000000073167	states												"   state_name
id           
6       csgap"
3602.508668	0.31101100000023507	states												"   state_name
id           
11    stim_on"
3602.819679	0.00048699999979362474	states												"            state_name
id                    
14  son_reward_chooser"
3602.820166	0.06400100000018938	states												"        state_name
id                
17  reward_big_son"
3602.884167	0.9365199999997458	states												"        state_name
id                
22  post_reward_on"
3603.820687	0.09147900000016307	states												"         state_name
id                 
23  post_reward_off"
3603.912166	3.873000999999931	states												"         state_name
id                 
24  soft_drink_time"
3607.785167	0.0005080000000816653	states												"    state_name
id            
25  warndanger"
3607.785675	3.00000399999999	states												"            state_name
id                    
26  warndanger_warning"
3610.786166	35.93401700000004	trials	1.0	r	2.0	p	1.0	r	0.0	0.0	1.0	r	p	
3610.786166	35.93401700000004	states												"   state_name
id           
0     state_0"
3610.786166	0.016000000000076398	states												"          state_name
id                  
1   sending_trialnum"
3610.802166	23.86000100000001	states												"      state_name
id              
3   wait_for_cin"
3634.662167	1.000503000000208	states												"   state_name
id           
4     context"
3635.66267	0.0010099999999511056	states												"   state_name
id           
6       csgap"
3635.66368	0.003993999999693187	states												"   state_name
id           
11    stim_on"
3635.667674	0.0004920000001220615	states												"            state_name
id                    
14  son_reward_chooser"
3635.668166	0.06399999999985084	states												"        state_name
id                
17  reward_big_son"
3635.732166	0.9365170000000944	states												"        state_name
id                
22  post_reward_on"
3636.668683	1.5154830000001311	states												"         state_name
id                 
23  post_reward_off"
3638.184166	5.53550899999982	states												"         state_name
id                 
24  soft_drink_time"
3643.719675	0.0004910000002382731	states												"    state_name
id            
25  warndanger"
3643.720166	3.0000169999998434	states												"            state_name
id                    
26  warndanger_warning"
3646.720672	9.828007999999954	trials	1.0	r	2.0	p	1.0	r	0.0	0.0	1.0	r	p	
3646.720672	9.828007999999954	states												"   state_name
id           
0     state_0"
3646.720672	0.016000000000076398	states												"          state_name
id                  
1   sending_trialnum"
3646.736672	2.289002999999866	states												"      state_name
id              
3   wait_for_cin"
3649.025675	1.0004910000002383	states												"   state_name
id           
4     context"
3650.026166	0.0010059999999612046	states												"   state_name
id           
6       csgap"
3650.027172	0.04949799999985771	states												"   state_name
id           
11    stim_on"
3650.07667	0.0004969999999957508	states												"            state_name
id                    
14  son_reward_chooser"
3650.077167	0.06400000000030559	states												"        state_name
id                
17  reward_big_son"
3650.141167	0.9365069999998923	states												"        state_name
id                
22  post_reward_on"
3651.077674	0.012001999999938562	states												"         state_name
id                 
23  post_reward_off"
3651.089676	2.458490999999867	states												"         state_name
id                 
24  soft_drink_time"
3653.548167	0.0005040000000917644	states												"    state_name
id            
25  warndanger"
3653.548671	3.0000089999998636	states												"            state_name
id                    
26  warndanger_warning"
3656.549172	9.836505000000216	trials	1.0	r	2.0	p	1.0	r	0.0	0.0	1.0	r	p	
3656.549172	9.836505000000216	states												"   state_name
id           
0     state_0"
3656.549172	0.015993999999864172	states												"          state_name
id                  
1   sending_trialnum"
3656.565166	2.7609999999999673	states												"      state_name
id              
3   wait_for_cin"
3659.326166	1.0005040000000918	states												"   state_name
id           
4     context"
3660.32667	0.0010090000000673172	states												"   state_name
id           
6       csgap"
3660.327679	0.12299299999995128	states												"   state_name
id           
11    stim_on"
3660.450672	0.0004939999998896383	states												"            state_name
id                    
14  son_reward_chooser"
3660.451166	0.06400000000030559	states												"        state_name
id                
17  reward_big_son"
3660.515166	0.936518999999862	states												"        state_name
id                
22  post_reward_on"
3661.451685	0.006983000000218453	states												"         state_name
id                 
23  post_reward_off"
3661.458668	1.9264979999998104	states												"         state_name
id                 
24  soft_drink_time"
3663.385166	0.0005089999999654538	states												"    state_name
id            
25  warndanger"
3663.385675	3.0000020000002223	states												"            state_name
id                    
26  warndanger_warning"
3666.386166	14.45450800000026	trials	1.0	r	2.0	p	1.0	r	0.0	0.0	1.0	r	p	
3666.386166	14.45450800000026	states												"   state_name
id           
0     state_0"
3666.386166	0.016000000000076398	states												"          state_name
id                  
1   sending_trialnum"
3666.402166	5.883514000000105	states												"      state_name
id              
3   wait_for_cin"
3672.28568	1.0004859999999098	states												"   state_name
id           
4     context"
3673.286166	0.0015090000001691806	states												"   state_name
id           
6       csgap"
3673.287675	0.02200600000014674	states												"   state_name
id           
11    stim_on"
3673.309681	0.00048500000002604793	states												"            state_name
id                    
14  son_reward_chooser"
3673.310166	0.06399999999985084	states												"        state_name
id                
17  reward_big_son"
3673.374166	0.9365060000000085	states												"        state_name
id                
22  post_reward_on"
3674.310672	0.07249400000000605	states												"         state_name
id                 
23  post_reward_off"
3674.383166	3.457006000000092	states												"         state_name
id                 
24  soft_drink_time"
3677.840172	0.0004979999998795392	states												"    state_name
id            
25  warndanger"
3677.84067	3.00000399999999	states												"            state_name
id                    
26  warndanger_warning"
3680.841174	12.757505999999921	trials	1.0	r	2.0	p	1.0	r	0.0	0.0	1.0	r	p	
3680.841174	12.757505999999921	states												"   state_name
id           
0     state_0"
3680.841174	0.015993999999864172	states												"          state_name
id                  
1   sending_trialnum"
3680.857168	4.022997999999916	states												"      state_name
id              
3   wait_for_cin"
3684.880166	1.0000009999998838	states												"   state_name
id           
4     context"
3685.880167	0.0015080000002853922	states												"   state_name
id           
6       csgap"
3685.881675	0.4234910000000127	states												"   state_name
id           
11    stim_on"
3686.305166	0.0005059999998593412	states												"            state_name
id                    
14  son_reward_chooser"
3686.305672	0.06400100000018938	states												"        state_name
id                
17  reward_big_son"
3686.369673	0.9364929999997003	states												"        state_name
id                
22  post_reward_on"
3687.306166	0.0765030000002298	states												"         state_name
id                 
23  post_reward_off"
3687.382669	3.2154970000001413	states												"         state_name
id                 
24  soft_drink_time"
3690.598166	0.0005029999997532286	states												"    state_name
id            
25  warndanger"
3690.598669	3.000011000000086	states												"            state_name
id                    
26  warndanger_warning"
3693.599166	20.749503999999888	trials	1.0	r	2.0	p	1.0	r	0.0	0.0	1.0	r	p	
3693.599166	20.749503999999888	states												"   state_name
id           
0     state_0"
3693.599166	0.016000000000076398	states												"          state_name
id                  
1   sending_trialnum"
3693.615166	13.478508000000147	states												"      state_name
id              
3   wait_for_cin"
3707.093674	1.0000069999996413	states												"   state_name
id           
4     context"
3708.093681	0.0014850000002297747	states												"   state_name
id           
6       csgap"
3708.095166	0.09900000000016007	states												"   state_name
id           
11    stim_on"
3708.194166	0.0005169999999452557	states												"            state_name
id                    
14  son_reward_chooser"
3708.194683	0.06398899999976493	states												"        state_name
id                
17  reward_big_son"
3708.258672	0.9365029999999024	states												"        state_name
id                
22  post_reward_on"
3709.195175	0.08950100000038219	states												"         state_name
id                 
23  post_reward_off"
3709.284676	2.0630009999999857	states												"         state_name
id                 
24  soft_drink_time"
3711.347677	0.0004890000000159489	states												"    state_name
id            
25  warndanger"
3711.348166	3.000503999999637	states												"            state_name
id                    
26  warndanger_warning"
3714.349166	18.005000999999993	trials	1.0	r	2.0	p	1.0	r	0.0	0.0	1.0	r	p	
3714.349166	18.005000999999993	states												"   state_name
id           
0     state_0"
3714.349166	0.016000000000076398	states												"          state_name
id                  
1   sending_trialnum"
3714.365166	10.36200000000008	states												"      state_name
id              
3   wait_for_cin"
3724.727166	1.0005059999998593	states												"   state_name
id           
4     context"
3725.727672	0.0014989999999670545	states												"   state_name
id           
6       csgap"
3725.729171	0.21499500000027183	states												"   state_name
id           
11    stim_on"
3725.944166	0.0005069999997431296	states												"            state_name
id                    
14  son_reward_chooser"
3725.944673	0.06399899999996705	states												"        state_name
id                
17  reward_big_son"
3726.008672	0.9365029999999024	states												"        state_name
id                
22  post_reward_on"
3726.945175	0.1365009999999529	states												"         state_name
id                 
23  post_reward_off"
3727.081676	2.2719960000003994	states												"         state_name
id                 
24  soft_drink_time"
3729.353672	0.0004939999998896383	states												"    state_name
id            
25  warndanger"
3729.354166	3.000000999999884	states												"            state_name
id                    
26  warndanger_warning"
3732.354671	25.923005000000103	trials	1.0	r	2.0	p	1.0	r	0.0	0.0	1.0	r	p	
3732.354671	25.923005000000103	states												"   state_name
id           
0     state_0"
3732.354671	0.015997999999854073	states												"          state_name
id                  
1   sending_trialnum"
3732.370669	15.864501999999902	states												"      state_name
id              
3   wait_for_cin"
3748.235171	1.0000090000003183	states												"   state_name
id           
4     context"
3749.23518	0.0014909999999872525	states												"   state_name
id           
6       csgap"
3749.236671	0.43400100000008024	states												"   state_name
id           
11    stim_on"
3749.670672	0.0004939999998896383	states												"            state_name
id                    
14  son_reward_chooser"
3749.671166	0.06399999999985084	states												"        state_name
id                
17  reward_big_son"
3749.735166	0.9365090000001146	states												"        state_name
id                
22  post_reward_on"
3750.671675	0.12649099999998725	states												"         state_name
id                 
23  post_reward_off"
3750.798166	4.478504000000157	states												"         state_name
id                 
24  soft_drink_time"
3755.27667	0.0004999999996471161	states												"    state_name
id            
25  warndanger"
3755.27717	3.000506000000314	states												"            state_name
id                    
26  warndanger_warning"
3758.278166	14.894506000000092	trials	1.0	r	2.0	p	1.0	r	0.0	0.0	1.0	r	p	
3758.278166	14.894506000000092	states												"   state_name
id           
0     state_0"
3758.278166	0.016000000000076398	states												"          state_name
id                  
1   sending_trialnum"
3758.294166	4.076000000000022	states												"      state_name
id              
3   wait_for_cin"
3762.370166	1.0005049999999756	states												"   state_name
id           
4     context"
3763.370671	0.0010039999997388804	states												"   state_name
id           
6       csgap"
3763.371675	0.07149100000015096	states												"   state_name
id           
11    stim_on"
3763.443166	0.0005099999998492422	states												"            state_name
id                    
14  son_reward_chooser"
3763.443676	0.06399899999996705	states												"        state_name
id                
17  reward_big_son"
3763.507675	0.9364910000003874	states												"        state_name
id                
22  post_reward_on"
3764.444166	1.2665149999997993	states												"         state_name
id                 
23  post_reward_off"
3765.710681	4.461484999999811	states												"         state_name
id                 
24  soft_drink_time"
3770.172166	0.000503000000207976	states												"    state_name
id            
25  warndanger"
3770.172669	3.000003000000106	states												"            state_name
id                    
26  warndanger_warning"
3773.173175	11.95199700000012	trials	1.0	r	2.0	p	1.0	r	0.0	0.0	1.0	r	p	
3773.173175	11.95199700000012	states												"   state_name
id           
0     state_0"
3773.173175	0.01599900000019261	states												"          state_name
id                  
1   sending_trialnum"
3773.189174	3.6625159999998687	states												"      state_name
id              
3   wait_for_cin"
3776.85169	1.0004760000001625	states												"   state_name
id           
4     context"
3777.852166	0.0015009999997346313	states												"   state_name
id           
6       csgap"
3777.853667	0.09900599999991755	states												"   state_name
id           
11    stim_on"
3777.952673	0.0004969999999957508	states												"            state_name
id                    
14  son_reward_chooser"
3777.95317	0.0640070000004016	states												"        state_name
id                
17  reward_big_son"
3778.017177	0.9364999999997963	states												"        state_name
id                
22  post_reward_on"
3778.953677	0.09748900000022331	states												"         state_name
id                 
23  post_reward_off"
3779.051166	3.0729999999998654	states												"         state_name
id                 
24  soft_drink_time"
3782.124166	0.0005049999999755528	states												"    state_name
id            
25  warndanger"
3782.124671	3.0005009999999857	states												"            state_name
id                    
26  warndanger_warning"
3785.125669	11.52900499999987	trials	1.0	r	2.0	p	1.0	r	0.0	0.0	1.0	r	p	
3785.125669	11.52900499999987	states												"   state_name
id           
0     state_0"
3785.125669	0.01601699999991979	states												"          state_name
id                  
1   sending_trialnum"
3785.141686	2.7049870000000737	states												"      state_name
id              
3   wait_for_cin"
3787.846673	1.000007000000096	states												"   state_name
id           
4     context"
3788.84668	0.0014860000001135631	states												"   state_name
id           
6       csgap"
3788.848166	0.138510999999653	states												"   state_name
id           
11    stim_on"
3788.986677	0.0004920000001220615	states												"            state_name
id                    
14  son_reward_chooser"
3788.987169	0.06400100000018938	states												"        state_name
id                
17  reward_big_son"
3789.05117	0.9365009999996801	states												"        state_name
id                
22  post_reward_on"
3789.987671	0.0744950000002973	states												"         state_name
id                 
23  post_reward_off"
3790.062166	3.5919999999996435	states												"         state_name
id                 
24  soft_drink_time"
3793.654166	0.0005040000000917644	states												"    state_name
id            
25  warndanger"
3793.65467	3.00000399999999	states												"            state_name
id                    
26  warndanger_warning"
3796.655168	57.90101400000003	trials	1.0	r	2.0	p	1.0	r	0.0	0.0	1.0	r	p	
3796.655168	57.90101400000003	states												"   state_name
id           
0     state_0"
3796.655168	0.01599900000019261	states												"          state_name
id                  
1   sending_trialnum"
3796.671167	48.95200299999988	states												"      state_name
id              
3   wait_for_cin"
3845.62317	1.0004980000003343	states												"   state_name
id           
4     context"
3846.623668	0.001006999999844993	states												"   state_name
id           
6       csgap"
3846.624675	0.9634909999999763	states												"   state_name
id           
11    stim_on"
3847.588166	0.0005099999998492422	states												"            state_name
id                    
14  son_reward_chooser"
3847.588676	0.03649300000006406	states												"        state_name
id                
17  reward_big_son"
3847.625169	0.02750300000025163	states												"            state_name
id                    
18  reward_big_soffwon"
3847.652672	0.9250029999998333	states												"         state_name
id                 
23  post_reward_off"
3848.577675	2.9780000000000655	states												"         state_name
id                 
24  soft_drink_time"
3851.555675	0.0004909999997835257	states												"    state_name
id            
25  warndanger"
3851.556166	3.0000159999999596	states												"            state_name
id                    
26  warndanger_warning"
3854.556674	17.07549199999994	trials	1.0	r	2.0	p	1.0	r	0.0	0.0	1.0	r	p	
3854.556674	17.07549199999994	states												"   state_name
id           
0     state_0"
3854.556674	0.01599900000019261	states												"          state_name
id                  
1   sending_trialnum"
3854.572673	7.676492999999937	states												"      state_name
id              
3   wait_for_cin"
3862.249166	1.0	states												"   state_name
id           
4     context"
3863.249166	0.0015029999999569554	states												"   state_name
id           
6       csgap"
3863.250669	0.3094970000001922	states												"   state_name
id           
11    stim_on"
3863.560166	0.000503999999637017	states												"            state_name
id                    
14  son_reward_chooser"
3863.56067	0.06399899999996705	states												"        state_name
id                
17  reward_big_son"
3863.624669	0.9365099999999984	states												"        state_name
id                
22  post_reward_on"
3864.561179	0.01849400000037349	states												"         state_name
id                 
23  post_reward_off"
3864.579673	4.052013999999872	states												"         state_name
id                 
24  soft_drink_time"
3868.631687	0.0004789999998138228	states												"    state_name
id            
25  warndanger"
3868.632166	3.0	states												"            state_name
id                    
26  warndanger_warning"
3871.632671	55.23449800000026	trials	1.0	r	2.0	p	1.0	r	0.0	0.0	1.0	r	p	
3871.632671	55.23449800000026	states												"   state_name
id           
0     state_0"
3871.632671	0.01599800000030882	states												"          state_name
id                  
1   sending_trialnum"
3871.648669	45.27949699999999	states												"      state_name
id              
3   wait_for_cin"
3916.928166	1.0005029999997532	states												"   state_name
id           
4     context"
3917.928669	0.0010080000001835288	states												"   state_name
id           
6       csgap"
3917.929677	0.03349500000012995	states												"   state_name
id           
11    stim_on"
3917.963172	0.0005019999998694402	states												"            state_name
id                    
14  son_reward_chooser"
3917.963674	0.06400099999973463	states												"        state_name
id                
17  reward_big_son"
3918.027675	0.9364910000003874	states												"        state_name
id                
22  post_reward_on"
3918.964166	0.7059999999996762	states												"         state_name
id                 
23  post_reward_off"
3919.670166	4.196506000000227	states												"         state_name
id                 
24  soft_drink_time"
3923.866672	0.0004939999998896383	states												"    state_name
id            
25  warndanger"
3923.867166	3.000003000000106	states												"            state_name
id                    
26  warndanger_warning"
3926.867688	8.286984000000302	trials	0.0	r	2.0	p	1.0	r	0.0	0.0	0.0	r	p	
3926.867688	8.286984000000302	states												"   state_name
id           
0     state_0"
3926.867688	0.01599000000032902	states												"          state_name
id                  
1   sending_trialnum"
3926.883678	0.08149299999968207	states												"      state_name
id              
3   wait_for_cin"
3926.965171	1.0005110000001878	states												"   state_name
id           
4     context"
3927.965682	0.001495999999860942	states												"   state_name
id           
6       csgap"
3927.967178	1.0004969999999958	states												"   state_name
id           
11    stim_on"
3928.967675	0.0015000000003055902	states												"   state_name
id           
12   stim_off"
3928.969175	1.1844959999998537	states												"        state_name
id                
13  wait_for_spoke"
3930.153671	5.0010010000000875	states												"     state_name
id             
28  error_state"
3935.155167	12.445506999999907	trials	1.0	r	2.0	p	1.0	r	0.0	0.0	1.0	r	p	
3935.155167	12.445506999999907	states												"   state_name
id           
0     state_0"
3935.155167	0.01599900000019261	states												"          state_name
id                  
1   sending_trialnum"
3935.171166	4.347999999999956	states												"      state_name
id              
3   wait_for_cin"
3939.519166	1.0000030000001061	states												"   state_name
id           
4     context"
3940.519169	0.0015039999998407438	states												"   state_name
id           
6       csgap"
3940.520673	0.03400199999987308	states												"   state_name
id           
11    stim_on"
3940.554675	0.0004920000001220615	states												"            state_name
id                    
14  son_reward_chooser"
3940.555167	0.06399999999985084	states												"        state_name
id                
17  reward_big_son"
3940.619167	0.936507000000347	states												"        state_name
id                
22  post_reward_on"
3941.555674	0.14299799999980678	states												"         state_name
id                 
23  post_reward_off"
3941.698672	2.901495000000068	states												"         state_name
id                 
24  soft_drink_time"
3944.600167	0.0005040000000917644	states												"    state_name
id            
25  warndanger"
3944.600671	3.0000029999996514	states												"            state_name
id                    
26  warndanger_warning"
3947.601166	6.49650900000006	trials	0.0	r	2.0	p	1.0	r	0.0	0.0	0.0	r	p	
3947.601166	6.49650900000006	states												"   state_name
id           
0     state_0"
3947.601166	0.016000000000076398	states												"          state_name
id                  
1   sending_trialnum"
3947.617166	0.027501999999913096	states												"      state_name
id              
3   wait_for_cin"
3947.644668	1.0	states												"   state_name
id           
4     context"
3948.644668	0.0010059999999612046	states												"   state_name
id           
6       csgap"
3948.645674	0.45100300000012794	states												"   state_name
id           
11    stim_on"
3949.096677	5.000997999999981	states												"     state_name
id             
28  error_state"
3954.098172	22.850996000000123	trials	1.0	r	2.0	p	1.0	r	0.0	0.0	1.0	r	p	
3954.098172	22.850996000000123	states												"   state_name
id           
0     state_0"
3954.098172	0.015993999999864172	states												"          state_name
id                  
1   sending_trialnum"
3954.114166	11.838000000000193	states												"      state_name
id              
3   wait_for_cin"
3965.952166	1.0	states												"   state_name
id           
4     context"
3966.952166	0.0010010000000875152	states												"   state_name
id           
6       csgap"
3966.953167	0.08650600000009945	states												"   state_name
id           
11    stim_on"
3967.039673	0.0004930000000058499	states												"            state_name
id                    
14  son_reward_chooser"
3967.040166	0.06399999999985084	states												"        state_name
id                
17  reward_big_son"
3967.104166	0.9365060000000085	states												"        state_name
id                
22  post_reward_on"
3968.040672	0.12349499999982072	states												"         state_name
id                 
23  post_reward_off"
3968.164167	5.783999000000222	states												"         state_name
id                 
24  soft_drink_time"
3973.948166	0.0005069999997431296	states												"    state_name
id            
25  warndanger"
3973.948673	3.000495000000228	states												"            state_name
id                    
26  warndanger_warning"
3976.949667	19.365003000000343	trials	1.0	r	2.0	p	1.0	r	0.0	0.0	1.0	r	p	
3976.949667	19.365003000000343	states												"   state_name
id           
0     state_0"
3976.949667	0.016006000000288623	states												"          state_name
id                  
1   sending_trialnum"
3976.965673	8.77000199999975	states												"      state_name
id              
3   wait_for_cin"
3985.735675	1.0	states												"   state_name
id           
4     context"
3986.735675	0.0014970000001994777	states												"   state_name
id           
6       csgap"
3986.737172	0.9335000000000946	states												"   state_name
id           
11    stim_on"
3987.670672	0.0004959999996572151	states												"            state_name
id                    
14  son_reward_chooser"
3987.671168	0.06400000000030559	states												"        state_name
id                
17  reward_big_son"
3987.735168	0.9365099999999984	states												"        state_name
id                
22  post_reward_on"
3988.671678	0.0789969999996174	states												"         state_name
id                 
23  post_reward_off"
3988.750675	4.563002000000324	states												"         state_name
id                 
24  soft_drink_time"
3993.313677	0.0004890000000159489	states												"    state_name
id            
25  warndanger"
3993.314166	3.0005040000000918	states												"            state_name
id                    
26  warndanger_warning"
3996.315166	11.590001999999913	trials	1.0	r	2.0	p	1.0	r	0.0	0.0	1.0	r	p	
3996.315166	11.590001999999913	states												"   state_name
id           
0     state_0"
3996.315166	0.016000999999960186	states												"          state_name
id                  
1   sending_trialnum"
3996.331167	0.04650800000035815	states												"      state_name
id              
3   wait_for_cin"
3996.377675	1.0004909999997835	states												"   state_name
id           
4     context"
3997.378166	0.0010010000000875152	states												"   state_name
id           
6       csgap"
3997.379167	0.05051599999978862	states												"   state_name
id           
11    stim_on"
3997.429683	0.0004830000002584711	states												"            state_name
id                    
14  son_reward_chooser"
3997.430166	0.06399999999985084	states												"        state_name
id                
17  reward_big_son"
3997.494166	0.9365060000000085	states												"        state_name
id                
22  post_reward_on"
3998.430672	0.07599900000013804	states												"         state_name
id                 
23  post_reward_off"
3998.506671	6.397494999999708	states												"         state_name
id                 
24  soft_drink_time"
4004.904166	0.000503000000207976	states												"    state_name
id            
25  warndanger"
4004.904669	3.0004989999997633	states												"            state_name
id                    
26  warndanger_warning"
4007.905671	53.80851100000018	trials	1.0	r	2.0	p	1.0	r	0.0	0.0	1.0	r	p	
4007.905671	53.80851100000018	states												"   state_name
id           
0     state_0"
4007.905671	0.016000999999960186	states												"          state_name
id                  
1   sending_trialnum"
4007.921672	43.75549499999988	states												"      state_name
id              
3   wait_for_cin"
4051.677167	1.0005089999999655	states												"   state_name
id           
4     context"
4052.677676	0.001494000000093365	states												"   state_name
id           
6       csgap"
4052.67917	0.08850400000028458	states												"   state_name
id           
11    stim_on"
4052.767674	0.0004930000000058499	states												"            state_name
id                    
14  son_reward_chooser"
4052.768167	0.06399899999996705	states												"        state_name
id                
17  reward_big_son"
4052.832166	0.9365199999997458	states												"        state_name
id                
22  post_reward_on"
4053.768686	0.2959880000003068	states												"         state_name
id                 
23  post_reward_off"
4054.064674	4.648997999999665	states												"         state_name
id                 
24  soft_drink_time"
4058.713672	0.0004940000003443856	states												"    state_name
id            
25  warndanger"
4058.714166	3.0000159999999596	states												"            state_name
id                    
26  warndanger_warning"
4061.714677	24.45899700000018	trials	1.0	r	2.0	p	1.0	r	0.0	0.0	1.0	r	p	
4061.714677	24.45899700000018	states												"   state_name
id           
0     state_0"
4061.714677	0.016010000000278524	states												"          state_name
id                  
1   sending_trialnum"
4061.730687	17.22248099999979	states												"      state_name
id              
3   wait_for_cin"
4078.953168	1.0005080000000817	states												"   state_name
id           
4     context"
4079.953676	0.0014909999999872525	states												"   state_name
id           
6       csgap"
4079.955167	0.00800200000003315	states												"   state_name
id           
11    stim_on"
4079.963169	0.0005089999999654538	states												"            state_name
id                    
14  son_reward_chooser"
4079.963678	0.06399999999985084	states												"        state_name
id                
17  reward_big_son"
4080.027678	0.9364880000002813	states												"        state_name
id                
22  post_reward_on"
4080.964166	0.012503999999808002	states												"         state_name
id                 
23  post_reward_off"
4080.97667	2.1959999999999127	states												"         state_name
id                 
24  soft_drink_time"
4083.17267	0.0005080000000816653	states												"    state_name
id            
25  warndanger"
4083.173178	3.000496000000112	states												"            state_name
id                    
26  warndanger_warning"
4086.174167	19.28751000000011	trials	1.0	r	2.0	p	1.0	r	0.0	0.0	1.0	r	p	
4086.174167	19.28751000000011	states												"   state_name
id           
0     state_0"
4086.174167	0.015998999999737862	states												"          state_name
id                  
1   sending_trialnum"
4086.190166	11.509999999999764	states												"      state_name
id              
3   wait_for_cin"
4097.700166	1.0	states												"   state_name
id           
4     context"
4098.700166	0.0015080000002853922	states												"   state_name
id           
6       csgap"
4098.701674	0.98700000000008	states												"   state_name
id           
11    stim_on"
4099.688674	0.0004920000001220615	states												"            state_name
id                    
14  son_reward_chooser"
4099.689166	0.012510999999904016	states												"        state_name
id                
17  reward_big_son"
4099.701677	0.051489000000401575	states												"            state_name
id                    
18  reward_big_soffwon"
4099.753166	0.3039999999991778	states												"         state_name
id                 
23  post_reward_off"
4100.057166	2.404000000000451	states												"         state_name
id                 
24  soft_drink_time"
4102.461166	0.0005089999995107064	states												"    state_name
id            
25  warndanger"
4102.461675	3.000002000000677	states												"            state_name
id                    
26  warndanger_warning"
4105.462166	10.980515000000196	trials	1.0	r	2.0	p	1.0	r	0.0	0.0	1.0	r	p	
4105.462166	10.980515000000196	states												"   state_name
id           
0     state_0"
4105.462166	0.01599999999962165	states												"          state_name
id                  
1   sending_trialnum"
4105.478166	0.3625080000001617	states												"      state_name
id              
3   wait_for_cin"
4105.840674	1.000492000000122	states												"   state_name
id           
4     context"
4106.841166	0.0010000000002037268	states												"   state_name
id           
6       csgap"
4106.842166	1.0005049999999756	states												"   state_name
id           
11    stim_on"
4107.842671	0.0010039999997388804	states												"   state_name
id           
12   stim_off"
4107.843675	0.6484909999999218	states												"        state_name
id                
13  wait_for_spoke"
4108.492166	0.000511999999616819	states												"             state_name
id                     
15  soff_reward_chooser"
4108.492678	0.06399300000066432	states												"         state_name
id                 
16  reward_big_soff"
4108.556671	0.730001999999331	states												"         state_name
id                 
23  post_reward_off"
4109.286673	4.1554940000005445	states												"         state_name
id                 
24  soft_drink_time"
4113.442167	0.0005049999999755528	states												"    state_name
id            
25  warndanger"
4113.442672	3.0000090000003183	states												"            state_name
id                    
26  warndanger_warning"
4116.443169	81.26450999999997	trials	1.0	r	2.0	p	1.0	r	0.0	0.0	1.0	r	p	
4116.443169	81.26450999999997	states												"   state_name
id           
0     state_0"
4116.443169	0.01599900000019261	states												"          state_name
id                  
1   sending_trialnum"
4116.459168	70.43550499999947	states												"      state_name
id              
3   wait_for_cin"
4186.894673	1.0005049999999756	states												"   state_name
id           
4     context"
4187.895178	0.001493000000664324	states												"   state_name
id           
6       csgap"
4187.896671	0.03500499999972817	states												"   state_name
id           
11    stim_on"
4187.931676	0.0004909999997835257	states												"            state_name
id                    
14  son_reward_chooser"
4187.932167	0.06400000000030559	states												"        state_name
id                
17  reward_big_son"
4187.996167	0.9365149999994173	states												"        state_name
id                
22  post_reward_on"
4188.932682	0.5904870000003939	states												"         state_name
id                 
23  post_reward_off"
4189.523169	5.18399700000009	states												"         state_name
id                 
24  soft_drink_time"
4194.707166	0.0005059999994045938	states												"    state_name
id            
25  warndanger"
4194.707672	3.0000070000005508	states												"            state_name
id                    
26  warndanger_warning"
4197.708166	9.79051199999958	trials	1.0	r	2.0	p	1.0	r	0.0	0.0	1.0	r	p	
4197.708166	9.79051199999958	states												"   state_name
id           
0     state_0"
4197.708166	0.016005999999833875	states												"          state_name
id                  
1   sending_trialnum"
4197.724172	1.2275019999997312	states												"      state_name
id              
3   wait_for_cin"
4198.951674	1.0000079999999798	states												"   state_name
id           
4     context"
4199.951682	0.0014849999997750274	states												"   state_name
id           
6       csgap"
4199.953167	0.0030000000006111804	states												"   state_name
id           
11    stim_on"
4199.956167	0.0005049999999755528	states												"            state_name
id                    
14  son_reward_chooser"
4199.956672	0.0639999999993961	states												"        state_name
id                
17  reward_big_son"
4200.020672	0.9364990000003672	states												"        state_name
id                
22  post_reward_on"
4200.957171	0.04999599999973725	states												"         state_name
id                 
23  post_reward_off"
4201.007167	3.4909990000005564	states												"         state_name
id                 
24  soft_drink_time"
4204.498166	0.0005049999999755528	states												"    state_name
id            
25  warndanger"
4204.498671	3.0000069999996413	states												"            state_name
id                    
26  warndanger_warning"
4207.499176	16.196500000000015	trials	1.0	r	2.0	p	1.0	r	0.0	0.0	1.0	r	p	
4207.499176	16.196500000000015	states												"   state_name
id           
0     state_0"
4207.499176	0.015997999999854073	states												"          state_name
id                  
1   sending_trialnum"
4207.515174	7.138992000000144	states												"      state_name
id              
3   wait_for_cin"
4214.654166	1.0005080000000817	states												"   state_name
id           
4     context"
4215.654674	0.0010009999996327679	states												"   state_name
id           
6       csgap"
4215.655675	0.43299800000022515	states												"   state_name
id           
11    stim_on"
4216.088673	0.000503999999637017	states												"            state_name
id                    
14  son_reward_chooser"
4216.089177	0.06400000000030559	states												"        state_name
id                
17  reward_big_son"
4216.153177	0.9364980000000287	states												"        state_name
id                
22  post_reward_on"
4217.089675	0.011999999999716238	states												"         state_name
id                 
23  post_reward_off"
4217.101675	3.5934910000005402	states												"         state_name
id                 
24  soft_drink_time"
4220.695166	0.0005099999998492422	states												"    state_name
id            
25  warndanger"
4220.695676	3.0	states												"            state_name
id                    
26  warndanger_warning"
4223.696166	15.477512000000388	trials	1.0	r	2.0	p	1.0	r	0.0	0.0	1.0	r	p	
4223.696166	15.477512000000388	states												"   state_name
id           
0     state_0"
4223.696166	0.016000999999960186	states												"          state_name
id                  
1   sending_trialnum"
4223.712167	6.076998999999887	states												"      state_name
id              
3   wait_for_cin"
4229.789166	1.0000010000003385	states												"   state_name
id           
4     context"
4230.789167	0.0015030000004117028	states												"   state_name
id           
6       csgap"
4230.79067	0.3950059999997393	states												"   state_name
id           
11    stim_on"
4231.185676	0.0004900000003544847	states												"            state_name
id                    
14  son_reward_chooser"
4231.186166	0.06400099999973463	states												"        state_name
id                
17  reward_big_son"
4231.250167	0.9365040000002409	states												"        state_name
id                
22  post_reward_on"
4232.186671	0.13649599999916973	states												"         state_name
id                 
23  post_reward_off"
4232.323167	3.850010000000111	states												"         state_name
id                 
24  soft_drink_time"
4236.173177	0.0004990000006728224	states												"    state_name
id            
25  warndanger"
4236.173676	3.0000019999997676	states												"            state_name
id                    
26  warndanger_warning"
4239.174182	24.79549700000007	trials	1.0	r	2.0	p	1.0	r	0.0	0.0	1.0	r	p	
4239.174182	24.79549700000007	states												"   state_name
id           
0     state_0"
4239.174182	0.01598400000057154	states												"          state_name
id                  
1   sending_trialnum"
4239.190166	15.001507999999376	states												"      state_name
id              
3   wait_for_cin"
4254.191674	1.000492000000122	states												"   state_name
id           
4     context"
4255.192166	0.0010039999997388804	states												"   state_name
id           
6       csgap"
4255.19317	0.03050500000063039	states												"   state_name
id           
11    stim_on"
4255.223675	0.0004909999997835257	states												"            state_name
id                    
14  son_reward_chooser"
4255.224166	0.06400099999973463	states												"        state_name
id                
17  reward_big_son"
4255.288167	0.9365029999999024	states												"        state_name
id                
22  post_reward_on"
4256.22467	0.11599900000055641	states												"         state_name
id                 
23  post_reward_off"
4256.340669	4.628498000000036	states												"         state_name
id                 
24  soft_drink_time"
4260.969167	0.0005110000001877779	states												"    state_name
id            
25  warndanger"
4260.969678	3.000000999999429	states												"            state_name
id                    
26  warndanger_warning"
4263.970166	23.15351600000031	trials	1.0	r	2.0	p	1.0	r	0.0	0.0	1.0	r	p	
4263.970166	23.15351600000031	states												"   state_name
id           
0     state_0"
4263.970166	0.01599999999962165	states												"          state_name
id                  
1   sending_trialnum"
4263.986166	7.554000000000087	states												"      state_name
id              
3   wait_for_cin"
4271.540166	1.0	states												"   state_name
id           
4     context"
4272.540166	0.0010010000005422626	states												"   state_name
id           
6       csgap"
4272.541167	0.2909989999998288	states												"   state_name
id           
11    stim_on"
4272.832166	0.000503999999637017	states												"            state_name
id                    
14  son_reward_chooser"
4272.83267	0.06400000000030559	states												"        state_name
id                
17  reward_big_son"
4272.89667	0.93650499999967	states												"        state_name
id                
22  post_reward_on"
4273.833175	0.28899100000035105	states												"         state_name
id                 
23  post_reward_off"
4274.122166	10.000500999999531	states												"         state_name
id                 
24  soft_drink_time"
4284.122667	0.0005040000005465117	states												"    state_name
id            
25  warndanger"
4284.123171	3.0005110000001878	states												"            state_name
id                    
26  warndanger_warning"
4287.124166	18.080517000000327	trials	1.0	r	2.0	p	1.0	r	0.0	0.0	1.0	r	p	
4287.124166	18.080517000000327	states												"   state_name
id           
0     state_0"
4287.124166	0.01600200000029872	states												"          state_name
id                  
1   sending_trialnum"
4287.140168	2.895997999999963	states												"      state_name
id              
3   wait_for_cin"
4290.036166	1.000506000000314	states												"   state_name
id           
4     context"
4291.036672	0.0010160000001633307	states												"   state_name
id           
6       csgap"
4291.037688	0.08947899999930087	states												"   state_name
id           
11    stim_on"
4291.127167	0.0005049999999755528	states												"            state_name
id                    
14  son_reward_chooser"
4291.127672	0.06400100000064413	states												"        state_name
id                
17  reward_big_son"
4291.191673	0.936493000000155	states												"        state_name
id                
22  post_reward_on"
4292.128166	0.07450900000003458	states												"         state_name
id                 
23  post_reward_off"
4292.202675	10.001001999999971	states												"         state_name
id                 
24  soft_drink_time"
4302.203677	0.0004890000000159489	states												"    state_name
id            
25  warndanger"
4302.204166	3.0005169999994905	states												"            state_name
id                    
26  warndanger_warning"
4305.205166	7.999000000000706	trials	1.0	r	2.0	p	1.0	r	0.0	0.0	1.0	r	p	
4305.205166	7.999000000000706	states												"   state_name
id           
0     state_0"
4305.205166	0.016000000000531145	states												"          state_name
id                  
1   sending_trialnum"
4305.221166	0.0005069999997431296	states												"      state_name
id              
3   wait_for_cin"
4305.221673	1.0000010000003385	states												"   state_name
id           
4     context"
4306.221674	0.0014929999997548293	states												"   state_name
id           
6       csgap"
4306.223167	0.32650899999953253	states												"   state_name
id           
11    stim_on"
4306.549676	0.0004900000003544847	states												"            state_name
id                    
14  son_reward_chooser"
4306.550166	0.06400000000030559	states												"        state_name
id                
17  reward_big_son"
4306.614166	0.9365069999994375	states												"        state_name
id                
22  post_reward_on"
4307.550673	0.09949300000062067	states												"         state_name
id                 
23  post_reward_off"
4307.650166	2.5530089999992924	states												"         state_name
id                 
24  soft_drink_time"
4310.203175	0.0005010000004403992	states												"    state_name
id            
25  warndanger"
4310.203676	3.0004900000003545	states												"            state_name
id                    
26  warndanger_warning"
4313.204674	9.707492000000457	trials	1.0	r	2.0	p	1.0	r	0.0	0.0	1.0	r	p	
4313.204674	9.707492000000457	states												"   state_name
id           
0     state_0"
4313.204674	0.01600600000074337	states												"          state_name
id                  
1   sending_trialnum"
4313.22068	0.0004890000000159489	states												"      state_name
id              
3   wait_for_cin"
4313.221169	1.0005080000000817	states												"   state_name
id           
4     context"
4314.221677	0.0014899999996487168	states												"   state_name
id           
6       csgap"
4314.223167	0.45600000000013097	states												"   state_name
id           
11    stim_on"
4314.679167	0.0005099999998492422	states												"            state_name
id                    
14  son_reward_chooser"
4314.679677	0.06399799999962852	states												"        state_name
id                
17  reward_big_son"
4314.743675	0.936492000000726	states												"        state_name
id                
22  post_reward_on"
4315.680167	0.037507000000005064	states												"         state_name
id                 
23  post_reward_off"
4315.717674	4.193493999999191	states												"         state_name
id                 
24  soft_drink_time"
4319.911168	0.0005100000007587369	states												"    state_name
id            
25  warndanger"
4319.911678	3.0004879999996774	states												"            state_name
id                    
26  warndanger_warning"
4322.912668	199.4285060000002	trials	0.0	r	2.0	p	1.0	r	0.0	0.0	0.0	r	p	
4322.912668	199.4285060000002	states												"   state_name
id           
0     state_0"
4322.912668	0.016000999999960186	states												"          state_name
id                  
1   sending_trialnum"
4322.928669	193.06349800000044	states												"      state_name
id              
3   wait_for_cin"
4515.992167	1.0005049999999756	states												"   state_name
id           
4     context"
4516.992672	0.0010050000000774162	states												"   state_name
id           
6       csgap"
4516.993677	0.34648899999956484	states												"   state_name
id           
11    stim_on"
4517.340166	5.0010080000001835	states												"     state_name
id             
28  error_state"
4522.341676	19.263998000000356	trials	1.0	r	2.0	p	1.0	r	0.0	0.0	1.0	r	p	
4522.341676	19.263998000000356	states												"   state_name
id           
0     state_0"
4522.341676	0.016000999999960186	states												"          state_name
id                  
1   sending_trialnum"
4522.357677	9.158489000000372	states												"      state_name
id              
3   wait_for_cin"
4531.516166	1.0005139999993844	states												"   state_name
id           
4     context"
4532.51668	0.0014860000001135631	states												"   state_name
id           
6       csgap"
4532.518166	0.13500199999998586	states												"   state_name
id           
11    stim_on"
4532.653168	0.0005060000003140885	states												"            state_name
id                    
14  son_reward_chooser"
4532.653674	0.06400099999973463	states												"        state_name
id                
17  reward_big_son"
4532.717675	0.9364910000003874	states												"        state_name
id                
22  post_reward_on"
4533.654166	0.0765080000001035	states												"         state_name
id                 
23  post_reward_off"
4533.730674	4.874491999999918	states												"         state_name
id                 
24  soft_drink_time"
4538.605166	0.0005069999997431296	states												"    state_name
id            
25  warndanger"
4538.605673	3.0000010000003385	states												"            state_name
id                    
26  warndanger_warning"
4541.606166	11.572508000000198	trials	1.0	r	2.0	p	1.0	r	0.0	0.0	1.0	r	p	
4541.606166	11.572508000000198	states												"   state_name
id           
0     state_0"
4541.606166	0.016000000000531145	states												"          state_name
id                  
1   sending_trialnum"
4541.622166	3.7695119999998496	states												"      state_name
id              
3   wait_for_cin"
4545.391678	1.000489000000016	states												"   state_name
id           
4     context"
4546.392167	0.0010000000002037268	states												"   state_name
id           
6       csgap"
4546.393167	0.08299900000019989	states												"   state_name
id           
11    stim_on"
4546.476166	0.0005059999994045938	states												"            state_name
id                    
14  son_reward_chooser"
4546.476672	0.06399899999996705	states												"        state_name
id                
17  reward_big_son"
4546.540671	0.9364949999999226	states												"        state_name
id                
22  post_reward_on"
4547.477166	0.017001000000163913	states												"         state_name
id                 
23  post_reward_off"
4547.494167	2.683506999999736	states												"         state_name
id                 
24  soft_drink_time"
4550.177674	0.0004920000001220615	states												"    state_name
id            
25  warndanger"
4550.178166	3.0005080000000817	states												"            state_name
id                    
26  warndanger_warning"
4553.179174	10.322505000000092	trials	1.0	r	2.0	p	1.0	r	0.0	0.0	1.0	r	p	
4553.179174	10.322505000000092	states												"   state_name
id           
0     state_0"
4553.179174	0.0160040000000663	states												"          state_name
id                  
1   sending_trialnum"
4553.195178	1.6074939999998605	states												"      state_name
id              
3   wait_for_cin"
4554.802672	1.0004939999998896	states												"   state_name
id           
4     context"
4555.803166	0.0015050000001792796	states												"   state_name
id           
6       csgap"
4555.804671	0.3505040000000008	states												"   state_name
id           
11    stim_on"
4556.155175	0.0005040000005465117	states												"            state_name
id                    
14  son_reward_chooser"
4556.155679	0.06399799999962852	states												"        state_name
id                
17  reward_big_son"
4556.219677	0.9364889999997104	states												"        state_name
id                
22  post_reward_on"
4557.156166	0.11000000000058208	states												"         state_name
id                 
23  post_reward_off"
4557.266166	3.2344999999995707	states												"         state_name
id                 
24  soft_drink_time"
4560.500666	0.000503000000207976	states												"    state_name
id            
25  warndanger"
4560.501169	3.0005099999998492	states												"            state_name
id                    
26  warndanger_warning"
4563.502167	16.969004999999925	trials	1.0	r	2.0	p	1.0	r	0.0	0.0	1.0	r	p	
4563.502167	16.969004999999925	states												"   state_name
id           
0     state_0"
4563.502167	0.01599900000019261	states												"          state_name
id                  
1   sending_trialnum"
4563.518166	1.6035130000000208	states												"      state_name
id              
3   wait_for_cin"
4565.121679	1.0004870000002484	states												"   state_name
id           
4     context"
4566.122166	0.0010019999999713036	states												"   state_name
id           
6       csgap"
4566.123168	0.19499799999994138	states												"   state_name
id           
11    stim_on"
4566.318166	0.0005099999998492422	states												"            state_name
id                    
14  son_reward_chooser"
4566.318676	0.06399700000019948	states												"        state_name
id                
17  reward_big_son"
4566.382673	0.936493000000155	states												"        state_name
id                
22  post_reward_on"
4567.319166	0.15000199999940378	states												"         state_name
id                 
23  post_reward_off"
4567.469168	10.000998000000436	states												"         state_name
id                 
24  soft_drink_time"
4577.470166	0.000503999999637017	states												"    state_name
id            
25  warndanger"
4577.47067	3.0005019999998694	states												"            state_name
id                    
26  warndanger_warning"
4580.471686	20.770480000000134	trials	1.0	r	2.0	p	1.0	r	0.0	0.0	1.0	r	p	
4580.471686	20.770480000000134	states												"   state_name
id           
0     state_0"
4580.471686	0.01598999999987427	states												"          state_name
id                  
1   sending_trialnum"
4580.487676	8.720013000000108	states												"      state_name
id              
3   wait_for_cin"
4589.207689	1.00047799999993	states												"   state_name
id           
4     context"
4590.208167	0.0010000000002037268	states												"   state_name
id           
6       csgap"
4590.209167	0.3040069999997286	states												"   state_name
id           
11    stim_on"
4590.513174	0.0005019999998694402	states												"            state_name
id                    
14  son_reward_chooser"
4590.513676	0.06399800000053801	states												"        state_name
id                
17  reward_big_son"
4590.577674	0.9364919999998165	states												"        state_name
id                
22  post_reward_on"
4591.514166	0.9470049999999901	states												"         state_name
id                 
23  post_reward_off"
4592.461171	5.780501000000186	states												"         state_name
id                 
24  soft_drink_time"
4598.241672	0.0004939999998896383	states												"    state_name
id            
25  warndanger"
4598.242166	3.0	states												"            state_name
id                    
26  warndanger_warning"
4601.242667	11.543498999999429	trials	1.0	r	2.0	p	1.0	r	0.0	0.0	1.0	r	p	
4601.242667	11.543498999999429	states												"   state_name
id           
0     state_0"
4601.242667	0.01599999999962165	states												"          state_name
id                  
1   sending_trialnum"
4601.258667	1.7104989999997997	states												"      state_name
id              
3   wait_for_cin"
4602.969166	1.0005120000005263	states												"   state_name
id           
4     context"
4603.969678	0.00148799999988114	states												"   state_name
id           
6       csgap"
4603.971166	0.15450999999939086	states												"   state_name
id           
11    stim_on"
4604.125676	0.0004910000006930204	states												"            state_name
id                    
14  son_reward_chooser"
4604.126167	0.06399899999996705	states												"        state_name
id                
17  reward_big_son"
4604.190166	0.9365159999997559	states												"        state_name
id                
22  post_reward_on"
4605.126682	0.07248600000002625	states												"         state_name
id                 
23  post_reward_off"
4605.199168	4.586003999999775	states												"         state_name
id                 
24  soft_drink_time"
4609.785172	0.0005040000005465117	states												"    state_name
id            
25  warndanger"
4609.785676	3.000489999999445	states												"            state_name
id                    
26  warndanger_warning"
4612.78667	12.114495999999235	trials	1.0	r	2.0	p	1.0	r	0.0	0.0	1.0	r	p	
4612.78667	12.114495999999235	states												"   state_name
id           
0     state_0"
4612.78667	0.015998999999283114	states												"          state_name
id                  
1   sending_trialnum"
4612.802669	1.457498000000669	states												"      state_name
id              
3   wait_for_cin"
4614.260167	1.0005099999998492	states												"   state_name
id           
4     context"
4615.260677	0.0010059999995064572	states												"   state_name
id           
6       csgap"
4615.261683	0.13148799999999028	states												"   state_name
id           
11    stim_on"
4615.393171	0.000503000000207976	states												"            state_name
id                    
14  son_reward_chooser"
4615.393674	0.06400000000030559	states												"        state_name
id                
17  reward_big_son"
4615.457674	0.9364919999998165	states												"        state_name
id                
22  post_reward_on"
4616.394166	0.285001000000193	states												"         state_name
id                 
23  post_reward_off"
4616.679167	5.221004999999423	states												"         state_name
id                 
24  soft_drink_time"
4621.900172	0.0005049999999755528	states												"    state_name
id            
25  warndanger"
4621.900677	3.000489000000016	states												"            state_name
id                    
26  warndanger_warning"
4624.901675	21.934997000000294	trials	1.0	r	2.0	p	1.0	r	0.0	0.0	1.0	r	p	
4624.901675	21.934997000000294	states												"   state_name
id           
0     state_0"
4624.901675	0.01599999999962165	states												"          state_name
id                  
1   sending_trialnum"
4624.917675	14.361002000000553	states												"      state_name
id              
3   wait_for_cin"
4639.278677	1.0000030000001061	states												"   state_name
id           
4     context"
4640.27868	0.0014859999992040684	states												"   state_name
id           
6       csgap"
4640.280166	0.5540000000000873	states												"   state_name
id           
11    stim_on"
4640.834166	0.0005040000005465117	states												"            state_name
id                    
14  son_reward_chooser"
4640.83467	0.0639999999993961	states												"        state_name
id                
17  reward_big_son"
4640.89867	0.9364980000000287	states												"        state_name
id                
22  post_reward_on"
4641.835168	2.000506000000314	states												"         state_name
id                 
23  post_reward_off"
4643.835674	0.0004930000004605972	states												"    state_name
id            
25  warndanger"
4643.836167	3.0005049999999756	states												"            state_name
id                    
26  warndanger_warning"
4646.837175	22.77299100000073	trials	1.0	r	2.0	p	1.0	r	0.0	0.0	1.0	r	p	
4646.837175	22.77299100000073	states												"   state_name
id           
0     state_0"
4646.837175	0.015992999999980384	states												"          state_name
id                  
1   sending_trialnum"
4646.853168	14.784999000000425	states												"      state_name
id              
3   wait_for_cin"
4661.638167	1.0005000000001019	states												"   state_name
id           
4     context"
4662.638667	0.0010089999996125698	states												"   state_name
id           
6       csgap"
4662.639676	0.08699299999989307	states												"   state_name
id           
11    stim_on"
4662.726669	0.0005090000004202011	states												"            state_name
id                    
14  son_reward_chooser"
4662.727178	0.06400099999973463	states												"        state_name
id                
17  reward_big_son"
4662.791179	0.9364960000002611	states												"        state_name
id                
22  post_reward_on"
4663.727675	0.0494909999997617	states												"         state_name
id                 
23  post_reward_off"
4663.777166	2.8325089999998454	states												"         state_name
id                 
24  soft_drink_time"
4666.609675	0.0004910000006930204	states												"    state_name
id            
25  warndanger"
4666.610166	3.0	states												"            state_name
id                    
26  warndanger_warning"
4669.610682	12.654004999999415	trials	1.0	r	2.0	p	1.0	r	0.0	0.0	1.0	r	p	
4669.610682	12.654004999999415	states												"   state_name
id           
0     state_0"
4669.610682	0.0159879999991972	states												"          state_name
id                  
1   sending_trialnum"
4669.62667	2.6175020000000586	states												"      state_name
id              
3   wait_for_cin"
4672.244172	1.0005049999999756	states												"   state_name
id           
4     context"
4673.244677	0.0014890000002196757	states												"   state_name
id           
6       csgap"
4673.246166	0.29351300000053016	states												"   state_name
id           
11    stim_on"
4673.539679	0.00048799999967741314	states												"            state_name
id                    
14  son_reward_chooser"
4673.540167	0.06399899999996705	states												"        state_name
id                
17  reward_big_son"
4673.604166	0.93650499999967	states												"        state_name
id                
22  post_reward_on"
4674.540671	0.09149500000057742	states												"         state_name
id                 
23  post_reward_off"
4674.632166	4.631500999999844	states												"         state_name
id                 
24  soft_drink_time"
4679.263667	0.0004989999997633277	states												"    state_name
id            
25  warndanger"
4679.264166	3.000520999999935	states												"            state_name
id                    
26  warndanger_warning"
4682.265166	8.751500999999735	trials	1.0	r	2.0	p	1.0	r	0.0	0.0	1.0	r	p	
4682.265166	8.751500999999735	states												"   state_name
id           
0     state_0"
4682.265166	0.01599999999962165	states												"          state_name
id                  
1   sending_trialnum"
4682.281166	1.0985010000003967	states												"      state_name
id              
3   wait_for_cin"
4683.379667	1.0000060000002122	states												"   state_name
id           
4     context"
4684.379673	0.0014929999997548293	states												"   state_name
id           
6       csgap"
4684.381166	0.07300000000032014	states												"   state_name
id           
11    stim_on"
4684.454166	0.000511999999616819	states												"            state_name
id                    
14  son_reward_chooser"
4684.454678	0.06399899999996705	states												"        state_name
id                
17  reward_big_son"
4684.518677	0.936493000000155	states												"        state_name
id                
22  post_reward_on"
4685.45517	0.07950299999993149	states												"         state_name
id                 
23  post_reward_off"
4685.534673	2.481007000000318	states												"         state_name
id                 
24  soft_drink_time"
4688.01568	0.00048599999990983633	states												"    state_name
id            
25  warndanger"
4688.016166	3.000500999999531	states												"            state_name
id                    
26  warndanger_warning"
4691.017167	9.168510999999853	trials	1.0	r	2.0	p	1.0	r	0.0	0.0	1.0	r	p	
4691.017167	9.168510999999853	states												"   state_name
id           
0     state_0"
4691.017167	0.016000999999960186	states												"          state_name
id                  
1   sending_trialnum"
4691.033168	0.3415080000004309	states												"      state_name
id              
3   wait_for_cin"
4691.374676	1.0004909999997835	states												"   state_name
id           
4     context"
4692.375167	0.001502000000073167	states												"   state_name
id           
6       csgap"
4692.376669	0.4524989999999889	states												"   state_name
id           
11    stim_on"
4692.829168	0.0005099999998492422	states												"            state_name
id                    
14  son_reward_chooser"
4692.829678	0.06399799999962852	states												"        state_name
id                
17  reward_big_son"
4692.893676	0.9364900000000489	states												"        state_name
id                
22  post_reward_on"
4693.830166	0.08351700000002893	states												"         state_name
id                 
23  post_reward_off"
4693.913683	3.2709869999998773	states												"         state_name
id                 
24  soft_drink_time"
4697.18467	0.0004969999999957508	states												"    state_name
id            
25  warndanger"
4697.185167	3.0005110000001878	states												"            state_name
id                    
26  warndanger_warning"
4700.186166	12.9170009999998	trials	1.0	r	2.0	p	1.0	r	0.0	0.0	1.0	r	p	
4700.186166	12.9170009999998	states												"   state_name
id           
0     state_0"
4700.186166	0.01599999999962165	states												"          state_name
id                  
1   sending_trialnum"
4700.202166	0.0749999999998181	states												"      state_name
id              
3   wait_for_cin"
4700.277166	1.0000060000002122	states												"   state_name
id           
4     context"
4701.277172	0.0014949999995224061	states												"   state_name
id           
6       csgap"
4701.278667	0.3990090000006603	states												"   state_name
id           
11    stim_on"
4701.677676	0.00048999999944499	states												"            state_name
id                    
14  son_reward_chooser"
4701.678166	0.06400000000030559	states												"        state_name
id                
17  reward_big_son"
4701.742166	0.9365120000002207	states												"        state_name
id                
22  post_reward_on"
4702.678678	0.10998899999958667	states												"         state_name
id                 
23  post_reward_off"
4702.788667	7.313498999999865	states												"         state_name
id                 
24  soft_drink_time"
4710.102166	0.0005160000000614673	states												"    state_name
id            
25  warndanger"
4710.102682	3.000485000000481	states												"            state_name
id                    
26  warndanger_warning"
4713.103675	10.96849099999963	trials	1.0	r	2.0	p	1.0	r	0.0	0.0	1.0	r	p	
4713.103675	10.96849099999963	states												"   state_name
id           
0     state_0"
4713.103675	0.01599999999962165	states												"          state_name
id                  
1   sending_trialnum"
4713.119675	2.67149100000006	states												"      state_name
id              
3   wait_for_cin"
4715.791166	1.0	states												"   state_name
id           
4     context"
4716.791166	0.0015030000004117028	states												"   state_name
id           
6       csgap"
4716.792669	0.04249899999922491	states												"   state_name
id           
11    stim_on"
4716.835168	0.0005040000005465117	states												"            state_name
id                    
14  son_reward_chooser"
4716.835672	0.06400099999973463	states												"        state_name
id                
17  reward_big_son"
4716.899673	0.936493000000155	states												"        state_name
id                
22  post_reward_on"
4717.836166	0.1180000000003929	states												"         state_name
id                 
23  post_reward_off"
4717.954166	3.1170049999991534	states												"         state_name
id                 
24  soft_drink_time"
4721.071171	0.0005080000000816653	states												"    state_name
id            
25  warndanger"
4721.071679	3.0004870000002484	states												"            state_name
id                    
26  warndanger_warning"
4724.07267	17.343002000000524	trials	1.0	r	2.0	p	1.0	r	0.0	0.0	1.0	r	p	
4724.07267	17.343002000000524	states												"   state_name
id           
0     state_0"
4724.07267	0.016000000000531145	states												"          state_name
id                  
1   sending_trialnum"
4724.08867	2.4995069999995394	states												"      state_name
id              
3   wait_for_cin"
4726.588177	1.0004900000003545	states												"   state_name
id           
4     context"
4727.588667	0.0010050000000774162	states												"   state_name
id           
6       csgap"
4727.589672	0.4104939999997441	states												"   state_name
id           
11    stim_on"
4728.000166	0.0005090000004202011	states												"            state_name
id                    
14  son_reward_chooser"
4728.000675	0.06400099999973463	states												"        state_name
id                
17  reward_big_son"
4728.064676	0.9364900000000489	states												"        state_name
id                
22  post_reward_on"
4729.001166	0.052999999999883585	states												"         state_name
id                 
23  post_reward_off"
4729.054166	9.360512000000199	states												"         state_name
id                 
24  soft_drink_time"
4738.414678	0.0004939999998896383	states												"    state_name
id            
25  warndanger"
4738.415172	3.000500000000102	states												"            state_name
id                    
26  warndanger_warning"
4741.416166	22.997511999999915	trials	1.0	r	2.0	p	1.0	r	0.0	0.0	1.0	r	p	
4741.416166	22.997511999999915	states												"   state_name
id           
0     state_0"
4741.416166	0.01599999999962165	states												"          state_name
id                  
1   sending_trialnum"
4741.432166	15.209508000000824	states												"      state_name
id              
3   wait_for_cin"
4756.641674	1.0	states												"   state_name
id           
4     context"
4757.641674	0.0010009999996327679	states												"   state_name
id           
6       csgap"
4757.642675	0.43399500000032276	states												"   state_name
id           
11    stim_on"
4758.07667	0.0004959999996572151	states												"            state_name
id                    
14  son_reward_chooser"
4758.077166	0.06400200000007317	states												"        state_name
id                
17  reward_big_son"
4758.141168	0.9365079999997761	states												"        state_name
id                
22  post_reward_on"
4759.077676	0.08899300000030053	states												"         state_name
id                 
23  post_reward_off"
4759.166669	2.2460000000000946	states												"         state_name
id                 
24  soft_drink_time"
4761.412669	0.0004989999997633277	states												"    state_name
id            
25  warndanger"
4761.413168	3.0005099999998492	states												"            state_name
id                    
26  warndanger_warning"
4764.414166	58.31300100000044	trials	1.0	r	2.0	p	1.0	r	0.0	0.0	1.0	r	p	
4764.414166	58.31300100000044	states												"   state_name
id           
0     state_0"
4764.414166	0.016000000000531145	states												"          state_name
id                  
1   sending_trialnum"
4764.430166	50.67450600000029	states												"      state_name
id              
3   wait_for_cin"
4815.104672	1.0004939999998896	states												"   state_name
id           
4     context"
4816.105166	0.0009999999992942321	states												"   state_name
id           
6       csgap"
4816.106166	0.07301000000006752	states												"   state_name
id           
11    stim_on"
4816.179176	0.0005000000001018634	states												"            state_name
id                    
14  son_reward_chooser"
4816.179676	0.06399700000019948	states												"        state_name
id                
17  reward_big_son"
4816.243673	0.936493000000155	states												"        state_name
id                
22  post_reward_on"
4817.180166	0.11650999999983469	states												"         state_name
id                 
23  post_reward_off"
4817.296676	2.429490000000442	states												"         state_name
id                 
24  soft_drink_time"
4819.726166	0.0005160000000614673	states												"    state_name
id            
25  warndanger"
4819.726682	3.0004849999995713	states												"            state_name
id                    
26  warndanger_warning"
4822.727675	16.580001000000266	trials	1.0	r	2.0	p	1.0	r	0.0	0.0	1.0	r	p	
4822.727675	16.580001000000266	states												"   state_name
id           
0     state_0"
4822.727675	0.016000999999960186	states												"          state_name
id                  
1   sending_trialnum"
4822.743676	0.0004900000003544847	states												"      state_name
id              
3   wait_for_cin"
4822.744166	1.0	states												"   state_name
id           
4     context"
4823.744166	0.0010019999999713036	states												"   state_name
id           
6       csgap"
4823.745168	1.0000109999991764	states												"   state_name
id           
11    stim_on"
4824.745179	0.001502000000073167	states												"   state_name
id           
12   stim_off"
4824.746681	4.847999000000527	states												"        state_name
id                
13  wait_for_spoke"
4829.59468	0.0004909999997835257	states												"             state_name
id                     
15  soff_reward_chooser"
4829.595171	0.06399899999996705	states												"         state_name
id                 
16  reward_big_soff"
4829.65917	0.2829959999999119	states												"         state_name
id                 
23  post_reward_off"
4829.942166	6.364999999999782	states												"         state_name
id                 
24  soft_drink_time"
4836.307166	0.0005090000004202011	states												"    state_name
id            
25  warndanger"
4836.307675	3.0000010000003385	states												"            state_name
id                    
26  warndanger_warning"
4839.308172	16.129001999999673	trials	1.0	r	2.0	p	1.0	r	0.0	0.0	1.0	r	p	
4839.308172	16.129001999999673	states												"   state_name
id           
0     state_0"
4839.308172	0.01599400000031892	states												"          state_name
id                  
1   sending_trialnum"
4839.324166	0.0005080000000816653	states												"      state_name
id              
3   wait_for_cin"
4839.324674	1.0000069999996413	states												"   state_name
id           
4     context"
4840.324681	0.0014849999997750274	states												"   state_name
id           
6       csgap"
4840.326166	1.000506000000314	states												"   state_name
id           
11    stim_on"
4841.326672	0.0010089999996125698	states												"   state_name
id           
12   stim_off"
4841.327681	1.0314900000003036	states												"        state_name
id                
13  wait_for_spoke"
4842.359171	0.000503999999637017	states												"             state_name
id                     
15  soff_reward_chooser"
4842.359675	0.06399899999996705	states												"         state_name
id                 
16  reward_big_soff"
4842.423674	0.01199799999994866	states												"         state_name
id                 
23  post_reward_off"
4842.435672	10.0004940000008	states												"         state_name
id                 
24  soft_drink_time"
4852.436166	0.0005089999995107064	states												"    state_name
id            
25  warndanger"
4852.436675	3.0004989999997633	states												"            state_name
id                    
26  warndanger_warning"
4855.43768	8.855004000000008	trials	1.0	r	2.0	p	1.0	r	0.0	0.0	1.0	r	p	
4855.43768	8.855004000000008	states												"   state_name
id           
0     state_0"
4855.43768	0.01599999999962165	states												"          state_name
id                  
1   sending_trialnum"
4855.45368	1.3219970000000103	states												"      state_name
id              
3   wait_for_cin"
4856.775677	1.000489000000016	states												"   state_name
id           
4     context"
4857.776166	0.0010030000003098394	states												"   state_name
id           
6       csgap"
4857.777169	0.02300100000047678	states												"   state_name
id           
11    stim_on"
4857.80017	0.0005029999992984813	states												"            state_name
id                    
14  son_reward_chooser"
4857.800673	0.06399700000019948	states												"        state_name
id                
17  reward_big_son"
4857.86467	0.9364990000003672	states												"        state_name
id                
22  post_reward_on"
4858.801169	0.011996999999610125	states												"         state_name
id                 
23  post_reward_off"
4858.813166	2.478519000000233	states												"         state_name
id                 
24  soft_drink_time"
4861.291685	0.00048100000003614696	states												"    state_name
id            
25  warndanger"
4861.292166	3.000517999999829	states												"            state_name
id                    
26  warndanger_warning"
4864.293169	15.544996999999967	trials	1.0	r	2.0	p	1.0	r	0.0	0.0	1.0	r	p	
4864.293169	15.544996999999967	states												"   state_name
id           
0     state_0"
4864.293169	0.015997000000425032	states												"          state_name
id                  
1   sending_trialnum"
4864.309166	7.790509000000384	states												"      state_name
id              
3   wait_for_cin"
4872.099675	1.000500999999531	states												"   state_name
id           
4     context"
4873.100176	0.0015030000004117028	states												"   state_name
id           
6       csgap"
4873.101679	0.539995999999519	states												"   state_name
id           
11    stim_on"
4873.641675	0.0004920000001220615	states												"            state_name
id                    
14  son_reward_chooser"
4873.642167	0.06399899999996705	states												"        state_name
id                
17  reward_big_son"
4873.706166	0.9365139999999883	states												"        state_name
id                
22  post_reward_on"
4874.64268	0.1219970000001922	states												"         state_name
id                 
23  post_reward_off"
4874.764677	2.0724920000002385	states												"         state_name
id                 
24  soft_drink_time"
4876.837169	0.0005069999997431296	states												"    state_name
id            
25  warndanger"
4876.837676	3.000489999999445	states												"            state_name
id                    
26  warndanger_warning"
4879.838674	10.369493000000148	trials	1.0	r	2.0	p	1.0	r	0.0	0.0	1.0	r	p	
4879.838674	10.369493000000148	states												"   state_name
id           
0     state_0"
4879.838674	0.016000000000531145	states												"          state_name
id                  
1   sending_trialnum"
4879.854674	1.9309969999994792	states												"      state_name
id              
3   wait_for_cin"
4881.785671	1.0000030000001061	states												"   state_name
id           
4     context"
4882.785674	0.001493000000664324	states												"   state_name
id           
6       csgap"
4882.787167	0.40999899999951595	states												"   state_name
id           
11    stim_on"
4883.197166	0.0005060000003140885	states												"            state_name
id                    
14  son_reward_chooser"
4883.197672	0.0639999999993961	states												"        state_name
id                
17  reward_big_son"
4883.261672	0.9364940000004935	states												"        state_name
id                
22  post_reward_on"
4884.198166	0.03401000000030763	states												"         state_name
id                 
23  post_reward_off"
4884.232176	2.9755029999996623	states												"         state_name
id                 
24  soft_drink_time"
4887.207679	0.0004870000002483721	states												"    state_name
id            
25  warndanger"
4887.208166	3.000000999999429	states												"            state_name
id                    
26  warndanger_warning"
4890.208668	12.538499999999658	trials	1.0	r	2.0	p	1.0	r	0.0	0.0	1.0	r	p	
4890.208668	12.538499999999658	states												"   state_name
id           
0     state_0"
4890.208668	0.016001999999389227	states												"          state_name
id                  
1   sending_trialnum"
4890.22467	4.363495999999941	states												"      state_name
id              
3   wait_for_cin"
4894.588166	1.000505000000885	states												"   state_name
id           
4     context"
4895.588671	0.0010029999994003447	states												"   state_name
id           
6       csgap"
4895.589674	0.7144920000000639	states												"   state_name
id           
11    stim_on"
4896.304166	0.0005040000005465117	states												"            state_name
id                    
14  son_reward_chooser"
4896.30467	0.0639999999993961	states												"        state_name
id                
17  reward_big_son"
4896.36867	0.936507000000347	states												"        state_name
id                
22  post_reward_on"
4897.305177	0.0454939999999624	states												"         state_name
id                 
23  post_reward_off"
4897.350671	2.3954949999997552	states												"         state_name
id                 
24  soft_drink_time"
4899.746166	0.0005190000001675799	states												"    state_name
id            
25  warndanger"
4899.746685	3.0004829999998037	states												"            state_name
id                    
26  warndanger_warning"
4902.747674	9.550002999999379	trials	1.0	r	2.0	p	1.0	r	0.0	0.0	1.0	r	p	
4902.747674	9.550002999999379	states												"   state_name
id           
0     state_0"
4902.747674	0.01599999999962165	states												"          state_name
id                  
1   sending_trialnum"
4902.763674	0.23549199999979464	states												"      state_name
id              
3   wait_for_cin"
4902.999166	1.0000010000003385	states												"   state_name
id           
4     context"
4903.999167	0.0015069999999468564	states												"   state_name
id           
6       csgap"
4904.000674	0.5434919999997874	states												"   state_name
id           
11    stim_on"
4904.544166	0.0005110000001877779	states												"            state_name
id                    
14  son_reward_chooser"
4904.544677	0.06399800000053801	states												"        state_name
id                
17  reward_big_son"
4904.608675	0.9364909999994779	states												"        state_name
id                
22  post_reward_on"
4905.545166	0.07850700000017241	states												"         state_name
id                 
23  post_reward_off"
4905.623673	3.673496000000341	states												"         state_name
id                 
24  soft_drink_time"
4909.297169	0.0004979999994247919	states												"    state_name
id            
25  warndanger"
4909.297667	3.0000099999997474	states												"            state_name
id                    
26  warndanger_warning"
4912.298166	8.156016000000818	trials	1.0	r	2.0	p	1.0	r	0.0	0.0	1.0	r	p	
4912.298166	8.156016000000818	states												"   state_name
id           
0     state_0"
4912.298166	0.016000000000531145	states												"          state_name
id                  
1   sending_trialnum"
4912.314166	0.4830039999997098	states												"      state_name
id              
3   wait_for_cin"
4912.79717	1.0005049999999756	states												"   state_name
id           
4     context"
4913.797675	0.0014909999999872525	states												"   state_name
id           
6       csgap"
4913.799166	0.11951300000055198	states												"   state_name
id           
11    stim_on"
4913.918679	0.0004869999993388774	states												"            state_name
id                    
14  son_reward_chooser"
4913.919166	0.06401000000005297	states												"        state_name
id                
17  reward_big_son"
4913.983176	0.9365000000007058	states												"        state_name
id                
22  post_reward_on"
4914.919676	0.12499699999989389	states												"         state_name
id                 
23  post_reward_off"
4915.044673	2.4084939999993367	states												"         state_name
id                 
24  soft_drink_time"
4917.453167	0.0005100000007587369	states												"    state_name
id            
25  warndanger"
4917.453677	3.0005049999999756	states												"            state_name
id                    
26  warndanger_warning"
4920.454675	11.098998000000392	trials	1.0	r	2.0	p	1.0	r	0.0	0.0	1.0	r	p	
4920.454675	11.098998000000392	states												"   state_name
id           
0     state_0"
4920.454675	0.01599900000019261	states												"          state_name
id                  
1   sending_trialnum"
4920.470674	3.040495999999621	states												"      state_name
id              
3   wait_for_cin"
4923.51117	1.0005099999998492	states												"   state_name
id           
4     context"
4924.51168	0.0010010000005422626	states												"   state_name
id           
6       csgap"
4924.512681	0.07048500000018976	states												"   state_name
id           
11    stim_on"
4924.583166	0.0005109999992782832	states												"            state_name
id                    
14  son_reward_chooser"
4924.583677	0.06400000000030559	states												"        state_name
id                
17  reward_big_son"
4924.647677	0.9364900000000489	states												"        state_name
id                
22  post_reward_on"
4925.584167	0.00850700000046345	states												"         state_name
id                 
23  post_reward_off"
4925.592674	2.959993999999824	states												"         state_name
id                 
24  soft_drink_time"
4928.552668	0.0005009999995309045	states												"    state_name
id            
25  warndanger"
4928.553169	3.0005040000005465	states												"            state_name
id                    
26  warndanger_warning"
4931.554167	10.41751899999963	trials	1.0	r	2.0	p	1.0	r	0.0	0.0	1.0	r	p	
4931.554167	10.41751899999963	states												"   state_name
id           
0     state_0"
4931.554167	0.01599900000019261	states												"          state_name
id                  
1   sending_trialnum"
4931.570166	0.0005059999994045938	states												"      state_name
id              
3   wait_for_cin"
4931.570672	1.0004969999999958	states												"   state_name
id           
4     context"
4932.571169	0.0014989999999670545	states												"   state_name
id           
6       csgap"
4932.572668	1.0000049999998737	states												"   state_name
id           
11    stim_on"
4933.572673	0.0010050000000774162	states												"   state_name
id           
12   stim_off"
4933.573678	1.4369950000000244	states												"        state_name
id                
13  wait_for_spoke"
4935.010673	0.0004930000004605972	states												"             state_name
id                     
15  soff_reward_chooser"
4935.011166	0.0639999999993961	states												"         state_name
id                 
16  reward_big_soff"
4935.075166	0.5850000000000364	states												"         state_name
id                 
23  post_reward_off"
4935.660166	3.3110050000004776	states												"         state_name
id                 
24  soft_drink_time"
4938.971171	0.0005019999998694402	states												"    state_name
id            
25  warndanger"
4938.971673	3.0000129999998535	states												"            state_name
id                    
26  warndanger_warning"
4941.972166	15.919001000000208	trials	1.0	r	2.0	p	1.0	r	0.0	0.0	1.0	r	p	
4941.972166	15.919001000000208	states												"   state_name
id           
0     state_0"
4941.972166	0.016000000000531145	states												"          state_name
id                  
1   sending_trialnum"
4941.988166	6.390999999999622	states												"      state_name
id              
3   wait_for_cin"
4948.379166	1.0000010000003385	states												"   state_name
id           
4     context"
4949.379167	0.001502999999502208	states												"   state_name
id           
6       csgap"
4949.38067	0.09149600000000646	states												"   state_name
id           
11    stim_on"
4949.472166	0.0005110000001877779	states												"            state_name
id                    
14  son_reward_chooser"
4949.472677	0.06400000000030559	states												"        state_name
id                
17  reward_big_son"
4949.536677	0.9364919999998165	states												"        state_name
id                
22  post_reward_on"
4950.473169	0.1125080000001617	states												"         state_name
id                 
23  post_reward_off"
4950.585677	4.304489000000103	states												"         state_name
id                 
24  soft_drink_time"
4954.890166	0.000511999999616819	states												"    state_name
id            
25  warndanger"
4954.890678	3.000489000000016	states												"            state_name
id                    
26  warndanger_warning"
4957.891674	10.911007999999129	trials	1.0	r	2.0	p	1.0	r	0.0	0.0	1.0	r	p	
4957.891674	10.911007999999129	states												"   state_name
id           
0     state_0"
4957.891674	0.01599999999962165	states												"          state_name
id                  
1   sending_trialnum"
4957.907674	2.449493000000075	states												"      state_name
id              
3   wait_for_cin"
4960.357167	1.0005069999997431	states												"   state_name
id           
4     context"
4961.357674	0.0015009999997346313	states												"   state_name
id           
6       csgap"
4961.359175	0.021497000000636035	states												"   state_name
id           
11    stim_on"
4961.380672	0.000503000000207976	states												"            state_name
id                    
14  son_reward_chooser"
4961.381175	0.06399099999998725	states												"        state_name
id                
17  reward_big_son"
4961.445166	0.9365099999995437	states												"        state_name
id                
22  post_reward_on"
4962.381676	0.007999999999810825	states												"         state_name
id                 
23  post_reward_off"
4962.389676	3.4124900000006164	states												"         state_name
id                 
24  soft_drink_time"
4965.802166	0.0005049999999755528	states												"    state_name
id            
25  warndanger"
4965.802671	3.0000109999991764	states												"            state_name
id                    
26  warndanger_warning"
4968.803167	20.641501000000062	trials	1.0	r	2.0	p	1.0	r	0.0	0.0	1.0	r	p	
4968.803167	20.641501000000062	states												"   state_name
id           
0     state_0"
4968.803167	0.01599900000019261	states												"          state_name
id                  
1   sending_trialnum"
4968.819166	13.452511999999842	states												"      state_name
id              
3   wait_for_cin"
4982.271678	1.0004879999996774	states												"   state_name
id           
4     context"
4983.272166	0.0010010000005422626	states												"   state_name
id           
6       csgap"
4983.273167	0.13399899999967602	states												"   state_name
id           
11    stim_on"
4983.407166	0.0005080000000816653	states												"            state_name
id                    
14  son_reward_chooser"
4983.407674	0.06399899999996705	states												"        state_name
id                
17  reward_big_son"
4983.471673	0.936493999999584	states												"        state_name
id                
22  post_reward_on"
4984.408167	0.03550500000073953	states												"         state_name
id                 
23  post_reward_off"
4984.443672	2.0	states												"         state_name
id                 
24  soft_drink_time"
4986.443672	0.0004949999993186793	states												"    state_name
id            
25  warndanger"
4986.444167	3.0005010000004404	states												"            state_name
id                    
26  warndanger_warning"
4989.44517	8.14450399999987	trials	1.0	r	2.0	p	1.0	r	0.0	0.0	1.0	r	p	
4989.44517	8.14450399999987	states												"   state_name
id           
0     state_0"
4989.44517	0.01599900000019261	states												"          state_name
id                  
1   sending_trialnum"
4989.461169	0.9435029999995095	states												"      state_name
id              
3   wait_for_cin"
4990.404672	1.0000090000003183	states												"   state_name
id           
4     context"
4991.404681	0.0014849999997750274	states												"   state_name
id           
6       csgap"
4991.406166	0.20651100000031875	states												"   state_name
id           
11    stim_on"
4991.612677	0.0004909999997835257	states												"            state_name
id                    
14  son_reward_chooser"
4991.613168	0.06399899999996705	states												"        state_name
id                
17  reward_big_son"
4991.677167	0.9365100000004531	states												"        state_name
id                
22  post_reward_on"
4992.613677	0.04399699999976292	states												"         state_name
id                 
23  post_reward_off"
4992.657674	1.9309990000001562	states												"         state_name
id                 
24  soft_drink_time"
4994.588673	0.0004979999994247919	states												"    state_name
id            
25  warndanger"
4994.589171	3.000503000000208	states												"            state_name
id                    
26  warndanger_warning"
4997.590177	38.36749899999995	trials	1.0	r	2.0	p	1.0	r	0.0	0.0	1.0	r	p	
4997.590177	38.36749899999995	states												"   state_name
id           
0     state_0"
4997.590177	0.015988999999535736	states												"          state_name
id                  
1   sending_trialnum"
4997.606166	28.25850100000025	states												"      state_name
id              
3   wait_for_cin"
5025.864667	1.0000120000004245	states												"   state_name
id           
4     context"
5026.864679	0.0014949999995224061	states												"   state_name
id           
6       csgap"
5026.866174	0.03799200000048586	states												"   state_name
id           
11    stim_on"
5026.904166	0.0005149999997229315	states												"            state_name
id                    
14  son_reward_chooser"
5026.904681	0.06400000000030559	states												"        state_name
id                
17  reward_big_son"
5026.968681	0.9364849999992657	states												"        state_name
id                
22  post_reward_on"
5027.905166	0.014510000000882428	states												"         state_name
id                 
23  post_reward_off"
5027.919676	5.036990999999944	states												"         state_name
id                 
24  soft_drink_time"
5032.956667	0.0005109999992782832	states												"    state_name
id            
25  warndanger"
5032.957178	3.0004980000003343	states												"            state_name
id                    
26  warndanger_warning"
5035.958166	20.309518999999455	trials	1.0	r	2.0	p	1.0	r	0.0	0.0	1.0	r	p	
5035.958166	20.309518999999455	states												"   state_name
id           
0     state_0"
5035.958166	0.01599999999962165	states												"          state_name
id                  
1   sending_trialnum"
5035.974166	9.455001999999695	states												"      state_name
id              
3   wait_for_cin"
5045.429168	1.0000050000007832	states												"   state_name
id           
4     context"
5046.429173	0.0014939999991838704	states												"   state_name
id           
6       csgap"
5046.430667	0.30601000000024214	states												"   state_name
id           
11    stim_on"
5046.736677	0.0004939999998896383	states												"            state_name
id                    
14  son_reward_chooser"
5046.737171	0.0639950000004319	states												"        state_name
id                
17  reward_big_son"
5046.801166	0.9365200000002005	states												"        state_name
id                
22  post_reward_on"
5047.737686	0.12447999999949388	states												"         state_name
id                 
23  post_reward_off"
5047.862166	5.404508000000533	states												"         state_name
id                 
24  soft_drink_time"
5053.266674	0.0004929999995511025	states												"    state_name
id            
25  warndanger"
5053.267167	3.000517999999829	states												"            state_name
id                    
26  warndanger_warning"
5056.268166	57.13749999999982	trials	1.0	r	2.0	p	1.0	r	0.0	0.0	1.0	r	p	
5056.268166	57.13749999999982	states												"   state_name
id           
0     state_0"
5056.268166	0.016000000000531145	states												"          state_name
id                  
1   sending_trialnum"
5056.284166	45.50450499999988	states												"      state_name
id              
3   wait_for_cin"
5101.788671	1.0000019999997676	states												"   state_name
id           
4     context"
5102.788673	0.0014929999997548293	states												"   state_name
id           
6       csgap"
5102.790166	0.06751700000040728	states												"   state_name
id           
11    stim_on"
5102.857683	0.00048299999980372377	states												"            state_name
id                    
14  son_reward_chooser"
5102.858166	0.06400000000030559	states												"        state_name
id                
17  reward_big_son"
5102.922166	0.93650499999967	states												"        state_name
id                
22  post_reward_on"
5103.858671	0.8970030000000406	states												"         state_name
id                 
23  post_reward_off"
5104.755674	5.648997000000236	states												"         state_name
id                 
24  soft_drink_time"
5110.404671	0.0004959999996572151	states												"    state_name
id            
25  warndanger"
5110.405167	3.0004989999997633	states												"            state_name
id                    
26  warndanger_warning"
5113.406166	9.551002000000153	trials	1.0	r	2.0	p	1.0	r	0.0	0.0	1.0	r	p	
5113.406166	9.551002000000153	states												"   state_name
id           
0     state_0"
5113.406166	0.016000000000531145	states												"          state_name
id                  
1   sending_trialnum"
5113.422166	0.0005009999995309045	states												"      state_name
id              
3   wait_for_cin"
5113.422667	1.000011000000086	states												"   state_name
id           
4     context"
5114.422678	0.00148799999988114	states												"   state_name
id           
6       csgap"
5114.424166	0.9675080000006346	states												"   state_name
id           
11    stim_on"
5115.391674	0.0004919999992125668	states												"            state_name
id                    
14  son_reward_chooser"
5115.392166	0.032506000000466884	states												"        state_name
id                
17  reward_big_son"
5115.424672	0.03149399999983871	states												"            state_name
id                    
18  reward_big_soffwon"
5115.456166	0.48051200000008976	states												"         state_name
id                 
23  post_reward_off"
5115.936678	4.01948799999991	states												"         state_name
id                 
24  soft_drink_time"
5119.956166	0.0005080000000816653	states												"    state_name
id            
25  warndanger"
5119.956674	3.0004939999998896	states												"            state_name
id                    
26  warndanger_warning"
5122.957674	9.69849400000021	trials	1.0	r	2.0	p	1.0	r	0.0	0.0	1.0	r	p	
5122.957674	9.69849400000021	states												"   state_name
id           
0     state_0"
5122.957674	0.01599999999962165	states												"          state_name
id                  
1   sending_trialnum"
5122.973674	2.674997000000076	states												"      state_name
id              
3   wait_for_cin"
5125.648671	1.0004950000002282	states												"   state_name
id           
4     context"
5126.649166	0.0010000000002037268	states												"   state_name
id           
6       csgap"
5126.650166	0.0035199999992983066	states												"   state_name
id           
11    stim_on"
5126.653686	0.0004800000006071059	states												"            state_name
id                    
14  son_reward_chooser"
5126.654166	0.06400099999973463	states												"        state_name
id                
17  reward_big_son"
5126.718167	0.9365019999995638	states												"        state_name
id                
22  post_reward_on"
5127.654669	2.0004969999999958	states												"         state_name
id                 
23  post_reward_off"
5129.655166	0.0005120000005263137	states												"    state_name
id            
25  warndanger"
5129.655678	3.0004900000003545	states												"            state_name
id                    
26  warndanger_warning"
5132.656667	17.539999999999964	trials	1.0	r	2.0	p	1.0	r	0.0	0.0	1.0	r	p	
5132.656667	17.539999999999964	states												"   state_name
id           
0     state_0"
5132.656667	0.016000999999960186	states												"          state_name
id                  
1   sending_trialnum"
5132.672668	5.241008999999394	states												"      state_name
id              
3   wait_for_cin"
5137.913677	1.000489000000016	states												"   state_name
id           
4     context"
5138.914166	0.0015120000007300405	states												"   state_name
id           
6       csgap"
5138.915678	0.19549199999983102	states												"   state_name
id           
11    stim_on"
5139.11117	0.0005179999998290441	states												"            state_name
id                    
14  son_reward_chooser"
5139.111688	0.06398799999988114	states												"        state_name
id                
17  reward_big_son"
5139.175676	0.9364900000000489	states												"        state_name
id                
22  post_reward_on"
5140.112166	0.09850900000037655	states												"         state_name
id                 
23  post_reward_off"
5140.210675	6.9850109999997585	states												"         state_name
id                 
24  soft_drink_time"
5147.195686	0.00048100000003614696	states												"    state_name
id            
25  warndanger"
5147.196167	3.000500000000102	states												"            state_name
id                    
26  warndanger_warning"
5150.197167	9.14450399999987	trials	1.0	r	2.0	p	1.0	r	0.0	0.0	1.0	r	p	
5150.197167	9.14450399999987	states												"   state_name
id           
0     state_0"
5150.197167	0.015998999999283114	states												"          state_name
id                  
1   sending_trialnum"
5150.213166	1.2205140000005485	states												"      state_name
id              
3   wait_for_cin"
5151.43368	1.0000030000001061	states												"   state_name
id           
4     context"
5152.433683	0.0014849999997750274	states												"   state_name
id           
6       csgap"
5152.435168	0.38299800000004325	states												"   state_name
id           
11    stim_on"
5152.818166	0.0005069999997431296	states												"            state_name
id                    
14  son_reward_chooser"
5152.818673	0.0640030000004117	states												"        state_name
id                
17  reward_big_son"
5152.882676	0.9364900000000489	states												"        state_name
id                
22  post_reward_on"
5153.819166	0.021001000000069325	states												"         state_name
id                 
23  post_reward_off"
5153.840167	2.500500000000102	states												"         state_name
id                 
24  soft_drink_time"
5156.340667	0.0004989999997633277	states												"    state_name
id            
25  warndanger"
5156.341166	3.0005049999999756	states												"            state_name
id                    
26  warndanger_warning"
5159.342166	9.677006999999321	trials	1.0	r	2.0	p	1.0	r	0.0	0.0	1.0	r	p	
5159.342166	9.677006999999321	states												"   state_name
id           
0     state_0"
5159.342166	0.01599999999962165	states												"          state_name
id                  
1   sending_trialnum"
5159.358166	0.11450200000035693	states												"      state_name
id              
3   wait_for_cin"
5159.472668	1.0	states												"   state_name
id           
4     context"
5160.472668	0.0010059999995064572	states												"   state_name
id           
6       csgap"
5160.473674	0.17549700000017765	states												"   state_name
id           
11    stim_on"
5160.649171	0.0005049999999755528	states												"            state_name
id                    
14  son_reward_chooser"
5160.649676	0.06399899999996705	states												"        state_name
id                
17  reward_big_son"
5160.713675	0.9364919999998165	states												"        state_name
id                
22  post_reward_on"
5161.650167	0.06850500000018656	states												"         state_name
id                 
23  post_reward_off"
5161.718672	4.299495000000206	states												"         state_name
id                 
24  soft_drink_time"
5166.018167	0.0005160000000614673	states												"    state_name
id            
25  warndanger"
5166.018683	3.000489999999445	states												"            state_name
id                    
26  warndanger_warning"
5169.01968	27.199994999999944	trials	1.0	r	2.0	p	1.0	r	0.0	0.0	1.0	r	p	
5169.01968	27.199994999999944	states												"   state_name
id           
0     state_0"
5169.01968	0.01599999999962165	states												"          state_name
id                  
1   sending_trialnum"
5169.03568	18.16448599999967	states												"      state_name
id              
3   wait_for_cin"
5187.200166	1.0	states												"   state_name
id           
4     context"
5188.200166	0.0010019999999713036	states												"   state_name
id           
6       csgap"
5188.201168	0.27650900000026013	states												"   state_name
id           
11    stim_on"
5188.477677	0.0004890000000159489	states												"            state_name
id                    
14  son_reward_chooser"
5188.478166	0.06400000000030559	states												"        state_name
id                
17  reward_big_son"
5188.542166	0.9365109999998822	states												"        state_name
id                
22  post_reward_on"
5189.478677	0.07649200000014389	states												"         state_name
id                 
23  post_reward_off"
5189.555169	3.663996999999654	states												"         state_name
id                 
24  soft_drink_time"
5193.219166	0.0005080000000816653	states												"    state_name
id            
25  warndanger"
5193.219674	3.0000010000003385	states												"            state_name
id                    
26  warndanger_warning"
5196.220166	13.067006999999649	trials	1.0	r	2.0	p	1.0	r	0.0	0.0	1.0	r	p	
5196.220166	13.067006999999649	states												"   state_name
id           
0     state_0"
5196.220166	0.016010999999707565	states												"          state_name
id                  
1   sending_trialnum"
5196.236177	0.5234980000004725	states												"      state_name
id              
3   wait_for_cin"
5196.759675	1.0004909999997835	states												"   state_name
id           
4     context"
5197.760166	0.001510000000052969	states												"   state_name
id           
6       csgap"
5197.761676	0.45149500000025	states												"   state_name
id           
11    stim_on"
5198.213171	0.000503999999637017	states												"            state_name
id                    
14  son_reward_chooser"
5198.213675	0.06400000000030559	states												"        state_name
id                
17  reward_big_son"
5198.277675	0.9364909999994779	states												"        state_name
id                
22  post_reward_on"
5199.214166	0.4859999999998763	states												"         state_name
id                 
23  post_reward_off"
5199.700166	6.5865020000001095	states												"         state_name
id                 
24  soft_drink_time"
5206.286668	0.0004980000003342866	states												"    state_name
id            
25  warndanger"
5206.287166	3.0000069999996413	states												"            state_name
id                    
26  warndanger_warning"
5209.287676	9.732001999999738	trials	1.0	r	2.0	p	1.0	r	0.0	0.0	1.0	r	p	
5209.287676	9.732001999999738	states												"   state_name
id           
0     state_0"
5209.287676	0.016000000000531145	states												"          state_name
id                  
1   sending_trialnum"
5209.303676	0.3649989999994432	states												"      state_name
id              
3   wait_for_cin"
5209.668675	1.000492000000122	states												"   state_name
id           
4     context"
5210.669167	0.0015039999998407438	states												"   state_name
id           
6       csgap"
5210.670671	0.10700400000041554	states												"   state_name
id           
11    stim_on"
5210.777675	0.0004909999997835257	states												"            state_name
id                    
14  son_reward_chooser"
5210.778166	0.06400000000030559	states												"        state_name
id                
17  reward_big_son"
5210.842166	0.9365089999992051	states												"        state_name
id                
22  post_reward_on"
5211.778675	0.07899500000075932	states												"         state_name
id                 
23  post_reward_off"
5211.85767	4.161497000000054	states												"         state_name
id                 
24  soft_drink_time"
5216.019167	0.0005079999991721706	states												"    state_name
id            
25  warndanger"
5216.019675	3.000003000000106	states												"            state_name
id                    
26  warndanger_warning"
5219.020166	58.16850299999987	trials	1.0	r	2.0	p	1.0	r	0.0	0.0	1.0	r	p	
5219.020166	58.16850299999987	states												"   state_name
id           
0     state_0"
5219.020166	0.01599999999962165	states												"          state_name
id                  
1   sending_trialnum"
5219.036166	49.145000999999866	states												"      state_name
id              
3   wait_for_cin"
5268.181167	1.0000100000006569	states												"   state_name
id           
4     context"
5269.181177	0.0014989999999670545	states												"   state_name
id           
6       csgap"
5269.182676	0.8174899999994523	states												"   state_name
id           
11    stim_on"
5270.000166	0.0005090000004202011	states												"            state_name
id                    
14  son_reward_chooser"
5270.000675	0.0639999999993961	states												"        state_name
id                
17  reward_big_son"
5270.064675	0.9364940000004935	states												"        state_name
id                
22  post_reward_on"
5271.001169	0.03750899999977264	states												"         state_name
id                 
23  post_reward_off"
5271.038678	3.149000000000342	states												"         state_name
id                 
24  soft_drink_time"
5274.187678	0.00048799999967741314	states												"    state_name
id            
25  warndanger"
5274.188166	3.000503000000208	states												"            state_name
id                    
26  warndanger_warning"
5277.189167	13.235504999999648	trials	1.0	r	2.0	p	1.0	r	0.0	0.0	1.0	r	p	
5277.189167	13.235504999999648	states												"   state_name
id           
0     state_0"
5277.189167	0.016000999999960186	states												"          state_name
id                  
1   sending_trialnum"
5277.205168	3.9815159999998286	states												"      state_name
id              
3   wait_for_cin"
5281.186684	1.0004819999994652	states												"   state_name
id           
4     context"
5282.187166	0.0010010000005422626	states												"   state_name
id           
6       csgap"
5282.188167	0.7260150000001886	states												"   state_name
id           
11    stim_on"
5282.914182	0.0004890000000159489	states												"            state_name
id                    
14  son_reward_chooser"
5282.914671	0.06401399999958812	states												"        state_name
id                
17  reward_big_son"
5282.978685	0.936493999999584	states												"        state_name
id                
22  post_reward_on"
5283.915179	0.06249800000023242	states												"         state_name
id                 
23  post_reward_off"
5283.977677	3.445991999999933	states												"         state_name
id                 
24  soft_drink_time"
5287.423669	0.0004969999999957508	states												"    state_name
id            
25  warndanger"
5287.424166	3.000506000000314	states												"            state_name
id                    
26  warndanger_warning"
5290.425169	8.403505999999652	trials	1.0	r	2.0	p	1.0	r	0.0	0.0	1.0	r	p	
5290.425169	8.403505999999652	states												"   state_name
id           
0     state_0"
5290.425169	0.01599900000019261	states												"          state_name
id                  
1   sending_trialnum"
5290.441168	0.09750199999962206	states												"      state_name
id              
3   wait_for_cin"
5290.53867	1.0000030000001061	states												"   state_name
id           
4     context"
5291.538673	0.001006000000415952	states												"   state_name
id           
6       csgap"
5291.539679	0.4640029999991384	states												"   state_name
id           
11    stim_on"
5292.003682	0.0004850000004807953	states												"            state_name
id                    
14  son_reward_chooser"
5292.004167	0.06400000000030559	states												"        state_name
id                
17  reward_big_son"
5292.068167	0.9365079999997761	states												"        state_name
id                
22  post_reward_on"
5293.004675	0.08399499999995896	states												"         state_name
id                 
23  post_reward_off"
5293.08867	2.7394960000001447	states												"         state_name
id                 
24  soft_drink_time"
5295.828166	0.000503999999637017	states												"    state_name
id            
25  warndanger"
5295.82867	3.0000049999998737	states												"            state_name
id                    
26  warndanger_warning"
5298.829167	9.157000000000153	trials	1.0	r	2.0	p	1.0	r	0.0	0.0	1.0	r	p	
5298.829167	9.157000000000153	states												"   state_name
id           
0     state_0"
5298.829167	0.01599900000019261	states												"          state_name
id                  
1   sending_trialnum"
5298.845166	0.028003999999782536	states												"      state_name
id              
3   wait_for_cin"
5298.87317	1.0005080000000817	states												"   state_name
id           
4     context"
5299.873678	0.00148799999988114	states												"   state_name
id           
6       csgap"
5299.875166	0.3095069999999396	states												"   state_name
id           
11    stim_on"
5300.184673	0.0004930000004605972	states												"            state_name
id                    
14  son_reward_chooser"
5300.185166	0.06400599999960832	states												"        state_name
id                
17  reward_big_son"
5300.249172	0.9365040000002409	states												"        state_name
id                
22  post_reward_on"
5301.185676	0.025491000000329223	states												"         state_name
id                 
23  post_reward_off"
5301.211167	3.7745099999992817	states												"         state_name
id                 
24  soft_drink_time"
5304.985677	0.0004890000000159489	states												"    state_name
id            
25  warndanger"
5304.986166	3.0000010000003385	states												"            state_name
id                    
26  warndanger_warning"
5307.986669	9.20449699999972	trials	1.0	r	2.0	p	1.0	r	0.0	0.0	1.0	r	p	
5307.986669	9.20449699999972	states												"   state_name
id           
0     state_0"
5307.986669	0.016000999999960186	states												"          state_name
id                  
1   sending_trialnum"
5308.00267	0.0004980000003342866	states												"      state_name
id              
3   wait_for_cin"
5308.003168	1.0000069999996413	states												"   state_name
id           
4     context"
5309.003175	0.0014950000004319008	states												"   state_name
id           
6       csgap"
5309.00467	0.5600039999999353	states												"   state_name
id           
11    stim_on"
5309.564674	0.0004920000001220615	states												"            state_name
id                    
14  son_reward_chooser"
5309.565166	0.0639999999993961	states												"        state_name
id                
17  reward_big_son"
5309.629166	0.9365080000006856	states												"        state_name
id                
22  post_reward_on"
5310.565674	0.053492000000005646	states												"         state_name
id                 
23  post_reward_off"
5310.619166	3.5710059999992154	states												"         state_name
id                 
24  soft_drink_time"
5314.190172	0.0004990000006728224	states												"    state_name
id            
25  warndanger"
5314.190671	3.0004949999993187	states												"            state_name
id                    
26  warndanger_warning"
5317.191676	11.850489999999809	trials	1.0	r	2.0	p	1.0	r	0.0	0.0	1.0	r	p	
5317.191676	11.850489999999809	states												"   state_name
id           
0     state_0"
5317.191676	0.015996999999515538	states												"          state_name
id                  
1   sending_trialnum"
5317.207673	1.1859960000001593	states												"      state_name
id              
3   wait_for_cin"
5318.393669	1.0000030000001061	states												"   state_name
id           
4     context"
5319.393672	0.0010080000001835288	states												"   state_name
id           
6       csgap"
5319.39468	0.13799399999970774	states												"   state_name
id           
11    stim_on"
5319.532674	0.0005069999997431296	states												"            state_name
id                    
14  son_reward_chooser"
5319.533181	0.06399200000032579	states												"        state_name
id                
17  reward_big_son"
5319.597173	0.9364999999997963	states												"        state_name
id                
22  post_reward_on"
5320.533673	0.025993000000198663	states												"         state_name
id                 
23  post_reward_off"
5320.559666	5.481504999999743	states												"         state_name
id                 
24  soft_drink_time"
5326.041171	0.0005129999999553547	states												"    state_name
id            
25  warndanger"
5326.041684	3.0004820000003747	states												"            state_name
id                    
26  warndanger_warning"
5329.042669	9.76801499999965	trials	1.0	r	2.0	p	1.0	r	0.0	0.0	1.0	r	p	
5329.042669	9.76801499999965	states												"   state_name
id           
0     state_0"
5329.042669	0.015997999999854073	states												"          state_name
id                  
1   sending_trialnum"
5329.058667	2.715498999999909	states												"      state_name
id              
3   wait_for_cin"
5331.774166	1.000503000000208	states												"   state_name
id           
4     context"
5332.774669	0.001007999999274034	states												"   state_name
id           
6       csgap"
5332.775677	0.030994000000646338	states												"   state_name
id           
11    stim_on"
5332.806671	0.0004959999996572151	states												"            state_name
id                    
14  son_reward_chooser"
5332.807167	0.06399899999996705	states												"        state_name
id                
17  reward_big_son"
5332.871166	0.936518000000433	states												"        state_name
id                
22  post_reward_on"
5333.807684	0.08998799999972107	states												"         state_name
id                 
23  post_reward_off"
5333.897672	1.9124940000001516	states												"         state_name
id                 
24  soft_drink_time"
5335.810166	0.000503999999637017	states												"    state_name
id            
25  warndanger"
5335.81067	3.000014000000192	states												"            state_name
id                    
26  warndanger_warning"
5338.811166	9.599506999999903	trials	1.0	r	2.0	p	1.0	r	0.0	0.0	1.0	r	p	
5338.811166	9.599506999999903	states												"   state_name
id           
0     state_0"
5338.811166	0.01599999999962165	states												"          state_name
id                  
1   sending_trialnum"
5338.827166	0.4490009999999529	states												"      state_name
id              
3   wait_for_cin"
5339.276167	1.0005049999999756	states												"   state_name
id           
4     context"
5340.276672	0.0010160000001633307	states												"   state_name
id           
6       csgap"
5340.277688	0.5284780000001774	states												"   state_name
id           
11    stim_on"
5340.806166	0.000503999999637017	states												"            state_name
id                    
14  son_reward_chooser"
5340.80667	0.06400099999973463	states												"        state_name
id                
17  reward_big_son"
5340.870671	0.9364980000000287	states												"        state_name
id                
22  post_reward_on"
5341.807169	0.05450800000016898	states												"         state_name
id                 
23  post_reward_off"
5341.861677	3.547998000000007	states												"         state_name
id                 
24  soft_drink_time"
5345.409675	0.0004909999997835257	states												"    state_name
id            
25  warndanger"
5345.410166	3.0005070000006526	states												"            state_name
id                    
26  warndanger_warning"
5348.411169	10.917505999999776	trials	1.0	r	2.0	p	1.0	r	0.0	0.0	1.0	r	p	
5348.411169	10.917505999999776	states												"   state_name
id           
0     state_0"
5348.411169	0.016002999999727763	states												"          state_name
id                  
1   sending_trialnum"
5348.427172	1.3855010000006587	states												"      state_name
id              
3   wait_for_cin"
5349.812673	1.0004959999996572	states												"   state_name
id           
4     context"
5350.813169	0.0014979999996285187	states												"   state_name
id           
6       csgap"
5350.814667	0.2890110000007553	states												"   state_name
id           
11    stim_on"
5351.103678	0.0004890000000159489	states												"            state_name
id                    
14  son_reward_chooser"
5351.104167	0.06399899999996705	states												"        state_name
id                
17  reward_big_son"
5351.168166	0.9365060000000085	states												"        state_name
id                
22  post_reward_on"
5352.104672	0.04300299999977142	states												"         state_name
id                 
23  post_reward_off"
5352.147675	4.180491000000075	states												"         state_name
id                 
24  soft_drink_time"
5356.328166	0.000503000000207976	states												"    state_name
id            
25  warndanger"
5356.328669	3.0000059999993027	states												"            state_name
id                    
26  warndanger_warning"
5359.329166	12.079507999999805	trials	1.0	r	2.0	p	1.0	r	0.0	0.0	1.0	r	p	
5359.329166	12.079507999999805	states												"   state_name
id           
0     state_0"
5359.329166	0.016000999999960186	states												"          state_name
id                  
1   sending_trialnum"
5359.345167	0.7305089999999836	states												"      state_name
id              
3   wait_for_cin"
5360.075676	1.0000029999991966	states												"   state_name
id           
4     context"
5361.075679	0.001501000000644126	states												"   state_name
id           
6       csgap"
5361.07718	0.14698700000008103	states												"   state_name
id           
11    stim_on"
5361.224167	0.0005059999994045938	states												"            state_name
id                    
14  son_reward_chooser"
5361.224673	0.06400000000030559	states												"        state_name
id                
17  reward_big_son"
5361.288673	0.9364980000000287	states												"        state_name
id                
22  post_reward_on"
5362.225171	0.01250999999956548	states												"         state_name
id                 
23  post_reward_off"
5362.237681	6.169991000000664	states												"         state_name
id                 
24  soft_drink_time"
5368.407672	0.0004939999998896383	states												"    state_name
id            
25  warndanger"
5368.408166	3.0005080000000817	states												"            state_name
id                    
26  warndanger_warning"
5371.409167	13.008515999999872	trials	1.0	r	2.0	p	1.0	r	0.0	0.0	1.0	r	p	
5371.409167	13.008515999999872	states												"   state_name
id           
0     state_0"
5371.409167	0.01599900000019261	states												"          state_name
id                  
1   sending_trialnum"
5371.425166	3.342999999999847	states												"      state_name
id              
3   wait_for_cin"
5374.768166	1.0005040000005465	states												"   state_name
id           
4     context"
5375.76867	0.0010009999996327679	states												"   state_name
id           
6       csgap"
5375.769671	0.12949599999956263	states												"   state_name
id           
11    stim_on"
5375.899167	0.0005190000001675799	states												"            state_name
id                    
14  son_reward_chooser"
5375.899686	0.06400000000030559	states												"        state_name
id                
17  reward_big_son"
5375.963686	0.9364800000003015	states												"        state_name
id                
22  post_reward_on"
5376.900166	0.06500899999991816	states												"         state_name
id                 
23  post_reward_off"
5376.965175	4.451992999999675	states												"         state_name
id                 
24  soft_drink_time"
5381.417168	0.0005110000001877779	states												"    state_name
id            
25  warndanger"
5381.417679	3.000003999999535	states												"            state_name
id                    
26  warndanger_warning"
5384.418166	19.68850399999974	trials	1.0	r	2.0	p	1.0	r	0.0	0.0	1.0	r	p	
5384.418166	19.68850399999974	states												"   state_name
id           
0     state_0"
5384.418166	0.01599999999962165	states												"          state_name
id                  
1   sending_trialnum"
5384.434166	3.3665030000001934	states												"      state_name
id              
3   wait_for_cin"
5387.800669	1.0004979999994248	states												"   state_name
id           
4     context"
5388.801167	0.0015040000007502385	states												"   state_name
id           
6       csgap"
5388.802671	0.42600299999958224	states												"   state_name
id           
11    stim_on"
5389.228674	0.0004939999998896383	states												"            state_name
id                    
14  son_reward_chooser"
5389.229168	0.06400099999973463	states												"        state_name
id                
17  reward_big_son"
5389.293169	0.9365050000005795	states												"        state_name
id                
22  post_reward_on"
5390.229674	0.8754929999995511	states												"         state_name
id                 
23  post_reward_off"
5391.105167	10.000507000000653	states												"         state_name
id                 
24  soft_drink_time"
5401.105674	0.0004929999995511025	states												"    state_name
id            
25  warndanger"
5401.106167	3.000503000000208	states												"            state_name
id                    
26  warndanger_warning"
5404.107169	8.54251000000022	trials	1.0	r	2.0	p	1.0	r	0.0	0.0	1.0	r	p	
5404.107169	8.54251000000022	states												"   state_name
id           
0     state_0"
5404.107169	0.015997000000425032	states												"          state_name
id                  
1   sending_trialnum"
5404.123166	0.0005089999995107064	states												"      state_name
id              
3   wait_for_cin"
5404.123675	1.0000030000001061	states												"   state_name
id           
4     context"
5405.123678	0.00148799999988114	states												"   state_name
id           
6       csgap"
5405.125166	0.14699999999993452	states												"   state_name
id           
11    stim_on"
5405.272166	0.0005049999999755528	states												"            state_name
id                    
14  son_reward_chooser"
5405.272671	0.06399800000053801	states												"        state_name
id                
17  reward_big_son"
5405.336669	0.9364989999994577	states												"        state_name
id                
22  post_reward_on"
5406.273168	0.13999800000055984	states												"         state_name
id                 
23  post_reward_off"
5406.413166	3.236008999999285	states												"         state_name
id                 
24  soft_drink_time"
5409.649175	0.0005000000001018634	states												"    state_name
id            
25  warndanger"
5409.649675	3.0000040000004446	states												"            state_name
id                    
26  warndanger_warning"
5412.650166	9.216507000000092	trials	1.0	r	2.0	p	1.0	r	0.0	0.0	1.0	r	p	
5412.650166	9.216507000000092	states												"   state_name
id           
0     state_0"
5412.650166	0.01599999999962165	states												"          state_name
id                  
1   sending_trialnum"
5412.666166	0.4420010000003458	states												"      state_name
id              
3   wait_for_cin"
5413.108167	1.000000999999429	states												"   state_name
id           
4     context"
5414.108168	0.0010010000005422626	states												"   state_name
id           
6       csgap"
5414.109169	0.029508999999961816	states												"   state_name
id           
11    stim_on"
5414.138678	0.0005000000001018634	states												"            state_name
id                    
14  son_reward_chooser"
5414.139178	0.06400099999973463	states												"        state_name
id                
17  reward_big_son"
5414.203179	0.9365010000001348	states												"        state_name
id                
22  post_reward_on"
5415.13968	3.7260009999999966	states												"         state_name
id                 
24  soft_drink_time"
5415.13968	0.0	states												"         state_name
id                 
23  post_reward_off"
5418.865681	0.0004849999995713006	states												"    state_name
id            
25  warndanger"
5418.866166	3.0005070000006526	states												"            state_name
id                    
26  warndanger_warning"
5421.867166	10.106999999999971	trials	1.0	r	2.0	p	1.0	r	0.0	0.0	1.0	r	p	
5421.867166	10.106999999999971	states												"   state_name
id           
0     state_0"
5421.867166	0.016000999999960186	states												"          state_name
id                  
1   sending_trialnum"
5421.883167	0.47099900000011985	states												"      state_name
id              
3   wait_for_cin"
5422.354166	1.0005119999996168	states												"   state_name
id           
4     context"
5423.354678	0.0014890000002196757	states												"   state_name
id           
6       csgap"
5423.356167	0.5335070000000997	states												"   state_name
id           
11    stim_on"
5423.889674	0.0004920000001220615	states												"            state_name
id                    
14  son_reward_chooser"
5423.890166	0.06400099999973463	states												"        state_name
id                
17  reward_big_son"
5423.954167	0.9365139999999883	states												"        state_name
id                
22  post_reward_on"
5424.890681	0.014994000000115193	states												"         state_name
id                 
23  post_reward_off"
5424.905675	4.0679989999998725	states												"         state_name
id                 
24  soft_drink_time"
5428.973674	0.0004920000001220615	states												"    state_name
id            
25  warndanger"
5428.974166	3.0	states												"            state_name
id                    
26  warndanger_warning"
5431.974685	14.638990999999805	trials	1.0	r	2.0	p	1.0	r	0.0	0.0	1.0	r	p	
5431.974685	14.638990999999805	states												"   state_name
id           
0     state_0"
5431.974685	0.01598699999976816	states												"          state_name
id                  
1   sending_trialnum"
5431.990672	6.094493999999941	states												"      state_name
id              
3   wait_for_cin"
5438.085166	1.0	states												"   state_name
id           
4     context"
5439.085166	0.0015140000004976173	states												"   state_name
id           
6       csgap"
5439.08668	0.18599099999937607	states												"   state_name
id           
11    stim_on"
5439.272671	0.0004960000005667098	states												"            state_name
id                    
14  son_reward_chooser"
5439.273167	0.06400699999994686	states												"        state_name
id                
17  reward_big_son"
5439.337174	0.9365099999995437	states												"        state_name
id                
22  post_reward_on"
5440.273684	0.14898400000038237	states												"         state_name
id                 
23  post_reward_off"
5440.422668	3.189999000000171	states												"         state_name
id                 
24  soft_drink_time"
5443.612667	0.0005029999992984813	states												"    state_name
id            
25  warndanger"
5443.61317	3.000506000000314	states												"            state_name
id                    
26  warndanger_warning"
5446.614166	12.223509999999806	trials	1.0	r	2.0	p	1.0	r	0.0	0.0	1.0	r	p	
5446.614166	12.223509999999806	states												"   state_name
id           
0     state_0"
5446.614166	0.01599999999962165	states												"          state_name
id                  
1   sending_trialnum"
5446.630166	3.7855230000004667	states												"      state_name
id              
3   wait_for_cin"
5450.415689	1.0004769999995915	states												"   state_name
id           
4     context"
5451.416166	0.0010009999996327679	states												"   state_name
id           
6       csgap"
5451.417167	0.11350500000025932	states												"   state_name
id           
11    stim_on"
5451.530672	0.0005099999998492422	states												"            state_name
id                    
14  son_reward_chooser"
5451.531182	0.06399800000053801	states												"        state_name
id                
17  reward_big_son"
5451.59518	0.9364949999999226	states												"        state_name
id                
22  post_reward_on"
5452.531675	0.1069919999999911	states												"         state_name
id                 
23  post_reward_off"
5452.638667	3.1980029999995168	states												"         state_name
id                 
24  soft_drink_time"
5455.83667	0.0005049999999755528	states												"    state_name
id            
25  warndanger"
5455.837175	3.0005010000004404	states												"            state_name
id                    
26  warndanger_warning"
5458.838166	16.730000000000473	trials	1.0	r	2.0	p	1.0	r	0.0	0.0	1.0	r	p	
5458.838166	16.730000000000473	states												"   state_name
id           
0     state_0"
5458.838166	0.01600100000086968	states												"          state_name
id                  
1   sending_trialnum"
5458.854167	9.787509999999202	states												"      state_name
id              
3   wait_for_cin"
5468.641677	1.000489000000016	states												"   state_name
id           
4     context"
5469.642166	0.0010019999999713036	states												"   state_name
id           
6       csgap"
5469.643168	0.16651200000069366	states												"   state_name
id           
11    stim_on"
5469.80968	0.00048599999990983633	states												"            state_name
id                    
14  son_reward_chooser"
5469.810166	0.0639999999993961	states												"        state_name
id                
17  reward_big_son"
5469.874166	0.9365040000002409	states												"        state_name
id                
22  post_reward_on"
5470.81067	1.080496000000494	states												"         state_name
id                 
23  post_reward_off"
5471.891166	0.6759999999994761	states												"         state_name
id                 
24  soft_drink_time"
5472.567166	0.0005090000004202011	states												"    state_name
id            
25  warndanger"
5472.567675	3.0004909999997835	states												"            state_name
id                    
26  warndanger_warning"
5475.568668	8.747502000000168	trials	1.0	r	2.0	p	1.0	r	0.0	0.0	1.0	r	p	
5475.568668	8.747502000000168	states												"   state_name
id           
0     state_0"
5475.568668	0.01599900000019261	states												"          state_name
id                  
1   sending_trialnum"
5475.584667	0.9714990000002217	states												"      state_name
id              
3   wait_for_cin"
5476.556166	1.0	states												"   state_name
id           
4     context"
5477.556166	0.001504999999269785	states												"   state_name
id           
6       csgap"
5477.557671	0.7340030000004845	states												"   state_name
id           
11    stim_on"
5478.291674	0.0004920000001220615	states												"            state_name
id                    
14  son_reward_chooser"
5478.292166	0.0639999999993961	states												"        state_name
id                
17  reward_big_son"
5478.356166	0.9365050000005795	states												"        state_name
id                
22  post_reward_on"
5479.292671	0.07049600000027567	states												"         state_name
id                 
23  post_reward_off"
5479.363167	1.9525129999992714	states												"         state_name
id                 
24  soft_drink_time"
5481.31568	0.00048599999990983633	states												"    state_name
id            
25  warndanger"
5481.316166	3.0000040000004446	states												"            state_name
id                    
26  warndanger_warning"
5484.316676	8.181007999999565	trials	1.0	r	2.0	p	1.0	r	0.0	0.0	1.0	r	p	
5484.316676	8.181007999999565	states												"   state_name
id           
0     state_0"
5484.316676	0.01599999999962165	states												"          state_name
id                  
1   sending_trialnum"
5484.332676	0.03699799999958486	states												"      state_name
id              
3   wait_for_cin"
5484.369674	1.0000010000003385	states												"   state_name
id           
4     context"
5485.369675	0.0014950000004319008	states												"   state_name
id           
6       csgap"
5485.37117	0.405997999999272	states												"   state_name
id           
11    stim_on"
5485.777168	0.0005070000006526243	states												"            state_name
id                    
14  son_reward_chooser"
5485.777675	0.06400099999973463	states												"        state_name
id                
17  reward_big_son"
5485.841676	0.9364900000000489	states												"        state_name
id                
22  post_reward_on"
5486.778166	0.1069999999999709	states												"         state_name
id                 
23  post_reward_off"
5486.885166	2.61200000000008	states												"         state_name
id                 
24  soft_drink_time"
5489.497166	0.0005140000002938905	states												"    state_name
id            
25  warndanger"
5489.49768	3.000003999999535	states												"            state_name
id                    
26  warndanger_warning"
5492.498166	13.947008999999525	trials	1.0	r	2.0	p	1.0	r	0.0	0.0	1.0	r	p	
5492.498166	13.947008999999525	states												"   state_name
id           
0     state_0"
5492.498166	0.01599999999962165	states												"          state_name
id                  
1   sending_trialnum"
5492.514166	4.694000000000415	states												"      state_name
id              
3   wait_for_cin"
5497.208166	1.0	states												"   state_name
id           
4     context"
5498.208166	0.0009999999992942321	states												"   state_name
id           
6       csgap"
5498.209166	0.29051200000048993	states												"   state_name
id           
11    stim_on"
5498.499678	0.00048799999967741314	states												"            state_name
id                    
14  son_reward_chooser"
5498.500166	0.06400000000030559	states												"        state_name
id                
17  reward_big_son"
5498.564166	0.93650499999967	states												"        state_name
id                
22  post_reward_on"
5499.500671	0.01700200000050245	states												"         state_name
id                 
23  post_reward_off"
5499.517673	3.9264929999999367	states												"         state_name
id                 
24  soft_drink_time"
5503.444166	0.0005080000000816653	states												"    state_name
id            
25  warndanger"
5503.444674	3.000500999999531	states												"            state_name
id                    
26  warndanger_warning"
5506.445676	9.698002000000088	trials	1.0	r	2.0	p	1.0	r	0.0	0.0	1.0	r	p	
5506.445676	9.698002000000088	states												"   state_name
id           
0     state_0"
5506.445676	0.015998999999283114	states												"          state_name
id                  
1   sending_trialnum"
5506.461675	2.2754940000004353	states												"      state_name
id              
3   wait_for_cin"
5508.737169	1.000506000000314	states												"   state_name
id           
4     context"
5509.737675	0.001494000000093365	states												"   state_name
id           
6       csgap"
5509.739169	0.33650499999930616	states												"   state_name
id           
11    stim_on"
5510.075674	0.0004930000004605972	states												"            state_name
id                    
14  son_reward_chooser"
5510.076167	0.06399899999996705	states												"        state_name
id                
17  reward_big_son"
5510.140166	0.9365060000000085	states												"        state_name
id                
22  post_reward_on"
5511.076672	0.03349400000024616	states												"         state_name
id                 
23  post_reward_off"
5511.110166	2.0330119999998715	states												"         state_name
id                 
24  soft_drink_time"
5513.143178	0.0004979999994247919	states												"    state_name
id            
25  warndanger"
5513.143676	3.000002000000677	states												"            state_name
id                    
26  warndanger_warning"
5516.144166	9.120507999999973	trials	1.0	r	2.0	p	1.0	r	0.0	0.0	1.0	r	p	
5516.144166	9.120507999999973	states												"   state_name
id           
0     state_0"
5516.144166	0.016000999999960186	states												"          state_name
id                  
1   sending_trialnum"
5516.160167	1.243507000000136	states												"      state_name
id              
3   wait_for_cin"
5517.403674	1.000011999999515	states												"   state_name
id           
4     context"
5518.403686	0.0014830000000074506	states												"   state_name
id           
6       csgap"
5518.405169	1.0005040000005465	states												"   state_name
id           
11    stim_on"
5519.405673	0.0010039999997388804	states												"   state_name
id           
12   stim_off"
5519.406677	0.23148899999978312	states												"        state_name
id                
13  wait_for_spoke"
5519.638166	0.0005080000000816653	states												"             state_name
id                     
15  soff_reward_chooser"
5519.638674	0.06400200000007317	states												"         state_name
id                 
16  reward_big_soff"
5519.702676	0.07748999999967054	states												"         state_name
id                 
23  post_reward_off"
5519.780166	2.48351300000013	states												"         state_name
id                 
24  soft_drink_time"
5522.263679	0.0004870000002483721	states												"    state_name
id            
25  warndanger"
5522.264166	3.0005080000000817	states												"            state_name
id                    
26  warndanger_warning"
5525.265167	8.092012000000068	trials	1.0	r	2.0	p	1.0	r	0.0	0.0	1.0	r	p	
5525.265167	8.092012000000068	states												"   state_name
id           
0     state_0"
5525.265167	0.01600200000029872	states												"          state_name
id                  
1   sending_trialnum"
5525.281169	0.0005080000000816653	states												"      state_name
id              
3   wait_for_cin"
5525.281677	1.000489000000016	states												"   state_name
id           
4     context"
5526.282166	0.0010000000002037268	states												"   state_name
id           
6       csgap"
5526.283166	1.0005080000000817	states												"   state_name
id           
11    stim_on"
5527.283674	0.0014949999995224061	states												"   state_name
id           
12   stim_off"
5527.285169	0.41550199999983306	states												"        state_name
id                
13  wait_for_spoke"
5527.700671	0.0004969999999957508	states												"             state_name
id                     
15  soff_reward_chooser"
5527.701168	0.06400100000064413	states												"         state_name
id                 
16  reward_big_soff"
5527.765169	0.07650599999942642	states												"         state_name
id                 
23  post_reward_off"
5527.841675	2.514998999999989	states												"         state_name
id                 
24  soft_drink_time"
5530.356674	0.0004920000001220615	states												"    state_name
id            
25  warndanger"
5530.357166	3.0000129999998535	states												"            state_name
id                    
26  warndanger_warning"
5533.357683	16.367988999999397	trials	1.0	r	2.0	p	1.0	r	0.0	0.0	1.0	r	p	
5533.357683	16.367988999999397	states												"   state_name
id           
0     state_0"
5533.357683	0.01599900000019261	states												"          state_name
id                  
1   sending_trialnum"
5533.373682	9.009483999999247	states												"      state_name
id              
3   wait_for_cin"
5542.383166	1.0000060000002122	states												"   state_name
id           
4     context"
5543.383172	0.001495999999860942	states												"   state_name
id           
6       csgap"
5543.384668	0.01100600000063423	states												"   state_name
id           
11    stim_on"
5543.395674	0.0004920000001220615	states												"            state_name
id                    
14  son_reward_chooser"
5543.396166	0.0639999999993961	states												"        state_name
id                
17  reward_big_son"
5543.460166	0.9365050000005795	states												"        state_name
id                
22  post_reward_on"
5544.396671	0.07549499999913678	states												"         state_name
id                 
23  post_reward_off"
5544.472166	2.2525040000000445	states												"         state_name
id                 
24  soft_drink_time"
5546.72467	0.0005000000001018634	states												"    state_name
id            
25  warndanger"
5546.72517	3.0005019999998694	states												"            state_name
id                    
26  warndanger_warning"
5549.726166	9.187508999999409	trials	1.0	r	2.0	p	1.0	r	0.0	0.0	1.0	r	p	
5549.726166	9.187508999999409	states												"   state_name
id           
0     state_0"
5549.726166	0.01599999999962165	states												"          state_name
id                  
1   sending_trialnum"
5549.742166	1.2055060000002413	states												"      state_name
id              
3   wait_for_cin"
5550.947672	1.000000999999429	states												"   state_name
id           
4     context"
5551.947673	0.001494000000093365	states												"   state_name
id           
6       csgap"
5551.949167	1.0000090000003183	states												"   state_name
id           
11    stim_on"
5552.949176	0.0015139999995881226	states												"   state_name
id           
12   stim_off"
5552.95069	0.20398199999999633	states												"        state_name
id                
13  wait_for_spoke"
5553.154672	0.0004969999999957508	states												"             state_name
id                     
15  soff_reward_chooser"
5553.155169	0.06399800000053801	states												"         state_name
id                 
16  reward_big_soff"
5553.219167	0.39199899999948684	states												"         state_name
id                 
23  post_reward_off"
5553.611166	2.3020040000001245	states												"         state_name
id                 
24  soft_drink_time"
5555.91317	0.0005040000005465117	states												"    state_name
id            
25  warndanger"
5555.913674	3.000000999999429	states												"            state_name
id                    
26  warndanger_warning"
5558.914166	7.470509000000675	trials	0.0	r	2.0	p	1.0	r	0.0	0.0	0.0	r	p	
5558.914166	7.470509000000675	states												"   state_name
id           
0     state_0"
5558.914166	0.016000000000531145	states												"          state_name
id                  
1   sending_trialnum"
5558.930166	1.0915210000002844	states												"      state_name
id              
3   wait_for_cin"
5560.021687	1.0004799999996976	states												"   state_name
id           
4     context"
5561.022167	0.00151099999948201	states												"   state_name
id           
6       csgap"
5561.023678	0.36000200000034965	states												"   state_name
id           
11    stim_on"
5561.38368	5.00099500000033	states												"     state_name
id             
28  error_state"
5566.38517	12.882000000000517	trials	1.0	r	2.0	p	1.0	r	0.0	0.0	1.0	r	p	
5566.38517	12.882000000000517	states												"   state_name
id           
0     state_0"
5566.38517	0.016000000000531145	states												"          state_name
id                  
1   sending_trialnum"
5566.40117	1.9649970000000394	states												"      state_name
id              
3   wait_for_cin"
5568.366167	1.0005069999997431	states												"   state_name
id           
4     context"
5569.366674	0.0014920000003257883	states												"   state_name
id           
6       csgap"
5569.368166	0.23550900000009278	states												"   state_name
id           
11    stim_on"
5569.603675	0.0004909999997835257	states												"            state_name
id                    
14  son_reward_chooser"
5569.604166	0.06400000000030559	states												"        state_name
id                
17  reward_big_son"
5569.668166	0.9365069999994375	states												"        state_name
id                
22  post_reward_on"
5570.604673	0.4404930000000604	states												"         state_name
id                 
23  post_reward_off"
5571.045166	5.22150800000054	states												"         state_name
id                 
24  soft_drink_time"
5576.266674	0.0004919999992125668	states												"    state_name
id            
25  warndanger"
5576.267166	3.0000040000004446	states												"            state_name
id                    
26  warndanger_warning"
5579.267683	18.854989000000387	trials	1.0	r	2.0	p	1.0	r	0.0	0.0	1.0	r	p	
5579.267683	18.854989000000387	states												"   state_name
id           
0     state_0"
5579.267683	0.01599900000019261	states												"          state_name
id                  
1   sending_trialnum"
5579.283682	8.18298700000014	states												"      state_name
id              
3   wait_for_cin"
5587.466669	1.0000019999997676	states												"   state_name
id           
4     context"
5588.466671	0.001006999999844993	states												"   state_name
id           
6       csgap"
5588.467678	0.1919980000002397	states												"   state_name
id           
11    stim_on"
5588.659676	0.00048999999944499	states												"            state_name
id                    
14  son_reward_chooser"
5588.660166	0.06400000000030559	states												"        state_name
id                
17  reward_big_son"
5588.724166	0.936518000000433	states												"        state_name
id                
22  post_reward_on"
5589.660684	0.08198799999991024	states												"         state_name
id                 
23  post_reward_off"
5589.742672	5.379008999999314	states												"         state_name
id                 
24  soft_drink_time"
5595.121681	0.00048600000081933104	states												"    state_name
id            
25  warndanger"
5595.122167	3.0005049999999756	states												"            state_name
id                    
26  warndanger_warning"
5598.123167	10.169518000000608	trials	1.0	r	2.0	p	1.0	r	0.0	0.0	1.0	r	p	
5598.123167	10.169518000000608	states												"   state_name
id           
0     state_0"
5598.123167	0.016000999999960186	states												"          state_name
id                  
1   sending_trialnum"
5598.139168	0.9625240000004851	states												"      state_name
id              
3   wait_for_cin"
5599.101692	1.000474999999824	states												"   state_name
id           
4     context"
5600.102167	0.0015069999999468564	states												"   state_name
id           
6       csgap"
5600.103674	0.45299599999998463	states												"   state_name
id           
11    stim_on"
5600.55667	0.0004969999999957508	states												"            state_name
id                    
14  son_reward_chooser"
5600.557167	0.06400000000030559	states												"        state_name
id                
17  reward_big_son"
5600.621167	0.9365069999994375	states												"        state_name
id                
22  post_reward_on"
5601.557674	0.01949700000022858	states												"         state_name
id                 
23  post_reward_off"
5601.577171	3.7150110000002314	states												"         state_name
id                 
24  soft_drink_time"
5605.292182	0.000495000000228174	states												"    state_name
id            
25  warndanger"
5605.292677	3.00000799999998	states												"            state_name
id                    
26  warndanger_warning"
5608.293168	34.63950399999976	trials	1.0	r	2.0	p	1.0	r	0.0	0.0	1.0	r	p	
5608.293168	34.63950399999976	states												"   state_name
id           
0     state_0"
5608.293168	0.016000999999960186	states												"          state_name
id                  
1   sending_trialnum"
5608.309169	27.814996999999494	states												"      state_name
id              
3   wait_for_cin"
5636.124166	1.0	states												"   state_name
id           
4     context"
5637.124166	0.0010050000000774162	states												"   state_name
id           
6       csgap"
5637.125171	0.09599600000001374	states												"   state_name
id           
11    stim_on"
5637.221167	0.0005080000000816653	states												"            state_name
id                    
14  son_reward_chooser"
5637.221675	0.06400100000064413	states												"        state_name
id                
17  reward_big_son"
5637.285676	0.9364899999991394	states												"        state_name
id                
22  post_reward_on"
5638.222166	0.05500000000029104	states												"         state_name
id                 
23  post_reward_off"
5638.277166	1.6550010000000839	states												"         state_name
id                 
24  soft_drink_time"
5639.932167	0.000503000000207976	states												"    state_name
id            
25  warndanger"
5639.93267	3.0000019999997676	states												"            state_name
id                    
26  warndanger_warning"
5642.933166	12.465000000000146	trials	1.0	r	2.0	p	1.0	r	0.0	0.0	1.0	r	p	
5642.933166	12.465000000000146	states												"   state_name
id           
0     state_0"
5642.933166	0.016000000000531145	states												"          state_name
id                  
1   sending_trialnum"
5642.949166	1.1300019999998767	states												"      state_name
id              
3   wait_for_cin"
5644.079168	1.0000049999998737	states												"   state_name
id           
4     context"
5645.079173	0.001494000000093365	states												"   state_name
id           
6       csgap"
5645.080667	0.24849900000026537	states												"   state_name
id           
11    stim_on"
5645.329166	0.0005099999998492422	states												"            state_name
id                    
14  son_reward_chooser"
5645.329676	0.0639999999993961	states												"        state_name
id                
17  reward_big_son"
5645.393676	0.9364900000000489	states												"        state_name
id                
22  post_reward_on"
5646.330166	0.09600099999988743	states												"         state_name
id                 
23  post_reward_off"
5646.426167	5.97099900000012	states												"         state_name
id                 
24  soft_drink_time"
5652.397166	0.0005080000000816653	states												"    state_name
id            
25  warndanger"
5652.397674	3.000492000000122	states												"            state_name
id                    
26  warndanger_warning"
5655.398667	26.826499999999214	trials	1.0	r	2.0	p	1.0	r	0.0	0.0	1.0	r	p	
5655.398667	26.826499999999214	states												"   state_name
id           
0     state_0"
5655.398667	0.0160040000000663	states												"          state_name
id                  
1   sending_trialnum"
5655.414671	18.992494999999508	states												"      state_name
id              
3   wait_for_cin"
5674.407166	1.0000010000003385	states												"   state_name
id           
4     context"
5675.407167	0.001502999999502208	states												"   state_name
id           
6       csgap"
5675.40867	0.09749600000031933	states												"   state_name
id           
11    stim_on"
5675.506166	0.0005060000003140885	states												"            state_name
id                    
14  son_reward_chooser"
5675.506672	0.06400099999973463	states												"        state_name
id                
17  reward_big_son"
5675.570673	0.936493000000155	states												"        state_name
id                
22  post_reward_on"
5676.507166	0.09501599999930477	states												"         state_name
id                 
23  post_reward_off"
5676.602182	2.6219840000003387	states												"         state_name
id                 
24  soft_drink_time"
5679.224166	0.0005069999997431296	states												"    state_name
id            
25  warndanger"
5679.224673	3.0004939999998896	states												"            state_name
id                    
26  warndanger_warning"
5682.225672	22.220494000000144	trials	1.0	r	2.0	p	1.0	r	0.0	0.0	1.0	r	p	
5682.225672	22.220494000000144	states												"   state_name
id           
0     state_0"
5682.225672	0.016000000000531145	states												"          state_name
id                  
1   sending_trialnum"
5682.241672	11.73601299999973	states												"      state_name
id              
3   wait_for_cin"
5693.977685	1.0004810000000361	states												"   state_name
id           
4     context"
5694.978166	0.0015069999999468564	states												"   state_name
id           
6       csgap"
5694.979673	0.07949300000018411	states												"   state_name
id           
11    stim_on"
5695.059166	0.0005069999997431296	states												"            state_name
id                    
14  son_reward_chooser"
5695.059673	0.06400100000064413	states												"        state_name
id                
17  reward_big_son"
5695.123674	0.9364919999998165	states												"        state_name
id                
22  post_reward_on"
5696.060166	0.2735210000000734	states												"         state_name
id                 
23  post_reward_off"
5696.333687	5.111479999999574	states												"         state_name
id                 
24  soft_drink_time"
5701.445167	0.0005110000001877779	states												"    state_name
id            
25  warndanger"
5701.445678	3.0004879999996774	states												"            state_name
id                    
26  warndanger_warning"
5704.446682	17.675485000000663	trials	1.0	r	2.0	p	1.0	r	0.0	0.0	1.0	r	p	
5704.446682	17.675485000000663	states												"   state_name
id           
0     state_0"
5704.446682	0.015988000000106695	states												"          state_name
id                  
1   sending_trialnum"
5704.46267	10.13149599999997	states												"      state_name
id              
3   wait_for_cin"
5714.594166	1.000514000000294	states												"   state_name
id           
4     context"
5715.59468	0.0014869999995426042	states												"   state_name
id           
6       csgap"
5715.596167	0.8265080000001035	states												"   state_name
id           
11    stim_on"
5716.422675	0.000495000000228174	states												"            state_name
id                    
14  son_reward_chooser"
5716.42317	0.06399599999986094	states												"        state_name
id                
17  reward_big_son"
5716.487166	0.9365109999998822	states												"        state_name
id                
22  post_reward_on"
5717.423677	0.06899299999986397	states												"         state_name
id                 
23  post_reward_off"
5717.49267	1.6289970000007088	states												"         state_name
id                 
24  soft_drink_time"
5719.121667	0.0005000000001018634	states												"    state_name
id            
25  warndanger"
5719.122167	3.0	states												"            state_name
id                    
26  warndanger_warning"
5722.122676	31.26849399999992	trials	1.0	r	2.0	p	1.0	r	0.0	0.0	1.0	r	p	
5722.122676	31.26849399999992	states												"   state_name
id           
0     state_0"
5722.122676	0.0160040000000663	states												"          state_name
id                  
1   sending_trialnum"
5722.13868	24.549989999999525	states												"      state_name
id              
3   wait_for_cin"
5746.68867	1.0000030000001061	states												"   state_name
id           
4     context"
5747.688673	0.0010030000003098394	states												"   state_name
id           
6       csgap"
5747.689676	0.006489999999757856	states												"   state_name
id           
11    stim_on"
5747.696166	0.0005070000006526243	states												"            state_name
id                    
14  son_reward_chooser"
5747.696673	0.06400299999950221	states												"        state_name
id                
17  reward_big_son"
5747.760676	0.9364960000002611	states												"        state_name
id                
22  post_reward_on"
5748.697172	0.08499399999982415	states												"         state_name
id                 
23  post_reward_off"
5748.782166	1.6085030000003826	states												"         state_name
id                 
24  soft_drink_time"
5750.390669	0.0004979999994247919	states												"    state_name
id            
25  warndanger"
5750.391167	3.000003000000106	states												"            state_name
id                    
26  warndanger_warning"
5753.391678	126.51349699999992	trials	1.0	r	2.0	p	1.0	r	0.0	0.0	1.0	r	p	
5753.391678	126.51349699999992	states												"   state_name
id           
0     state_0"
5753.391678	0.016000999999960186	states												"          state_name
id                  
1   sending_trialnum"
5753.407679	117.42148700000052	states												"      state_name
id              
3   wait_for_cin"
5870.829166	1.0	states												"   state_name
id           
4     context"
5871.829166	0.0015079999993758975	states												"   state_name
id           
6       csgap"
5871.830674	0.13650500000039756	states												"   state_name
id           
11    stim_on"
5871.967179	0.0004969999999957508	states												"            state_name
id                    
14  son_reward_chooser"
5871.967676	0.06399799999962852	states												"        state_name
id                
17  reward_big_son"
5872.031674	0.9364919999998165	states												"        state_name
id                
22  post_reward_on"
5872.968166	0.06350800000018353	states												"         state_name
id                 
23  post_reward_off"
5873.031674	3.8724920000004204	states												"         state_name
id                 
24  soft_drink_time"
5876.904166	0.0005099999998492422	states												"    state_name
id            
25  warndanger"
5876.904676	3.0004989999997633	states												"            state_name
id                    
26  warndanger_warning"
5879.905673	29.88699600000018	trials	1.0	r	2.0	p	1.0	r	0.0	0.0	1.0	r	p	
5879.905673	29.88699600000018	states												"   state_name
id           
0     state_0"
5879.905673	0.015996000000086497	states												"          state_name
id                  
1   sending_trialnum"
5879.921669	22.795501999999942	states												"      state_name
id              
3   wait_for_cin"
5902.717171	1.0004989999997633	states												"   state_name
id           
4     context"
5903.71767	0.0010019999999713036	states												"   state_name
id           
6       csgap"
5903.718672	0.16249400000015157	states												"   state_name
id           
11    stim_on"
5903.881166	0.0005080000000816653	states												"            state_name
id                    
14  son_reward_chooser"
5903.881674	0.06400099999973463	states												"        state_name
id                
17  reward_big_son"
5903.945675	0.9364910000003874	states												"        state_name
id                
22  post_reward_on"
5904.882166	0.11500399999931687	states												"         state_name
id                 
23  post_reward_off"
5904.99717	1.794505000000754	states												"         state_name
id                 
24  soft_drink_time"
5906.791675	0.0004909999997835257	states												"    state_name
id            
25  warndanger"
5906.792166	3.000503000000208	states												"            state_name
id                    
26  warndanger_warning"
5909.793167	8.07451200000014	trials	1.0	r	2.0	p	1.0	r	0.0	0.0	1.0	r	p	
5909.793167	8.07451200000014	states												"   state_name
id           
0     state_0"
5909.793167	0.01599900000019261	states												"          state_name
id                  
1   sending_trialnum"
5909.809166	0.29100000000016735	states												"      state_name
id              
3   wait_for_cin"
5910.100166	1.0005080000000817	states												"   state_name
id           
4     context"
5911.100674	0.001006999999844993	states												"   state_name
id           
6       csgap"
5911.101681	0.5024860000003173	states												"   state_name
id           
11    stim_on"
5911.604167	0.0005059999994045938	states												"            state_name
id                    
14  son_reward_chooser"
5911.604673	0.06400500000017928	states												"        state_name
id                
17  reward_big_son"
5911.668678	0.936493999999584	states												"        state_name
id                
22  post_reward_on"
5912.605172	0.06150400000024092	states												"         state_name
id                 
23  post_reward_off"
5912.666676	2.2004900000001726	states												"         state_name
id                 
24  soft_drink_time"
5914.867166	0.0005069999997431296	states												"    state_name
id            
25  warndanger"
5914.867673	3.0000060000002122	states												"            state_name
id                    
26  warndanger_warning"
5917.868167	21.25851800000055	trials	1.0	r	2.0	p	1.0	r	0.0	0.0	1.0	r	p	
5917.868167	21.25851800000055	states												"   state_name
id           
0     state_0"
5917.868167	0.01599900000019261	states												"          state_name
id                  
1   sending_trialnum"
5917.884166	14.144516999999723	states												"      state_name
id              
3   wait_for_cin"
5932.028683	1.0004830000007132	states												"   state_name
id           
4     context"
5933.029166	0.0015059999996083206	states												"   state_name
id           
6       csgap"
5933.030672	0.10700900000028923	states												"   state_name
id           
11    stim_on"
5933.137681	0.0004849999995713006	states												"            state_name
id                    
14  son_reward_chooser"
5933.138166	0.06400000000030559	states												"        state_name
id                
17  reward_big_son"
5933.202166	0.93650499999967	states												"        state_name
id                
22  post_reward_on"
5934.138671	0.013005000000703149	states												"         state_name
id                 
23  post_reward_off"
5934.151676	1.974489999999605	states												"         state_name
id                 
24  soft_drink_time"
5936.126166	0.0005069999997431296	states												"    state_name
id            
25  warndanger"
5936.126673	3.0000120000004245	states												"            state_name
id                    
26  warndanger_warning"
5939.127167	10.990507000000434	trials	1.0	r	2.0	p	1.0	r	0.0	0.0	1.0	r	p	
5939.127167	10.990507000000434	states												"   state_name
id           
0     state_0"
5939.127167	0.01599900000019261	states												"          state_name
id                  
1   sending_trialnum"
5939.143166	2.7580070000003616	states												"      state_name
id              
3   wait_for_cin"
5941.901173	1.0000030000001061	states												"   state_name
id           
4     context"
5942.901176	0.001496999999289983	states												"   state_name
id           
6       csgap"
5942.902673	0.1574930000006134	states												"   state_name
id           
11    stim_on"
5943.060166	0.0005080000000816653	states												"            state_name
id                    
14  son_reward_chooser"
5943.060674	0.06399899999996705	states												"        state_name
id                
17  reward_big_son"
5943.124673	0.9364969999996902	states												"        state_name
id                
22  post_reward_on"
5944.06117	0.10999700000047596	states												"         state_name
id                 
23  post_reward_off"
5944.171167	2.945502999999917	states												"         state_name
id                 
24  soft_drink_time"
5947.11667	0.0004969999999957508	states												"    state_name
id            
25  warndanger"
5947.117167	3.000506999999743	states												"            state_name
id                    
26  warndanger_warning"
5950.118166	9.46250400000008	trials	1.0	r	2.0	p	1.0	r	0.0	0.0	1.0	r	p	
5950.118166	9.46250400000008	states												"   state_name
id           
0     state_0"
5950.118166	0.01599999999962165	states												"          state_name
id                  
1   sending_trialnum"
5950.134166	2.824000000000524	states												"      state_name
id              
3   wait_for_cin"
5952.958166	1.0005029999992985	states												"   state_name
id           
4     context"
5953.958669	0.0010040000006483751	states												"   state_name
id           
6       csgap"
5953.959673	0.060002999999596796	states												"   state_name
id           
11    stim_on"
5954.019676	0.0004909999997835257	states												"            state_name
id                    
14  son_reward_chooser"
5954.020167	0.06399899999996705	states												"        state_name
id                
17  reward_big_son"
5954.084166	0.9365050000005795	states												"        state_name
id                
22  post_reward_on"
5955.020671	0.05549499999960972	states												"         state_name
id                 
23  post_reward_off"
5955.076166	1.5035079999997834	states												"         state_name
id                 
24  soft_drink_time"
5956.579674	0.0004920000001220615	states												"    state_name
id            
25  warndanger"
5956.580166	3.0005040000005465	states												"            state_name
id                    
26  warndanger_warning"
5959.58117	13.242002999999386	trials	1.0	r	2.0	p	1.0	r	0.0	0.0	1.0	r	p	
5959.58117	13.242002999999386	states												"   state_name
id           
0     state_0"
5959.58117	0.0160040000000663	states												"          state_name
id                  
1   sending_trialnum"
5959.597174	5.437992999999551	states												"      state_name
id              
3   wait_for_cin"
5965.035167	1.0005199999995966	states												"   state_name
id           
4     context"
5966.035687	0.0014810000002398738	states												"   state_name
id           
6       csgap"
5966.037168	0.04050400000051013	states												"   state_name
id           
11    stim_on"
5966.077672	0.0004939999998896383	states												"            state_name
id                    
14  son_reward_chooser"
5966.078166	0.0639999999993961	states												"        state_name
id                
17  reward_big_son"
5966.142166	0.936507000000347	states												"        state_name
id                
22  post_reward_on"
5967.078673	0.10799800000040705	states												"         state_name
id                 
23  post_reward_off"
5967.186671	2.636003999999957	states												"         state_name
id                 
24  soft_drink_time"
5969.822675	0.0004909999997835257	states												"    state_name
id            
25  warndanger"
5969.823166	3.0000069999996413	states												"            state_name
id                    
26  warndanger_warning"
5972.823676	12.783491999999569	trials	1.0	r	2.0	p	1.0	r	0.0	0.0	1.0	r	p	
5972.823676	12.783491999999569	states												"   state_name
id           
0     state_0"
5972.823676	0.01599999999962165	states												"          state_name
id                  
1   sending_trialnum"
5972.839676	3.278490000000602	states												"      state_name
id              
3   wait_for_cin"
5976.118166	1.0	states												"   state_name
id           
4     context"
5977.118166	0.0010029999994003447	states												"   state_name
id           
6       csgap"
5977.119169	0.06600100000014208	states												"   state_name
id           
11    stim_on"
5977.18517	0.0005080000000816653	states												"            state_name
id                    
14  son_reward_chooser"
5977.185678	0.06399599999986094	states												"        state_name
id                
17  reward_big_son"
5977.249674	0.936492000000726	states												"        state_name
id                
22  post_reward_on"
5978.186166	0.02100499999960448	states												"         state_name
id                 
23  post_reward_off"
5978.207171	4.399495999999999	states												"         state_name
id                 
24  soft_drink_time"
5982.606667	0.0004989999997633277	states												"    state_name
id            
25  warndanger"
5982.607166	3.0000019999997676	states												"            state_name
id                    
26  warndanger_warning"
5985.60768	17.621487000000343	trials	1.0	r	2.0	p	1.0	r	0.0	0.0	1.0	r	p	
5985.60768	17.621487000000343	states												"   state_name
id           
0     state_0"
5985.60768	0.01599999999962165	states												"          state_name
id                  
1   sending_trialnum"
5985.62368	8.187009000000216	states												"      state_name
id              
3   wait_for_cin"
5993.810689	1.00047799999993	states												"   state_name
id           
4     context"
5994.811167	0.0015069999999468564	states												"   state_name
id           
6       csgap"
5994.812674	1.0000019999997676	states												"   state_name
id           
11    stim_on"
5995.812676	0.0014900000005582115	states												"   state_name
id           
12   stim_off"
5995.814166	1.5955169999997452	states												"        state_name
id                
13  wait_for_spoke"
5997.409683	0.0004890000000159489	states												"             state_name
id                     
15  soff_reward_chooser"
5997.410172	0.06399400000009337	states												"         state_name
id                 
16  reward_big_soff"
5997.474166	0.4960000000000946	states												"         state_name
id                 
23  post_reward_off"
5997.970166	2.257999999999811	states												"         state_name
id                 
24  soft_drink_time"
6000.228166	0.0005040000005465117	states												"    state_name
id            
25  warndanger"
6000.22867	3.0004969999999958	states												"            state_name
id                    
26  warndanger_warning"
6003.229671	9.27449499999966	trials	1.0	r	2.0	p	1.0	r	0.0	0.0	1.0	r	p	
6003.229671	9.27449499999966	states												"   state_name
id           
0     state_0"
6003.229671	0.01600200000029872	states												"          state_name
id                  
1   sending_trialnum"
6003.245673	0.0004929999995511025	states												"      state_name
id              
3   wait_for_cin"
6003.246166	1.0005040000005465	states												"   state_name
id           
4     context"
6004.24667	0.0010049999991679215	states												"   state_name
id           
6       csgap"
6004.247675	0.6644910000004529	states												"   state_name
id           
11    stim_on"
6004.912166	0.0005089999995107064	states												"            state_name
id                    
14  son_reward_chooser"
6004.912675	0.06399700000019948	states												"        state_name
id                
17  reward_big_son"
6004.976672	0.9364940000004935	states												"        state_name
id                
22  post_reward_on"
6005.913166	0.07600099999945087	states												"         state_name
id                 
23  post_reward_off"
6005.989167	3.514017000000422	states												"         state_name
id                 
24  soft_drink_time"
6009.503184	0.0004920000001220615	states												"    state_name
id            
25  warndanger"
6009.503676	3.000489999999445	states												"            state_name
id                    
26  warndanger_warning"
6012.504671	45.03599600000052	trials	1.0	r	2.0	p	1.0	r	0.0	0.0	1.0	r	p	
6012.504671	45.03599600000052	states												"   state_name
id           
0     state_0"
6012.504671	0.01600200000029872	states												"          state_name
id                  
1   sending_trialnum"
6012.520673	34.05749300000025	states												"      state_name
id              
3   wait_for_cin"
6046.578166	1.0005059999994046	states												"   state_name
id           
4     context"
6047.578672	0.0010040000006483751	states												"   state_name
id           
6       csgap"
6047.579676	0.5870099999992817	states												"   state_name
id           
11    stim_on"
6048.166686	0.0004960000005667098	states												"            state_name
id                    
14  son_reward_chooser"
6048.167182	0.06399400000009337	states												"        state_name
id                
17  reward_big_son"
6048.231176	0.9364989999994577	states												"        state_name
id                
22  post_reward_on"
6049.167675	0.06449100000008912	states												"         state_name
id                 
23  post_reward_off"
6049.232166	5.307510000000548	states												"         state_name
id                 
24  soft_drink_time"
6054.539676	0.00048999999944499	states												"    state_name
id            
25  warndanger"
6054.540166	3.0005010000004404	states												"            state_name
id                    
26  warndanger_warning"
6057.541166	8.107511000000159	trials	1.0	r	2.0	p	1.0	r	0.0	0.0	1.0	r	p	
6057.541166	8.107511000000159	states												"   state_name
id           
0     state_0"
6057.541166	0.01599999999962165	states												"          state_name
id                  
1   sending_trialnum"
6057.557166	0.0005110000001877779	states												"      state_name
id              
3   wait_for_cin"
6057.557677	1.0004930000004606	states												"   state_name
id           
4     context"
6058.55817	0.0010000000002037268	states												"   state_name
id           
6       csgap"
6058.55917	0.06950399999914225	states												"   state_name
id           
11    stim_on"
6058.628674	0.0004960000005667098	states												"            state_name
id                    
14  son_reward_chooser"
6058.62917	0.0639999999993961	states												"        state_name
id                
17  reward_big_son"
6058.69317	0.9365020000004733	states												"        state_name
id                
22  post_reward_on"
6059.629672	0.05900000000019645	states												"         state_name
id                 
23  post_reward_off"
6059.688672	2.9594939999997223	states												"         state_name
id                 
24  soft_drink_time"
6062.648166	0.0005010000004403992	states												"    state_name
id            
25  warndanger"
6062.648667	3.0000099999997474	states												"            state_name
id                    
26  warndanger_warning"
6065.649166	9.882004000000052	trials	1.0	r	2.0	p	1.0	r	0.0	0.0	1.0	r	p	
6065.649166	9.882004000000052	states												"   state_name
id           
0     state_0"
6065.649166	0.016015999999581254	states												"          state_name
id                  
1   sending_trialnum"
6065.665182	2.875489000000016	states												"      state_name
id              
3   wait_for_cin"
6068.540671	1.000503000000208	states												"   state_name
id           
4     context"
6069.541174	0.0014970000001994777	states												"   state_name
id           
6       csgap"
6069.542671	0.0860000000002401	states												"   state_name
id           
11    stim_on"
6069.628671	0.0005049999999755528	states												"            state_name
id                    
14  son_reward_chooser"
6069.629176	0.06398999999964872	states												"        state_name
id                
17  reward_big_son"
6069.693166	0.9365090000001146	states												"        state_name
id                
22  post_reward_on"
6070.629675	0.007999999999810825	states												"         state_name
id                 
23  post_reward_off"
6070.637675	1.892490999999609	states												"         state_name
id                 
24  soft_drink_time"
6072.530166	0.0005090000004202011	states												"    state_name
id            
25  warndanger"
6072.530675	3.000495000000228	states												"            state_name
id                    
26  warndanger_warning"
6075.531675	17.076000000000022	trials	1.0	r	2.0	p	1.0	r	0.0	0.0	1.0	r	p	
6075.531675	17.076000000000022	states												"   state_name
id           
0     state_0"
6075.531675	0.01599900000019261	states												"          state_name
id                  
1   sending_trialnum"
6075.547674	5.865498999999545	states												"      state_name
id              
3   wait_for_cin"
6081.413173	1.0005129999999554	states												"   state_name
id           
4     context"
6082.413686	0.0014810000002398738	states												"   state_name
id           
6       csgap"
6082.415167	0.17399899999963964	states												"   state_name
id           
11    stim_on"
6082.589166	0.0005110000001877779	states												"            state_name
id                    
14  son_reward_chooser"
6082.589677	0.06399799999962852	states												"        state_name
id                
17  reward_big_son"
6082.653675	0.9364910000003874	states												"        state_name
id                
22  post_reward_on"
6083.590166	0.11099999999987631	states												"         state_name
id                 
23  post_reward_off"
6083.701166	5.905501000000186	states												"         state_name
id                 
24  soft_drink_time"
6089.606667	0.000503000000207976	states												"    state_name
id            
25  warndanger"
6089.60717	3.0005049999999756	states												"            state_name
id                    
26  warndanger_warning"
6092.608166	8.923999999999978	trials	1.0	r	2.0	p	1.0	r	0.0	0.0	1.0	r	p	
6092.608166	8.923999999999978	states												"   state_name
id           
0     state_0"
6092.608166	0.01599999999962165	states												"          state_name
id                  
1   sending_trialnum"
6092.624166	1.56550900000002	states												"      state_name
id              
3   wait_for_cin"
6094.189675	1.000002000000677	states												"   state_name
id           
4     context"
6095.189677	0.0014899999996487168	states												"   state_name
id           
6       csgap"
6095.191167	0.23099900000033813	states												"   state_name
id           
11    stim_on"
6095.422166	0.0005109999992782832	states												"            state_name
id                    
14  son_reward_chooser"
6095.422677	0.06399900000087655	states												"        state_name
id                
17  reward_big_son"
6095.486676	0.9364899999991394	states												"        state_name
id                
22  post_reward_on"
6096.423166	0.12000000000080036	states												"         state_name
id                 
23  post_reward_off"
6096.543166	1.9879999999993743	states												"         state_name
id                 
24  soft_drink_time"
6098.531166	0.0005150000006324262	states												"    state_name
id            
25  warndanger"
6098.531681	3.0004849999995713	states												"            state_name
id                    
26  warndanger_warning"
6101.532667	8.66650699999991	trials	1.0	r	2.0	p	1.0	r	0.0	0.0	1.0	r	p	
6101.532667	8.66650699999991	states												"   state_name
id           
0     state_0"
6101.532667	0.01599999999962165	states												"          state_name
id                  
1   sending_trialnum"
6101.548667	0.7910089999995762	states												"      state_name
id              
3   wait_for_cin"
6102.339676	1.0000070000005508	states												"   state_name
id           
4     context"
6103.339683	0.00148799999988114	states												"   state_name
id           
6       csgap"
6103.341171	0.5605089999999109	states												"   state_name
id           
11    stim_on"
6103.90168	0.00048599999990983633	states												"            state_name
id                    
14  son_reward_chooser"
6103.902166	0.06400000000030559	states												"        state_name
id                
17  reward_big_son"
6103.966166	0.9365099999995437	states												"        state_name
id                
22  post_reward_on"
6104.902676	0.04700000000048021	states												"         state_name
id                 
23  post_reward_off"
6104.949676	2.2489949999999226	states												"         state_name
id                 
24  soft_drink_time"
6107.198671	0.000495000000228174	states												"    state_name
id            
25  warndanger"
6107.199166	3.00000799999998	states												"            state_name
id                    
26  warndanger_warning"
6110.199677	8.530013999999937	trials	1.0	r	2.0	p	1.0	r	0.0	0.0	1.0	r	p	
6110.199677	8.530013999999937	states												"   state_name
id           
0     state_0"
6110.199677	0.01599900000019261	states												"          state_name
id                  
1   sending_trialnum"
6110.215676	0.0004900000003544847	states												"      state_name
id              
3   wait_for_cin"
6110.216166	1.000000999999429	states												"   state_name
id           
4     context"
6111.216167	0.0015110000003915047	states												"   state_name
id           
6       csgap"
6111.217678	0.003491000000394706	states												"   state_name
id           
11    stim_on"
6111.221169	0.000503999999637017	states												"            state_name
id                    
14  son_reward_chooser"
6111.221673	0.06400000000030559	states												"        state_name
id                
17  reward_big_son"
6111.285673	0.9364929999992455	states												"        state_name
id                
22  post_reward_on"
6112.222166	0.10600000000067666	states												"         state_name
id                 
23  post_reward_off"
6112.328166	3.4005040000001827	states												"         state_name
id                 
24  soft_drink_time"
6115.72867	0.0005079999991721706	states												"    state_name
id            
25  warndanger"
6115.729178	3.0005129999999554	states												"            state_name
id                    
26  warndanger_warning"
6118.730167	17.833999000000404	trials	1.0	r	2.0	p	1.0	r	0.0	0.0	1.0	r	p	
6118.730167	17.833999000000404	states												"   state_name
id           
0     state_0"
6118.730167	0.01599900000019261	states												"          state_name
id                  
1   sending_trialnum"
6118.746166	9.069999999999709	states												"      state_name
id              
3   wait_for_cin"
6127.816166	1.0	states												"   state_name
id           
4     context"
6128.816166	0.0015190000003713067	states												"   state_name
id           
6       csgap"
6128.817685	0.07648100000005797	states												"   state_name
id           
11    stim_on"
6128.894166	0.0005069999997431296	states												"            state_name
id                    
14  son_reward_chooser"
6128.894673	0.06400000000030559	states												"        state_name
id                
17  reward_big_son"
6128.958673	0.9364999999997963	states												"        state_name
id                
22  post_reward_on"
6129.895173	0.014992999999776657	states												"         state_name
id                 
23  post_reward_off"
6129.910166	3.6530000000002474	states												"         state_name
id                 
24  soft_drink_time"
6133.563166	0.0005090000004202011	states												"    state_name
id            
25  warndanger"
6133.563675	3.0004909999997835	states												"            state_name
id                    
26  warndanger_warning"
6136.564668	12.021012000000155	trials	1.0	r	2.0	p	1.0	r	0.0	0.0	1.0	r	p	
6136.564668	12.021012000000155	states												"   state_name
id           
0     state_0"
6136.564668	0.01599900000019261	states												"          state_name
id                  
1   sending_trialnum"
6136.580667	3.8290079999997033	states												"      state_name
id              
3   wait_for_cin"
6140.409675	1.0000049999998737	states												"   state_name
id           
4     context"
6141.40968	0.0014860000001135631	states												"   state_name
id           
6       csgap"
6141.411166	0.03251100000034057	states												"   state_name
id           
11    stim_on"
6141.443677	0.00048999999944499	states												"            state_name
id                    
14  son_reward_chooser"
6141.444167	0.06399899999996705	states												"        state_name
id                
17  reward_big_son"
6141.508166	0.936507000000347	states												"        state_name
id                
22  post_reward_on"
6142.444673	0.09999799999968673	states												"         state_name
id                 
23  post_reward_off"
6142.544671	3.040001000000302	states												"         state_name
id                 
24  soft_drink_time"
6145.584672	0.0004980000003342866	states												"    state_name
id            
25  warndanger"
6145.58517	3.0005099999998492	states												"            state_name
id                    
26  warndanger_warning"
6148.586166	6.795011999999588	trials	1.0	r	2.0	p	1.0	r	0.0	0.0	1.0	r	p	
6148.586166	6.795011999999588	states												"   state_name
id           
0     state_0"
6148.586166	0.01599999999962165	states												"          state_name
id                  
1   sending_trialnum"
6148.602166	0.05551199999990786	states												"      state_name
id              
3   wait_for_cin"
6148.657678	1.0000070000005508	states												"   state_name
id           
4     context"
6149.657685	0.0014860000001135631	states												"   state_name
id           
6       csgap"
6149.659171	0.17749899999944319	states												"   state_name
id           
11    stim_on"
6149.83667	0.0005000000001018634	states												"            state_name
id                    
14  son_reward_chooser"
6149.83717	0.06400000000030559	states												"        state_name
id                
17  reward_big_son"
6149.90117	0.9365090000001146	states												"        state_name
id                
22  post_reward_on"
6150.837679	0.11749400000007881	states												"         state_name
id                 
23  post_reward_off"
6150.955173	1.4254979999996067	states												"         state_name
id                 
24  soft_drink_time"
6152.380671	0.000495000000228174	states												"    state_name
id            
25  warndanger"
6152.381166	3.000011999999515	states												"            state_name
id                    
26  warndanger_warning"
6155.381673	6.838493000000199	trials	0.0	r	2.0	p	1.0	r	0.0	0.0	0.0	r	p	
6155.381673	6.838493000000199	states												"   state_name
id           
0     state_0"
6155.381673	0.01599900000019261	states												"          state_name
id                  
1   sending_trialnum"
6155.397672	0.0004939999998896383	states												"      state_name
id              
3   wait_for_cin"
6155.398166	1.0000060000002122	states												"   state_name
id           
4     context"
6156.398172	0.0015080000002853922	states												"   state_name
id           
6       csgap"
6156.39968	0.8194939999993949	states												"   state_name
id           
11    stim_on"
6157.219174	5.000992000000224	states												"     state_name
id             
28  error_state"
6162.220672	6.4719969999996465	trials	1.0	r	2.0	p	1.0	r	0.0	0.0	1.0	r	p	
6162.220672	6.4719969999996465	states												"   state_name
id           
0     state_0"
6162.220672	0.015998999999283114	states												"          state_name
id                  
1   sending_trialnum"
6162.236671	0.0004980000003342866	states												"      state_name
id              
3   wait_for_cin"
6162.237169	1.0005069999997431	states												"   state_name
id           
4     context"
6163.237676	0.0010010000005422626	states												"   state_name
id           
6       csgap"
6163.238677	0.03699499999947875	states												"   state_name
id           
11    stim_on"
6163.275672	0.0004939999998896383	states												"            state_name
id                    
14  son_reward_chooser"
6163.276166	0.06400000000030559	states												"        state_name
id                
17  reward_big_son"
6163.340166	0.9365060000000085	states												"        state_name
id                
22  post_reward_on"
6164.276672	0.08800200000041514	states												"         state_name
id                 
23  post_reward_off"
6164.364674	1.3270169999996142	states												"         state_name
id                 
24  soft_drink_time"
6165.691691	0.0004749999998239218	states												"    state_name
id            
25  warndanger"
6165.692166	3.000503000000208	states												"            state_name
id                    
26  warndanger_warning"
6168.693168	11.165014000000156	trials	1.0	r	2.0	p	1.0	r	0.0	0.0	1.0	r	p	
6168.693168	11.165014000000156	states												"   state_name
id           
0     state_0"
6168.693168	0.01599900000019261	states												"          state_name
id                  
1   sending_trialnum"
6168.709167	4.300508999999693	states												"      state_name
id              
3   wait_for_cin"
6173.009676	1.0004900000003545	states												"   state_name
id           
4     context"
6174.010166	0.0015110000003915047	states												"   state_name
id           
6       csgap"
6174.011677	0.07600099999945087	states												"   state_name
id           
11    stim_on"
6174.087678	0.0004890000000159489	states												"            state_name
id                    
14  son_reward_chooser"
6174.088167	0.06400000000030559	states												"        state_name
id                
17  reward_big_son"
6174.152167	0.9365019999995638	states												"        state_name
id                
22  post_reward_on"
6175.088669	0.012499999999818101	states												"         state_name
id                 
23  post_reward_off"
6175.101169	1.7565050000002884	states												"         state_name
id                 
24  soft_drink_time"
6176.857674	0.0004920000001220615	states												"    state_name
id            
25  warndanger"
6176.858166	3.0000159999999596	states												"            state_name
id                    
26  warndanger_warning"
6179.858674	9.703993000000082	trials	1.0	r	2.0	p	1.0	r	0.0	0.0	1.0	r	p	
6179.858674	9.703993000000082	states												"   state_name
id           
0     state_0"
6179.858674	0.01599900000019261	states												"          state_name
id                  
1   sending_trialnum"
6179.874673	0.0004929999995511025	states												"      state_name
id              
3   wait_for_cin"
6179.875166	1.000506000000314	states												"   state_name
id           
4     context"
6180.875672	0.0010039999997388804	states												"   state_name
id           
6       csgap"
6180.876676	0.31200600000011036	states												"   state_name
id           
11    stim_on"
6181.188682	0.0004939999998896383	states												"            state_name
id                    
14  son_reward_chooser"
6181.189176	0.06399599999986094	states												"        state_name
id                
17  reward_big_son"
6181.253172	0.9365020000004733	states												"        state_name
id                
22  post_reward_on"
6182.189674	0.3369959999999992	states												"         state_name
id                 
23  post_reward_off"
6182.52667	4.035015999999814	states												"         state_name
id                 
24  soft_drink_time"
6186.561686	0.0004799999996976112	states												"    state_name
id            
25  warndanger"
6186.562166	3.0005010000004404	states												"            state_name
id                    
26  warndanger_warning"
6189.563169	8.85950799999955	trials	1.0	r	2.0	p	1.0	r	0.0	0.0	1.0	r	p	
6189.563169	8.85950799999955	states												"   state_name
id           
0     state_0"
6189.563169	0.015997999999854073	states												"          state_name
id                  
1   sending_trialnum"
6189.579167	1.0779990000000907	states												"      state_name
id              
3   wait_for_cin"
6190.657166	1.0	states												"   state_name
id           
4     context"
6191.657166	0.0010000000002037268	states												"   state_name
id           
6       csgap"
6191.658166	0.3090089999996053	states												"   state_name
id           
11    stim_on"
6191.967175	0.0005019999998694402	states												"            state_name
id                    
14  son_reward_chooser"
6191.967677	0.06400000000030559	states												"        state_name
id                
17  reward_big_son"
6192.031677	0.9364949999999226	states												"        state_name
id                
22  post_reward_on"
6192.968172	0.05499500000041735	states												"         state_name
id                 
23  post_reward_off"
6193.023167	2.399004999999306	states												"         state_name
id                 
24  soft_drink_time"
6195.422172	0.0004969999999957508	states												"    state_name
id            
25  warndanger"
6195.422669	3.00000799999998	states												"            state_name
id                    
26  warndanger_warning"
6198.423166	17.75500000000011	trials	1.0	r	2.0	p	1.0	r	0.0	0.0	1.0	r	p	
6198.423166	17.75500000000011	states												"   state_name
id           
0     state_0"
6198.423166	0.016000000000531145	states												"          state_name
id                  
1   sending_trialnum"
6198.439166	6.329501000000164	states												"      state_name
id              
3   wait_for_cin"
6204.768667	1.0000049999998737	states												"   state_name
id           
4     context"
6205.768672	0.0010080000001835288	states												"   state_name
id           
6       csgap"
6205.76968	0.0019959999999628053	states												"   state_name
id           
11    stim_on"
6205.771676	0.00048999999944499	states												"            state_name
id                    
14  son_reward_chooser"
6205.772166	0.06400000000030559	states												"        state_name
id                
17  reward_big_son"
6205.836166	0.9365079999997761	states												"        state_name
id                
22  post_reward_on"
6206.772674	0.9379960000005667	states												"         state_name
id                 
23  post_reward_off"
6207.71067	5.4664960000000065	states												"         state_name
id                 
24  soft_drink_time"
6213.177166	0.0005129999999553547	states												"    state_name
id            
25  warndanger"
6213.177679	3.000486999999339	states												"            state_name
id                    
26  warndanger_warning"
6216.178667	7.54701599999953	trials	1.0	r	2.0	p	1.0	r	0.0	0.0	1.0	r	p	
6216.178667	7.54701599999953	states												"   state_name
id           
0     state_0"
6216.178667	0.016010999999707565	states												"          state_name
id                  
1   sending_trialnum"
6216.194678	1.1764970000003814	states												"      state_name
id              
3   wait_for_cin"
6217.371175	1.000517999999829	states												"   state_name
id           
4     context"
6218.371693	0.0014730000002600718	states												"   state_name
id           
6       csgap"
6218.373166	0.05700100000012753	states												"   state_name
id           
11    stim_on"
6218.430167	0.0005049999999755528	states												"            state_name
id                    
14  son_reward_chooser"
6218.430672	0.0639999999993961	states												"        state_name
id                
17  reward_big_son"
6218.494672	0.9365020000004733	states												"        state_name
id                
22  post_reward_on"
6219.431174	0.11800099999982194	states												"         state_name
id                 
23  post_reward_off"
6219.549175	1.1759929999998349	states												"         state_name
id                 
24  soft_drink_time"
6220.725168	0.0005080000000816653	states												"    state_name
id            
25  warndanger"
6220.725676	3.0000069999996413	states												"            state_name
id                    
26  warndanger_warning"
6223.726166	11.4805039999992	trials	1.0	r	2.0	p	1.0	r	0.0	0.0	1.0	r	p	
6223.726166	11.4805039999992	states												"   state_name
id           
0     state_0"
6223.726166	0.01599999999962165	states												"          state_name
id                  
1   sending_trialnum"
6223.742166	2.8975090000003547	states												"      state_name
id              
3   wait_for_cin"
6226.639675	1.0000019999997676	states												"   state_name
id           
4     context"
6227.639677	0.0014890000002196757	states												"   state_name
id           
6       csgap"
6227.641166	0.09451300000000629	states												"   state_name
id           
11    stim_on"
6227.735679	0.0004869999993388774	states												"            state_name
id                    
14  son_reward_chooser"
6227.736166	0.06400000000030559	states												"        state_name
id                
17  reward_big_son"
6227.800166	0.9365060000000085	states												"        state_name
id                
22  post_reward_on"
6228.736672	0.1344939999999042	states												"         state_name
id                 
23  post_reward_off"
6228.871166	3.3345079999999143	states												"         state_name
id                 
24  soft_drink_time"
6232.205674	0.0004920000001220615	states												"    state_name
id            
25  warndanger"
6232.206166	3.000503999999637	states												"            state_name
id                    
26  warndanger_warning"
6235.207167	20.108006000000387	trials	1.0	r	2.0	p	1.0	r	0.0	0.0	1.0	r	p	
6235.207167	20.108006000000387	states												"   state_name
id           
0     state_0"
6235.207167	0.01599900000019261	states												"          state_name
id                  
1   sending_trialnum"
6235.223166	8.488000000000284	states												"      state_name
id              
3   wait_for_cin"
6243.711166	1.0000019999997676	states												"   state_name
id           
4     context"
6244.711168	0.0015000000003055902	states												"   state_name
id           
6       csgap"
6244.712668	1.0000039999995352	states												"   state_name
id           
11    stim_on"
6245.712672	0.0010040000006483751	states												"   state_name
id           
12   stim_off"
6245.713676	1.4070050000000265	states												"        state_name
id                
13  wait_for_spoke"
6247.120681	0.0004849999995713006	states												"             state_name
id                     
15  soff_reward_chooser"
6247.121166	0.06400000000030559	states												"         state_name
id                 
16  reward_big_soff"
6247.185166	0.044514999999591964	states												"         state_name
id                 
23  post_reward_off"
6247.229681	5.0844850000003134	states												"         state_name
id                 
24  soft_drink_time"
6252.314166	0.0005190000001675799	states												"    state_name
id            
25  warndanger"
6252.314685	3.0004879999996774	states												"            state_name
id                    
26  warndanger_warning"
6255.315679	18.92048699999941	trials	1.0	r	2.0	p	1.0	r	0.0	0.0	1.0	r	p	
6255.315679	18.92048699999941	states												"   state_name
id           
0     state_0"
6255.315679	0.015998999999283114	states												"          state_name
id                  
1   sending_trialnum"
6255.331678	11.779489000000467	states												"      state_name
id              
3   wait_for_cin"
6267.111167	1.0005069999997431	states												"   state_name
id           
4     context"
6268.111674	0.001495999999860942	states												"   state_name
id           
6       csgap"
6268.11317	0.2245070000008127	states												"   state_name
id           
11    stim_on"
6268.337677	0.0004889999991064542	states												"            state_name
id                    
14  son_reward_chooser"
6268.338166	0.06400000000030559	states												"        state_name
id                
17  reward_big_son"
6268.402166	0.9365060000000085	states												"        state_name
id                
22  post_reward_on"
6269.338672	0.130500000000211	states												"         state_name
id                 
23  post_reward_off"
6269.469172	1.765994000000319	states												"         state_name
id                 
24  soft_drink_time"
6271.235166	0.0005059999994045938	states												"    state_name
id            
25  warndanger"
6271.235672	3.0004939999998896	states												"            state_name
id                    
26  warndanger_warning"
6274.23668	11.080995000000257	trials	1.0	r	2.0	p	1.0	r	0.0	0.0	1.0	r	p	
6274.23668	11.080995000000257	states												"   state_name
id           
0     state_0"
6274.23668	0.015996000000086497	states												"          state_name
id                  
1   sending_trialnum"
6274.252676	0.2439910000002783	states												"      state_name
id              
3   wait_for_cin"
6274.496667	1.0000079999999798	states												"   state_name
id           
4     context"
6275.496675	0.0009999999992942321	states												"   state_name
id           
6       csgap"
6275.497675	0.5049980000003416	states												"   state_name
id           
11    stim_on"
6276.002673	0.0004939999998896383	states												"            state_name
id                    
14  son_reward_chooser"
6276.003167	0.0640030000004117	states												"        state_name
id                
17  reward_big_son"
6276.06717	0.9365029999999024	states												"        state_name
id                
22  post_reward_on"
6277.003673	0.38349399999970046	states												"         state_name
id                 
23  post_reward_off"
6277.387167	4.929517000000487	states												"         state_name
id                 
24  soft_drink_time"
6282.316684	0.00048299999980372377	states												"    state_name
id            
25  warndanger"
6282.317167	3.0005080000000817	states												"            state_name
id                    
26  warndanger_warning"
6285.318166	85.46250899999995	trials	1.0	r	2.0	p	1.0	r	0.0	0.0	1.0	r	p	
6285.318166	85.46250899999995	states												"   state_name
id           
0     state_0"
6285.318166	0.01599999999962165	states												"          state_name
id                  
1   sending_trialnum"
6285.334166	72.27600000000075	states												"      state_name
id              
3   wait_for_cin"
6357.610166	1.000503999999637	states												"   state_name
id           
4     context"
6358.61067	0.0010039999997388804	states												"   state_name
id           
6       csgap"
6358.611674	1.000492000000122	states												"   state_name
id           
11    stim_on"
6359.612166	0.001006999999844993	states												"   state_name
id           
12   stim_off"
6359.613173	3.34699400000045	states												"        state_name
id                
13  wait_for_spoke"
6362.960167	0.000503999999637017	states												"             state_name
id                     
15  soff_reward_chooser"
6362.960671	0.06399700000019948	states												"         state_name
id                 
16  reward_big_soff"
6363.024668	0.0805080000000089	states												"         state_name
id                 
23  post_reward_off"
6363.105176	4.674989999999525	states												"         state_name
id                 
24  soft_drink_time"
6367.780166	0.000503000000207976	states												"    state_name
id            
25  warndanger"
6367.780669	3.0000060000002122	states												"            state_name
id                    
26  warndanger_warning"
6370.781166	9.667505000000347	trials	1.0	r	2.0	p	1.0	r	0.0	0.0	1.0	r	p	
6370.781166	9.667505000000347	states												"   state_name
id           
0     state_0"
6370.781166	0.016000999999960186	states												"          state_name
id                  
1   sending_trialnum"
6370.797167	2.699000000000524	states												"      state_name
id              
3   wait_for_cin"
6373.496167	1.0000019999997676	states												"   state_name
id           
4     context"
6374.496169	0.001510000000052969	states												"   state_name
id           
6       csgap"
6374.497679	0.009997999999541207	states												"   state_name
id           
11    stim_on"
6374.507677	0.0004900000003544847	states												"            state_name
id                    
14  son_reward_chooser"
6374.508167	0.06399899999996705	states												"        state_name
id                
17  reward_big_son"
6374.572166	0.93650499999967	states												"        state_name
id                
22  post_reward_on"
6375.508671	0.009003000000120664	states												"         state_name
id                 
23  post_reward_off"
6375.517674	1.930492000000413	states												"         state_name
id                 
24  soft_drink_time"
6377.448166	0.000503000000207976	states												"    state_name
id            
25  warndanger"
6377.448669	3.0000019999997676	states												"            state_name
id                    
26  warndanger_warning"
6380.449166	26.45350899999994	trials	1.0	r	2.0	p	1.0	r	0.0	0.0	1.0	r	p	
6380.449166	26.45350899999994	states												"   state_name
id           
0     state_0"
6380.449166	0.01599999999962165	states												"          state_name
id                  
1   sending_trialnum"
6380.465166	19.00500000000011	states												"      state_name
id              
3   wait_for_cin"
6399.470166	1.0005099999998492	states												"   state_name
id           
4     context"
6400.470676	0.0014899999996487168	states												"   state_name
id           
6       csgap"
6400.472166	0.22750700000051438	states												"   state_name
id           
11    stim_on"
6400.699673	0.0005099999998492422	states												"            state_name
id                    
14  son_reward_chooser"
6400.700183	0.06398300000000745	states												"        state_name
id                
17  reward_big_son"
6400.764166	0.9365170000000944	states												"        state_name
id                
22  post_reward_on"
6401.700683	0.011989999999968859	states												"         state_name
id                 
23  post_reward_off"
6401.712673	2.189002000000073	states												"         state_name
id                 
24  soft_drink_time"
6403.901675	0.0004909999997835257	states												"    state_name
id            
25  warndanger"
6403.902166	3.00050900000042	states												"            state_name
id                    
26  warndanger_warning"
6406.903167	8.792998999999327	trials	1.0	r	2.0	p	1.0	r	0.0	0.0	1.0	r	p	
6406.903167	8.792998999999327	states												"   state_name
id           
0     state_0"
6406.903167	0.015998999999283114	states												"          state_name
id                  
1   sending_trialnum"
6406.919166	1.1860130000004574	states												"      state_name
id              
3   wait_for_cin"
6408.105179	1.0004959999996572	states												"   state_name
id           
4     context"
6409.105675	0.0014920000003257883	states												"   state_name
id           
6       csgap"
6409.107167	0.4540070000002743	states												"   state_name
id           
11    stim_on"
6409.561174	0.0004999999991923687	states												"            state_name
id                    
14  son_reward_chooser"
6409.561674	0.06400000000030559	states												"        state_name
id                
17  reward_big_son"
6409.625674	0.936493000000155	states												"        state_name
id                
22  post_reward_on"
6410.562167	0.0625	states												"         state_name
id                 
23  post_reward_off"
6410.624667	2.0710109999999986	states												"         state_name
id                 
24  soft_drink_time"
6412.695678	0.00048799999967741314	states												"    state_name
id            
25  warndanger"
6412.696166	3.0	states												"            state_name
id                    
26  warndanger_warning"
6415.696672	15.538005999999768	trials	1.0	r	2.0	p	1.0	r	0.0	0.0	1.0	r	p	
6415.696672	15.538005999999768	states												"   state_name
id           
0     state_0"
6415.696672	0.015996000000086497	states												"          state_name
id                  
1   sending_trialnum"
6415.712668	8.052001000000018	states												"      state_name
id              
3   wait_for_cin"
6423.764669	1.0000060000002122	states												"   state_name
id           
4     context"
6424.764675	0.0010009999996327679	states												"   state_name
id           
6       csgap"
6424.765676	0.07799900000009075	states												"   state_name
id           
11    stim_on"
6424.843675	0.0004909999997835257	states												"            state_name
id                    
14  son_reward_chooser"
6424.844166	0.06400000000030559	states												"        state_name
id                
17  reward_big_son"
6424.908166	0.93650499999967	states												"        state_name
id                
22  post_reward_on"
6425.844671	0.046000000000276486	states												"         state_name
id                 
23  post_reward_off"
6425.890671	2.343511999999464	states												"         state_name
id                 
24  soft_drink_time"
6428.234183	0.0004890000000159489	states												"    state_name
id            
25  warndanger"
6428.234672	3.0000060000002122	states												"            state_name
id                    
26  warndanger_warning"
6431.235171	18.89449499999955	trials	1.0	r	2.0	p	1.0	r	0.0	0.0	1.0	r	p	
6431.235171	18.89449499999955	states												"   state_name
id           
0     state_0"
6431.235171	0.01599999999962165	states												"          state_name
id                  
1   sending_trialnum"
6431.251171	8.778994999999668	states												"      state_name
id              
3   wait_for_cin"
6440.030166	1.0	states												"   state_name
id           
4     context"
6441.030166	0.0010010000005422626	states												"   state_name
id           
6       csgap"
6441.031167	0.9129999999995562	states												"   state_name
id           
11    stim_on"
6441.944167	0.0005080000000816653	states												"            state_name
id                    
14  son_reward_chooser"
6441.944675	0.06399899999996705	states												"        state_name
id                
17  reward_big_son"
6442.008674	0.936492000000726	states												"        state_name
id                
22  post_reward_on"
6442.945166	0.14050899999983812	states												"         state_name
id                 
23  post_reward_off"
6443.085675	4.042994999999792	states												"         state_name
id                 
24  soft_drink_time"
6447.12867	0.0004989999997633277	states												"    state_name
id            
25  warndanger"
6447.129169	3.0004969999999958	states												"            state_name
id                    
26  warndanger_warning"
6450.130166	19.554000000000087	trials	1.0	r	2.0	p	1.0	r	0.0	0.0	1.0	r	p	
6450.130166	19.554000000000087	states												"   state_name
id           
0     state_0"
6450.130166	0.016000000000531145	states												"          state_name
id                  
1   sending_trialnum"
6450.146166	11.525005999999848	states												"      state_name
id              
3   wait_for_cin"
6461.671172	1.0005049999999756	states												"   state_name
id           
4     context"
6462.671677	0.0014929999997548293	states												"   state_name
id           
6       csgap"
6462.67317	0.03999599999951897	states												"   state_name
id           
11    stim_on"
6462.713166	0.0005140000002938905	states												"            state_name
id                    
14  son_reward_chooser"
6462.71368	0.06400000000030559	states												"        state_name
id                
17  reward_big_son"
6462.77768	0.9364859999996042	states												"        state_name
id                
22  post_reward_on"
6463.714166	0.6365000000005239	states												"         state_name
id                 
23  post_reward_off"
6464.350666	2.3325009999998656	states												"         state_name
id                 
24  soft_drink_time"
6466.683167	0.0005089999995107064	states												"    state_name
id            
25  warndanger"
6466.683676	3.0004900000003545	states												"            state_name
id                    
26  warndanger_warning"
6469.684673	37.918494000000464	trials	1.0	r	2.0	p	1.0	r	0.0	0.0	1.0	r	p	
6469.684673	37.918494000000464	states												"   state_name
id           
0     state_0"
6469.684673	0.016008999999939988	states												"          state_name
id                  
1   sending_trialnum"
6469.700682	31.795484000000215	states												"      state_name
id              
3   wait_for_cin"
6501.496166	1.0005080000000817	states												"   state_name
id           
4     context"
6502.496674	0.001006000000415952	states												"   state_name
id           
6       csgap"
6502.49768	0.09500799999932497	states												"   state_name
id           
11    stim_on"
6502.592688	0.00047900000026857015	states												"            state_name
id                    
14  son_reward_chooser"
6502.593167	0.06399899999996705	states												"        state_name
id                
17  reward_big_son"
6502.657166	0.9365100000004531	states												"        state_name
id                
22  post_reward_on"
6503.593676	0.055998999999246735	states												"         state_name
id                 
23  post_reward_off"
6503.649675	0.9529940000002171	states												"         state_name
id                 
24  soft_drink_time"
6504.602669	0.0004969999999957508	states												"    state_name
id            
25  warndanger"
6504.603166	3.0000010000003385	states												"            state_name
id                    
26  warndanger_warning"
6507.603675	28.849999999999454	trials	1.0	r	2.0	p	1.0	r	0.0	0.0	1.0	r	p	
6507.603675	28.849999999999454	states												"   state_name
id           
0     state_0"
6507.603675	0.016010999999707565	states												"          state_name
id                  
1   sending_trialnum"
6507.619686	20.180989999999838	states												"      state_name
id              
3   wait_for_cin"
6527.800676	1.0004900000003545	states												"   state_name
id           
4     context"
6528.801166	0.0015009999997346313	states												"   state_name
id           
6       csgap"
6528.802667	0.4050090000000637	states												"   state_name
id           
11    stim_on"
6529.207676	0.0004909999997835257	states												"            state_name
id                    
14  son_reward_chooser"
6529.208167	0.06400000000030559	states												"        state_name
id                
17  reward_big_son"
6529.272167	0.9365040000002409	states												"        state_name
id                
22  post_reward_on"
6530.208671	0.07799900000009075	states												"         state_name
id                 
23  post_reward_off"
6530.28667	3.166502999999466	states												"         state_name
id                 
24  soft_drink_time"
6533.453173	0.0005010000004403992	states												"    state_name
id            
25  warndanger"
6533.453674	3.000000999999429	states												"            state_name
id                    
26  warndanger_warning"
6536.454166	21.444015999999465	trials	1.0	r	2.0	p	1.0	r	0.0	0.0	1.0	r	p	
6536.454166	21.444015999999465	states												"   state_name
id           
0     state_0"
6536.454166	0.016000999999960186	states												"          state_name
id                  
1   sending_trialnum"
6536.470167	14.373998999999458	states												"      state_name
id              
3   wait_for_cin"
6550.844166	1.0005010000004404	states												"   state_name
id           
4     context"
6551.844667	0.0010050000000774162	states												"   state_name
id           
6       csgap"
6551.845672	0.16249399999924208	states												"   state_name
id           
11    stim_on"
6552.008166	0.0005049999999755528	states												"            state_name
id                    
14  son_reward_chooser"
6552.008671	0.06400100000064413	states												"        state_name
id                
17  reward_big_son"
6552.072672	0.9364980000000287	states												"        state_name
id                
22  post_reward_on"
6553.00917	0.04799899999943591	states												"         state_name
id                 
23  post_reward_off"
6553.057169	1.8405030000003535	states												"         state_name
id                 
24  soft_drink_time"
6554.897672	0.0004939999998896383	states												"    state_name
id            
25  warndanger"
6554.898166	3.0000159999999596	states												"            state_name
id                    
26  warndanger_warning"
6557.898678	8.591489000000365	trials	1.0	r	2.0	p	1.0	r	0.0	0.0	1.0	r	p	
6557.898678	8.591489000000365	states												"   state_name
id           
0     state_0"
6557.898678	0.015998000000763568	states												"          state_name
id                  
1   sending_trialnum"
6557.914676	0.00048999999944499	states												"      state_name
id              
3   wait_for_cin"
6557.915166	1.0000010000003385	states												"   state_name
id           
4     context"
6558.915167	0.0015059999996083206	states												"   state_name
id           
6       csgap"
6558.916673	0.08549300000049698	states												"   state_name
id           
11    stim_on"
6559.002166	0.0005080000000816653	states												"            state_name
id                    
14  son_reward_chooser"
6559.002674	0.06400099999973463	states												"        state_name
id                
17  reward_big_son"
6559.066675	0.9364919999998165	states												"        state_name
id                
22  post_reward_on"
6560.003167	0.05550099999982194	states												"         state_name
id                 
23  post_reward_off"
6560.058668	3.430503999999928	states												"         state_name
id                 
24  soft_drink_time"
6563.489172	0.0005080000000816653	states												"    state_name
id            
25  warndanger"
6563.48968	3.0004870000002484	states												"            state_name
id                    
26  warndanger_warning"
6566.490673	123.07399900000019	trials	1.0	r	2.0	p	1.0	r	0.0	0.0	1.0	r	p	
6566.490673	123.07399900000019	states												"   state_name
id           
0     state_0"
6566.490673	0.01599900000019261	states												"          state_name
id                  
1   sending_trialnum"
6566.506672	109.86249399999997	states												"      state_name
id              
3   wait_for_cin"
6676.369166	1.0005089999995107	states												"   state_name
id           
4     context"
6677.369675	0.0014950000004319008	states												"   state_name
id           
6       csgap"
6677.37117	1.0005089999995107	states												"   state_name
id           
11    stim_on"
6678.371679	0.001495999999860942	states												"   state_name
id           
12   stim_off"
6678.373175	2.021501000000171	states												"        state_name
id                
13  wait_for_spoke"
6680.394676	0.0004900000003544847	states												"             state_name
id                     
15  soff_reward_chooser"
6680.395166	0.0639999999993961	states												"         state_name
id                 
16  reward_big_soff"
6680.459166	0.5510010000007242	states												"         state_name
id                 
23  post_reward_off"
6681.010167	5.554000000000087	states												"         state_name
id                 
24  soft_drink_time"
6686.564167	0.000503999999637017	states												"    state_name
id            
25  warndanger"
6686.564671	3.0000010000003385	states												"            state_name
id                    
26  warndanger_warning"
6689.565168	10.622507000000041	trials	1.0	r	2.0	p	1.0	r	0.0	0.0	1.0	r	p	
6689.565168	10.622507000000041	states												"   state_name
id           
0     state_0"
6689.565168	0.016007999999601452	states												"          state_name
id                  
1   sending_trialnum"
6689.581176	2.5659910000003947	states												"      state_name
id              
3   wait_for_cin"
6692.147167	1.0004989999997633	states												"   state_name
id           
4     context"
6693.147666	0.001006999999844993	states												"   state_name
id           
6       csgap"
6693.148673	0.4494940000004135	states												"   state_name
id           
11    stim_on"
6693.598167	0.0005099999998492422	states												"            state_name
id                    
14  son_reward_chooser"
6693.598677	0.06399400000009337	states												"        state_name
id                
17  reward_big_son"
6693.662671	0.9364949999999226	states												"        state_name
id                
22  post_reward_on"
6694.599166	0.023000000000138243	states												"         state_name
id                 
23  post_reward_off"
6694.622166	2.5649999999996	states												"         state_name
id                 
24  soft_drink_time"
6697.187166	0.0005060000003140885	states												"    state_name
id            
25  warndanger"
6697.187672	3.000003000000106	states												"            state_name
id                    
26  warndanger_warning"
6700.188183	10.04398399999991	trials	1.0	r	2.0	p	1.0	r	0.0	0.0	1.0	r	p	
6700.188183	10.04398399999991	states												"   state_name
id           
0     state_0"
6700.188183	0.015983000000233005	states												"          state_name
id                  
1   sending_trialnum"
6700.204166	1.0390109999998458	states												"      state_name
id              
3   wait_for_cin"
6701.243177	1.0005000000001019	states												"   state_name
id           
4     context"
6702.243677	0.0014899999996487168	states												"   state_name
id           
6       csgap"
6702.245167	0.09651000000030763	states												"   state_name
id           
11    stim_on"
6702.341677	0.0005059999994045938	states												"            state_name
id                    
14  son_reward_chooser"
6702.342183	0.06398300000000745	states												"        state_name
id                
17  reward_big_son"
6702.406166	0.9365050000005795	states												"        state_name
id                
22  post_reward_on"
6703.342671	0.2424989999999525	states												"         state_name
id                 
23  post_reward_off"
6703.58517	3.6460019999994984	states												"         state_name
id                 
24  soft_drink_time"
6707.231172	0.0005060000003140885	states												"    state_name
id            
25  warndanger"
6707.231678	3.000489000000016	states												"            state_name
id                    
26  warndanger_warning"
6710.23267	12.467008999999962	trials	1.0	r	2.0	p	1.0	r	0.0	0.0	1.0	r	p	
6710.23267	12.467008999999962	states												"   state_name
id           
0     state_0"
6710.23267	0.0160040000000663	states												"          state_name
id                  
1   sending_trialnum"
6710.248674	0.22100499999942258	states												"      state_name
id              
3   wait_for_cin"
6710.469679	1.0004870000002484	states												"   state_name
id           
4     context"
6711.470166	0.0010059999995064572	states												"   state_name
id           
6       csgap"
6711.471172	0.23599400000057358	states												"   state_name
id           
11    stim_on"
6711.707166	0.0005080000000816653	states												"            state_name
id                    
14  son_reward_chooser"
6711.707674	0.06400099999973463	states												"        state_name
id                
17  reward_big_son"
6711.771675	0.9364910000003874	states												"        state_name
id                
22  post_reward_on"
6712.708166	0.8170000000000073	states												"         state_name
id                 
23  post_reward_off"
6713.525166	6.174000999999407	states												"         state_name
id                 
24  soft_drink_time"
6719.699167	0.0005070000006526243	states												"    state_name
id            
25  warndanger"
6719.699674	3.0000049999998737	states												"            state_name
id                    
26  warndanger_warning"
6722.700177	9.297989000000598	trials	1.0	r	2.0	p	1.0	r	0.0	0.0	1.0	r	p	
6722.700177	9.297989000000598	states												"   state_name
id           
0     state_0"
6722.700177	0.01598900000044523	states												"          state_name
id                  
1   sending_trialnum"
6722.716166	0.15050199999950564	states												"      state_name
id              
3   wait_for_cin"
6722.866668	1.0000060000002122	states												"   state_name
id           
4     context"
6723.866674	0.0010010000005422626	states												"   state_name
id           
6       csgap"
6723.867675	0.10949099999925238	states												"   state_name
id           
11    stim_on"
6723.977166	0.0005120000005263137	states												"            state_name
id                    
14  son_reward_chooser"
6723.977678	0.06401000000005297	states												"        state_name
id                
17  reward_big_son"
6724.041688	0.9364779999996244	states												"        state_name
id                
22  post_reward_on"
6724.978166	0.007999999999810825	states												"         state_name
id                 
23  post_reward_off"
6724.986166	4.0110010000007605	states												"         state_name
id                 
24  soft_drink_time"
6728.997167	0.0005059999994045938	states												"    state_name
id            
25  warndanger"
6728.997673	3.0004930000004606	states												"            state_name
id                    
26  warndanger_warning"
6731.99867	28.774496	trials	1.0	r	2.0	p	1.0	r	0.0	0.0	1.0	r	p	
6731.99867	28.774496	states												"   state_name
id           
0     state_0"
6731.99867	0.01599999999962165	states												"          state_name
id                  
1   sending_trialnum"
6732.01467	21.86900600000081	states												"      state_name
id              
3   wait_for_cin"
6753.883676	1.0000099999997474	states												"   state_name
id           
4     context"
6754.883686	0.001479999999901338	states												"   state_name
id           
6       csgap"
6754.885166	0.03201199999966775	states												"   state_name
id           
11    stim_on"
6754.917178	0.0005010000004403992	states												"            state_name
id                    
14  son_reward_chooser"
6754.917679	0.06399700000019948	states												"        state_name
id                
17  reward_big_son"
6754.981676	0.9364900000000489	states												"        state_name
id                
22  post_reward_on"
6755.918166	0.0785040000000663	states												"         state_name
id                 
23  post_reward_off"
6755.99667	1.775496999999632	states												"         state_name
id                 
24  soft_drink_time"
6757.772167	0.0005110000001877779	states												"    state_name
id            
25  warndanger"
6757.772678	3.0004879999996774	states												"            state_name
id                    
26  warndanger_warning"
6760.773675	8.762996999999814	trials	1.0	r	2.0	p	1.0	r	0.0	0.0	1.0	r	p	
6760.773675	8.762996999999814	states												"   state_name
id           
0     state_0"
6760.773675	0.016001999999389227	states												"          state_name
id                  
1   sending_trialnum"
6760.789677	1.2839970000004541	states												"      state_name
id              
3   wait_for_cin"
6762.073674	1.000492999999551	states												"   state_name
id           
4     context"
6763.074167	0.0015050000001792796	states												"   state_name
id           
6       csgap"
6763.075672	0.14700400000037916	states												"   state_name
id           
11    stim_on"
6763.222676	0.0004989999997633277	states												"            state_name
id                    
14  son_reward_chooser"
6763.223175	0.06399299999975483	states												"        state_name
id                
17  reward_big_son"
6763.287168	0.9365079999997761	states												"        state_name
id                
22  post_reward_on"
6764.223676	0.13149500000054104	states												"         state_name
id                 
23  post_reward_off"
6764.355171	2.1805020000001605	states												"         state_name
id                 
24  soft_drink_time"
6766.535673	0.0004929999995511025	states												"    state_name
id            
25  warndanger"
6766.536166	3.000506000000314	states												"            state_name
id                    
26  warndanger_warning"
6769.537168	14.196004999999786	trials	1.0	r	2.0	p	1.0	r	0.0	0.0	1.0	r	p	
6769.537168	14.196004999999786	states												"   state_name
id           
0     state_0"
6769.537168	0.01599900000019261	states												"          state_name
id                  
1   sending_trialnum"
6769.553167	4.928504999999859	states												"      state_name
id              
3   wait_for_cin"
6774.481672	1.0000070000005508	states												"   state_name
id           
4     context"
6775.481679	0.0014869999995426042	states												"   state_name
id           
6       csgap"
6775.483166	0.06600499999967724	states												"   state_name
id           
11    stim_on"
6775.549171	0.0005060000003140885	states												"            state_name
id                    
14  son_reward_chooser"
6775.549677	0.06400099999973463	states												"        state_name
id                
17  reward_big_son"
6775.613678	0.9364880000002813	states												"        state_name
id                
22  post_reward_on"
6776.550166	0.10200100000020029	states												"         state_name
id                 
23  post_reward_off"
6776.652167	4.079998999999589	states												"         state_name
id                 
24  soft_drink_time"
6780.732166	0.0005099999998492422	states												"    state_name
id            
25  warndanger"
6780.732676	3.0004969999999958	states												"            state_name
id                    
26  warndanger_warning"
6783.733676	7.198999000000185	trials	1.0	r	2.0	p	1.0	r	0.0	0.0	1.0	r	p	
6783.733676	7.198999000000185	states												"   state_name
id           
0     state_0"
6783.733676	0.016000999999960186	states												"          state_name
id                  
1   sending_trialnum"
6783.749677	0.0004900000003544847	states												"      state_name
id              
3   wait_for_cin"
6783.750167	1.0005089999995107	states												"   state_name
id           
4     context"
6784.750676	0.0010099999999511056	states												"   state_name
id           
6       csgap"
6784.751686	0.09898800000064512	states												"   state_name
id           
11    stim_on"
6784.850674	0.0004959999996572151	states												"            state_name
id                    
14  son_reward_chooser"
6784.85117	0.06400000000030559	states												"        state_name
id                
17  reward_big_son"
6784.91517	0.9365069999994375	states												"        state_name
id                
22  post_reward_on"
6785.851677	0.15148900000076537	states												"         state_name
id                 
23  post_reward_off"
6786.003166	1.9290009999995164	states												"         state_name
id                 
24  soft_drink_time"
6787.932167	0.0005019999998694402	states												"    state_name
id            
25  warndanger"
6787.932669	3.0000060000002122	states												"            state_name
id                    
26  warndanger_warning"
6790.933167	7.614998999999443	trials	1.0	r	2.0	p	1.0	r	0.0	0.0	1.0	r	p	
6790.933167	7.614998999999443	states												"   state_name
id           
0     state_0"
6790.933167	0.01599900000019261	states												"          state_name
id                  
1   sending_trialnum"
6790.949166	0.000511999999616819	states												"      state_name
id              
3   wait_for_cin"
6790.949678	1.0000069999996413	states												"   state_name
id           
4     context"
6791.949685	0.0014830000000074506	states												"   state_name
id           
6       csgap"
6791.951168	0.27299800000037067	states												"   state_name
id           
11    stim_on"
6792.224166	0.000503999999637017	states												"            state_name
id                    
14  son_reward_chooser"
6792.22467	0.06400100000064413	states												"        state_name
id                
17  reward_big_son"
6792.288671	0.9365029999999024	states												"        state_name
id                
22  post_reward_on"
6793.225174	0.06199800000013056	states												"         state_name
id                 
23  post_reward_off"
6793.287172	2.2605029999995168	states												"         state_name
id                 
24  soft_drink_time"
6795.547675	0.0004909999997835257	states												"    state_name
id            
25  warndanger"
6795.548166	3.0	states												"            state_name
id                    
26  warndanger_warning"
6798.548672	13.14200400000027	trials	1.0	r	2.0	p	1.0	r	0.0	0.0	1.0	r	p	
6798.548672	13.14200400000027	states												"   state_name
id           
0     state_0"
6798.548672	0.016000999999960186	states												"          state_name
id                  
1   sending_trialnum"
6798.564673	5.796492999999828	states												"      state_name
id              
3   wait_for_cin"
6804.361166	1.0000040000004446	states												"   state_name
id           
4     context"
6805.36117	0.001502000000073167	states												"   state_name
id           
6       csgap"
6805.362672	0.0690020000001823	states												"   state_name
id           
11    stim_on"
6805.431674	0.0004919999992125668	states												"            state_name
id                    
14  son_reward_chooser"
6805.432166	0.06400000000030559	states												"        state_name
id                
17  reward_big_son"
6805.496166	0.936507000000347	states												"        state_name
id                
22  post_reward_on"
6806.432673	0.09749299999930372	states												"         state_name
id                 
23  post_reward_off"
6806.530166	2.160000000000764	states												"         state_name
id                 
24  soft_drink_time"
6808.690166	0.0005009999995309045	states												"    state_name
id            
25  warndanger"
6808.690667	3.0000090000003183	states												"            state_name
id                    
26  warndanger_warning"
6811.691167	8.000506999999743	trials	1.0	r	2.0	p	1.0	r	0.0	0.0	1.0	r	p	
6811.691167	8.000506999999743	states												"   state_name
id           
0     state_0"
6811.691167	0.01599900000019261	states												"          state_name
id                  
1   sending_trialnum"
6811.707166	0.0490060000001904	states												"      state_name
id              
3   wait_for_cin"
6811.756172	1.0005080000000817	states												"   state_name
id           
4     context"
6812.75668	0.0014859999992040684	states												"   state_name
id           
6       csgap"
6812.758166	0.22350900000037655	states												"   state_name
id           
11    stim_on"
6812.981675	0.0004909999997835257	states												"            state_name
id                    
14  son_reward_chooser"
6812.982166	0.06400000000030559	states												"        state_name
id                
17  reward_big_son"
6813.046166	0.9365159999997559	states												"        state_name
id                
22  post_reward_on"
6813.982682	0.035996000000523054	states												"         state_name
id                 
23  post_reward_off"
6814.018678	2.6720019999993383	states												"         state_name
id                 
24  soft_drink_time"
6816.69068	0.0004939999998896383	states												"    state_name
id            
25  warndanger"
6816.691174	3.000500000000102	states												"            state_name
id                    
26  warndanger_warning"
6819.692166	12.738001000000622	trials	1.0	r	2.0	p	1.0	r	0.0	0.0	1.0	r	p	
6819.692166	12.738001000000622	states												"   state_name
id           
0     state_0"
6819.692166	0.016000000000531145	states												"          state_name
id                  
1   sending_trialnum"
6819.708166	2.543999999999869	states												"      state_name
id              
3   wait_for_cin"
6822.252166	1.000503999999637	states												"   state_name
id           
4     context"
6823.25267	0.001006000000415952	states												"   state_name
id           
6       csgap"
6823.253676	0.11049000000002707	states												"   state_name
id           
11    stim_on"
6823.364166	0.0005149999997229315	states												"            state_name
id                    
14  son_reward_chooser"
6823.364681	0.06399200000032579	states												"        state_name
id                
17  reward_big_son"
6823.428673	0.9364929999992455	states												"        state_name
id                
22  post_reward_on"
6824.365166	0.013521000000764616	states												"         state_name
id                 
23  post_reward_off"
6824.378687	5.050478999999541	states												"         state_name
id                 
24  soft_drink_time"
6829.429166	0.0005149999997229315	states												"    state_name
id            
25  warndanger"
6829.429681	3.0004860000008193	states												"            state_name
id                    
26  warndanger_warning"
6832.430673	8.881492999999864	trials	1.0	r	2.0	p	1.0	r	0.0	0.0	1.0	r	p	
6832.430673	8.881492999999864	states												"   state_name
id           
0     state_0"
6832.430673	0.016000000000531145	states												"          state_name
id                  
1   sending_trialnum"
6832.446673	0.0004949999993186793	states												"      state_name
id              
3   wait_for_cin"
6832.447168	1.0000090000003183	states												"   state_name
id           
4     context"
6833.447177	0.0014920000003257883	states												"   state_name
id           
6       csgap"
6833.448669	0.27500699999927747	states												"   state_name
id           
11    stim_on"
6833.723676	0.0004900000003544847	states												"            state_name
id                    
14  son_reward_chooser"
6833.724166	0.06400000000030559	states												"        state_name
id                
17  reward_big_son"
6833.788166	0.9365039999993314	states												"        state_name
id                
22  post_reward_on"
6834.72467	0.005496000000675849	states												"         state_name
id                 
23  post_reward_off"
6834.730166	3.581506999999874	states												"         state_name
id                 
24  soft_drink_time"
6838.311673	0.0004929999995511025	states												"    state_name
id            
25  warndanger"
6838.312166	3.0	states												"            state_name
id                    
26  warndanger_warning"
6841.312676	15.32049200000074	trials	1.0	r	2.0	p	1.0	r	0.0	0.0	1.0	r	p	
6841.312676	15.32049200000074	states												"   state_name
id           
0     state_0"
6841.312676	0.01600100000086968	states												"          state_name
id                  
1   sending_trialnum"
6841.328677	9.36348899999939	states												"      state_name
id              
3   wait_for_cin"
6850.692166	1.0	states												"   state_name
id           
4     context"
6851.692166	0.0010010000005422626	states												"   state_name
id           
6       csgap"
6851.693167	0.07250799999928859	states												"   state_name
id           
11    stim_on"
6851.765675	0.0004910000006930204	states												"            state_name
id                    
14  son_reward_chooser"
6851.766166	0.06400099999973463	states												"        state_name
id                
17  reward_big_son"
6851.830167	0.9365060000000085	states												"        state_name
id                
22  post_reward_on"
6852.766673	0.057995999999548076	states												"         state_name
id                 
23  post_reward_off"
6852.824669	0.8074980000001233	states												"         state_name
id                 
24  soft_drink_time"
6853.632167	0.0005080000000816653	states												"    state_name
id            
25  warndanger"
6853.632675	3.0004930000004606	states												"            state_name
id                    
26  warndanger_warning"
6856.633676	10.148002999999335	trials	1.0	r	2.0	p	1.0	r	0.0	0.0	1.0	r	p	
6856.633676	10.148002999999335	states												"   state_name
id           
0     state_0"
6856.633676	0.016000999999960186	states												"          state_name
id                  
1   sending_trialnum"
6856.649677	0.33648899999934656	states												"      state_name
id              
3   wait_for_cin"
6856.986166	1.0000159999999596	states												"   state_name
id           
4     context"
6857.986182	0.0014950000004319008	states												"   state_name
id           
6       csgap"
6857.987677	0.11600199999975302	states												"   state_name
id           
11    stim_on"
6858.103679	0.0004870000002483721	states												"            state_name
id                    
14  son_reward_chooser"
6858.104166	0.06400000000030559	states												"        state_name
id                
17  reward_big_son"
6858.168166	0.9365079999997761	states												"        state_name
id                
22  post_reward_on"
6859.104674	0.012493000000176835	states												"         state_name
id                 
23  post_reward_off"
6859.117167	4.66399999999976	states												"         state_name
id                 
24  soft_drink_time"
6863.781167	0.0005069999997431296	states												"    state_name
id            
25  warndanger"
6863.781674	3.0000049999998737	states												"            state_name
id                    
26  warndanger_warning"
6866.782182	8.076490000000376	trials	1.0	r	2.0	p	1.0	r	0.0	0.0	1.0	r	p	
6866.782182	8.076490000000376	states												"   state_name
id           
0     state_0"
6866.782182	0.015983999999662046	states												"          state_name
id                  
1   sending_trialnum"
6866.798166	0.07050100000014936	states												"      state_name
id              
3   wait_for_cin"
6866.868667	1.000014000000192	states												"   state_name
id           
4     context"
6867.868681	0.0014849999997750274	states												"   state_name
id           
6       csgap"
6867.870166	0.17100100000061502	states												"   state_name
id           
11    stim_on"
6868.041167	0.0005129999999553547	states												"            state_name
id                    
14  son_reward_chooser"
6868.04168	0.06399799999962852	states												"        state_name
id                
17  reward_big_son"
6868.105678	0.9364880000002813	states												"        state_name
id                
22  post_reward_on"
6869.042166	0.03799999999955617	states												"         state_name
id                 
23  post_reward_off"
6869.080166	2.7780000000002474	states												"         state_name
id                 
24  soft_drink_time"
6871.858166	0.0005049999999755528	states												"    state_name
id            
25  warndanger"
6871.858671	3.0000010000003385	states												"            state_name
id                    
26  warndanger_warning"
6874.85917	10.43250799999987	trials	1.0	r	2.0	p	1.0	r	0.0	0.0	1.0	r	p	
6874.85917	10.43250799999987	states												"   state_name
id           
0     state_0"
6874.85917	0.016010000000278524	states												"          state_name
id                  
1   sending_trialnum"
6874.87518	0.0004929999995511025	states												"      state_name
id              
3   wait_for_cin"
6874.875673	1.0004930000004606	states												"   state_name
id           
4     context"
6875.876166	0.0010000000002037268	states												"   state_name
id           
6       csgap"
6875.877166	1.0	states												"   state_name
id           
11    stim_on"
6876.877166	0.0010000000002037268	states												"   state_name
id           
12   stim_off"
6876.878166	0.8870009999991453	states												"        state_name
id                
13  wait_for_spoke"
6877.765167	0.0005090000004202011	states												"             state_name
id                     
15  soff_reward_chooser"
6877.765676	0.06400099999973463	states												"         state_name
id                 
16  reward_big_soff"
6877.829677	1.0374900000006164	states												"         state_name
id                 
23  post_reward_off"
6878.867167	3.4240019999997457	states												"         state_name
id                 
24  soft_drink_time"
6882.291169	0.0005080000000816653	states												"    state_name
id            
25  warndanger"
6882.291677	3.000000999999429	states												"            state_name
id                    
26  warndanger_warning"
6885.292166	11.162000000000262	trials	1.0	r	2.0	p	1.0	r	0.0	0.0	1.0	r	p	
6885.292166	11.162000000000262	states												"   state_name
id           
0     state_0"
6885.292166	0.016000999999960186	states												"          state_name
id                  
1   sending_trialnum"
6885.308167	3.037510000000111	states												"      state_name
id              
3   wait_for_cin"
6888.345677	1.0000019999997676	states												"   state_name
id           
4     context"
6889.345679	0.001495999999860942	states												"   state_name
id           
6       csgap"
6889.347175	0.25599400000010064	states												"   state_name
id           
11    stim_on"
6889.603169	0.0005069999997431296	states												"            state_name
id                    
14  son_reward_chooser"
6889.603676	0.06399899999996705	states												"        state_name
id                
17  reward_big_son"
6889.667675	0.9364910000003874	states												"        state_name
id                
22  post_reward_on"
6890.604166	0.09750199999962206	states												"         state_name
id                 
23  post_reward_off"
6890.701668	2.7520180000001346	states												"         state_name
id                 
24  soft_drink_time"
6893.453686	0.0004800000006071059	states												"    state_name
id            
25  warndanger"
6893.454166	3.0	states												"            state_name
id                    
26  warndanger_warning"
6896.454672	134.91849400000046	trials	1.0	r	2.0	p	1.0	r	0.0	0.0	1.0	r	p	
6896.454672	134.91849400000046	states												"   state_name
id           
0     state_0"
6896.454672	0.01599499999974796	states												"          state_name
id                  
1   sending_trialnum"
6896.470667	125.00000600000021	states												"      state_name
id              
3   wait_for_cin"
7021.470673	1.0000049999998737	states												"   state_name
id           
4     context"
7022.470678	0.0014960000007704366	states												"   state_name
id           
6       csgap"
7022.472174	0.023991999999452673	states												"   state_name
id           
11    stim_on"
7022.496166	0.0005110000001877779	states												"            state_name
id                    
14  son_reward_chooser"
7022.496677	0.06399200000032579	states												"        state_name
id                
17  reward_big_son"
7022.560669	0.9364980000000287	states												"        state_name
id                
22  post_reward_on"
7023.497167	0.17199999999957072	states												"         state_name
id                 
23  post_reward_off"
7023.669167	4.7030070000000705	states												"         state_name
id                 
24  soft_drink_time"
7028.372174	0.0004980000003342866	states												"    state_name
id            
25  warndanger"
7028.372672	3.0004939999998896	states												"            state_name
id                    
26  warndanger_warning"
7031.373673	12.727493000000322	trials	1.0	r	2.0	p	1.0	r	0.0	0.0	1.0	r	p	
7031.373673	12.727493000000322	states												"   state_name
id           
0     state_0"
7031.373673	0.016000999999960186	states												"          state_name
id                  
1   sending_trialnum"
7031.389674	4.852012000000286	states												"      state_name
id              
3   wait_for_cin"
7036.241686	1.0000019999997676	states												"   state_name
id           
4     context"
7037.241688	0.0014780000001337612	states												"   state_name
id           
6       csgap"
7037.243166	0.3165109999999913	states												"   state_name
id           
11    stim_on"
7037.559677	0.0004890000000159489	states												"            state_name
id                    
14  son_reward_chooser"
7037.560166	0.06400099999973463	states												"        state_name
id                
17  reward_big_son"
7037.624167	0.9365109999998822	states												"        state_name
id                
22  post_reward_on"
7038.560678	0.12499699999989389	states												"         state_name
id                 
23  post_reward_off"
7038.685675	2.414491000000453	states												"         state_name
id                 
24  soft_drink_time"
7041.100166	0.0005069999997431296	states												"    state_name
id            
25  warndanger"
7041.100673	3.0004930000004606	states												"            state_name
id                    
26  warndanger_warning"
7044.101679	12.674989999999525	trials	1.0	r	2.0	p	1.0	r	0.0	0.0	1.0	r	p	
7044.101679	12.674989999999525	states												"   state_name
id           
0     state_0"
7044.101679	0.01599999999962165	states												"          state_name
id                  
1   sending_trialnum"
7044.117679	4.124002000000473	states												"      state_name
id              
3   wait_for_cin"
7048.241681	1.0004849999995713	states												"   state_name
id           
4     context"
7049.242166	0.001006000000415952	states												"   state_name
id           
6       csgap"
7049.243172	0.11650399999962247	states												"   state_name
id           
11    stim_on"
7049.359676	0.0004900000003544847	states												"            state_name
id                    
14  son_reward_chooser"
7049.360166	0.0639999999993961	states												"        state_name
id                
17  reward_big_son"
7049.424166	0.9365040000002409	states												"        state_name
id                
22  post_reward_on"
7050.36067	0.536497000000054	states												"         state_name
id                 
23  post_reward_off"
7050.897167	2.8785070000003543	states												"         state_name
id                 
24  soft_drink_time"
7053.775674	0.0004919999992125668	states												"    state_name
id            
25  warndanger"
7053.776166	3.000503000000208	states												"            state_name
id                    
26  warndanger_warning"
7056.777167	10.218508999999358	trials	1.0	r	2.0	p	1.0	r	0.0	0.0	1.0	r	p	
7056.777167	10.218508999999358	states												"   state_name
id           
0     state_0"
7056.777167	0.01599999999962165	states												"          state_name
id                  
1   sending_trialnum"
7056.793167	2.739505999999892	states												"      state_name
id              
3   wait_for_cin"
7059.532673	1.0000010000003385	states												"   state_name
id           
4     context"
7060.532674	0.0010019999999713036	states												"   state_name
id           
6       csgap"
7060.533676	0.08899600000040664	states												"   state_name
id           
11    stim_on"
7060.622672	0.0004969999999957508	states												"            state_name
id                    
14  son_reward_chooser"
7060.623169	0.06400199999916367	states												"        state_name
id                
17  reward_big_son"
7060.687171	0.9365060000000085	states												"        state_name
id                
22  post_reward_on"
7061.623677	0.12549000000035448	states												"         state_name
id                 
23  post_reward_off"
7061.749167	2.2460039999996297	states												"         state_name
id                 
24  soft_drink_time"
7063.995171	0.0005049999999755528	states												"    state_name
id            
25  warndanger"
7063.995676	3.0	states												"            state_name
id                    
26  warndanger_warning"
7066.996166	18.013520000000426	trials	1.0	r	2.0	p	1.0	r	0.0	0.0	1.0	r	p	
7066.996166	18.013520000000426	states												"   state_name
id           
0     state_0"
7066.996166	0.016000000000531145	states												"          state_name
id                  
1   sending_trialnum"
7067.012166	10.363515000000007	states												"      state_name
id              
3   wait_for_cin"
7077.375681	1.0000029999991966	states												"   state_name
id           
4     context"
7078.375684	0.0014830000000074506	states												"   state_name
id           
6       csgap"
7078.377167	0.10699900000054186	states												"   state_name
id           
11    stim_on"
7078.484166	0.0005059999994045938	states												"            state_name
id                    
14  son_reward_chooser"
7078.484672	0.06400200000007317	states												"        state_name
id                
17  reward_big_son"
7078.548674	0.9364940000004935	states												"        state_name
id                
22  post_reward_on"
7079.485168	0.06599800000003597	states												"         state_name
id                 
23  post_reward_off"
7079.551166	2.457999999999629	states												"         state_name
id                 
24  soft_drink_time"
7082.009166	0.0005110000001877779	states												"    state_name
id            
25  warndanger"
7082.009677	3.0000090000003183	states												"            state_name
id                    
26  warndanger_warning"
7085.010166	9.996509999999944	trials	1.0	r	2.0	p	1.0	r	0.0	0.0	1.0	r	p	
7085.010166	9.996509999999944	states												"   state_name
id           
0     state_0"
7085.010166	0.016000999999960186	states												"          state_name
id                  
1   sending_trialnum"
7085.026167	0.11399900000014895	states												"      state_name
id              
3   wait_for_cin"
7085.140166	1.0	states												"   state_name
id           
4     context"
7086.140166	0.0010009999996327679	states												"   state_name
id           
6       csgap"
7086.141167	0.03751800000009098	states												"   state_name
id           
11    stim_on"
7086.178685	0.00048299999980372377	states												"            state_name
id                    
14  son_reward_chooser"
7086.179168	0.06400400000075024	states												"        state_name
id                
17  reward_big_son"
7086.243172	0.93650499999967	states												"        state_name
id                
22  post_reward_on"
7087.179677	0.3674890000002051	states												"         state_name
id                 
23  post_reward_off"
7087.547166	4.458999999999833	states												"         state_name
id                 
24  soft_drink_time"
7092.006166	0.0005069999997431296	states												"    state_name
id            
25  warndanger"
7092.006673	3.000003000000106	states												"            state_name
id                    
26  warndanger_warning"
7095.007174	10.289999999999964	trials	1.0	r	2.0	p	1.0	r	0.0	0.0	1.0	r	p	
7095.007174	10.289999999999964	states												"   state_name
id           
0     state_0"
7095.007174	0.015996999999515538	states												"          state_name
id                  
1   sending_trialnum"
7095.023171	1.1285020000004806	states												"      state_name
id              
3   wait_for_cin"
7096.151673	1.000492999999551	states												"   state_name
id           
4     context"
7097.152166	0.0010000000002037268	states												"   state_name
id           
6       csgap"
7097.153166	0.022511999999551335	states												"   state_name
id           
11    stim_on"
7097.175678	0.00048800000058690784	states												"            state_name
id                    
14  son_reward_chooser"
7097.176166	0.0639999999993961	states												"        state_name
id                
17  reward_big_son"
7097.240166	0.9365060000000085	states												"        state_name
id                
22  post_reward_on"
7098.176672	0.14449400000012247	states												"         state_name
id                 
23  post_reward_off"
7098.321166	3.9755160000004253	states												"         state_name
id                 
24  soft_drink_time"
7102.296682	0.00048599999990983633	states												"    state_name
id            
25  warndanger"
7102.297168	3.0000060000002122	states												"            state_name
id                    
26  warndanger_warning"
7105.297679	9.347490999999536	trials	1.0	r	2.0	p	1.0	r	0.0	0.0	1.0	r	p	
7105.297679	9.347490999999536	states												"   state_name
id           
0     state_0"
7105.297679	0.01599999999962165	states												"          state_name
id                  
1   sending_trialnum"
7105.313679	0.0004930000004605972	states												"      state_name
id              
3   wait_for_cin"
7105.314172	1.0004979999994248	states												"   state_name
id           
4     context"
7106.31467	0.001006000000415952	states												"   state_name
id           
6       csgap"
7106.315676	0.10200199999962933	states												"   state_name
id           
11    stim_on"
7106.417678	0.000495000000228174	states												"            state_name
id                    
14  son_reward_chooser"
7106.418173	0.06399299999975483	states												"        state_name
id                
17  reward_big_son"
7106.482166	0.9365109999998822	states												"        state_name
id                
22  post_reward_on"
7107.418677	0.14549200000055862	states												"         state_name
id                 
23  post_reward_off"
7107.564169	4.080003000000033	states												"         state_name
id                 
24  soft_drink_time"
7111.644172	0.0005019999998694402	states												"    state_name
id            
25  warndanger"
7111.644674	3.000495999999657	states												"            state_name
id                    
26  warndanger_warning"
7114.645688	7.970984000000499	trials	1.0	r	2.0	p	1.0	r	0.0	0.0	1.0	r	p	
7114.645688	7.970984000000499	states												"   state_name
id           
0     state_0"
7114.645688	0.01598900000044523	states												"          state_name
id                  
1   sending_trialnum"
7114.661677	0.48549000000002707	states												"      state_name
id              
3   wait_for_cin"
7115.147167	1.0000010000003385	states												"   state_name
id           
4     context"
7116.147168	0.0014989999999670545	states												"   state_name
id           
6       csgap"
7116.148667	0.24149899999974878	states												"   state_name
id           
11    stim_on"
7116.390166	0.0005110000001877779	states												"            state_name
id                    
14  son_reward_chooser"
7116.390677	0.06401099999948201	states												"        state_name
id                
17  reward_big_son"
7116.454688	0.93648100000064	states												"        state_name
id                
22  post_reward_on"
7117.391169	0.032996999999340915	states												"         state_name
id                 
23  post_reward_off"
7117.424166	2.1915030000000115	states												"         state_name
id                 
24  soft_drink_time"
7119.615669	0.0004969999999957508	states												"    state_name
id            
25  warndanger"
7119.616166	3.000506000000314	states												"            state_name
id                    
26  warndanger_warning"
7122.617167	10.71800600000006	trials	1.0	r	2.0	p	1.0	r	0.0	0.0	1.0	r	p	
7122.617167	10.71800600000006	states												"   state_name
id           
0     state_0"
7122.617167	0.015998999999283114	states												"          state_name
id                  
1   sending_trialnum"
7122.633166	0.4185110000007626	states												"      state_name
id              
3   wait_for_cin"
7123.051677	1.0000099999997474	states												"   state_name
id           
4     context"
7124.051687	0.0014810000002398738	states												"   state_name
id           
6       csgap"
7124.053168	0.011512999999467866	states												"   state_name
id           
11    stim_on"
7124.064681	0.0004900000003544847	states												"            state_name
id                    
14  son_reward_chooser"
7124.065171	0.06399899999996705	states												"        state_name
id                
17  reward_big_son"
7124.12917	0.93650499999967	states												"        state_name
id                
22  post_reward_on"
7125.065675	0.01099900000008347	states												"         state_name
id                 
23  post_reward_off"
7125.076674	5.257493000000068	states												"         state_name
id                 
24  soft_drink_time"
7130.334167	0.0005099999998492422	states												"    state_name
id            
25  warndanger"
7130.334677	3.0004960000005667	states												"            state_name
id                    
26  warndanger_warning"
7133.335681	22.313999000000877	trials	1.0	r	2.0	p	1.0	r	0.0	0.0	1.0	r	p	
7133.335681	22.313999000000877	states												"   state_name
id           
0     state_0"
7133.335681	0.01599900000019261	states												"          state_name
id                  
1   sending_trialnum"
7133.35168	13.83399400000053	states												"      state_name
id              
3   wait_for_cin"
7147.185674	1.0000049999998737	states												"   state_name
id           
4     context"
7148.185679	0.00148799999988114	states												"   state_name
id           
6       csgap"
7148.187167	0.11299899999994523	states												"   state_name
id           
11    stim_on"
7148.300166	0.0005049999999755528	states												"            state_name
id                    
14  son_reward_chooser"
7148.300671	0.06399899999996705	states												"        state_name
id                
17  reward_big_son"
7148.36467	0.9364999999997963	states												"        state_name
id                
22  post_reward_on"
7149.30117	0.08651300000019546	states												"         state_name
id                 
23  post_reward_off"
7149.387683	3.260994999999639	states												"         state_name
id                 
24  soft_drink_time"
7152.648678	0.0004920000001220615	states												"    state_name
id            
25  warndanger"
7152.64917	3.0005100000007587	states												"            state_name
id                    
26  warndanger_warning"
7155.650167	31.48351999999977	trials	1.0	r	2.0	p	1.0	r	0.0	0.0	1.0	r	p	
7155.650167	31.48351999999977	states												"   state_name
id           
0     state_0"
7155.650167	0.016000000000531145	states												"          state_name
id                  
1   sending_trialnum"
7155.666167	22.899004999999306	states												"      state_name
id              
3   wait_for_cin"
7178.565172	1.0	states												"   state_name
id           
4     context"
7179.565172	0.001502000000073167	states												"   state_name
id           
6       csgap"
7179.566674	0.06849700000020675	states												"   state_name
id           
11    stim_on"
7179.635171	0.000503000000207976	states												"            state_name
id                    
14  son_reward_chooser"
7179.635674	0.06400299999950221	states												"        state_name
id                
17  reward_big_son"
7179.699677	0.9364890000006199	states												"        state_name
id                
22  post_reward_on"
7180.636166	0.05650199999945471	states												"         state_name
id                 
23  post_reward_off"
7180.692668	3.440505000000485	states												"         state_name
id                 
24  soft_drink_time"
7184.133173	0.0005049999999755528	states												"    state_name
id            
25  warndanger"
7184.133678	3.000008999999409	states												"            state_name
id                    
26  warndanger_warning"
7187.134166	8.243000999999822	trials	1.0	r	2.0	p	1.0	r	0.0	0.0	1.0	r	p	
7187.134166	8.243000999999822	states												"   state_name
id           
0     state_0"
7187.134166	0.016000000000531145	states												"          state_name
id                  
1   sending_trialnum"
7187.150166	0.0005080000000816653	states												"      state_name
id              
3   wait_for_cin"
7187.150674	1.0004919999992126	states												"   state_name
id           
4     context"
7188.151166	0.0015069999999468564	states												"   state_name
id           
6       csgap"
7188.152673	0.02200600000014674	states												"   state_name
id           
11    stim_on"
7188.174679	0.00048800000058690784	states												"            state_name
id                    
14  son_reward_chooser"
7188.175167	0.06399899999996705	states												"        state_name
id                
17  reward_big_son"
7188.239166	0.9365109999998822	states												"        state_name
id                
22  post_reward_on"
7189.175677	0.9234919999998965	states												"         state_name
id                 
23  post_reward_off"
7190.099169	2.2775039999996807	states												"         state_name
id                 
24  soft_drink_time"
7192.376673	0.0004930000004605972	states												"    state_name
id            
25  warndanger"
7192.377166	3.000000999999429	states												"            state_name
id                    
26  warndanger_warning"
7195.377686	33.94348100000025	trials	1.0	r	2.0	p	1.0	r	0.0	0.0	1.0	r	p	
7195.377686	33.94348100000025	states												"   state_name
id           
0     state_0"
7195.377686	0.01598999999987427	states												"          state_name
id                  
1   sending_trialnum"
7195.393676	26.880004000000554	states												"      state_name
id              
3   wait_for_cin"
7222.27368	1.0004859999999098	states												"   state_name
id           
4     context"
7223.274166	0.0010009999996327679	states												"   state_name
id           
6       csgap"
7223.275167	0.04399900000043999	states												"   state_name
id           
11    stim_on"
7223.319166	0.0005099999998492422	states												"            state_name
id                    
14  son_reward_chooser"
7223.319676	0.06400200000007317	states												"        state_name
id                
17  reward_big_son"
7223.383678	0.9364880000002813	states												"        state_name
id                
22  post_reward_on"
7224.320166	2.000000999999429	states												"         state_name
id                 
23  post_reward_off"
7226.320167	0.0005060000003140885	states												"    state_name
id            
25  warndanger"
7226.320673	3.0004939999998896	states												"            state_name
id                    
26  warndanger_warning"
7229.321675	19.138003000000026	trials	1.0	r	2.0	p	1.0	r	0.0	0.0	1.0	r	p	
7229.321675	19.138003000000026	states												"   state_name
id           
0     state_0"
7229.321675	0.01599999999962165	states												"          state_name
id                  
1   sending_trialnum"
7229.337675	10.546003999999812	states												"      state_name
id              
3   wait_for_cin"
7239.883679	1.0004870000002484	states												"   state_name
id           
4     context"
7240.884166	0.001510000000052969	states												"   state_name
id           
6       csgap"
7240.885676	0.18749000000025262	states												"   state_name
id           
11    stim_on"
7241.073166	0.0005129999999553547	states												"            state_name
id                    
14  son_reward_chooser"
7241.073679	0.06401199999982055	states												"        state_name
id                
17  reward_big_son"
7241.137691	0.9364750000004278	states												"        state_name
id                
22  post_reward_on"
7242.074166	0.019505999999637424	states												"         state_name
id                 
23  post_reward_off"
7242.093672	3.3650040000002264	states												"         state_name
id                 
24  soft_drink_time"
7245.458676	0.0004909999997835257	states												"    state_name
id            
25  warndanger"
7245.459167	3.0005110000001878	states												"            state_name
id                    
26  warndanger_warning"
7248.460167	14.308517999999822	trials	1.0	r	2.0	p	1.0	r	0.0	0.0	1.0	r	p	
7248.460167	14.308517999999822	states												"   state_name
id           
0     state_0"
7248.460167	0.01599900000019261	states												"          state_name
id                  
1   sending_trialnum"
7248.476166	4.811999999999898	states												"      state_name
id              
3   wait_for_cin"
7253.288166	1.0005069999997431	states												"   state_name
id           
4     context"
7254.288673	0.0010030000003098394	states												"   state_name
id           
6       csgap"
7254.289676	0.12200399999983347	states												"   state_name
id           
11    stim_on"
7254.41168	0.00048599999990983633	states												"            state_name
id                    
14  son_reward_chooser"
7254.412166	0.06400000000030559	states												"        state_name
id                
17  reward_big_son"
7254.476166	0.9365139999999883	states												"        state_name
id                
22  post_reward_on"
7255.41268	0.6494869999996808	states												"         state_name
id                 
23  post_reward_off"
7256.062167	3.7059989999997924	states												"         state_name
id                 
24  soft_drink_time"
7259.768166	0.0005010000004403992	states												"    state_name
id            
25  warndanger"
7259.768667	3.000017999999727	states												"            state_name
id                    
26  warndanger_warning"
7262.769166	12.644000999999662	trials	1.0	r	2.0	p	1.0	r	0.0	0.0	1.0	r	p	
7262.769166	12.644000999999662	states												"   state_name
id           
0     state_0"
7262.769166	0.01599999999962165	states												"          state_name
id                  
1   sending_trialnum"
7262.785166	2.98700000000008	states												"      state_name
id              
3   wait_for_cin"
7265.772166	1.0005019999998694	states												"   state_name
id           
4     context"
7266.772668	0.0010080000001835288	states												"   state_name
id           
6       csgap"
7266.773676	0.0169980000000578	states												"   state_name
id           
11    stim_on"
7266.790674	0.0004989999997633277	states												"            state_name
id                    
14  son_reward_chooser"
7266.791173	0.06399800000053801	states												"        state_name
id                
17  reward_big_son"
7266.855171	0.9365040000002409	states												"        state_name
id                
22  post_reward_on"
7267.791675	0.4144909999995434	states												"         state_name
id                 
23  post_reward_off"
7268.206166	4.206000000000131	states												"         state_name
id                 
24  soft_drink_time"
7272.412166	0.0005080000000816653	states												"    state_name
id            
25  warndanger"
7272.412674	3.000492999999551	states												"            state_name
id                    
26  warndanger_warning"
7275.413674	9.4674959999993	trials	1.0	r	2.0	p	1.0	r	0.0	0.0	1.0	r	p	
7275.413674	9.4674959999993	states												"   state_name
id           
0     state_0"
7275.413674	0.015998999999283114	states												"          state_name
id                  
1   sending_trialnum"
7275.429673	2.2074930000007953	states												"      state_name
id              
3   wait_for_cin"
7277.637166	1.0005079999991722	states												"   state_name
id           
4     context"
7278.637674	0.0014970000001994777	states												"   state_name
id           
6       csgap"
7278.639171	0.10499500000059925	states												"   state_name
id           
11    stim_on"
7278.744166	0.000503999999637017	states												"            state_name
id                    
14  son_reward_chooser"
7278.74467	0.06400000000030559	states												"        state_name
id                
17  reward_big_son"
7278.80867	0.9364969999996902	states												"        state_name
id                
22  post_reward_on"
7279.745167	0.10250600000017585	states												"         state_name
id                 
23  post_reward_off"
7279.847673	2.032492999999704	states												"         state_name
id                 
24  soft_drink_time"
7281.880166	0.0005140000002938905	states												"    state_name
id            
25  warndanger"
7281.88068	3.000489999999445	states												"            state_name
id                    
26  warndanger_warning"
7284.881676	10.09048999999959	trials	1.0	r	2.0	p	1.0	r	0.0	0.0	1.0	r	p	
7284.881676	10.09048999999959	states												"   state_name
id           
0     state_0"
7284.881676	0.016000999999960186	states												"          state_name
id                  
1   sending_trialnum"
7284.897677	1.447997000000214	states												"      state_name
id              
3   wait_for_cin"
7286.345674	1.0000129999998535	states												"   state_name
id           
4     context"
7287.345687	0.001479999999901338	states												"   state_name
id           
6       csgap"
7287.347167	0.16251000000011118	states												"   state_name
id           
11    stim_on"
7287.509677	0.0004890000000159489	states												"            state_name
id                    
14  son_reward_chooser"
7287.510166	0.06400000000030559	states												"        state_name
id                
17  reward_big_son"
7287.574166	0.9365079999997761	states												"        state_name
id                
22  post_reward_on"
7288.510674	0.10849799999959941	states												"         state_name
id                 
23  post_reward_off"
7288.619172	3.351994000000559	states												"         state_name
id                 
24  soft_drink_time"
7291.971166	0.0005089999995107064	states												"    state_name
id            
25  warndanger"
7291.971675	3.0004909999997835	states												"            state_name
id                    
26  warndanger_warning"
7294.972671	59.35799599999973	trials	1.0	r	2.0	p	1.0	r	0.0	0.0	1.0	r	p	
7294.972671	59.35799599999973	states												"   state_name
id           
0     state_0"
7294.972671	0.015998999999283114	states												"          state_name
id                  
1   sending_trialnum"
7294.98867	47.579005999999936	states												"      state_name
id              
3   wait_for_cin"
7342.567676	1.0000079999999798	states												"   state_name
id           
4     context"
7343.567684	0.0014820000005784095	states												"   state_name
id           
6       csgap"
7343.569166	0.7109999999993306	states												"   state_name
id           
11    stim_on"
7344.280166	0.0005080000000816653	states												"            state_name
id                    
14  son_reward_chooser"
7344.280674	0.06400000000030559	states												"        state_name
id                
17  reward_big_son"
7344.344674	0.9364949999999226	states												"        state_name
id                
22  post_reward_on"
7345.281169	0.0049980000003415626	states												"         state_name
id                 
23  post_reward_off"
7345.286167	6.043507999999747	states												"         state_name
id                 
24  soft_drink_time"
7351.329675	0.0004909999997835257	states												"    state_name
id            
25  warndanger"
7351.330166	3.0005010000004404	states												"            state_name
id                    
26  warndanger_warning"
7354.33118	14.827988000000005	trials	1.0	r	2.0	p	1.0	r	0.0	0.0	1.0	r	p	
7354.33118	14.827988000000005	states												"   state_name
id           
0     state_0"
7354.33118	0.015991999999641848	states												"          state_name
id                  
1   sending_trialnum"
7354.347172	6.0659990000003745	states												"      state_name
id              
3   wait_for_cin"
7360.413171	1.000503000000208	states												"   state_name
id           
4     context"
7361.413674	0.001496999999289983	states												"   state_name
id           
6       csgap"
7361.415171	0.30851000000075146	states												"   state_name
id           
11    stim_on"
7361.723681	0.0004849999995713006	states												"            state_name
id                    
14  son_reward_chooser"
7361.724166	0.06400000000030559	states												"        state_name
id                
17  reward_big_son"
7361.788166	0.9365060000000085	states												"        state_name
id                
22  post_reward_on"
7362.724672	0.11900299999979325	states												"         state_name
id                 
23  post_reward_off"
7362.843675	3.314491999999518	states												"         state_name
id                 
24  soft_drink_time"
7366.158167	0.0005049999999755528	states												"    state_name
id            
25  warndanger"
7366.158672	3.0004960000005667	states												"            state_name
id                    
26  warndanger_warning"
7369.159674	10.849505999999565	trials	1.0	r	2.0	p	1.0	r	0.0	0.0	1.0	r	p	
7369.159674	10.849505999999565	states												"   state_name
id           
0     state_0"
7369.159674	0.016001999999389227	states												"          state_name
id                  
1   sending_trialnum"
7369.175676	0.0004900000003544847	states												"      state_name
id              
3   wait_for_cin"
7369.176166	1.0	states												"   state_name
id           
4     context"
7370.176166	0.0010000000002037268	states												"   state_name
id           
6       csgap"
7370.177166	0.03652499999952852	states												"   state_name
id           
11    stim_on"
7370.213691	0.0004760000001624576	states												"            state_name
id                    
14  son_reward_chooser"
7370.214167	0.06399899999996705	states												"        state_name
id                
17  reward_big_son"
7370.278166	0.9365040000002409	states												"        state_name
id                
22  post_reward_on"
7371.21467	0.01100399999995716	states												"         state_name
id                 
23  post_reward_off"
7371.225674	5.782999999999447	states												"         state_name
id                 
24  soft_drink_time"
7377.008674	0.0004980000003342866	states												"    state_name
id            
25  warndanger"
7377.009172	3.00000799999998	states												"            state_name
id                    
26  warndanger_warning"
7380.009674	9.408492000000479	trials	1.0	r	2.0	p	1.0	r	0.0	0.0	1.0	r	p	
7380.009674	9.408492000000479	states												"   state_name
id           
0     state_0"
7380.009674	0.016000000000531145	states												"          state_name
id                  
1   sending_trialnum"
7380.025674	0.024491999999554537	states												"      state_name
id              
3   wait_for_cin"
7380.050166	1.0005170000004	states												"   state_name
id           
4     context"
7381.050683	0.0014830000000074506	states												"   state_name
id           
6       csgap"
7381.052166	0.08351799999945797	states												"   state_name
id           
11    stim_on"
7381.135684	0.0004820000003746827	states												"            state_name
id                    
14  son_reward_chooser"
7381.136166	0.0639999999993961	states												"        state_name
id                
17  reward_big_son"
7381.200166	0.9365040000002409	states												"        state_name
id                
22  post_reward_on"
7382.13667	0.06849599999986822	states												"         state_name
id                 
23  post_reward_off"
7382.205166	4.21201100000053	states												"         state_name
id                 
24  soft_drink_time"
7386.417177	0.0004979999994247919	states												"    state_name
id            
25  warndanger"
7386.417675	3.000491000000693	states												"            state_name
id                    
26  warndanger_warning"
7389.418672	17.5130079999999	trials	1.0	r	2.0	p	1.0	r	0.0	0.0	1.0	r	p	
7389.418672	17.5130079999999	states												"   state_name
id           
0     state_0"
7389.418672	0.015995000000657456	states												"          state_name
id                  
1   sending_trialnum"
7389.434667	7.944505999999819	states												"      state_name
id              
3   wait_for_cin"
7397.379173	1.0000030000001061	states												"   state_name
id           
4     context"
7398.379176	0.0014929999997548293	states												"   state_name
id           
6       csgap"
7398.380669	0.4014969999998357	states												"   state_name
id           
11    stim_on"
7398.782166	0.0005080000000816653	states												"            state_name
id                    
14  son_reward_chooser"
7398.782674	0.06399799999962852	states												"        state_name
id                
17  reward_big_son"
7398.846672	0.9364940000004935	states												"        state_name
id                
22  post_reward_on"
7399.783166	0.03950399999939691	states												"         state_name
id                 
23  post_reward_off"
7399.82267	4.107998000000407	states												"         state_name
id                 
24  soft_drink_time"
7403.930668	0.0005049999999755528	states												"    state_name
id            
25  warndanger"
7403.931173	3.000506999999743	states												"            state_name
id                    
26  warndanger_warning"
7406.932172	11.537503999999899	trials	1.0	r	2.0	p	1.0	r	0.0	0.0	1.0	r	p	
7406.932172	11.537503999999899	states												"   state_name
id           
0     state_0"
7406.932172	0.01599400000031892	states												"          state_name
id                  
1   sending_trialnum"
7406.948166	0.5605040000000372	states												"      state_name
id              
3   wait_for_cin"
7407.50867	1.0004969999999958	states												"   state_name
id           
4     context"
7408.509167	0.001502999999502208	states												"   state_name
id           
6       csgap"
7408.51067	0.07349599999997736	states												"   state_name
id           
11    stim_on"
7408.584166	0.0005110000001877779	states												"            state_name
id                    
14  son_reward_chooser"
7408.584677	0.06398900000021968	states												"        state_name
id                
17  reward_big_son"
7408.648666	0.936507000000347	states												"        state_name
id                
22  post_reward_on"
7409.585173	0.08699299999989307	states												"         state_name
id                 
23  post_reward_off"
7409.672166	5.7965039999999135	states												"         state_name
id                 
24  soft_drink_time"
7415.46867	0.0005000000001018634	states												"    state_name
id            
25  warndanger"
7415.46917	3.0005059999994046	states												"            state_name
id                    
26  warndanger_warning"
7418.470183	8.92198499999995	trials	1.0	r	2.0	p	1.0	r	0.0	0.0	1.0	r	p	
7418.470183	8.92198499999995	states												"   state_name
id           
0     state_0"
7418.470183	0.01598299999932351	states												"          state_name
id                  
1   sending_trialnum"
7418.486166	0.13400000000001455	states												"      state_name
id              
3   wait_for_cin"
7418.620166	1.0000170000002981	states												"   state_name
id           
4     context"
7419.620183	0.001502000000073167	states												"   state_name
id           
6       csgap"
7419.621685	0.676991000000271	states												"   state_name
id           
11    stim_on"
7420.298676	0.0004949999993186793	states												"            state_name
id                    
14  son_reward_chooser"
7420.299171	0.06400000000030559	states												"        state_name
id                
17  reward_big_son"
7420.363171	0.9365040000002409	states												"        state_name
id                
22  post_reward_on"
7421.299675	0.04849099999955797	states												"         state_name
id                 
23  post_reward_off"
7421.348166	3.0435090000000855	states												"         state_name
id                 
24  soft_drink_time"
7424.391675	0.0004909999997835257	states												"    state_name
id            
25  warndanger"
7424.392166	3.000002000000677	states												"            state_name
id                    
26  warndanger_warning"
7427.392671	10.85250300000007	trials	1.0	r	2.0	p	1.0	r	0.0	0.0	1.0	r	p	
7427.392671	10.85250300000007	states												"   state_name
id           
0     state_0"
7427.392671	0.016000999999960186	states												"          state_name
id                  
1   sending_trialnum"
7427.408672	2.7514940000000934	states												"      state_name
id              
3   wait_for_cin"
7430.160166	1.0005040000005465	states												"   state_name
id           
4     context"
7431.16067	0.001006999999844993	states												"   state_name
id           
6       csgap"
7431.161677	0.05248899999969581	states												"   state_name
id           
11    stim_on"
7431.214166	0.0005070000006526243	states												"            state_name
id                    
14  son_reward_chooser"
7431.214673	0.06399899999996705	states												"        state_name
id                
17  reward_big_son"
7431.278672	0.9364959999993516	states												"        state_name
id                
22  post_reward_on"
7432.215168	0.10950400000001537	states												"         state_name
id                 
23  post_reward_off"
7432.324672	2.9199990000006437	states												"         state_name
id                 
24  soft_drink_time"
7435.244671	0.0005009999995309045	states												"    state_name
id            
25  warndanger"
7435.245172	3.0000019999997676	states												"            state_name
id                    
26  warndanger_warning"
7438.245676	9.801007000000027	trials	1.0	r	2.0	p	1.0	r	0.0	0.0	1.0	r	p	
7438.245676	9.801007000000027	states												"   state_name
id           
0     state_0"
7438.245676	0.015991000000212807	states												"          state_name
id                  
1   sending_trialnum"
7438.261667	0.48100200000044424	states												"      state_name
id              
3   wait_for_cin"
7438.742669	1.000500999999531	states												"   state_name
id           
4     context"
7439.74317	0.0014989999999670545	states												"   state_name
id           
6       csgap"
7439.744669	0.708002000000306	states												"   state_name
id           
11    stim_on"
7440.452671	0.0005060000003140885	states												"            state_name
id                    
14  son_reward_chooser"
7440.453177	0.0639949999995224	states												"        state_name
id                
17  reward_big_son"
7440.517172	0.9365079999997761	states												"        state_name
id                
22  post_reward_on"
7441.45368	1.1079939999999624	states												"         state_name
id                 
23  post_reward_off"
7442.561674	2.4839980000006108	states												"         state_name
id                 
24  soft_drink_time"
7445.045672	0.000495000000228174	states												"    state_name
id            
25  warndanger"
7445.046167	3.000515999999152	states												"            state_name
id                    
26  warndanger_warning"
7448.047167	9.579015000000254	trials	1.0	r	2.0	p	1.0	r	0.0	0.0	1.0	r	p	
7448.047167	9.579015000000254	states												"   state_name
id           
0     state_0"
7448.047167	0.01599900000019261	states												"          state_name
id                  
1   sending_trialnum"
7448.063166	0.18250199999965844	states												"      state_name
id              
3   wait_for_cin"
7448.245668	1.0000079999999798	states												"   state_name
id           
4     context"
7449.245676	0.0010090000005220645	states												"   state_name
id           
6       csgap"
7449.246685	0.3599919999996928	states												"   state_name
id           
11    stim_on"
7449.606677	0.0004900000003544847	states												"            state_name
id                    
14  son_reward_chooser"
7449.607167	0.06400000000030559	states												"        state_name
id                
17  reward_big_son"
7449.671167	0.936518999999862	states												"        state_name
id                
22  post_reward_on"
7450.607686	0.06748100000004342	states												"         state_name
id                 
23  post_reward_off"
7450.675167	3.9505049999997937	states												"         state_name
id                 
24  soft_drink_time"
7454.625672	0.0004939999998896383	states												"    state_name
id            
25  warndanger"
7454.626166	3.0000159999999596	states												"            state_name
id                    
26  warndanger_warning"
7457.626678	13.783488000000034	trials	1.0	r	2.0	p	1.0	r	0.0	0.0	1.0	r	p	
7457.626678	13.783488000000034	states												"   state_name
id           
0     state_0"
7457.626678	0.01599900000019261	states												"          state_name
id                  
1   sending_trialnum"
7457.642677	5.774495999999999	states												"      state_name
id              
3   wait_for_cin"
7463.417173	1.0005010000004404	states												"   state_name
id           
4     context"
7464.417674	0.0014929999997548293	states												"   state_name
id           
6       csgap"
7464.419167	0.4285090000003038	states												"   state_name
id           
11    stim_on"
7464.847676	0.00048999999944499	states												"            state_name
id                    
14  son_reward_chooser"
7464.848166	0.06400000000030559	states												"        state_name
id                
17  reward_big_son"
7464.912166	0.9365079999997761	states												"        state_name
id                
22  post_reward_on"
7465.848674	0.10249300000032235	states												"         state_name
id                 
23  post_reward_off"
7465.951167	2.4580040000000736	states												"         state_name
id                 
24  soft_drink_time"
7468.409171	0.0005099999998492422	states												"    state_name
id            
25  warndanger"
7468.409681	3.0004849999995713	states												"            state_name
id                    
26  warndanger_warning"
7471.410673	8.837498999999298	trials	1.0	r	2.0	p	1.0	r	0.0	0.0	1.0	r	p	
7471.410673	8.837498999999298	states												"   state_name
id           
0     state_0"
7471.410673	0.01599999999962165	states												"          state_name
id                  
1   sending_trialnum"
7471.426673	0.0004930000004605972	states												"      state_name
id              
3   wait_for_cin"
7471.427166	1.0005119999996168	states												"   state_name
id           
4     context"
7472.427678	0.0014970000001994777	states												"   state_name
id           
6       csgap"
7472.429175	0.12549599999965722	states												"   state_name
id           
11    stim_on"
7472.554671	0.0005019999998694402	states												"            state_name
id                    
14  son_reward_chooser"
7472.555173	0.06399899999996705	states												"        state_name
id                
17  reward_big_son"
7472.619172	0.9365040000002409	states												"        state_name
id                
22  post_reward_on"
7473.555676	0.08849000000009255	states												"         state_name
id                 
23  post_reward_off"
7473.644166	3.603505000000041	states												"         state_name
id                 
24  soft_drink_time"
7477.247671	0.0004959999996572151	states												"    state_name
id            
25  warndanger"
7477.248167	3.0000049999998737	states												"            state_name
id                    
26  warndanger_warning"
7480.248673	8.79800299999988	trials	1.0	r	2.0	p	1.0	r	0.0	0.0	1.0	r	p	
7480.248673	8.79800299999988	states												"   state_name
id           
0     state_0"
7480.248673	0.01599999999962165	states												"          state_name
id                  
1   sending_trialnum"
7480.264673	0.0004960000005667098	states												"      state_name
id              
3   wait_for_cin"
7480.265169	1.0004979999994248	states												"   state_name
id           
4     context"
7481.265667	0.0010010000005422626	states												"   state_name
id           
6       csgap"
7481.266668	0.21400199999970937	states												"   state_name
id           
11    stim_on"
7481.48067	0.0004969999999957508	states												"            state_name
id                    
14  son_reward_chooser"
7481.481167	0.06400399999984074	states												"        state_name
id                
17  reward_big_son"
7481.545171	0.9365050000005795	states												"        state_name
id                
22  post_reward_on"
7482.481676	0.040989999999510474	states												"         state_name
id                 
23  post_reward_off"
7482.522666	3.52350000000024	states												"         state_name
id                 
24  soft_drink_time"
7486.046166	0.000503999999637017	states												"    state_name
id            
25  warndanger"
7486.04667	3.0000060000002122	states												"            state_name
id                    
26  warndanger_warning"
7489.047167	10.61200700000063	trials	1.0	r	2.0	p	1.0	r	0.0	0.0	1.0	r	p	
7489.047167	10.61200700000063	states												"   state_name
id           
0     state_0"
7489.047167	0.01599900000019261	states												"          state_name
id                  
1   sending_trialnum"
7489.063166	0.0005120000005263137	states												"      state_name
id              
3   wait_for_cin"
7489.063678	1.0004879999996774	states												"   state_name
id           
4     context"
7490.064166	0.0010000000002037268	states												"   state_name
id           
6       csgap"
7490.065166	1.000000999999429	states												"   state_name
id           
11    stim_on"
7491.065167	0.0015060000005178154	states												"   state_name
id           
12   stim_off"
7491.066673	0.01399799999944662	states												"        state_name
id                
13  wait_for_spoke"
7491.080671	0.000495000000228174	states												"             state_name
id                     
15  soff_reward_chooser"
7491.081166	0.06400599999960832	states												"         state_name
id                 
16  reward_big_soff"
7491.145172	0.0695080000004964	states												"         state_name
id                 
23  post_reward_off"
7491.21468	5.44348699999955	states												"         state_name
id                 
24  soft_drink_time"
7496.658167	0.0005049999999755528	states												"    state_name
id            
25  warndanger"
7496.658672	3.000502000000779	states												"            state_name
id                    
26  warndanger_warning"
7499.659693	12.845475000000079	trials	1.0	r	2.0	p	1.0	r	0.0	0.0	1.0	r	p	
7499.659693	12.845475000000079	states												"   state_name
id           
0     state_0"
7499.659693	0.015988000000106695	states												"          state_name
id                  
1   sending_trialnum"
7499.675681	3.54649100000006	states												"      state_name
id              
3   wait_for_cin"
7503.222172	1.0004980000003343	states												"   state_name
id           
4     context"
7504.22267	0.0010099999999511056	states												"   state_name
id           
6       csgap"
7504.22368	0.24349600000005012	states												"   state_name
id           
11    stim_on"
7504.467176	0.000495000000228174	states												"            state_name
id                    
14  son_reward_chooser"
7504.467671	0.06400099999973463	states												"        state_name
id                
17  reward_big_son"
7504.531672	0.936493999999584	states												"        state_name
id                
22  post_reward_on"
7505.468166	0.2335240000002159	states												"         state_name
id                 
23  post_reward_off"
7505.70169	3.8024820000000545	states												"         state_name
id                 
24  soft_drink_time"
7509.504172	0.0005000000001018634	states												"    state_name
id            
25  warndanger"
7509.504672	3.000495999999657	states												"            state_name
id                    
26  warndanger_warning"
7512.505675	9.506491000000096	trials	1.0	r	2.0	p	1.0	r	0.0	0.0	1.0	r	p	
7512.505675	9.506491000000096	states												"   state_name
id           
0     state_0"
7512.505675	0.01599999999962165	states												"          state_name
id                  
1   sending_trialnum"
7512.521675	0.0004909999997835257	states												"      state_name
id              
3   wait_for_cin"
7512.522166	1.0000010000003385	states												"   state_name
id           
4     context"
7513.522167	0.0010050000000774162	states												"   state_name
id           
6       csgap"
7513.523172	0.28150300000015704	states												"   state_name
id           
11    stim_on"
7513.804675	0.0004909999997835257	states												"            state_name
id                    
14  son_reward_chooser"
7513.805166	0.06400099999973463	states												"        state_name
id                
17  reward_big_son"
7513.869167	0.936507000000347	states												"        state_name
id                
22  post_reward_on"
7514.805674	0.06749299999955838	states												"         state_name
id                 
23  post_reward_off"
7514.873167	4.138007000000471	states												"         state_name
id                 
24  soft_drink_time"
7519.011174	0.0005000000001018634	states												"    state_name
id            
25  warndanger"
7519.011674	3.000492000000122	states												"            state_name
id                    
26  warndanger_warning"
7522.012675	9.413997999999992	trials	1.0	r	2.0	p	1.0	r	0.0	0.0	1.0	r	p	
7522.012675	9.413997999999992	states												"   state_name
id           
0     state_0"
7522.012675	0.015997000000425032	states												"          state_name
id                  
1   sending_trialnum"
7522.028672	0.000503999999637017	states												"      state_name
id              
3   wait_for_cin"
7522.029176	1.0004980000003343	states												"   state_name
id           
4     context"
7523.029674	0.0014919999994162936	states												"   state_name
id           
6       csgap"
7523.031166	0.18100000000049477	states												"   state_name
id           
11    stim_on"
7523.212166	0.000503999999637017	states												"            state_name
id                    
14  son_reward_chooser"
7523.21267	0.06400000000030559	states												"        state_name
id                
17  reward_big_son"
7523.27667	0.9365040000002409	states												"        state_name
id                
22  post_reward_on"
7524.213174	0.13449999999920692	states												"         state_name
id                 
23  post_reward_off"
7524.347674	4.078008000000409	states												"         state_name
id                 
24  soft_drink_time"
7528.425682	0.0004840000001422595	states												"    state_name
id            
25  warndanger"
7528.426166	3.000506999999743	states												"            state_name
id                    
26  warndanger_warning"
7531.427167	9.760003000000324	trials	1.0	r	2.0	p	1.0	r	0.0	0.0	1.0	r	p	
7531.427167	9.760003000000324	states												"   state_name
id           
0     state_0"
7531.427167	0.01599900000019261	states												"          state_name
id                  
1   sending_trialnum"
7531.443166	0.21550099999967642	states												"      state_name
id              
3   wait_for_cin"
7531.658667	1.0004990000006728	states												"   state_name
id           
4     context"
7532.659166	0.0010009999996327679	states												"   state_name
id           
6       csgap"
7532.660167	0.14700100000027305	states												"   state_name
id           
11    stim_on"
7532.807168	0.0005179999998290441	states												"            state_name
id                    
14  son_reward_chooser"
7532.807686	0.06399200000032579	states												"        state_name
id                
17  reward_big_son"
7532.871678	0.9364879999993718	states												"        state_name
id                
22  post_reward_on"
7533.808166	0.06300000000010186	states												"         state_name
id                 
23  post_reward_off"
7533.871166	4.315510999999788	states												"         state_name
id                 
24  soft_drink_time"
7538.186677	0.0004900000003544847	states												"    state_name
id            
25  warndanger"
7538.187167	3.000003000000106	states												"            state_name
id                    
26  warndanger_warning"
7541.187676	8.198011000000406	trials	1.0	r	2.0	p	1.0	r	0.0	0.0	1.0	r	p	
7541.187676	8.198011000000406	states												"   state_name
id           
0     state_0"
7541.187676	0.01600200000029872	states												"          state_name
id                  
1   sending_trialnum"
7541.203678	0.5429960000001302	states												"      state_name
id              
3   wait_for_cin"
7541.746674	1.000492000000122	states												"   state_name
id           
4     context"
7542.747166	0.0010000000002037268	states												"   state_name
id           
6       csgap"
7542.748166	0.049522999999680906	states												"   state_name
id           
11    stim_on"
7542.797689	0.0004779999999300344	states												"            state_name
id                    
14  son_reward_chooser"
7542.798167	0.06399899999996705	states												"        state_name
id                
17  reward_big_son"
7542.862166	0.9365060000000085	states												"        state_name
id                
22  post_reward_on"
7543.798672	0.08799999999973807	states												"         state_name
id                 
23  post_reward_off"
7543.886672	2.4984960000001593	states												"         state_name
id                 
24  soft_drink_time"
7546.385168	0.0005099999998492422	states												"    state_name
id            
25  warndanger"
7546.385678	3.0000090000003183	states												"            state_name
id                    
26  warndanger_warning"
7549.386167	12.245010999999977	trials	1.0	r	2.0	p	1.0	r	0.0	0.0	1.0	r	p	
7549.386167	12.245010999999977	states												"   state_name
id           
0     state_0"
7549.386167	0.01599900000019261	states												"          state_name
id                  
1   sending_trialnum"
7549.402166	2.5810010000004695	states												"      state_name
id              
3   wait_for_cin"
7551.983167	1.0005080000000817	states												"   state_name
id           
4     context"
7552.983675	0.0014909999999872525	states												"   state_name
id           
6       csgap"
7552.985166	0.6255229999997027	states												"   state_name
id           
11    stim_on"
7553.610689	0.00048299999980372377	states												"            state_name
id                    
14  son_reward_chooser"
7553.611172	0.0639950000004319	states												"        state_name
id                
17  reward_big_son"
7553.675167	0.9365099999995437	states												"        state_name
id                
22  post_reward_on"
7554.611677	0.42199299999992945	states												"         state_name
id                 
23  post_reward_off"
7555.03367	3.5969999999997526	states												"         state_name
id                 
24  soft_drink_time"
7558.63067	0.0004960000005667098	states												"    state_name
id            
25  warndanger"
7558.631166	3.000011999999515	states												"            state_name
id                    
26  warndanger_warning"
7561.631667	35.2180070000004	trials	1.0	r	2.0	p	1.0	r	0.0	0.0	1.0	r	p	
7561.631667	35.2180070000004	states												"   state_name
id           
0     state_0"
7561.631667	0.01600600000074337	states												"          state_name
id                  
1   sending_trialnum"
7561.647673	19.848001999999724	states												"      state_name
id              
3   wait_for_cin"
7581.495675	1.0000039999995352	states												"   state_name
id           
4     context"
7582.495679	0.001487000000452099	states												"   state_name
id           
6       csgap"
7582.497166	0.3435090000002674	states												"   state_name
id           
11    stim_on"
7582.840675	0.0004919999992125668	states												"            state_name
id                    
14  son_reward_chooser"
7582.841167	0.06399899999996705	states												"        state_name
id                
17  reward_big_son"
7582.905166	0.936507000000347	states												"        state_name
id                
22  post_reward_on"
7583.841673	0.006006999999954132	states												"         state_name
id                 
23  post_reward_off"
7583.84768	10.000998000000436	states												"         state_name
id                 
24  soft_drink_time"
7593.848678	0.0004989999997633277	states												"    state_name
id            
25  warndanger"
7593.849177	3.0004969999999958	states												"            state_name
id                    
26  warndanger_warning"
7596.850166	12.268511000000217	trials	1.0	r	2.0	p	1.0	r	0.0	0.0	1.0	r	p	
7596.850166	12.268511000000217	states												"   state_name
id           
0     state_0"
7596.850166	0.01599999999962165	states												"          state_name
id                  
1   sending_trialnum"
7596.866166	1.460505000000012	states												"      state_name
id              
3   wait_for_cin"
7598.326671	1.0005049999999756	states												"   state_name
id           
4     context"
7599.327176	0.0014950000004319008	states												"   state_name
id           
6       csgap"
7599.328671	0.43949499999962427	states												"   state_name
id           
11    stim_on"
7599.768166	0.0005140000002938905	states												"            state_name
id                    
14  son_reward_chooser"
7599.76868	0.06400000000030559	states												"        state_name
id                
17  reward_big_son"
7599.83268	0.9364859999996042	states												"        state_name
id                
22  post_reward_on"
7600.769166	0.12201100000038423	states												"         state_name
id                 
23  post_reward_off"
7600.891177	5.226988999999776	states												"         state_name
id                 
24  soft_drink_time"
7606.118166	0.0005009999995309045	states												"    state_name
id            
25  warndanger"
7606.118667	3.000010000000657	states												"            state_name
id                    
26  warndanger_warning"
7609.119167	14.487998999999945	trials	1.0	r	2.0	p	1.0	r	0.0	0.0	1.0	r	p	
7609.119167	14.487998999999945	states												"   state_name
id           
0     state_0"
7609.119167	0.01599900000019261	states												"          state_name
id                  
1   sending_trialnum"
7609.135166	6.382000999999946	states												"      state_name
id              
3   wait_for_cin"
7615.517167	1.0000019999997676	states												"   state_name
id           
4     context"
7616.517169	0.0015030000004117028	states												"   state_name
id           
6       csgap"
7616.518672	0.08699999999953434	states												"   state_name
id           
11    stim_on"
7616.605672	0.000495000000228174	states												"            state_name
id                    
14  son_reward_chooser"
7616.606167	0.06399899999996705	states												"        state_name
id                
17  reward_big_son"
7616.670166	0.9365060000000085	states												"        state_name
id                
22  post_reward_on"
7617.606672	0.0944950000002791	states												"         state_name
id                 
23  post_reward_off"
7617.701167	2.9049999999997453	states												"         state_name
id                 
24  soft_drink_time"
7620.606167	0.0005049999999755528	states												"    state_name
id            
25  warndanger"
7620.606672	3.0004939999998896	states												"            state_name
id                    
26  warndanger_warning"
7623.607672	22.722493999999642	trials	1.0	r	2.0	p	1.0	r	0.0	0.0	1.0	r	p	
7623.607672	22.722493999999642	states												"   state_name
id           
0     state_0"
7623.607672	0.016000999999960186	states												"          state_name
id                  
1   sending_trialnum"
7623.623673	14.318001999999979	states												"      state_name
id              
3   wait_for_cin"
7637.941675	1.0000049999998737	states												"   state_name
id           
4     context"
7638.94168	0.0014860000001135631	states												"   state_name
id           
6       csgap"
7638.943166	0.5140009999995527	states												"   state_name
id           
11    stim_on"
7639.457167	0.0005070000006526243	states												"            state_name
id                    
14  son_reward_chooser"
7639.457674	0.06401199999982055	states												"        state_name
id                
17  reward_big_son"
7639.521686	0.9364809999997306	states												"        state_name
id                
22  post_reward_on"
7640.458167	0.07150499999988824	states												"         state_name
id                 
23  post_reward_off"
7640.529672	2.7994950000002063	states												"         state_name
id                 
24  soft_drink_time"
7643.329167	0.0005129999999553547	states												"    state_name
id            
25  warndanger"
7643.32968	3.00048599999991	states												"            state_name
id                    
26  warndanger_warning"
7646.330673	11.59201099999973	trials	1.0	r	2.0	p	1.0	r	0.0	0.0	1.0	r	p	
7646.330673	11.59201099999973	states												"   state_name
id           
0     state_0"
7646.330673	0.015997999999854073	states												"          state_name
id                  
1   sending_trialnum"
7646.346671	3.7859989999997197	states												"      state_name
id              
3   wait_for_cin"
7650.13267	1.0000019999997676	states												"   state_name
id           
4     context"
7651.132672	0.0010040000006483751	states												"   state_name
id           
6       csgap"
7651.133676	0.36400099999991653	states												"   state_name
id           
11    stim_on"
7651.497677	0.0004890000000159489	states												"            state_name
id                    
14  son_reward_chooser"
7651.498166	0.0639999999993961	states												"        state_name
id                
17  reward_big_son"
7651.562166	0.9365060000000085	states												"        state_name
id                
22  post_reward_on"
7652.498672	0.08901800000057847	states												"         state_name
id                 
23  post_reward_off"
7652.58769	2.3344779999997627	states												"         state_name
id                 
24  soft_drink_time"
7654.922168	0.0004989999997633277	states												"    state_name
id            
25  warndanger"
7654.922667	3.000017000000298	states												"            state_name
id                    
26  warndanger_warning"
7657.923166	8.94400300000052	trials	1.0	r	2.0	p	1.0	r	0.0	0.0	1.0	r	p	
7657.923166	8.94400300000052	states												"   state_name
id           
0     state_0"
7657.923166	0.016000000000531145	states												"          state_name
id                  
1   sending_trialnum"
7657.939166	0.5609999999996944	states												"      state_name
id              
3   wait_for_cin"
7658.500166	1.0000060000002122	states												"   state_name
id           
4     context"
7659.500172	0.001516000000265194	states												"   state_name
id           
6       csgap"
7659.501688	0.01298399999996036	states												"   state_name
id           
11    stim_on"
7659.514672	0.000503999999637017	states												"            state_name
id                    
14  son_reward_chooser"
7659.515176	0.06399800000053801	states												"        state_name
id                
17  reward_big_son"
7659.579174	0.9364989999994577	states												"        state_name
id                
22  post_reward_on"
7660.515673	0.09749400000055175	states												"         state_name
id                 
23  post_reward_off"
7660.613167	3.252998999999363	states												"         state_name
id                 
24  soft_drink_time"
7663.866166	0.0005019999998694402	states												"    state_name
id            
25  warndanger"
7663.866668	3.0005010000004404	states												"            state_name
id                    
26  warndanger_warning"
7666.867666	19.274507999999514	trials	1.0	r	2.0	p	1.0	r	0.0	0.0	1.0	r	p	
7666.867666	19.274507999999514	states												"   state_name
id           
0     state_0"
7666.867666	0.016010999999707565	states												"          state_name
id                  
1   sending_trialnum"
7666.883677	10.464002000000619	states												"      state_name
id              
3   wait_for_cin"
7677.347679	1.0004869999993389	states												"   state_name
id           
4     context"
7678.348166	0.001509000000623928	states												"   state_name
id           
6       csgap"
7678.349675	0.11749399999916932	states												"   state_name
id           
11    stim_on"
7678.467169	0.000503000000207976	states												"            state_name
id                    
14  son_reward_chooser"
7678.467672	0.06400200000007317	states												"        state_name
id                
17  reward_big_son"
7678.531674	0.9364919999998165	states												"        state_name
id                
22  post_reward_on"
7679.468166	0.38700000000062573	states												"         state_name
id                 
23  post_reward_off"
7679.855166	3.2865039999996952	states												"         state_name
id                 
24  soft_drink_time"
7683.14167	0.0004959999996572151	states												"    state_name
id            
25  warndanger"
7683.142166	3.00000799999998	states												"            state_name
id                    
26  warndanger_warning"
7686.142675	11.815005000000383	trials	1.0	r	2.0	p	1.0	r	0.0	0.0	1.0	r	p	
7686.142675	11.815005000000383	states												"   state_name
id           
0     state_0"
7686.142675	0.015997999999854073	states												"          state_name
id                  
1   sending_trialnum"
7686.158673	2.9114989999998215	states												"      state_name
id              
3   wait_for_cin"
7689.070172	1.0004969999999958	states												"   state_name
id           
4     context"
7690.070669	0.0010080000001835288	states												"   state_name
id           
6       csgap"
7690.071677	0.10448900000028516	states												"   state_name
id           
11    stim_on"
7690.176166	0.0005000000001018634	states												"            state_name
id                    
14  son_reward_chooser"
7690.176666	0.06402299999990646	states												"        state_name
id                
17  reward_big_son"
7690.240689	0.9364770000001954	states												"        state_name
id                
22  post_reward_on"
7691.177166	0.04050199999983306	states												"         state_name
id                 
23  post_reward_off"
7691.217668	3.7394979999999123	states												"         state_name
id                 
24  soft_drink_time"
7694.957166	0.0005059999994045938	states												"    state_name
id            
25  warndanger"
7694.957672	3.0000080000008893	states												"            state_name
id                    
26  warndanger_warning"
7697.958176	8.417994999999792	trials	1.0	r	2.0	p	1.0	r	0.0	0.0	1.0	r	p	
7697.958176	8.417994999999792	states												"   state_name
id           
0     state_0"
7697.958176	0.015996000000086497	states												"          state_name
id                  
1   sending_trialnum"
7697.974172	0.15299400000003516	states												"      state_name
id              
3   wait_for_cin"
7698.127166	1.0005069999997431	states												"   state_name
id           
4     context"
7699.127673	0.0010050000000774162	states												"   state_name
id           
6       csgap"
7699.128678	0.1899940000002971	states												"   state_name
id           
11    stim_on"
7699.318672	0.0004949999993186793	states												"            state_name
id                    
14  son_reward_chooser"
7699.319167	0.06399899999996705	states												"        state_name
id                
17  reward_big_son"
7699.383166	0.9365080000006856	states												"        state_name
id                
22  post_reward_on"
7700.319674	3.0560059999997975	states												"         state_name
id                 
24  soft_drink_time"
7700.319674	0.0	states												"         state_name
id                 
23  post_reward_off"
7703.37568	0.00048599999990983633	states												"    state_name
id            
25  warndanger"
7703.376166	3.0000049999998737	states												"            state_name
id                    
26  warndanger_warning"
7706.376668	7.544511000000057	trials	1.0	r	2.0	p	1.0	r	0.0	0.0	1.0	r	p	
7706.376668	7.544511000000057	states												"   state_name
id           
0     state_0"
7706.376668	0.01599900000019261	states												"          state_name
id                  
1   sending_trialnum"
7706.392667	0.0005049999999755528	states												"      state_name
id              
3   wait_for_cin"
7706.393172	1.0000049999998737	states												"   state_name
id           
4     context"
7707.393177	0.0015039999998407438	states												"   state_name
id           
6       csgap"
7707.394681	0.06499900000017078	states												"   state_name
id           
11    stim_on"
7707.45968	0.00048599999990983633	states												"            state_name
id                    
14  son_reward_chooser"
7707.460166	0.06400000000030559	states												"        state_name
id                
17  reward_big_son"
7707.524166	0.93650499999967	states												"        state_name
id                
22  post_reward_on"
7708.460671	0.007000999999945634	states												"         state_name
id                 
23  post_reward_off"
7708.467672	2.4524950000004537	states												"         state_name
id                 
24  soft_drink_time"
7710.920167	0.000511999999616819	states												"    state_name
id            
25  warndanger"
7710.920679	3.000500000000102	states												"            state_name
id                    
26  warndanger_warning"
7713.921678	7.580494000000726	trials	1.0	r	2.0	p	1.0	r	0.0	0.0	1.0	r	p	
7713.921678	7.580494000000726	states												"   state_name
id           
0     state_0"
7713.921678	0.016000000000531145	states												"          state_name
id                  
1   sending_trialnum"
7713.937678	0.6029909999997471	states												"      state_name
id              
3   wait_for_cin"
7714.540669	1.0000010000003385	states												"   state_name
id           
4     context"
7715.54067	0.0010029999994003447	states												"   state_name
id           
6       csgap"
7715.541673	0.05149700000038138	states												"   state_name
id           
11    stim_on"
7715.59317	0.000503999999637017	states												"            state_name
id                    
14  son_reward_chooser"
7715.593674	0.06400200000007317	states												"        state_name
id                
17  reward_big_son"
7715.657676	0.9364900000000489	states												"        state_name
id                
22  post_reward_on"
7716.594166	0.6345040000005611	states												"         state_name
id                 
23  post_reward_off"
7717.22867	1.2724959999995917	states												"         state_name
id                 
24  soft_drink_time"
7718.501166	0.0005099999998492422	states												"    state_name
id            
25  warndanger"
7718.501676	3.0004960000005667	states												"            state_name
id                    
26  warndanger_warning"
7721.502668	8.58550600000035	trials	1.0	r	2.0	p	1.0	r	0.0	0.0	1.0	r	p	
7721.502668	8.58550600000035	states												"   state_name
id           
0     state_0"
7721.502668	0.01599999999962165	states												"          state_name
id                  
1   sending_trialnum"
7721.518668	1.5924979999999778	states												"      state_name
id              
3   wait_for_cin"
7723.111166	1.0005090000004202	states												"   state_name
id           
4     context"
7724.111675	0.0014909999999872525	states												"   state_name
id           
6       csgap"
7724.113166	0.011999999999716238	states												"   state_name
id           
11    stim_on"
7724.125166	0.0005080000000816653	states												"            state_name
id                    
14  son_reward_chooser"
7724.125674	0.06400099999973463	states												"        state_name
id                
17  reward_big_son"
7724.189675	0.9364910000003874	states												"        state_name
id                
22  post_reward_on"
7725.126166	0.02400000000034197	states												"         state_name
id                 
23  post_reward_off"
7725.150166	1.937008999999307	states												"         state_name
id                 
24  soft_drink_time"
7727.087175	0.0005060000003140885	states												"    state_name
id            
25  warndanger"
7727.087681	3.0004930000004606	states												"            state_name
id                    
26  warndanger_warning"
7730.088672	7.4019960000005085	trials	1.0	r	2.0	p	1.0	r	0.0	0.0	1.0	r	p	
7730.088672	7.4019960000005085	states												"   state_name
id           
0     state_0"
7730.088672	0.015996000000086497	states												"          state_name
id                  
1   sending_trialnum"
7730.104668	0.0004989999997633277	states												"      state_name
id              
3   wait_for_cin"
7730.105167	1.0	states												"   state_name
id           
4     context"
7731.105167	0.0015030000004117028	states												"   state_name
id           
6       csgap"
7731.10667	0.11100400000032096	states												"   state_name
id           
11    stim_on"
7731.217674	0.0004919999992125668	states												"            state_name
id                    
14  son_reward_chooser"
7731.218166	0.06400200000007317	states												"        state_name
id                
17  reward_big_son"
7731.282168	0.9365050000005795	states												"        state_name
id                
22  post_reward_on"
7732.218673	0.11500399999931687	states												"         state_name
id                 
23  post_reward_off"
7732.333677	2.15599900000052	states												"         state_name
id                 
24  soft_drink_time"
7734.489676	0.00048999999944499	states												"    state_name
id            
25  warndanger"
7734.490166	3.000502000000779	states												"            state_name
id                    
26  warndanger_warning"
7737.491166	10.611001000000215	trials	1.0	r	2.0	p	1.0	r	0.0	0.0	1.0	r	p	
7737.491166	10.611001000000215	states												"   state_name
id           
0     state_0"
7737.491166	0.016000000000531145	states												"          state_name
id                  
1   sending_trialnum"
7737.507166	3.566512999999759	states												"      state_name
id              
3   wait_for_cin"
7741.073679	1.0004870000002484	states												"   state_name
id           
4     context"
7742.074166	0.0009999999992942321	states												"   state_name
id           
6       csgap"
7742.075166	0.0005110000001877779	states												"   state_name
id           
11    stim_on"
7742.075677	0.0004890000000159489	states												"            state_name
id                    
14  son_reward_chooser"
7742.076166	0.06400000000030559	states												"        state_name
id                
17  reward_big_son"
7742.140166	0.9365060000000085	states												"        state_name
id                
22  post_reward_on"
7743.076672	0.6324949999998353	states												"         state_name
id                 
23  post_reward_off"
7743.709167	1.3919999999998254	states												"         state_name
id                 
24  soft_drink_time"
7745.101167	0.0005090000004202011	states												"    state_name
id            
25  warndanger"
7745.101676	3.0004909999997835	states												"            state_name
id                    
26  warndanger_warning"
7748.102671	8.353496000000632	trials	1.0	r	2.0	p	1.0	r	0.0	0.0	1.0	r	p	
7748.102671	8.353496000000632	states												"   state_name
id           
0     state_0"
7748.102671	0.016000000000531145	states												"          state_name
id                  
1   sending_trialnum"
7748.118671	0.0004959999996572151	states												"      state_name
id              
3   wait_for_cin"
7748.119167	1.0005069999997431	states												"   state_name
id           
4     context"
7749.119674	0.0010010000005422626	states												"   state_name
id           
6       csgap"
7749.120675	0.7669980000000578	states												"   state_name
id           
11    stim_on"
7749.887673	0.0004939999998896383	states												"            state_name
id                    
14  son_reward_chooser"
7749.888167	0.06399899999996705	states												"        state_name
id                
17  reward_big_son"
7749.952166	0.9365060000000085	states												"        state_name
id                
22  post_reward_on"
7750.888672	0.5290039999999863	states												"         state_name
id                 
23  post_reward_off"
7751.417676	2.0374910000000455	states												"         state_name
id                 
24  soft_drink_time"
7753.455167	0.0005089999995107064	states												"    state_name
id            
25  warndanger"
7753.455676	3.000491000000693	states												"            state_name
id                    
26  warndanger_warning"
7756.45667	7.943496000000778	trials	1.0	r	2.0	p	1.0	r	0.0	0.0	1.0	r	p	
7756.45667	7.943496000000778	states												"   state_name
id           
0     state_0"
7756.45667	0.01599900000019261	states												"          state_name
id                  
1   sending_trialnum"
7756.472669	1.4270089999999982	states												"      state_name
id              
3   wait_for_cin"
7757.899678	1.000488000000587	states												"   state_name
id           
4     context"
7758.900166	0.0009999999992942321	states												"   state_name
id           
6       csgap"
7758.901166	0.40051000000039494	states												"   state_name
id           
11    stim_on"
7759.301676	0.0004900000003544847	states												"            state_name
id                    
14  son_reward_chooser"
7759.302166	0.0639999999993961	states												"        state_name
id                
17  reward_big_son"
7759.366166	0.9365040000002409	states												"        state_name
id                
22  post_reward_on"
7760.30267	0.039998999999625084	states												"         state_name
id                 
23  post_reward_off"
7760.342669	1.0570080000006783	states												"         state_name
id                 
24  soft_drink_time"
7761.399677	0.0004890000000159489	states												"    state_name
id            
25  warndanger"
7761.400166	3.0	states												"            state_name
id                    
26  warndanger_warning"
7764.400667	10.068498999999974	trials	1.0	r	2.0	p	1.0	r	0.0	0.0	1.0	r	p	
7764.400667	10.068498999999974	states												"   state_name
id           
0     state_0"
7764.400667	0.016000000000531145	states												"          state_name
id                  
1   sending_trialnum"
7764.416667	0.0625079999999798	states												"      state_name
id              
3   wait_for_cin"
7764.479175	1.0000029999991966	states												"   state_name
id           
4     context"
7765.479178	0.0014909999999872525	states												"   state_name
id           
6       csgap"
7765.480669	0.0060050000001865556	states												"   state_name
id           
11    stim_on"
7765.486674	0.0005060000003140885	states												"            state_name
id                    
14  son_reward_chooser"
7765.48718	0.06400000000030559	states												"        state_name
id                
17  reward_big_son"
7765.55118	0.9364959999993516	states												"        state_name
id                
22  post_reward_on"
7766.487676	0.01499100000000908	states												"         state_name
id                 
23  post_reward_off"
7766.502667	4.965500000000247	states												"         state_name
id                 
24  soft_drink_time"
7771.468167	0.0005049999999755528	states												"    state_name
id            
25  warndanger"
7771.468672	3.0004939999998896	states												"            state_name
id                    
26  warndanger_warning"
7774.469675	9.056491999999707	trials	1.0	r	2.0	p	1.0	r	0.0	0.0	1.0	r	p	
7774.469675	9.056491999999707	states												"   state_name
id           
0     state_0"
7774.469675	0.016000999999960186	states												"          state_name
id                  
1   sending_trialnum"
7774.485676	0.7439979999999196	states												"      state_name
id              
3   wait_for_cin"
7775.229674	1.0000039999995352	states												"   state_name
id           
4     context"
7776.229678	0.0014920000003257883	states												"   state_name
id           
6       csgap"
7776.23117	0.4299970000001849	states												"   state_name
id           
11    stim_on"
7776.661167	0.0005080000000816653	states												"            state_name
id                    
14  son_reward_chooser"
7776.661675	0.06400399999984074	states												"        state_name
id                
17  reward_big_son"
7776.725679	0.9364869999999428	states												"        state_name
id                
22  post_reward_on"
7777.662166	0.06650400000035006	states												"         state_name
id                 
23  post_reward_off"
7777.72867	2.7970049999994444	states												"         state_name
id                 
24  soft_drink_time"
7780.525675	0.0004909999997835257	states												"    state_name
id            
25  warndanger"
7780.526166	3.0000010000003385	states												"            state_name
id                    
26  warndanger_warning"
7783.526667	12.057498999999552	trials	1.0	r	2.0	p	1.0	r	0.0	0.0	1.0	r	p	
7783.526667	12.057498999999552	states												"   state_name
id           
0     state_0"
7783.526667	0.01599999999962165	states												"          state_name
id                  
1   sending_trialnum"
7783.542667	4.76400300000023	states												"      state_name
id              
3   wait_for_cin"
7788.30667	1.0	states												"   state_name
id           
4     context"
7789.30667	0.0010050000000774162	states												"   state_name
id           
6       csgap"
7789.307675	0.2894909999995434	states												"   state_name
id           
11    stim_on"
7789.597166	0.0005120000005263137	states												"            state_name
id                    
14  son_reward_chooser"
7789.597678	0.06399899999996705	states												"        state_name
id                
17  reward_big_son"
7789.661677	0.9364889999997104	states												"        state_name
id                
22  post_reward_on"
7790.598166	0.11751300000014453	states												"         state_name
id                 
23  post_reward_off"
7790.715679	1.8674879999998666	states												"         state_name
id                 
24  soft_drink_time"
7792.583167	0.0005140000002938905	states												"    state_name
id            
25  warndanger"
7792.583681	3.0004849999995713	states												"            state_name
id                    
26  warndanger_warning"
7795.584672	9.762001000000055	trials	1.0	r	2.0	p	1.0	r	0.0	0.0	1.0	r	p	
7795.584672	9.762001000000055	states												"   state_name
id           
0     state_0"
7795.584672	0.016000999999960186	states												"          state_name
id                  
1   sending_trialnum"
7795.600673	1.2559940000001006	states												"      state_name
id              
3   wait_for_cin"
7796.856667	1.0000060000002122	states												"   state_name
id           
4     context"
7797.856673	0.0010059999995064572	states												"   state_name
id           
6       csgap"
7797.857679	0.28848700000071403	states												"   state_name
id           
11    stim_on"
7798.146166	0.0005189999992580852	states												"            state_name
id                    
14  son_reward_chooser"
7798.146685	0.0639870000004521	states												"        state_name
id                
17  reward_big_son"
7798.210672	0.9365019999995638	states												"        state_name
id                
22  post_reward_on"
7799.147174	0.12499300000035873	states												"         state_name
id                 
23  post_reward_off"
7799.272167	3.073508999999831	states												"         state_name
id                 
24  soft_drink_time"
7802.345676	0.0004900000003544847	states												"    state_name
id            
25  warndanger"
7802.346166	3.000506999999743	states												"            state_name
id                    
26  warndanger_warning"
7805.347169	45.53899799999999	trials	1.0	r	2.0	p	1.0	r	0.0	0.0	1.0	r	p	
7805.347169	45.53899799999999	states												"   state_name
id           
0     state_0"
7805.347169	0.016000000000531145	states												"          state_name
id                  
1   sending_trialnum"
7805.363169	31.34650799999963	states												"      state_name
id              
3   wait_for_cin"
7836.709677	1.0000040000004446	states												"   state_name
id           
4     context"
7837.709681	0.0014860000001135631	states												"   state_name
id           
6       csgap"
7837.711167	1.0000039999995352	states												"   state_name
id           
11    stim_on"
7838.711171	0.0014950000004319008	states												"   state_name
id           
12   stim_off"
7838.712666	5.350505999999768	states												"        state_name
id                
13  wait_for_spoke"
7844.063172	0.0005080000000816653	states												"             state_name
id                     
15  soff_reward_chooser"
7844.06368	0.06398600000011356	states												"         state_name
id                 
16  reward_big_soff"
7844.127666	1.330500000000029	states												"         state_name
id                 
23  post_reward_off"
7845.458166	2.4270079999996597	states												"         state_name
id                 
24  soft_drink_time"
7847.885174	0.0005010000004403992	states												"    state_name
id            
25  warndanger"
7847.885675	3.0004919999992126	states												"            state_name
id                    
26  warndanger_warning"
7850.886677	25.83299999999963	trials	1.0	r	2.0	p	1.0	r	0.0	0.0	1.0	r	p	
7850.886677	25.83299999999963	states												"   state_name
id           
0     state_0"
7850.886677	0.016011999999136606	states												"          state_name
id                  
1   sending_trialnum"
7850.902689	15.150987000000896	states												"      state_name
id              
3   wait_for_cin"
7866.053676	1.000000999999429	states												"   state_name
id           
4     context"
7867.053677	0.0014920000003257883	states												"   state_name
id           
6       csgap"
7867.055169	1.0005110000001878	states												"   state_name
id           
11    stim_on"
7868.05568	0.0014859999992040684	states												"   state_name
id           
12   stim_off"
7868.057166	0.9840000000003783	states												"        state_name
id                
13  wait_for_spoke"
7869.041166	0.0005069999997431296	states												"             state_name
id                     
15  soff_reward_chooser"
7869.041673	0.06400200000007317	states												"         state_name
id                 
16  reward_big_soff"
7869.105675	0.4470129999999699	states												"         state_name
id                 
23  post_reward_off"
7869.552688	4.165979000000334	states												"         state_name
id                 
24  soft_drink_time"
7873.718667	0.0005069999997431296	states												"    state_name
id            
25  warndanger"
7873.719174	3.000503000000208	states												"            state_name
id                    
26  warndanger_warning"
7876.720166	21.947505000000092	trials	1.0	r	2.0	p	1.0	r	0.0	0.0	1.0	r	p	
7876.720166	21.947505000000092	states												"   state_name
id           
0     state_0"
7876.720166	0.01599999999962165	states												"          state_name
id                  
1   sending_trialnum"
7876.736166	13.166516000000229	states												"      state_name
id              
3   wait_for_cin"
7889.902682	1.0005000000001019	states												"   state_name
id           
4     context"
7890.903182	0.0014860000001135631	states												"   state_name
id           
6       csgap"
7890.904668	0.1474980000002688	states												"   state_name
id           
11    stim_on"
7891.052166	0.0005199999995966209	states												"            state_name
id                    
14  son_reward_chooser"
7891.052686	0.06399799999962852	states												"        state_name
id                
17  reward_big_son"
7891.116684	0.9364910000003874	states												"        state_name
id                
22  post_reward_on"
7892.053175	0.3225009999996473	states												"         state_name
id                 
23  post_reward_off"
7892.375676	3.290993999999955	states												"         state_name
id                 
24  soft_drink_time"
7895.66667	0.0005010000004403992	states												"    state_name
id            
25  warndanger"
7895.667171	3.000500000000102	states												"            state_name
id                    
26  warndanger_warning"
7898.668166	208.6929999999993	trials	1.0	r	2.0	p	1.0	r	0.0	0.0	1.0	r	p	
7898.668166	208.6929999999993	states												"   state_name
id           
0     state_0"
7898.668166	0.016000999999960186	states												"          state_name
id                  
1   sending_trialnum"
7898.684167	200.43350800000007	states												"      state_name
id              
3   wait_for_cin"
8099.117675	1.0004909999997835	states												"   state_name
id           
4     context"
8100.118166	0.0010000000002037268	states												"   state_name
id           
6       csgap"
8100.119166	0.1035119999996823	states												"   state_name
id           
11    stim_on"
8100.222678	0.0004900000003544847	states												"            state_name
id                    
14  son_reward_chooser"
8100.223168	0.06400099999973463	states												"        state_name
id                
17  reward_big_son"
8100.287169	0.9365040000002409	states												"        state_name
id                
22  post_reward_on"
8101.223673	0.6809989999992467	states												"         state_name
id                 
23  post_reward_off"
8101.904672	2.455503000000135	states												"         state_name
id                 
24  soft_drink_time"
8104.360175	0.0004969999999957508	states												"    state_name
id            
25  warndanger"
8104.360672	3.0004939999998896	states												"            state_name
id                    
26  warndanger_warning"
8107.361676	105.63848999999936	trials	1.0	r	2.0	p	1.0	r	0.0	0.0	1.0	r	p	
8107.361676	105.63848999999936	states												"   state_name
id           
0     state_0"
8107.361676	0.015996999999515538	states												"          state_name
id                  
1   sending_trialnum"
8107.377673	96.63200500000039	states												"      state_name
id              
3   wait_for_cin"
8204.009678	1.0000029999991966	states												"   state_name
id           
4     context"
8205.009681	0.001485000000684522	states												"   state_name
id           
6       csgap"
8205.011166	0.4345069999999396	states												"   state_name
id           
11    stim_on"
8205.445673	0.0004939999998896383	states												"            state_name
id                    
14  son_reward_chooser"
8205.446167	0.06399899999996705	states												"        state_name
id                
17  reward_big_son"
8205.510166	0.9365120000002207	states												"        state_name
id                
22  post_reward_on"
8206.446678	0.031488000000535976	states												"         state_name
id                 
23  post_reward_off"
8206.478166	3.521010999998907	states												"         state_name
id                 
24  soft_drink_time"
8209.999177	0.0004989999997633277	states												"    state_name
id            
25  warndanger"
8209.999676	3.0004900000003545	states												"            state_name
id                    
26  warndanger_warning"
8213.000673	8.826006999999663	trials	1.0	r	2.0	p	1.0	r	0.0	0.0	1.0	r	p	
8213.000673	8.826006999999663	states												"   state_name
id           
0     state_0"
8213.000673	0.016000999999960186	states												"          state_name
id                  
1   sending_trialnum"
8213.016674	0.3510179999993852	states												"      state_name
id              
3   wait_for_cin"
8213.367692	1.0004750000007334	states												"   state_name
id           
4     context"
8214.368167	0.0015050000001792796	states												"   state_name
id           
6       csgap"
8214.369672	0.009502999999313033	states												"   state_name
id           
11    stim_on"
8214.379175	0.0005010000004403992	states												"            state_name
id                    
14  son_reward_chooser"
8214.379676	0.06398999999873922	states												"        state_name
id                
17  reward_big_son"
8214.443666	0.9365000000016153	states												"        state_name
id                
22  post_reward_on"
8215.380166	0.03450699999848439	states												"         state_name
id                 
23  post_reward_off"
8215.414673	3.4114989999998215	states												"         state_name
id                 
24  soft_drink_time"
8218.826172	0.0005020000007789349	states												"    state_name
id            
25  warndanger"
8218.826674	3.0000060000002122	states												"            state_name
id                    
26  warndanger_warning"
8221.827175	64.05850199999986	trials	1.0	r	2.0	p	1.0	r	0.0	0.0	1.0	r	p	
8221.827175	64.05850199999986	states												"   state_name
id           
0     state_0"
8221.827175	0.015997000000425032	states												"          state_name
id                  
1   sending_trialnum"
8221.843172	55.96899399999893	states												"      state_name
id              
3   wait_for_cin"
8277.812166	1.0000060000002122	states												"   state_name
id           
4     context"
8278.812172	0.0015139999995881226	states												"   state_name
id           
6       csgap"
8278.813686	0.6539920000013808	states												"   state_name
id           
11    stim_on"
8279.467678	0.00048799999967741314	states												"            state_name
id                    
14  son_reward_chooser"
8279.468166	0.06400000000030559	states												"        state_name
id                
17  reward_big_son"
8279.532166	0.9365229999984876	states												"        state_name
id                
22  post_reward_on"
8280.468689	0.07799100000011094	states												"         state_name
id                 
23  post_reward_off"
8280.54668	2.3384880000012345	states												"         state_name
id                 
24  soft_drink_time"
8282.885168	0.000503999999637017	states												"    state_name
id            
25  warndanger"
8282.885672	3.0000049999998737	states												"            state_name
id                    
26  warndanger_warning"
8285.886167	9.74051899999904	trials	1.0	r	2.0	p	1.0	r	0.0	0.0	1.0	r	p	
8285.886167	9.74051899999904	states												"   state_name
id           
0     state_0"
8285.886167	0.01599999999962165	states												"          state_name
id                  
1   sending_trialnum"
8285.902167	0.9045069999992847	states												"      state_name
id              
3   wait_for_cin"
8286.806674	1.0004960000005667	states												"   state_name
id           
4     context"
8287.80717	0.001496999999289983	states												"   state_name
id           
6       csgap"
8287.808667	0.39349899999979243	states												"   state_name
id           
11    stim_on"
8288.202166	0.0005100000016682316	states												"            state_name
id                    
14  son_reward_chooser"
8288.202676	0.06400499999836029	states												"        state_name
id                
17  reward_big_son"
8288.266681	0.9364870000008523	states												"        state_name
id                
22  post_reward_on"
8289.203168	0.9349980000006326	states												"         state_name
id                 
23  post_reward_off"
8290.138166	2.4874999999992724	states												"         state_name
id                 
24  soft_drink_time"
8292.625666	0.0005000000001018634	states												"    state_name
id            
25  warndanger"
8292.626166	3.0005199999995966	states												"            state_name
id                    
26  warndanger_warning"
8295.627167	17.460001999999804	trials	1.0	r	2.0	p	1.0	r	0.0	0.0	1.0	r	p	
8295.627167	17.460001999999804	states												"   state_name
id           
0     state_0"
8295.627167	0.015998999999283114	states												"          state_name
id                  
1   sending_trialnum"
8295.643166	3.649507000000085	states												"      state_name
id              
3   wait_for_cin"
8299.292673	1.0004939999998896	states												"   state_name
id           
4     context"
8300.293167	0.0015000000003055902	states												"   state_name
id           
6       csgap"
8300.294667	1.0000159999999596	states												"   state_name
id           
11    stim_on"
8301.294683	0.0010000000002037268	states												"   state_name
id           
12   stim_off"
8301.295683	2.914483000000473	states												"        state_name
id                
13  wait_for_spoke"
8304.210166	0.0005000000001018634	states												"             state_name
id                     
15  soff_reward_chooser"
8304.210666	0.06400099999882514	states												"         state_name
id                 
16  reward_big_soff"
8304.274667	0.007499000001189415	states												"         state_name
id                 
23  post_reward_off"
8304.282166	5.804009999999835	states												"         state_name
id                 
24  soft_drink_time"
8310.086176	0.0005000000001018634	states												"    state_name
id            
25  warndanger"
8310.086676	3.000492999999551	states												"            state_name
id                    
26  warndanger_warning"
8313.087676	10.593494000000646	trials	1.0	r	2.0	p	1.0	r	0.0	0.0	1.0	r	p	
8313.087676	10.593494000000646	states												"   state_name
id           
0     state_0"
8313.087676	0.015996000000086497	states												"          state_name
id                  
1   sending_trialnum"
8313.103672	2.7664940000013303	states												"      state_name
id              
3   wait_for_cin"
8315.870166	1.0005029999992985	states												"   state_name
id           
4     context"
8316.870669	0.0010050000000774162	states												"   state_name
id           
6       csgap"
8316.871674	0.15900200000032783	states												"   state_name
id           
11    stim_on"
8317.030676	0.0005000000001018634	states												"            state_name
id                    
14  son_reward_chooser"
8317.031176	0.0639919999994163	states												"        state_name
id                
17  reward_big_son"
8317.095168	0.9365080000006856	states												"        state_name
id                
22  post_reward_on"
8318.031676	0.08949000000029628	states												"         state_name
id                 
23  post_reward_off"
8318.121166	2.5595029999985854	states												"         state_name
id                 
24  soft_drink_time"
8320.680669	0.0004989999997633277	states												"    state_name
id            
25  warndanger"
8320.681168	3.000002000000677	states												"            state_name
id                    
26  warndanger_warning"
8323.681675	10.891004000000976	trials	1.0	r	2.0	p	1.0	r	0.0	0.0	1.0	r	p	
8323.681675	10.891004000000976	states												"   state_name
id           
0     state_0"
8323.681675	0.01600999999936903	states												"          state_name
id                  
1   sending_trialnum"
8323.697685	2.681982000000062	states												"      state_name
id              
3   wait_for_cin"
8326.379667	1.0000100000015664	states												"   state_name
id           
4     context"
8327.379677	0.0014989999999670545	states												"   state_name
id           
6       csgap"
8327.381176	0.09850599999845144	states												"   state_name
id           
11    stim_on"
8327.479682	0.0004840000001422595	states												"            state_name
id                    
14  son_reward_chooser"
8327.480166	0.06400000000030559	states												"        state_name
id                
17  reward_big_son"
8327.544166	0.9365090000010241	states												"        state_name
id                
22  post_reward_on"
8328.480675	0.11649399999987509	states												"         state_name
id                 
23  post_reward_off"
8328.597169	2.9745100000000093	states												"         state_name
id                 
24  soft_drink_time"
8331.571679	0.0004869999993388774	states												"    state_name
id            
25  warndanger"
8331.572166	3.000513000000865	states												"            state_name
id                    
26  warndanger_warning"
8334.573167	10.789502999999968	trials	1.0	r	2.0	p	1.0	r	0.0	0.0	1.0	r	p	
8334.573167	10.789502999999968	states												"   state_name
id           
0     state_0"
8334.573167	0.01599999999962165	states												"          state_name
id                  
1   sending_trialnum"
8334.589167	1.3445119999996678	states												"      state_name
id              
3   wait_for_cin"
8335.933679	1.0005030000011175	states												"   state_name
id           
4     context"
8336.934182	0.0014949999986129114	states												"   state_name
id           
6       csgap"
8336.935677	0.1040000000011787	states												"   state_name
id           
11    stim_on"
8337.039677	0.0004890000000159489	states												"            state_name
id                    
14  son_reward_chooser"
8337.040166	0.0639999999984866	states												"        state_name
id                
17  reward_big_son"
8337.104166	0.9365060000000085	states												"        state_name
id                
22  post_reward_on"
8338.040672	0.24049400000149035	states												"         state_name
id                 
23  post_reward_off"
8338.281166	4.080507999999099	states												"         state_name
id                 
24  soft_drink_time"
8342.361674	0.0004920000010315562	states												"    state_name
id            
25  warndanger"
8342.362166	3.000503999999637	states												"            state_name
id                    
26  warndanger_warning"
8345.363168	9.545998999999938	trials	1.0	r	2.0	p	1.0	r	0.0	0.0	1.0	r	p	
8345.363168	9.545998999999938	states												"   state_name
id           
0     state_0"
8345.363168	0.015998999999283114	states												"          state_name
id                  
1   sending_trialnum"
8345.379167	0.7285110000011628	states												"      state_name
id              
3   wait_for_cin"
8346.107678	1.0004879999996774	states												"   state_name
id           
4     context"
8347.108166	0.0010039999997388804	states												"   state_name
id           
6       csgap"
8347.10917	0.03699600000072678	states												"   state_name
id           
11    stim_on"
8347.146166	0.0005079999991721706	states												"            state_name
id                    
14  son_reward_chooser"
8347.146674	0.06399700000110897	states												"        state_name
id                
17  reward_big_son"
8347.210671	0.9364969999987807	states												"        state_name
id                
22  post_reward_on"
8348.147168	0.07150700000056531	states												"         state_name
id                 
23  post_reward_off"
8348.218675	3.6899969999994937	states												"         state_name
id                 
24  soft_drink_time"
8351.908672	0.0004939999998896383	states												"    state_name
id            
25  warndanger"
8351.909166	3.0000010000003385	states												"            state_name
id                    
26  warndanger_warning"
8354.909673	8.473003999999491	trials	1.0	r	2.0	p	1.0	r	0.0	0.0	1.0	r	p	
8354.909673	8.473003999999491	states												"   state_name
id           
0     state_0"
8354.909673	0.01599999999962165	states												"          state_name
id                  
1   sending_trialnum"
8354.925673	0.0004929999995511025	states												"      state_name
id              
3   wait_for_cin"
8354.926166	1.000002000000677	states												"   state_name
id           
4     context"
8355.926168	0.001507000000856351	states												"   state_name
id           
6       csgap"
8355.927675	0.1894929999998567	states												"   state_name
id           
11    stim_on"
8356.117168	0.0005069999988336349	states												"            state_name
id                    
14  son_reward_chooser"
8356.117675	0.06399899999996705	states												"        state_name
id                
17  reward_big_son"
8356.181674	0.936494000001403	states												"        state_name
id                
22  post_reward_on"
8357.118168	0.15099999999983993	states												"         state_name
id                 
23  post_reward_off"
8357.269168	3.112498999998934	states												"         state_name
id                 
24  soft_drink_time"
8360.381667	0.0004989999997633277	states												"    state_name
id            
25  warndanger"
8360.382166	3.0005110000001878	states												"            state_name
id                    
26  warndanger_warning"
8363.383166	11.95151000000078	trials	1.0	r	2.0	p	1.0	r	0.0	0.0	1.0	r	p	
8363.383166	11.95151000000078	states												"   state_name
id           
0     state_0"
8363.383166	0.01599999999962165	states												"          state_name
id                  
1   sending_trialnum"
8363.399166	2.810010000001057	states												"      state_name
id              
3   wait_for_cin"
8366.209176	1.0005000000001019	states												"   state_name
id           
4     context"
8367.209676	0.0015000000003055902	states												"   state_name
id           
6       csgap"
8367.211176	0.15898999999990338	states												"   state_name
id           
11    stim_on"
8367.370166	0.0005059999984950991	states												"            state_name
id                    
14  son_reward_chooser"
8367.370672	0.06400000000030559	states												"        state_name
id                
17  reward_big_son"
8367.434672	0.9364960000002611	states												"        state_name
id                
22  post_reward_on"
8368.371168	0.08150600000044506	states												"         state_name
id                 
23  post_reward_off"
8368.452674	3.8814930000007735	states												"         state_name
id                 
24  soft_drink_time"
8372.334167	0.000503999999637017	states												"    state_name
id            
25  warndanger"
8372.334671	3.0000049999998737	states												"            state_name
id                    
26  warndanger_warning"
8375.335166	9.556526999998823	trials	1.0	r	2.0	p	1.0	r	0.0	0.0	1.0	r	p	
8375.335166	9.556526999998823	states												"   state_name
id           
0     state_0"
8375.335166	0.01599999999962165	states												"          state_name
id                  
1   sending_trialnum"
8375.351166	0.9275070000003325	states												"      state_name
id              
3   wait_for_cin"
8376.278673	1.0000079999990703	states												"   state_name
id           
4     context"
8377.278681	0.0010020000008807983	states												"   state_name
id           
6       csgap"
8377.279683	0.14748599999984435	states												"   state_name
id           
11    stim_on"
8377.427169	0.0005060000003140885	states												"            state_name
id                    
14  son_reward_chooser"
8377.427675	0.06400399999984074	states												"        state_name
id                
17  reward_big_son"
8377.491679	0.9364869999990333	states												"        state_name
id                
22  post_reward_on"
8378.428166	0.7370000000009895	states												"         state_name
id                 
23  post_reward_off"
8379.165166	2.7255029999996623	states												"         state_name
id                 
24  soft_drink_time"
8381.890669	0.0005060000003140885	states												"    state_name
id            
25  warndanger"
8381.891175	3.0005179999989195	states												"            state_name
id                    
26  warndanger_warning"
8384.892166	8.510000000000218	trials	1.0	r	2.0	p	1.0	r	0.0	0.0	1.0	r	p	
8384.892166	8.510000000000218	states												"   state_name
id           
0     state_0"
8384.892166	0.01599999999962165	states												"          state_name
id                  
1   sending_trialnum"
8384.908166	0.7175110000007408	states												"      state_name
id              
3   wait_for_cin"
8385.625677	1.0000189999991562	states												"   state_name
id           
4     context"
8386.625696	0.001470000001063454	states												"   state_name
id           
6       csgap"
8386.627166	0.22050800000033632	states												"   state_name
id           
11    stim_on"
8386.847674	0.0004929999995511025	states												"            state_name
id                    
14  son_reward_chooser"
8386.848167	0.06399899999996705	states												"        state_name
id                
17  reward_big_son"
8386.912166	0.9365089999992051	states												"        state_name
id                
22  post_reward_on"
8387.848675	0.147000000000844	states												"         state_name
id                 
23  post_reward_off"
8387.995675	2.4054919999998674	states												"         state_name
id                 
24  soft_drink_time"
8390.401167	0.0005070000006526243	states												"    state_name
id            
25  warndanger"
8390.401674	3.0004919999992126	states												"            state_name
id                    
26  warndanger_warning"
8393.402672	8.797499000000244	trials	1.0	r	2.0	p	1.0	r	0.0	0.0	1.0	r	p	
8393.402672	8.797499000000244	states												"   state_name
id           
0     state_0"
8393.402672	0.01599499999974796	states												"          state_name
id                  
1   sending_trialnum"
8393.418667	0.0005070000006526243	states												"      state_name
id              
3   wait_for_cin"
8393.419174	1.000503999999637	states												"   state_name
id           
4     context"
8394.419678	0.0014989999999670545	states												"   state_name
id           
6       csgap"
8394.421177	0.6389889999991283	states												"   state_name
id           
11    stim_on"
8395.060166	0.0005090000013296958	states												"            state_name
id                    
14  son_reward_chooser"
8395.060675	0.06399899999996705	states												"        state_name
id                
17  reward_big_son"
8395.124674	0.9364929999992455	states												"        state_name
id                
22  post_reward_on"
8396.061167	0.14899900000091293	states												"         state_name
id                 
23  post_reward_off"
8396.210166	2.9890029999987746	states												"         state_name
id                 
24  soft_drink_time"
8399.199169	0.0005099999998492422	states												"    state_name
id            
25  warndanger"
8399.199679	3.0004920000010316	states												"            state_name
id                    
26  warndanger_warning"
8402.20067	8.740501000000222	trials	1.0	r	2.0	p	1.0	r	0.0	0.0	1.0	r	p	
8402.20067	8.740501000000222	states												"   state_name
id           
0     state_0"
8402.20067	0.015997000000425032	states												"          state_name
id                  
1   sending_trialnum"
8402.216667	0.21400999999968917	states												"      state_name
id              
3   wait_for_cin"
8402.430677	1.0005000000001019	states												"   state_name
id           
4     context"
8403.431177	0.0014909999990777578	states												"   state_name
id           
6       csgap"
8403.432668	0.13701300000138872	states												"   state_name
id           
11    stim_on"
8403.569681	0.0004849999986618059	states												"            state_name
id                    
14  son_reward_chooser"
8403.570166	0.0640160000002652	states												"        state_name
id                
17  reward_big_son"
8403.634182	0.9364900000000489	states												"        state_name
id                
22  post_reward_on"
8404.570672	0.5559960000009596	states												"         state_name
id                 
23  post_reward_off"
8405.126668	2.8134979999995267	states												"         state_name
id                 
24  soft_drink_time"
8407.940166	0.0005139999993843958	states												"    state_name
id            
25  warndanger"
8407.94068	3.000491000000693	states												"            state_name
id                    
26  warndanger_warning"
8410.941675	9.861501999999746	trials	1.0	r	2.0	p	1.0	r	0.0	0.0	1.0	r	p	
8410.941675	9.861501999999746	states												"   state_name
id           
0     state_0"
8410.941675	0.01599999999962165	states												"          state_name
id                  
1   sending_trialnum"
8410.957675	0.0004910000006930204	states												"      state_name
id              
3   wait_for_cin"
8410.958166	1.0	states												"   state_name
id           
4     context"
8411.958166	0.0015129999992495868	states												"   state_name
id           
6       csgap"
8411.959679	0.0014869999995426042	states												"   state_name
id           
11    stim_on"
8411.961166	0.0005200000014156103	states												"            state_name
id                    
14  son_reward_chooser"
8411.961686	0.06399099999907776	states												"        state_name
id                
17  reward_big_son"
8412.025677	0.9364900000000489	states												"        state_name
id                
22  post_reward_on"
8412.962167	0.08050200000070618	states												"         state_name
id                 
23  post_reward_off"
8413.042669	4.759496999999101	states												"         state_name
id                 
24  soft_drink_time"
8417.802166	0.0005070000006526243	states												"    state_name
id            
25  warndanger"
8417.802673	3.000503999999637	states												"            state_name
id                    
26  warndanger_warning"
8420.80369	25.68547899999976	trials	1.0	r	2.0	p	1.0	r	0.0	0.0	1.0	r	p	
8420.80369	25.68547899999976	states												"   state_name
id           
0     state_0"
8420.80369	0.015986999998858664	states												"          state_name
id                  
1   sending_trialnum"
8420.819677	16.749488999999812	states												"      state_name
id              
3   wait_for_cin"
8437.569166	1.0000010000003385	states												"   state_name
id           
4     context"
8438.569167	0.0015000000003055902	states												"   state_name
id           
6       csgap"
8438.570667	0.0924990000003163	states												"   state_name
id           
11    stim_on"
8438.663166	0.0005120000005263137	states												"            state_name
id                    
14  son_reward_chooser"
8438.663678	0.06400099999882514	states												"        state_name
id                
17  reward_big_son"
8438.727679	0.9364870000008523	states												"        state_name
id                
22  post_reward_on"
8439.664166	0.2330050000000483	states												"         state_name
id                 
23  post_reward_off"
8439.897171	3.590995999998995	states												"         state_name
id                 
24  soft_drink_time"
8443.488167	0.0005120000005263137	states												"    state_name
id            
25  warndanger"
8443.488679	3.0004900000003545	states												"            state_name
id                    
26  warndanger_warning"
8446.489677	9.241990000000442	trials	1.0	r	2.0	p	1.0	r	0.0	0.0	1.0	r	p	
8446.489677	9.241990000000442	states												"   state_name
id           
0     state_0"
8446.489677	0.01600200000029872	states												"          state_name
id                  
1   sending_trialnum"
8446.505679	0.3594950000006065	states												"      state_name
id              
3   wait_for_cin"
8446.865174	1.0004989999997633	states												"   state_name
id           
4     context"
8447.865673	0.0010029999994003447	states												"   state_name
id           
6       csgap"
8447.866676	0.15349000000060187	states												"   state_name
id           
11    stim_on"
8448.020166	0.0005139999993843958	states												"            state_name
id                    
14  son_reward_chooser"
8448.02068	0.06400100000064413	states												"        state_name
id                
17  reward_big_son"
8448.084681	0.9364860000005137	states												"        state_name
id                
22  post_reward_on"
8449.021167	0.36299899999903573	states												"         state_name
id                 
23  post_reward_off"
8449.384166	3.3465009999999893	states												"         state_name
id                 
24  soft_drink_time"
8452.730667	0.0005029999992984813	states												"    state_name
id            
25  warndanger"
8452.73117	3.0004970000009052	states												"            state_name
id                    
26  warndanger_warning"
8455.732166	10.232508000000962	trials	1.0	r	2.0	p	1.0	r	0.0	0.0	1.0	r	p	
8455.732166	10.232508000000962	states												"   state_name
id           
0     state_0"
8455.732166	0.01599999999962165	states												"          state_name
id                  
1   sending_trialnum"
8455.748166	0.15200000000004366	states												"      state_name
id              
3   wait_for_cin"
8455.900166	1.0	states												"   state_name
id           
4     context"
8456.900166	0.0010080000010930235	states												"   state_name
id           
6       csgap"
8456.901174	0.3669919999992999	states												"   state_name
id           
11    stim_on"
8457.268166	0.0005139999993843958	states												"            state_name
id                    
14  son_reward_chooser"
8457.26868	0.06400000000030559	states												"        state_name
id                
17  reward_big_son"
8457.33268	0.9364860000005137	states												"        state_name
id                
22  post_reward_on"
8458.269166	0.08750399999917136	states												"         state_name
id                 
23  post_reward_off"
8458.35667	4.607496000000538	states												"         state_name
id                 
24  soft_drink_time"
8462.964166	0.0005020000007789349	states												"    state_name
id            
25  warndanger"
8462.964668	3.0000060000002122	states												"            state_name
id                    
26  warndanger_warning"
8465.965166	9.475508999999875	trials	1.0	r	2.0	p	1.0	r	0.0	0.0	1.0	r	p	
8465.965166	9.475508999999875	states												"   state_name
id           
0     state_0"
8465.965166	0.01599999999962165	states												"          state_name
id                  
1   sending_trialnum"
8465.981166	1.1235059999999066	states												"      state_name
id              
3   wait_for_cin"
8467.104672	1.000013000000763	states												"   state_name
id           
4     context"
8468.104685	0.001480999999330379	states												"   state_name
id           
6       csgap"
8468.106166	0.5825199999999313	states												"   state_name
id           
11    stim_on"
8468.688686	0.00048100000094564166	states												"            state_name
id                    
14  son_reward_chooser"
8468.689167	0.06399899999996705	states												"        state_name
id                
17  reward_big_son"
8468.753166	0.9365079999988666	states												"        state_name
id                
22  post_reward_on"
8469.689674	0.44649200000094424	states												"         state_name
id                 
23  post_reward_off"
8470.136166	2.3035110000000714	states												"         state_name
id                 
24  soft_drink_time"
8472.439677	0.0004890000000159489	states												"    state_name
id            
25  warndanger"
8472.440166	3.0005089999995107	states												"            state_name
id                    
26  warndanger_warning"
8475.441167	17.471000999999887	trials	1.0	r	2.0	p	1.0	r	0.0	0.0	1.0	r	p	
8475.441167	17.471000999999887	states												"   state_name
id           
0     state_0"
8475.441167	0.015998999999283114	states												"          state_name
id                  
1   sending_trialnum"
8475.457166	7.143000000000029	states												"      state_name
id              
3   wait_for_cin"
8482.600166	1.0005110000001878	states												"   state_name
id           
4     context"
8483.600677	0.0015050000001792796	states												"   state_name
id           
6       csgap"
8483.602182	0.00298800000018673	states												"   state_name
id           
11    stim_on"
8483.60517	0.000503999999637017	states												"            state_name
id                    
14  son_reward_chooser"
8483.605674	0.06399899999996705	states												"        state_name
id                
17  reward_big_son"
8483.669673	0.9364929999992455	states												"        state_name
id                
22  post_reward_on"
8484.606166	0.06000000000130967	states												"         state_name
id                 
23  post_reward_off"
8484.666166	5.244999999998981	states												"         state_name
id                 
24  soft_drink_time"
8489.911166	0.0005130000008648494	states												"    state_name
id            
25  warndanger"
8489.911679	3.000489000000016	states												"            state_name
id                    
26  warndanger_warning"
8492.91267	102.75401199999942	trials	1.0	r	2.0	p	1.0	r	0.0	0.0	1.0	r	p	
8492.91267	102.75401199999942	states												"   state_name
id           
0     state_0"
8492.91267	0.016000999999960186	states												"          state_name
id                  
1   sending_trialnum"
8492.928671	89.57700300000033	states												"      state_name
id              
3   wait_for_cin"
8582.505674	1.0000170000002981	states												"   state_name
id           
4     context"
8583.505691	0.001474999999118154	states												"   state_name
id           
6       csgap"
8583.507166	1.0000040000013541	states												"   state_name
id           
11    stim_on"
8584.50717	0.0015129999992495868	states												"   state_name
id           
12   stim_off"
8584.508683	2.229997000000367	states												"        state_name
id                
13  wait_for_spoke"
8586.73868	0.0004869999993388774	states												"             state_name
id                     
15  soff_reward_chooser"
8586.739167	0.06399899999996705	states												"         state_name
id                 
16  reward_big_soff"
8586.803166	0.4524999999994179	states												"         state_name
id                 
23  post_reward_off"
8587.255666	5.410012000000279	states												"         state_name
id                 
24  soft_drink_time"
8592.665678	0.00048800000149640255	states												"    state_name
id            
25  warndanger"
8592.666166	3.0005159999982425	states												"            state_name
id                    
26  warndanger_warning"
8595.667166	7.301000000001295	trials	1.0	r	2.0	p	1.0	r	0.0	0.0	1.0	r	p	
8595.667166	7.301000000001295	states												"   state_name
id           
0     state_0"
8595.667166	0.01600000000144064	states												"          state_name
id                  
1   sending_trialnum"
8595.683166	0.0005079999991721706	states												"      state_name
id              
3   wait_for_cin"
8595.683674	1.000492999999551	states												"   state_name
id           
4     context"
8596.684167	0.0010039999997388804	states												"   state_name
id           
6       csgap"
8596.685171	0.054996000000755885	states												"   state_name
id           
11    stim_on"
8596.740167	0.0005029999992984813	states												"            state_name
id                    
14  son_reward_chooser"
8596.74067	0.06400200000098266	states												"        state_name
id                
17  reward_big_son"
8596.804672	0.9365020000004733	states												"        state_name
id                
22  post_reward_on"
8597.741174	0.07549499999913678	states												"         state_name
id                 
23  post_reward_off"
8597.816669	2.1510070000003907	states												"         state_name
id                 
24  soft_drink_time"
8599.967676	0.0004900000003544847	states												"    state_name
id            
25  warndanger"
8599.968166	3.0	states												"            state_name
id                    
26  warndanger_warning"
8602.968685	7.695988999999827	trials	1.0	r	2.0	p	1.0	r	0.0	0.0	1.0	r	p	
8602.968685	7.695988999999827	states												"   state_name
id           
0     state_0"
8602.968685	0.015992000000551343	states												"          state_name
id                  
1   sending_trialnum"
8602.984677	0.10799000000042724	states												"      state_name
id              
3   wait_for_cin"
8603.092667	1.0000029999991966	states												"   state_name
id           
4     context"
8604.09267	0.0010099999999511056	states												"   state_name
id           
6       csgap"
8604.09368	0.5169920000007551	states												"   state_name
id           
11    stim_on"
8604.610672	0.0004989999997633277	states												"            state_name
id                    
14  son_reward_chooser"
8604.611171	0.06400399999984074	states												"        state_name
id                
17  reward_big_son"
8604.675175	0.93650499999967	states												"        state_name
id                
22  post_reward_on"
8605.61168	0.1624869999996008	states												"         state_name
id                 
23  post_reward_off"
8605.774167	1.8895059999995283	states												"         state_name
id                 
24  soft_drink_time"
8607.663673	0.0004930000013700919	states												"    state_name
id            
25  warndanger"
8607.664166	3.000507999999172	states												"            state_name
id                    
26  warndanger_warning"
8610.665169	8.998008000000482	trials	1.0	r	2.0	p	1.0	r	0.0	0.0	1.0	r	p	
8610.665169	8.998008000000482	states												"   state_name
id           
0     state_0"
8610.665169	0.015998999999283114	states												"          state_name
id                  
1   sending_trialnum"
8610.681168	0.00050800000099116	states												"      state_name
id              
3   wait_for_cin"
8610.681676	1.0004900000003545	states												"   state_name
id           
4     context"
8611.682166	0.001007999999274034	states												"   state_name
id           
6       csgap"
8611.683174	0.12799900000027264	states												"   state_name
id           
11    stim_on"
8611.811173	0.0005060000003140885	states												"            state_name
id                    
14  son_reward_chooser"
8611.811679	0.06400000000030559	states												"        state_name
id                
17  reward_big_son"
8611.875679	0.9364869999990333	states												"        state_name
id                
22  post_reward_on"
8612.812166	0.3595150000001013	states												"         state_name
id                 
23  post_reward_off"
8613.171681	3.490992000000915	states												"         state_name
id                 
24  soft_drink_time"
8616.662673	0.0004929999995511025	states												"    state_name
id            
25  warndanger"
8616.663166	3.000011000000086	states												"            state_name
id                    
26  warndanger_warning"
8619.663673	10.092999000000418	trials	1.0	r	2.0	p	1.0	r	0.0	0.0	1.0	r	p	
8619.663673	10.092999000000418	states												"   state_name
id           
0     state_0"
8619.663673	0.01600000000144064	states												"          state_name
id                  
1   sending_trialnum"
8619.679673	3.0024929999999586	states												"      state_name
id              
3   wait_for_cin"
8622.682166	1.0000010000003385	states												"   state_name
id           
4     context"
8623.682167	0.0010059999985969625	states												"   state_name
id           
6       csgap"
8623.683173	0.32499300000017683	states												"   state_name
id           
11    stim_on"
8624.008166	0.0005000000001018634	states												"            state_name
id                    
14  son_reward_chooser"
8624.008666	0.06400299999950221	states												"        state_name
id                
17  reward_big_son"
8624.072669	0.9365020000004733	states												"        state_name
id                
22  post_reward_on"
8625.009171	0.504995000001145	states												"         state_name
id                 
23  post_reward_off"
8625.514166	1.2419999999983702	states												"         state_name
id                 
24  soft_drink_time"
8626.756166	0.0005030000011174707	states												"    state_name
id            
25  warndanger"
8626.756669	3.0000029999991966	states												"            state_name
id                    
26  warndanger_warning"
8629.757166	9.147000000000844	trials	1.0	r	2.0	p	1.0	r	0.0	0.0	1.0	r	p	
8629.757166	9.147000000000844	states												"   state_name
id           
0     state_0"
8629.757166	0.016000999999960186	states												"          state_name
id                  
1   sending_trialnum"
8629.773167	0.3290100000012899	states												"      state_name
id              
3   wait_for_cin"
8630.102177	1.0004950000002282	states												"   state_name
id           
4     context"
8631.102672	0.0010059999985969625	states												"   state_name
id           
6       csgap"
8631.103678	0.5449970000008761	states												"   state_name
id           
11    stim_on"
8631.648675	0.0004939999998896383	states												"            state_name
id                    
14  son_reward_chooser"
8631.649169	0.06401299999924959	states												"        state_name
id                
17  reward_big_son"
8631.713182	0.9364930000010645	states												"        state_name
id                
22  post_reward_on"
8632.649675	0.02049099999931059	states												"         state_name
id                 
23  post_reward_off"
8632.670166	3.2330000000001746	states												"         state_name
id                 
24  soft_drink_time"
8635.903166	0.0005110000001877779	states												"    state_name
id            
25  warndanger"
8635.903677	3.000489000000016	states												"            state_name
id                    
26  warndanger_warning"
8638.904668	10.190505000000485	trials	1.0	r	2.0	p	1.0	r	0.0	0.0	1.0	r	p	
8638.904668	10.190505000000485	states												"   state_name
id           
0     state_0"
8638.904668	0.016003000000637257	states												"          state_name
id                  
1   sending_trialnum"
8638.920671	2.8060110000005807	states												"      state_name
id              
3   wait_for_cin"
8641.726682	1.0000029999991966	states												"   state_name
id           
4     context"
8642.726685	0.0014819999996689148	states												"   state_name
id           
6       csgap"
8642.728167	0.19999900000038906	states												"   state_name
id           
11    stim_on"
8642.928166	0.000503999999637017	states												"            state_name
id                    
14  son_reward_chooser"
8642.92867	0.06400100000064413	states												"        state_name
id                
17  reward_big_son"
8642.992671	0.9365030000008119	states												"        state_name
id                
22  post_reward_on"
8643.929174	0.10299399999894376	states												"         state_name
id                 
23  post_reward_off"
8644.032168	2.0625049999998737	states												"         state_name
id                 
24  soft_drink_time"
8646.094673	0.0004989999997633277	states												"    state_name
id            
25  warndanger"
8646.095172	3.0000010000003385	states												"            state_name
id                    
26  warndanger_warning"
8649.095675	27.144494999998642	trials	1.0	r	2.0	p	1.0	r	0.0	0.0	1.0	r	p	
8649.095675	27.144494999998642	states												"   state_name
id           
0     state_0"
8649.095675	0.01599999999962165	states												"          state_name
id                  
1   sending_trialnum"
8649.111675	19.253005000000485	states												"      state_name
id              
3   wait_for_cin"
8668.36468	1.000492999999551	states												"   state_name
id           
4     context"
8669.365173	0.0015000000003055902	states												"   state_name
id           
6       csgap"
8669.366673	0.9980020000002696	states												"   state_name
id           
11    stim_on"
8670.364675	0.000490999998874031	states												"            state_name
id                    
14  son_reward_chooser"
8670.365166	0.0020029999996040715	states												"        state_name
id                
17  reward_big_son"
8670.367169	0.06199700000070152	states												"            state_name
id                    
18  reward_big_soffwon"
8670.429166	0.7985100000005332	states												"         state_name
id                 
23  post_reward_off"
8671.227676	2.011494999998831	states												"         state_name
id                 
24  soft_drink_time"
8673.239171	0.0005070000006526243	states												"    state_name
id            
25  warndanger"
8673.239678	3.0004919999992126	states												"            state_name
id                    
26  warndanger_warning"
8676.240667	20.466017999999167	trials	1.0	r	2.0	p	1.0	r	0.0	0.0	1.0	r	p	
8676.240667	20.466017999999167	states												"   state_name
id           
0     state_0"
8676.240667	0.015998999999283114	states												"          state_name
id                  
1   sending_trialnum"
8676.256666	12.7195010000014	states												"      state_name
id              
3   wait_for_cin"
8688.976167	1.0000049999998737	states												"   state_name
id           
4     context"
8689.976172	0.0014949999986129114	states												"   state_name
id           
6       csgap"
8689.977667	0.21300200000041514	states												"   state_name
id           
11    stim_on"
8690.190669	0.000503999999637017	states												"            state_name
id                    
14  son_reward_chooser"
8690.191173	0.06399800000144751	states												"        state_name
id                
17  reward_big_son"
8690.255171	0.93650499999967	states												"        state_name
id                
22  post_reward_on"
8691.191676	0.037505999998757034	states												"         state_name
id                 
23  post_reward_off"
8691.229182	2.476492000001599	states												"         state_name
id                 
24  soft_drink_time"
8693.705674	0.0004919999992125668	states												"    state_name
id            
25  warndanger"
8693.706166	3.000518999999258	states												"            state_name
id                    
26  warndanger_warning"
8696.707167	56.841505000000325	trials	1.0	r	2.0	p	1.0	r	0.0	0.0	1.0	r	p	
8696.707167	56.841505000000325	states												"   state_name
id           
0     state_0"
8696.707167	0.015998999999283114	states												"          state_name
id                  
1   sending_trialnum"
8696.723166	49.544519999999466	states												"      state_name
id              
3   wait_for_cin"
8746.267686	1.000480000000607	states												"   state_name
id           
4     context"
8747.268166	0.001507000000856351	states												"   state_name
id           
6       csgap"
8747.269673	0.20900299999993877	states												"   state_name
id           
11    stim_on"
8747.478676	0.0004979999994247919	states												"            state_name
id                    
14  son_reward_chooser"
8747.479174	0.06399600000077044	states												"        state_name
id                
17  reward_big_son"
8747.54317	0.936506999998528	states												"        state_name
id                
22  post_reward_on"
8748.479677	0.0649890000004234	states												"         state_name
id                 
23  post_reward_off"
8748.544666	2.0030120000010356	states												"         state_name
id                 
24  soft_drink_time"
8750.547678	0.00048799999967741314	states												"    state_name
id            
25  warndanger"
8750.548166	3.000506000000314	states												"            state_name
id                    
26  warndanger_warning"
8753.549166	27.257510999999795	trials	1.0	r	2.0	p	1.0	r	0.0	0.0	1.0	r	p	
8753.549166	27.257510999999795	states												"   state_name
id           
0     state_0"
8753.549166	0.01599999999962165	states												"          state_name
id                  
1   sending_trialnum"
8753.565166	18.9295060000004	states												"      state_name
id              
3   wait_for_cin"
8772.494672	1.0004949999984092	states												"   state_name
id           
4     context"
8773.495167	0.0015030000013211975	states												"   state_name
id           
6       csgap"
8773.49667	0.09549700000025041	states												"   state_name
id           
11    stim_on"
8773.592167	0.0005069999988336349	states												"            state_name
id                    
14  son_reward_chooser"
8773.592674	0.06399799999962852	states												"        state_name
id                
17  reward_big_son"
8773.656672	0.9364960000002611	states												"        state_name
id                
22  post_reward_on"
8774.593168	0.6545110000006389	states												"         state_name
id                 
23  post_reward_off"
8775.247679	2.558487000000241	states												"         state_name
id                 
24  soft_drink_time"
8777.806166	0.0005069999988336349	states												"    state_name
id            
25  warndanger"
8777.806673	3.000004000001354	states												"            state_name
id                    
26  warndanger_warning"
8780.807168	20.013998000000356	trials	1.0	r	2.0	p	1.0	r	0.0	0.0	1.0	r	p	
8780.807168	20.013998000000356	states												"   state_name
id           
0     state_0"
8780.807168	0.015999000001102104	states												"          state_name
id                  
1   sending_trialnum"
8780.823167	13.141504999999597	states												"      state_name
id              
3   wait_for_cin"
8793.964672	1.0005010000004404	states												"   state_name
id           
4     context"
8794.965173	0.0014949999986129114	states												"   state_name
id           
6       csgap"
8794.966668	0.4185059999999794	states												"   state_name
id           
11    stim_on"
8795.385174	0.0005020000007789349	states												"            state_name
id                    
14  son_reward_chooser"
8795.385676	0.06399899999996705	states												"        state_name
id                
17  reward_big_son"
8795.449675	0.9364910000003874	states												"        state_name
id                
22  post_reward_on"
8796.386166	0.36199999999917054	states												"         state_name
id                 
23  post_reward_off"
8796.748166	1.0725120000006427	states												"         state_name
id                 
24  soft_drink_time"
8797.820678	0.00048799999967741314	states												"    state_name
id            
25  warndanger"
8797.821166	3.0	states												"            state_name
id                    
26  warndanger_warning"
8800.821669	15.891508999999132	trials	1.0	r	2.0	p	1.0	r	0.0	0.0	1.0	r	p	
8800.821669	15.891508999999132	states												"   state_name
id           
0     state_0"
8800.821669	0.016013999998904183	states												"          state_name
id                  
1   sending_trialnum"
8800.837683	7.638985999999932	states												"      state_name
id              
3   wait_for_cin"
8808.476669	1.0000010000003385	states												"   state_name
id           
4     context"
8809.47667	0.0010070000007544877	states												"   state_name
id           
6       csgap"
8809.477677	0.0654949999989185	states												"   state_name
id           
11    stim_on"
8809.543172	0.0005010000004403992	states												"            state_name
id                    
14  son_reward_chooser"
8809.543673	0.06399899999996705	states												"        state_name
id                
17  reward_big_son"
8809.607672	0.936493999999584	states												"        state_name
id                
22  post_reward_on"
8810.544166	0.06899999999950523	states												"         state_name
id                 
23  post_reward_off"
8810.613166	3.09900000000016	states												"         state_name
id                 
24  soft_drink_time"
8813.712166	0.0005060000003140885	states												"    state_name
id            
25  warndanger"
8813.712672	3.000506000000314	states												"            state_name
id                    
26  warndanger_warning"
8816.713675	26.138490999999703	trials	1.0	r	2.0	p	1.0	r	0.0	0.0	1.0	r	p	
8816.713675	26.138490999999703	states												"   state_name
id           
0     state_0"
8816.713675	0.01600999999936903	states												"          state_name
id                  
1   sending_trialnum"
8816.729685	19.848997999999483	states												"      state_name
id              
3   wait_for_cin"
8836.578683	1.0004829999998037	states												"   state_name
id           
4     context"
8837.579166	0.0010000000002037268	states												"   state_name
id           
6       csgap"
8837.580166	0.113999999999578	states												"   state_name
id           
11    stim_on"
8837.694166	0.0005110000001877779	states												"            state_name
id                    
14  son_reward_chooser"
8837.694677	0.06399299999975483	states												"        state_name
id                
17  reward_big_son"
8837.75867	0.9365010000001348	states												"        state_name
id                
22  post_reward_on"
8838.695171	0.0394960000012361	states												"         state_name
id                 
23  post_reward_off"
8838.734667	1.1165000000000873	states												"         state_name
id                 
24  soft_drink_time"
8839.851167	0.0005069999988336349	states												"    state_name
id            
25  warndanger"
8839.851674	3.0004920000010316	states												"            state_name
id                    
26  warndanger_warning"
8842.852681	13.032484999999724	trials	1.0	r	2.0	p	1.0	r	0.0	0.0	1.0	r	p	
8842.852681	13.032484999999724	states												"   state_name
id           
0     state_0"
8842.852681	0.01599799999894458	states												"          state_name
id                  
1   sending_trialnum"
8842.868679	5.420493000001443	states												"      state_name
id              
3   wait_for_cin"
8848.289172	1.0	states												"   state_name
id           
4     context"
8849.289172	0.0014999999984866008	states												"   state_name
id           
6       csgap"
8849.290672	0.10699900000145135	states												"   state_name
id           
11    stim_on"
8849.397671	0.0004959999987477204	states												"            state_name
id                    
14  son_reward_chooser"
8849.398167	0.06399899999996705	states												"        state_name
id                
17  reward_big_son"
8849.462166	0.936505000001489	states												"        state_name
id                
22  post_reward_on"
8850.398671	0.03749499999867112	states												"         state_name
id                 
23  post_reward_off"
8850.436166	2.44800000000032	states												"         state_name
id                 
24  soft_drink_time"
8852.884166	0.0005060000003140885	states												"    state_name
id            
25  warndanger"
8852.884672	3.0004939999998896	states												"            state_name
id                    
26  warndanger_warning"
8855.885674	58.74199800000133	trials	1.0	r	2.0	p	1.0	r	0.0	0.0	1.0	r	p	
8855.885674	58.74199800000133	states												"   state_name
id           
0     state_0"
8855.885674	0.01600000000144064	states												"          state_name
id                  
1   sending_trialnum"
8855.901674	51.26801599999999	states												"      state_name
id              
3   wait_for_cin"
8907.16969	1.000475999999253	states												"   state_name
id           
4     context"
8908.170166	0.0015180000009422656	states												"   state_name
id           
6       csgap"
8908.171684	0.1809899999989284	states												"   state_name
id           
11    stim_on"
8908.352674	0.0005000000001018634	states												"            state_name
id                    
14  son_reward_chooser"
8908.353174	0.06399600000077044	states												"        state_name
id                
17  reward_big_son"
8908.41717	0.9365039999993314	states												"        state_name
id                
22  post_reward_on"
8909.353674	0.06649599999946076	states												"         state_name
id                 
23  post_reward_off"
8909.42017	2.2064980000013747	states												"         state_name
id                 
24  soft_drink_time"
8911.626668	0.000503999999637017	states												"    state_name
id            
25  warndanger"
8911.627172	3.000500000000102	states												"            state_name
id                    
26  warndanger_warning"
8914.628166	11.953002000000197	trials	1.0	r	2.0	p	1.0	r	0.0	0.0	1.0	r	p	
8914.628166	11.953002000000197	states												"   state_name
id           
0     state_0"
8914.628166	0.016000999999960186	states												"          state_name
id                  
1   sending_trialnum"
8914.644167	4.54950800000006	states												"      state_name
id              
3   wait_for_cin"
8919.193675	1.0000209999998333	states												"   state_name
id           
4     context"
8920.193696	0.0014699999992444646	states												"   state_name
id           
6       csgap"
8920.195166	0.19700000000011642	states												"   state_name
id           
11    stim_on"
8920.392166	0.00050800000099116	states												"            state_name
id                    
14  son_reward_chooser"
8920.392674	0.06400199999916367	states												"        state_name
id                
17  reward_big_son"
8920.456676	0.9364900000000489	states												"        state_name
id                
22  post_reward_on"
8921.393166	0.07750400000077207	states												"         state_name
id                 
23  post_reward_off"
8921.47067	2.1100040000001172	states												"         state_name
id                 
24  soft_drink_time"
8923.580674	0.0004929999995511025	states												"    state_name
id            
25  warndanger"
8923.581167	3.0000010000003385	states												"            state_name
id                    
26  warndanger_warning"
8926.581674	11.440996000001178	trials	1.0	r	2.0	p	1.0	r	0.0	0.0	1.0	r	p	
8926.581674	11.440996000001178	states												"   state_name
id           
0     state_0"
8926.581674	0.01599300000088988	states												"          state_name
id                  
1   sending_trialnum"
8926.597667	3.183005000000776	states												"      state_name
id              
3   wait_for_cin"
8929.780672	1.0000009999985195	states												"   state_name
id           
4     context"
8930.780673	0.0014930000015738187	states												"   state_name
id           
6       csgap"
8930.782166	0.3070079999997688	states												"   state_name
id           
11    stim_on"
8931.089174	0.0005110000001877779	states												"            state_name
id                    
14  son_reward_chooser"
8931.089685	0.06398899999840069	states												"        state_name
id                
17  reward_big_son"
8931.153674	0.936492000000726	states												"        state_name
id                
22  post_reward_on"
8932.090166	0.10150699999940116	states												"         state_name
id                 
23  post_reward_off"
8932.191673	2.8304930000012973	states												"         state_name
id                 
24  soft_drink_time"
8935.022166	0.0005009999986214098	states												"    state_name
id            
25  warndanger"
8935.022667	3.0000030000010156	states												"            state_name
id                    
26  warndanger_warning"
8938.023166	10.049519999998665	trials	1.0	r	2.0	p	1.0	r	0.0	0.0	1.0	r	p	
8938.023166	10.049519999998665	states												"   state_name
id           
0     state_0"
8938.023166	0.01599999999962165	states												"          state_name
id                  
1   sending_trialnum"
8938.039166	0.0005079999991721706	states												"      state_name
id              
3   wait_for_cin"
8938.039674	1.0000180000006367	states												"   state_name
id           
4     context"
8939.039692	0.0014759999994566897	states												"   state_name
id           
6       csgap"
8939.041168	0.5695200000009208	states												"   state_name
id           
11    stim_on"
8939.610688	0.00048099999912665226	states												"            state_name
id                    
14  son_reward_chooser"
8939.611169	0.06399799999962852	states												"        state_name
id                
17  reward_big_son"
8939.675167	0.9365060000000085	states												"        state_name
id                
22  post_reward_on"
8940.611673	0.09349400000064634	states												"         state_name
id                 
23  post_reward_off"
8940.705167	4.366511000000173	states												"         state_name
id                 
24  soft_drink_time"
8945.071678	0.00048799999967741314	states												"    state_name
id            
25  warndanger"
8945.072166	3.0005199999995966	states												"            state_name
id                    
26  warndanger_warning"
8948.073167	55.60900000000038	trials	1.0	r	2.0	p	1.0	r	0.0	0.0	1.0	r	p	
8948.073167	55.60900000000038	states												"   state_name
id           
0     state_0"
8948.073167	0.01599999999962165	states												"          state_name
id                  
1   sending_trialnum"
8948.089167	47.195504999999685	states												"      state_name
id              
3   wait_for_cin"
8995.284672	1.0000010000003385	states												"   state_name
id           
4     context"
8996.284673	0.0010050000000774162	states												"   state_name
id           
6       csgap"
8996.285678	0.005494999999427819	states												"   state_name
id           
11    stim_on"
8996.291173	0.00050800000099116	states												"            state_name
id                    
14  son_reward_chooser"
8996.291681	0.06399899999996705	states												"        state_name
id                
17  reward_big_son"
8996.35568	0.9364869999990333	states												"        state_name
id                
22  post_reward_on"
8997.292167	0.012500000000727596	states												"         state_name
id                 
23  post_reward_off"
8997.304667	3.377010000000155	states												"         state_name
id                 
24  soft_drink_time"
9000.681677	0.0004900000003544847	states												"    state_name
id            
25  warndanger"
9000.682167	3.0	states												"            state_name
id                    
26  warndanger_warning"
9003.682674	38.217993000000206	trials	1.0	r	2.0	p	1.0	r	0.0	0.0	1.0	r	p	
9003.682674	38.217993000000206	states												"   state_name
id           
0     state_0"
9003.682674	0.01599999999962165	states												"          state_name
id                  
1   sending_trialnum"
9003.698674	29.507000000001426	states												"      state_name
id              
3   wait_for_cin"
9033.205674	1.0004919999992126	states												"   state_name
id           
4     context"
9034.206166	0.0010039999997388804	states												"   state_name
id           
6       csgap"
9034.20717	0.032506999999895925	states												"   state_name
id           
11    stim_on"
9034.239677	0.0004890000000159489	states												"            state_name
id                    
14  son_reward_chooser"
9034.240166	0.06400000000030559	states												"        state_name
id                
17  reward_big_son"
9034.304166	0.9365039999993314	states												"        state_name
id                
22  post_reward_on"
9035.24067	0.13649700000132725	states												"         state_name
id                 
23  post_reward_off"
9035.377167	3.5225099999988743	states												"         state_name
id                 
24  soft_drink_time"
9038.899677	0.0004890000000159489	states												"    state_name
id            
25  warndanger"
9038.900166	3.0005010000004404	states												"            state_name
id                    
26  warndanger_warning"
9041.901171	13.733501000000615	trials	1.0	r	2.0	p	1.0	r	0.0	0.0	1.0	r	p	
9041.901171	13.733501000000615	states												"   state_name
id           
0     state_0"
9041.901171	0.015997000000425032	states												"          state_name
id                  
1   sending_trialnum"
9041.917168	5.457499000000098	states												"      state_name
id              
3   wait_for_cin"
9047.374667	1.0000010000003385	states												"   state_name
id           
4     context"
9048.374668	0.0010099999999511056	states												"   state_name
id           
6       csgap"
9048.375678	0.08299900000019989	states												"   state_name
id           
11    stim_on"
9048.458677	0.0004900000003544847	states												"            state_name
id                    
14  son_reward_chooser"
9048.459167	0.0639999999984866	states												"        state_name
id                
17  reward_big_son"
9048.523167	0.9365190000007715	states												"        state_name
id                
22  post_reward_on"
9049.459686	0.8079909999996744	states												"         state_name
id                 
23  post_reward_off"
9050.267677	2.36649000000034	states												"         state_name
id                 
24  soft_drink_time"
9052.634167	0.0005029999992984813	states												"    state_name
id            
25  warndanger"
9052.63467	3.000002000000677	states												"            state_name
id                    
26  warndanger_warning"
9055.635176	33.2205040000008	trials	1.0	r	2.0	p	1.0	r	0.0	0.0	1.0	r	p	
9055.635176	33.2205040000008	states												"   state_name
id           
0     state_0"
9055.635176	0.015991000000212807	states												"          state_name
id                  
1   sending_trialnum"
9055.651167	26.01350900000034	states												"      state_name
id              
3   wait_for_cin"
9081.664676	1.0004900000003545	states												"   state_name
id           
4     context"
9082.665166	0.0010000000002037268	states												"   state_name
id           
6       csgap"
9082.666166	0.05550799999946321	states												"   state_name
id           
11    stim_on"
9082.721674	0.0004919999992125668	states												"            state_name
id                    
14  son_reward_chooser"
9082.722166	0.06400000000030559	states												"        state_name
id                
17  reward_big_son"
9082.786166	0.93650499999967	states												"        state_name
id                
22  post_reward_on"
9083.722671	0.09900500000003376	states												"         state_name
id                 
23  post_reward_off"
9083.821676	2.0329970000002504	states												"         state_name
id                 
24  soft_drink_time"
9085.854673	0.0005000000001018634	states												"    state_name
id            
25  warndanger"
9085.855173	3.0005070000006526	states												"            state_name
id                    
26  warndanger_warning"
9088.856167	25.73999999999978	trials	1.0	r	2.0	p	1.0	r	0.0	0.0	1.0	r	p	
9088.856167	25.73999999999978	states												"   state_name
id           
0     state_0"
9088.856167	0.015998999999283114	states												"          state_name
id                  
1   sending_trialnum"
9088.872166	18.2635250000003	states												"      state_name
id              
3   wait_for_cin"
9107.135691	1.0004750000007334	states												"   state_name
id           
4     context"
9108.136166	0.0010029999994003447	states												"   state_name
id           
6       csgap"
9108.137169	0.006510000001071603	states												"   state_name
id           
11    stim_on"
9108.143679	0.00048799999967741314	states												"            state_name
id                    
14  son_reward_chooser"
9108.144167	0.06401499999992666	states												"        state_name
id                
17  reward_big_son"
9108.208182	0.9365039999993314	states												"        state_name
id                
22  post_reward_on"
9109.144686	0.1079810000010184	states												"         state_name
id                 
23  post_reward_off"
9109.252667	2.343014999998559	states												"         state_name
id                 
24  soft_drink_time"
9111.595682	0.0004840000001422595	states												"    state_name
id            
25  warndanger"
9111.596166	3.0000010000003385	states												"            state_name
id                    
26  warndanger_warning"
9114.596671	35.75001500000144	trials	1.0	r	2.0	p	1.0	r	0.0	0.0	1.0	r	p	
9114.596671	35.75001500000144	states												"   state_name
id           
0     state_0"
9114.596671	0.016000999999960186	states												"          state_name
id                  
1   sending_trialnum"
9114.612672	27.109495000000607	states												"      state_name
id              
3   wait_for_cin"
9141.722167	1.000503999999637	states												"   state_name
id           
4     context"
9142.722671	0.001006000000415952	states												"   state_name
id           
6       csgap"
9142.723677	0.0960030000005645	states												"   state_name
id           
11    stim_on"
9142.81968	0.0004869999993388774	states												"            state_name
id                    
14  son_reward_chooser"
9142.820167	0.06399899999996705	states												"        state_name
id                
17  reward_big_son"
9142.884166	0.9365090000010241	states												"        state_name
id                
22  post_reward_on"
9143.820675	0.06699999999909778	states												"         state_name
id                 
23  post_reward_off"
9143.887675	3.4580150000001595	states												"         state_name
id                 
24  soft_drink_time"
9147.34569	0.00047699999959149864	states												"    state_name
id            
25  warndanger"
9147.346167	3.000519000001077	states												"            state_name
id                    
26  warndanger_warning"
9150.347166	10.562512000000424	trials	1.0	r	2.0	p	1.0	r	0.0	0.0	1.0	r	p	
9150.347166	10.562512000000424	states												"   state_name
id           
0     state_0"
9150.347166	0.01599999999962165	states												"          state_name
id                  
1   sending_trialnum"
9150.363166	0.0005070000006526243	states												"      state_name
id              
3   wait_for_cin"
9150.363673	1.000492999999551	states												"   state_name
id           
4     context"
9151.364166	0.0010010000005422626	states												"   state_name
id           
6       csgap"
9151.365167	0.045507000000725384	states												"   state_name
id           
11    stim_on"
9151.410674	0.0004969999990862561	states												"            state_name
id                    
14  son_reward_chooser"
9151.411171	0.06400200000098266	states												"        state_name
id                
17  reward_big_son"
9151.475173	0.9365159999997559	states												"        state_name
id                
22  post_reward_on"
9152.411689	0.0654819999999745	states												"         state_name
id                 
23  post_reward_off"
9152.477171	5.431995999999344	states												"         state_name
id                 
24  soft_drink_time"
9157.909167	0.0005110000001877779	states												"    state_name
id            
25  warndanger"
9157.909678	3.0	states												"            state_name
id                    
26  warndanger_warning"
9160.910167	9.257003000000623	trials	1.0	r	2.0	p	1.0	r	0.0	0.0	1.0	r	p	
9160.910167	9.257003000000623	states												"   state_name
id           
0     state_0"
9160.910167	0.01600499999949534	states												"          state_name
id                  
1   sending_trialnum"
9160.926172	1.7795139999998355	states												"      state_name
id              
3   wait_for_cin"
9162.705686	1.000480000000607	states												"   state_name
id           
4     context"
9163.706166	0.0015129999992495868	states												"   state_name
id           
6       csgap"
9163.707679	0.2819950000011886	states												"   state_name
id           
11    stim_on"
9163.989674	0.0004919999992125668	states												"            state_name
id                    
14  son_reward_chooser"
9163.990166	0.06400100000064413	states												"        state_name
id                
17  reward_big_son"
9164.054167	0.9365139999990788	states												"        state_name
id                
22  post_reward_on"
9164.990681	0.1474850000013248	states												"         state_name
id                 
23  post_reward_off"
9165.138166	2.0280000000002474	states												"         state_name
id                 
24  soft_drink_time"
9167.166166	0.0005089999995107064	states												"    state_name
id            
25  warndanger"
9167.166675	3.000495000000228	states												"            state_name
id                    
26  warndanger_warning"
9170.167689	19.253991999999926	trials	1.0	r	2.0	p	1.0	r	0.0	0.0	1.0	r	p	
9170.167689	19.253991999999926	states												"   state_name
id           
0     state_0"
9170.167689	0.01598999999987427	states												"          state_name
id                  
1   sending_trialnum"
9170.183679	8.605998000000909	states												"      state_name
id              
3   wait_for_cin"
9178.789677	1.0004899999985355	states												"   state_name
id           
4     context"
9179.790167	0.0015149999999266583	states												"   state_name
id           
6       csgap"
9179.791682	0.10999300000003132	states												"   state_name
id           
11    stim_on"
9179.901675	0.0004920000010315562	states												"            state_name
id                    
14  son_reward_chooser"
9179.902167	0.06399899999996705	states												"        state_name
id                
17  reward_big_son"
9179.966166	0.93650499999967	states												"        state_name
id                
22  post_reward_on"
9180.902671	0.007494999999835272	states												"         state_name
id                 
23  post_reward_off"
9180.910166	5.510506000000532	states												"         state_name
id                 
24  soft_drink_time"
9186.420672	0.000495000000228174	states												"    state_name
id            
25  warndanger"
9186.421167	3.0005139999993844	states												"            state_name
id                    
26  warndanger_warning"
9189.422167	19.494500999999218	trials	1.0	r	2.0	p	1.0	r	0.0	0.0	1.0	r	p	
9189.422167	19.494500999999218	states												"   state_name
id           
0     state_0"
9189.422167	0.01599999999962165	states												"          state_name
id                  
1   sending_trialnum"
9189.438167	8.922999999998865	states												"      state_name
id              
3   wait_for_cin"
9198.361167	1.0000060000002122	states												"   state_name
id           
4     context"
9199.361173	0.0014960000007704366	states												"   state_name
id           
6       csgap"
9199.362669	0.10849699999926088	states												"   state_name
id           
11    stim_on"
9199.471166	0.0005070000006526243	states												"            state_name
id                    
14  son_reward_chooser"
9199.471673	0.06400000000030559	states												"        state_name
id                
17  reward_big_son"
9199.535673	0.9364929999992455	states												"        state_name
id                
22  post_reward_on"
9200.472166	0.01251100000081351	states												"         state_name
id                 
23  post_reward_off"
9200.484677	5.431000000000495	states												"         state_name
id                 
24  soft_drink_time"
9205.915677	0.0004899999985354953	states												"    state_name
id            
25  warndanger"
9205.916167	3.0005010000004404	states												"            state_name
id                    
26  warndanger_warning"
9208.917171	11.181502000001274	trials	1.0	r	2.0	p	1.0	r	0.0	0.0	1.0	r	p	
9208.917171	11.181502000001274	states												"   state_name
id           
0     state_0"
9208.917171	0.015998000000763568	states												"          state_name
id                  
1   sending_trialnum"
9208.933169	2.006507000000056	states												"      state_name
id              
3   wait_for_cin"
9210.939676	1.0	states												"   state_name
id           
4     context"
9211.939676	0.0014900000005582115	states												"   state_name
id           
6       csgap"
9211.941166	0.1365109999987908	states												"   state_name
id           
11    stim_on"
9212.077677	0.0004900000003544847	states												"            state_name
id                    
14  son_reward_chooser"
9212.078167	0.06399899999996705	states												"        state_name
id                
17  reward_big_son"
9212.142166	0.936507000000347	states												"        state_name
id                
22  post_reward_on"
9213.078673	0.10149300000011863	states												"         state_name
id                 
23  post_reward_off"
9213.180166	3.917507000000114	states												"         state_name
id                 
24  soft_drink_time"
9217.097673	0.0004939999998896383	states												"    state_name
id            
25  warndanger"
9217.098167	3.000506000000314	states												"            state_name
id                    
26  warndanger_warning"
9220.099176	12.998991000000387	trials	1.0	r	2.0	p	1.0	r	0.0	0.0	1.0	r	p	
9220.099176	12.998991000000387	states												"   state_name
id           
0     state_0"
9220.099176	0.015992000000551343	states												"          state_name
id                  
1   sending_trialnum"
9220.115168	1.7275059999992664	states												"      state_name
id              
3   wait_for_cin"
9221.842674	1.00049300000137	states												"   state_name
id           
4     context"
9222.843167	0.0014999999984866008	states												"   state_name
id           
6       csgap"
9222.844667	0.060499000001073	states												"   state_name
id           
11    stim_on"
9222.905166	0.0005199999995966209	states												"            state_name
id                    
14  son_reward_chooser"
9222.905686	0.06399000000055821	states												"        state_name
id                
17  reward_big_son"
9222.969676	0.9364900000000489	states												"        state_name
id                
22  post_reward_on"
9223.906166	0.2529999999987922	states												"         state_name
id                 
23  post_reward_off"
9224.159166	5.938519000001179	states												"         state_name
id                 
24  soft_drink_time"
9230.097685	0.00048099999912665226	states												"    state_name
id            
25  warndanger"
9230.098166	3.0000010000003385	states												"            state_name
id                    
26  warndanger_warning"
9233.098671	9.822496000000683	trials	1.0	r	2.0	p	1.0	r	0.0	0.0	1.0	r	p	
9233.098671	9.822496000000683	states												"   state_name
id           
0     state_0"
9233.098671	0.016000999999960186	states												"          state_name
id                  
1   sending_trialnum"
9233.114672	0.0004939999998896383	states												"      state_name
id              
3   wait_for_cin"
9233.115166	1.0005089999995107	states												"   state_name
id           
4     context"
9234.115675	0.0014910000008967472	states												"   state_name
id           
6       csgap"
9234.117166	0.2250000000003638	states												"   state_name
id           
11    stim_on"
9234.342166	0.0005089999995107064	states												"            state_name
id                    
14  son_reward_chooser"
9234.342675	0.06399899999996705	states												"        state_name
id                
17  reward_big_son"
9234.406674	0.9364930000010645	states												"        state_name
id                
22  post_reward_on"
9235.343167	0.1265209999983199	states												"         state_name
id                 
23  post_reward_off"
9235.469688	4.450980999999956	states												"         state_name
id                 
24  soft_drink_time"
9239.920669	0.0004970000009052455	states												"    state_name
id            
25  warndanger"
9239.921166	3.0000010000003385	states												"            state_name
id                    
26  warndanger_warning"
9242.921678	11.046487999999954	trials	1.0	r	2.0	p	1.0	r	0.0	0.0	1.0	r	p	
9242.921678	11.046487999999954	states												"   state_name
id           
0     state_0"
9242.921678	0.016008999999030493	states												"          state_name
id                  
1   sending_trialnum"
9242.937687	2.463988999999856	states												"      state_name
id              
3   wait_for_cin"
9245.401676	1.0000040000013541	states												"   state_name
id           
4     context"
9246.40168	0.0014859999992040684	states												"   state_name
id           
6       csgap"
9246.403166	0.14500000000043656	states												"   state_name
id           
11    stim_on"
9246.548166	0.0005209999999351567	states												"            state_name
id                    
14  son_reward_chooser"
9246.548687	0.0639869999995426	states												"        state_name
id                
17  reward_big_son"
9246.612674	0.9365030000008119	states												"        state_name
id                
22  post_reward_on"
9247.549177	0.1579889999993611	states												"         state_name
id                 
23  post_reward_off"
9247.707166	3.260001000000557	states												"         state_name
id                 
24  soft_drink_time"
9250.967167	0.0005069999988336349	states												"    state_name
id            
25  warndanger"
9250.967674	3.0004920000010316	states												"            state_name
id                    
26  warndanger_warning"
9253.968673	20.42749300000105	trials	1.0	r	2.0	p	1.0	r	0.0	0.0	1.0	r	p	
9253.968673	20.42749300000105	states												"   state_name
id           
0     state_0"
9253.968673	0.01601000000118802	states												"          state_name
id                  
1   sending_trialnum"
9253.984683	11.817001999999775	states												"      state_name
id              
3   wait_for_cin"
9265.801685	1.0004809999991267	states												"   state_name
id           
4     context"
9266.802166	0.0010010000005422626	states												"   state_name
id           
6       csgap"
9266.803167	0.10399900000084017	states												"   state_name
id           
11    stim_on"
9266.907166	0.0005079999991721706	states												"            state_name
id                    
14  son_reward_chooser"
9266.907674	0.06400100000064413	states												"        state_name
id                
17  reward_big_son"
9266.971675	0.9364909999985684	states												"        state_name
id                
22  post_reward_on"
9267.908166	0.1185010000008333	states												"         state_name
id                 
23  post_reward_off"
9268.026667	3.3685009999990143	states												"         state_name
id                 
24  soft_drink_time"
9271.395168	0.0005110000001877779	states												"    state_name
id            
25  warndanger"
9271.395679	3.000487000001158	states												"            state_name
id                    
26  warndanger_warning"
9274.396674	19.48300500000005	trials	1.0	r	2.0	p	1.0	r	0.0	0.0	1.0	r	p	
9274.396674	19.48300500000005	states												"   state_name
id           
0     state_0"
9274.396674	0.015998000000763568	states												"          state_name
id                  
1   sending_trialnum"
9274.412672	9.969493999999031	states												"      state_name
id              
3   wait_for_cin"
9284.382166	1.0005030000011175	states												"   state_name
id           
4     context"
9285.382669	0.0010069999989354983	states												"   state_name
id           
6       csgap"
9285.383676	0.009000000000014552	states												"   state_name
id           
11    stim_on"
9285.392676	0.0004900000003544847	states												"            state_name
id                    
14  son_reward_chooser"
9285.393166	0.06400200000098266	states												"        state_name
id                
17  reward_big_son"
9285.457168	0.9365060000000085	states												"        state_name
id                
22  post_reward_on"
9286.393674	0.07599999999911233	states												"         state_name
id                 
23  post_reward_off"
9286.469674	4.408993000000919	states												"         state_name
id                 
24  soft_drink_time"
9290.878667	0.0005079999991721706	states												"    state_name
id            
25  warndanger"
9290.879175	3.000503999999637	states												"            state_name
id                    
26  warndanger_warning"
9293.880166	8.70600099999865	trials	1.0	r	2.0	p	1.0	r	0.0	0.0	1.0	r	p	
9293.880166	8.70600099999865	states												"   state_name
id           
0     state_0"
9293.880166	0.01599999999962165	states												"          state_name
id                  
1   sending_trialnum"
9293.896166	0.1975139999995008	states												"      state_name
id              
3   wait_for_cin"
9294.09368	1.0000010000003385	states												"   state_name
id           
4     context"
9295.093681	0.0014950000004319008	states												"   state_name
id           
6       csgap"
9295.095176	0.45499000000017986	states												"   state_name
id           
11    stim_on"
9295.550166	0.0005149999997229315	states												"            state_name
id                    
14  son_reward_chooser"
9295.550681	0.06398499999886553	states												"        state_name
id                
17  reward_big_son"
9295.614666	0.9365030000008119	states												"        state_name
id                
22  post_reward_on"
9296.551169	0.2799990000003163	states												"         state_name
id                 
23  post_reward_off"
9296.831168	2.7540049999988696	states												"         state_name
id                 
24  soft_drink_time"
9299.585173	0.0005030000011174707	states												"    state_name
id            
25  warndanger"
9299.585676	3.000490999998874	states												"            state_name
id                    
26  warndanger_warning"
9302.586671	11.097998000001098	trials	1.0	r	2.0	p	1.0	r	0.0	0.0	1.0	r	p	
9302.586671	11.097998000001098	states												"   state_name
id           
0     state_0"
9302.586671	0.015999000001102104	states												"          state_name
id                  
1   sending_trialnum"
9302.60267	2.3914960000001884	states												"      state_name
id              
3   wait_for_cin"
9304.994166	1.000011000000086	states												"   state_name
id           
4     context"
9305.994177	0.0015110000003915047	states												"   state_name
id           
6       csgap"
9305.995688	0.11847799999850395	states												"   state_name
id           
11    stim_on"
9306.114166	0.0005049999999755528	states												"            state_name
id                    
14  son_reward_chooser"
9306.114671	0.06400600000051782	states												"        state_name
id                
17  reward_big_son"
9306.178677	0.9364949999999226	states												"        state_name
id                
22  post_reward_on"
9307.115172	0.35050500000033935	states												"         state_name
id                 
23  post_reward_off"
9307.465677	3.2184889999989537	states												"         state_name
id                 
24  soft_drink_time"
9310.684166	0.0005020000007789349	states												"    state_name
id            
25  warndanger"
9310.684668	3.0000010000003385	states												"            state_name
id                    
26  warndanger_warning"
9313.685168	25.768997999999556	trials	1.0	r	2.0	p	1.0	r	0.0	0.0	1.0	r	p	
9313.685168	25.768997999999556	states												"   state_name
id           
0     state_0"
9313.685168	0.015998999999283114	states												"          state_name
id                  
1   sending_trialnum"
9313.701167	18.544999000001553	states												"      state_name
id              
3   wait_for_cin"
9332.246166	1.000505999998495	states												"   state_name
id           
4     context"
9333.246672	0.001003000001219334	states												"   state_name
id           
6       csgap"
9333.247675	0.05199999999967986	states												"   state_name
id           
11    stim_on"
9333.299675	0.0004919999992125668	states												"            state_name
id                    
14  son_reward_chooser"
9333.300167	0.06399899999996705	states												"        state_name
id                
17  reward_big_son"
9333.364166	0.9365090000010241	states												"        state_name
id                
22  post_reward_on"
9334.300675	0.06549099999938335	states												"         state_name
id                 
23  post_reward_off"
9334.366166	2.087015999999494	states												"         state_name
id                 
24  soft_drink_time"
9336.453182	0.0004970000009052455	states												"    state_name
id            
25  warndanger"
9336.453679	3.000486999999339	states												"            state_name
id                    
26  warndanger_warning"
9339.454673	9.299004000000423	trials	1.0	r	2.0	p	1.0	r	0.0	0.0	1.0	r	p	
9339.454673	9.299004000000423	states												"   state_name
id           
0     state_0"
9339.454673	0.016005999999833875	states												"          state_name
id                  
1   sending_trialnum"
9339.470679	0.0004890000000159489	states												"      state_name
id              
3   wait_for_cin"
9339.471168	1.000506000000314	states												"   state_name
id           
4     context"
9340.471674	0.001496999999289983	states												"   state_name
id           
6       csgap"
9340.473171	0.1415130000004865	states												"   state_name
id           
11    stim_on"
9340.614684	0.00048299999980372377	states												"            state_name
id                    
14  son_reward_chooser"
9340.615167	0.06400000000030559	states												"        state_name
id                
17  reward_big_son"
9340.679167	0.9365109999998822	states												"        state_name
id                
22  post_reward_on"
9341.615678	0.12699099999917962	states												"         state_name
id                 
23  post_reward_off"
9341.742669	4.010001000000557	states												"         state_name
id                 
24  soft_drink_time"
9345.75267	0.0005000000001018634	states												"    state_name
id            
25  warndanger"
9345.75317	3.0005070000006526	states												"            state_name
id                    
26  warndanger_warning"
9348.754167	14.743999000000258	trials	1.0	r	2.0	p	1.0	r	0.0	0.0	1.0	r	p	
9348.754167	14.743999000000258	states												"   state_name
id           
0     state_0"
9348.754167	0.015999000001102104	states												"          state_name
id                  
1   sending_trialnum"
9348.770166	5.973512000000483	states												"      state_name
id              
3   wait_for_cin"
9354.743678	1.0004969999990863	states												"   state_name
id           
4     context"
9355.744175	0.0014979999996285187	states												"   state_name
id           
6       csgap"
9355.745673	0.0974980000009964	states												"   state_name
id           
11    stim_on"
9355.843171	0.0005029999992984813	states												"            state_name
id                    
14  son_reward_chooser"
9355.843674	0.06399899999996705	states												"        state_name
id                
17  reward_big_son"
9355.907673	0.9364930000010645	states												"        state_name
id                
22  post_reward_on"
9356.844166	0.06099999999969441	states												"         state_name
id                 
23  post_reward_off"
9356.905166	3.5920069999992847	states												"         state_name
id                 
24  soft_drink_time"
9360.497173	0.0005049999999755528	states												"    state_name
id            
25  warndanger"
9360.497678	3.0004879999996774	states												"            state_name
id                    
26  warndanger_warning"
9363.498669	19.763496999999916	trials	1.0	r	2.0	p	1.0	r	0.0	0.0	1.0	r	p	
9363.498669	19.763496999999916	states												"   state_name
id           
0     state_0"
9363.498669	0.01599999999962165	states												"          state_name
id                  
1   sending_trialnum"
9363.514669	12.570003000000725	states												"      state_name
id              
3   wait_for_cin"
9376.084672	1.0004939999998896	states												"   state_name
id           
4     context"
9377.085166	0.0009999999983847374	states												"   state_name
id           
6       csgap"
9377.086166	0.1535230000008596	states												"   state_name
id           
11    stim_on"
9377.239689	0.0004779999999300344	states												"            state_name
id                    
14  son_reward_chooser"
9377.240167	0.06399899999996705	states												"        state_name
id                
17  reward_big_son"
9377.304166	0.9365060000000085	states												"        state_name
id                
22  post_reward_on"
9378.240672	0.07900300000073912	states												"         state_name
id                 
23  post_reward_off"
9378.319675	1.9419939999988856	states												"         state_name
id                 
24  soft_drink_time"
9380.261669	0.0004970000009052455	states												"    state_name
id            
25  warndanger"
9380.262166	3.0	states												"            state_name
id                    
26  warndanger_warning"
9383.262687	19.408991000000242	trials	1.0	r	2.0	p	1.0	r	0.0	0.0	1.0	r	p	
9383.262687	19.408991000000242	states												"   state_name
id           
0     state_0"
9383.262687	0.015991000000212807	states												"          state_name
id                  
1   sending_trialnum"
9383.278678	9.393487999999707	states												"      state_name
id              
3   wait_for_cin"
9392.672166	1.0	states												"   state_name
id           
4     context"
9393.672166	0.0010000000002037268	states												"   state_name
id           
6       csgap"
9393.673166	0.164002999999866	states												"   state_name
id           
11    stim_on"
9393.837169	0.0005189999992580852	states												"            state_name
id                    
14  son_reward_chooser"
9393.837688	0.06400100000064413	states												"        state_name
id                
17  reward_big_son"
9393.901689	0.9364769999992859	states												"        state_name
id                
22  post_reward_on"
9394.838166	1.0515080000004673	states												"         state_name
id                 
23  post_reward_off"
9395.889674	3.7814930000004097	states												"         state_name
id                 
24  soft_drink_time"
9399.671167	0.0005060000003140885	states												"    state_name
id            
25  warndanger"
9399.671673	3.0000049999998737	states												"            state_name
id                    
26  warndanger_warning"
9402.672183	12.216496999999436	trials	1.0	r	2.0	p	1.0	r	0.0	0.0	1.0	r	p	
9402.672183	12.216496999999436	states												"   state_name
id           
0     state_0"
9402.672183	0.01598299999932351	states												"          state_name
id                  
1   sending_trialnum"
9402.688166	3.793510999999853	states												"      state_name
id              
3   wait_for_cin"
9406.481677	1.000489000000016	states												"   state_name
id           
4     context"
9407.482166	0.001510000000052969	states												"   state_name
id           
6       csgap"
9407.483676	0.06999800000085088	states												"   state_name
id           
11    stim_on"
9407.553674	0.0004929999995511025	states												"            state_name
id                    
14  son_reward_chooser"
9407.554167	0.06399899999996705	states												"        state_name
id                
17  reward_big_son"
9407.618166	0.9365149999994173	states												"        state_name
id                
22  post_reward_on"
9408.554681	0.026485000000320724	states												"         state_name
id                 
23  post_reward_off"
9408.581166	3.306507999999667	states												"         state_name
id                 
24  soft_drink_time"
9411.887674	0.0004920000010315562	states												"    state_name
id            
25  warndanger"
9411.888166	3.0005139999993844	states												"            state_name
id                    
26  warndanger_warning"
9414.889166	11.536508999999569	trials	1.0	r	2.0	p	1.0	r	0.0	0.0	1.0	r	p	
9414.889166	11.536508999999569	states												"   state_name
id           
0     state_0"
9414.889166	0.01599999999962165	states												"          state_name
id                  
1   sending_trialnum"
9414.905166	1.6829999999990832	states												"      state_name
id              
3   wait_for_cin"
9416.588166	1.0	states												"   state_name
id           
4     context"
9417.588166	0.0010039999997388804	states												"   state_name
id           
6       csgap"
9417.58917	0.011997000001429114	states												"   state_name
id           
11    stim_on"
9417.601167	0.0005169999985810136	states												"            state_name
id                    
14  son_reward_chooser"
9417.601684	0.06399800000144751	states												"        state_name
id                
17  reward_big_son"
9417.665682	0.9364839999998367	states												"        state_name
id                
22  post_reward_on"
9418.602166	0.10750000000007276	states												"         state_name
id                 
23  post_reward_off"
9418.709666	4.715005999998539	states												"         state_name
id                 
24  soft_drink_time"
9423.424672	0.0005070000006526243	states												"    state_name
id            
25  warndanger"
9423.425179	3.0004960000005667	states												"            state_name
id                    
26  warndanger_warning"
9426.426166	9.013502000001608	trials	1.0	r	2.0	p	1.0	r	0.0	0.0	1.0	r	p	
9426.426166	9.013502000001608	states												"   state_name
id           
0     state_0"
9426.426166	0.01600000000144064	states												"          state_name
id                  
1   sending_trialnum"
9426.442166	0.0005029999992984813	states												"      state_name
id              
3   wait_for_cin"
9426.442669	1.0	states												"   state_name
id           
4     context"
9427.442669	0.001006000000415952	states												"   state_name
id           
6       csgap"
9427.443675	0.17849099999875762	states												"   state_name
id           
11    stim_on"
9427.622166	0.00050800000099116	states												"            state_name
id                    
14  son_reward_chooser"
9427.622674	0.06401000000005297	states												"        state_name
id                
17  reward_big_son"
9427.686684	0.9364860000005137	states												"        state_name
id                
22  post_reward_on"
9428.62317	0.7554979999986244	states												"         state_name
id                 
23  post_reward_off"
9429.378668	3.0600110000013956	states												"         state_name
id                 
24  soft_drink_time"
9432.438679	0.00048799999967741314	states												"    state_name
id            
25  warndanger"
9432.439167	3.0005010000004404	states												"            state_name
id                    
26  warndanger_warning"
9435.440166	10.021510999999009	trials	1.0	r	2.0	p	1.0	r	0.0	0.0	1.0	r	p	
9435.440166	10.021510999999009	states												"   state_name
id           
0     state_0"
9435.440166	0.01599999999962165	states												"          state_name
id                  
1   sending_trialnum"
9435.456166	1.157003000000259	states												"      state_name
id              
3   wait_for_cin"
9436.613169	1.0000049999998737	states												"   state_name
id           
4     context"
9437.613174	0.0010089999996125698	states												"   state_name
id           
6       csgap"
9437.614183	0.21698400000059337	states												"   state_name
id           
11    stim_on"
9437.831167	0.00051299999904586	states												"            state_name
id                    
14  son_reward_chooser"
9437.83168	0.06399899999996705	states												"        state_name
id                
17  reward_big_son"
9437.895679	0.9364870000008523	states												"        state_name
id                
22  post_reward_on"
9438.832166	0.5135090000003402	states												"         state_name
id                 
23  post_reward_off"
9439.345675	3.115496999998868	states												"         state_name
id                 
24  soft_drink_time"
9442.461172	0.0005020000007789349	states												"    state_name
id            
25  warndanger"
9442.461674	3.0000029999991966	states												"            state_name
id                    
26  warndanger_warning"
9445.462166	19.402000000000044	trials	1.0	r	2.0	p	1.0	r	0.0	0.0	1.0	r	p	
9445.462166	19.402000000000044	states												"   state_name
id           
0     state_0"
9445.462166	0.016000999999960186	states												"          state_name
id                  
1   sending_trialnum"
9445.478167	11.220509000000675	states												"      state_name
id              
3   wait_for_cin"
9456.698676	1.0004900000003545	states												"   state_name
id           
4     context"
9457.699166	0.0010000000002037268	states												"   state_name
id           
6       csgap"
9457.700166	0.22300100000029488	states												"   state_name
id           
11    stim_on"
9457.923167	0.0005119999987073243	states												"            state_name
id                    
14  son_reward_chooser"
9457.923679	0.06400100000064413	states												"        state_name
id                
17  reward_big_son"
9457.98768	0.9364860000005137	states												"        state_name
id                
22  post_reward_on"
9458.924166	0.0635099999999511	states												"         state_name
id                 
23  post_reward_off"
9458.987676	2.8754899999985355	states												"         state_name
id                 
24  soft_drink_time"
9461.863166	0.0005130000008648494	states												"    state_name
id            
25  warndanger"
9461.863679	3.000486999999339	states												"            state_name
id                    
26  warndanger_warning"
9464.864677	9.09550500000114	trials	1.0	r	2.0	p	1.0	r	0.0	0.0	1.0	r	p	
9464.864677	9.09550500000114	states												"   state_name
id           
0     state_0"
9464.864677	0.016008000000510947	states												"          state_name
id                  
1   sending_trialnum"
9464.880685	0.7404889999997977	states												"      state_name
id              
3   wait_for_cin"
9465.621174	1.0000060000002122	states												"   state_name
id           
4     context"
9466.62118	0.0015069999990373617	states												"   state_name
id           
6       csgap"
9466.622687	0.008479000000079395	states												"   state_name
id           
11    stim_on"
9466.631166	0.0005100000016682316	states												"            state_name
id                    
14  son_reward_chooser"
9466.631676	0.06400199999916367	states												"        state_name
id                
17  reward_big_son"
9466.695678	0.9364879999993718	states												"        state_name
id                
22  post_reward_on"
9467.632166	0.101502999999866	states												"         state_name
id                 
23  post_reward_off"
9467.733669	3.226012000000992	states												"         state_name
id                 
24  soft_drink_time"
9470.959681	0.0004850000004807953	states												"    state_name
id            
25  warndanger"
9470.960166	3.0000159999999596	states												"            state_name
id                    
26  warndanger_warning"
9473.960668	12.842500000000655	trials	1.0	r	2.0	p	1.0	r	0.0	0.0	1.0	r	p	
9473.960668	12.842500000000655	states												"   state_name
id           
0     state_0"
9473.960668	0.016004000000975793	states												"          state_name
id                  
1   sending_trialnum"
9473.976672	4.344009999998889	states												"      state_name
id              
3   wait_for_cin"
9478.320682	1.0004840000001423	states												"   state_name
id           
4     context"
9479.321166	0.0015039999998407438	states												"   state_name
id           
6       csgap"
9479.32267	0.0754960000012943	states												"   state_name
id           
11    stim_on"
9479.398166	0.0005099999998492422	states												"            state_name
id                    
14  son_reward_chooser"
9479.398676	0.0639999999984866	states												"        state_name
id                
17  reward_big_son"
9479.462676	0.9364900000000489	states												"        state_name
id                
22  post_reward_on"
9480.399166	0.31700000000091677	states												"         state_name
id                 
23  post_reward_off"
9480.716166	3.0859999999993306	states												"         state_name
id                 
24  soft_drink_time"
9483.802166	0.0005070000006526243	states												"    state_name
id            
25  warndanger"
9483.802673	3.000495000000228	states												"            state_name
id                    
26  warndanger_warning"
9486.803677	11.468994000000748	trials	1.0	r	2.0	p	1.0	r	0.0	0.0	1.0	r	p	
9486.803677	11.468994000000748	states												"   state_name
id           
0     state_0"
9486.803677	0.015998000000763568	states												"          state_name
id                  
1   sending_trialnum"
9486.819675	1.5294909999993251	states												"      state_name
id              
3   wait_for_cin"
9488.349166	1.000002000000677	states												"   state_name
id           
4     context"
9489.349168	0.0014999999984866008	states												"   state_name
id           
6       csgap"
9489.350668	0.21202000000084809	states												"   state_name
id           
11    stim_on"
9489.562688	0.0004800000006071059	states												"            state_name
id                    
14  son_reward_chooser"
9489.563168	0.06399899999996705	states												"        state_name
id                
17  reward_big_son"
9489.627167	0.9365079999988666	states												"        state_name
id                
22  post_reward_on"
9490.563675	0.2829959999999119	states												"         state_name
id                 
23  post_reward_off"
9490.846671	4.42549500000132	states												"         state_name
id                 
24  soft_drink_time"
9495.272166	0.000503999999637017	states												"    state_name
id            
25  warndanger"
9495.27267	3.0000010000003385	states												"            state_name
id                    
26  warndanger_warning"
9498.273177	9.020497000001342	trials	1.0	r	2.0	p	1.0	r	0.0	0.0	1.0	r	p	
9498.273177	9.020497000001342	states												"   state_name
id           
0     state_0"
9498.273177	0.015991000000212807	states												"          state_name
id                  
1   sending_trialnum"
9498.289168	0.00050800000099116	states												"      state_name
id              
3   wait_for_cin"
9498.289676	1.0000010000003385	states												"   state_name
id           
4     context"
9499.289677	0.0010029999994003447	states												"   state_name
id           
6       csgap"
9499.29068	0.2594860000008339	states												"   state_name
id           
11    stim_on"
9499.550166	0.0005139999993843958	states												"            state_name
id                    
14  son_reward_chooser"
9499.55068	0.06400600000051782	states												"        state_name
id                
17  reward_big_son"
9499.614686	0.9364809999988211	states												"        state_name
id                
22  post_reward_on"
9500.551167	0.08150500000010652	states												"         state_name
id                 
23  post_reward_off"
9500.632672	3.6600020000005316	states												"         state_name
id                 
24  soft_drink_time"
9504.292674	0.0004939999998896383	states												"    state_name
id            
25  warndanger"
9504.293168	3.000506000000314	states												"            state_name
id                    
26  warndanger_warning"
9507.294167	11.021512999999686	trials	1.0	r	2.0	p	1.0	r	0.0	0.0	1.0	r	p	
9507.294167	11.021512999999686	states												"   state_name
id           
0     state_0"
9507.294167	0.015998999999283114	states												"          state_name
id                  
1   sending_trialnum"
9507.310166	2.817510000000766	states												"      state_name
id              
3   wait_for_cin"
9510.127676	1.000491000000693	states												"   state_name
id           
4     context"
9511.128167	0.0015069999990373617	states												"   state_name
id           
6       csgap"
9511.129674	0.06800900000052934	states												"   state_name
id           
11    stim_on"
9511.197683	0.0004840000001422595	states												"            state_name
id                    
14  son_reward_chooser"
9511.198167	0.06399899999996705	states												"        state_name
id                
17  reward_big_son"
9511.262166	0.9365060000000085	states												"        state_name
id                
22  post_reward_on"
9512.198672	0.13749399999869638	states												"         state_name
id                 
23  post_reward_off"
9512.336166	2.979004000000714	states												"         state_name
id                 
24  soft_drink_time"
9515.31517	0.0005049999999755528	states												"    state_name
id            
25  warndanger"
9515.315675	3.0000049999998737	states												"            state_name
id                    
26  warndanger_warning"
9518.316166	14.693522999999914	trials	1.0	r	2.0	p	1.0	r	0.0	0.0	1.0	r	p	
9518.316166	14.693522999999914	states												"   state_name
id           
0     state_0"
9518.316166	0.01599999999962165	states												"          state_name
id                  
1   sending_trialnum"
9518.332166	4.618512999999439	states												"      state_name
id              
3   wait_for_cin"
9522.950679	1.0004900000003545	states												"   state_name
id           
4     context"
9523.951169	0.0015019999991636723	states												"   state_name
id           
6       csgap"
9523.952671	0.33400500000061584	states												"   state_name
id           
11    stim_on"
9524.286676	0.0004920000010315562	states												"            state_name
id                    
14  son_reward_chooser"
9524.287168	0.06400099999882514	states												"        state_name
id                
17  reward_big_son"
9524.351169	0.9365080000006856	states												"        state_name
id                
22  post_reward_on"
9525.287677	0.39599599999928614	states												"         state_name
id                 
23  post_reward_off"
9525.683673	4.325493000000279	states												"         state_name
id                 
24  soft_drink_time"
9530.009166	0.0005070000006526243	states												"    state_name
id            
25  warndanger"
9530.009673	3.0000159999999596	states												"            state_name
id                    
26  warndanger_warning"
9533.010166	10.419002000000546	trials	1.0	r	2.0	p	1.0	r	0.0	0.0	1.0	r	p	
9533.010166	10.419002000000546	states												"   state_name
id           
0     state_0"
9533.010166	0.01600999999936903	states												"          state_name
id                  
1   sending_trialnum"
9533.026176	1.1529900000005	states												"      state_name
id              
3   wait_for_cin"
9534.179166	1.0000010000003385	states												"   state_name
id           
4     context"
9535.179167	0.0015039999998407438	states												"   state_name
id           
6       csgap"
9535.180671	0.029495000000679283	states												"   state_name
id           
11    stim_on"
9535.210166	0.0005000000001018634	states												"            state_name
id                    
14  son_reward_chooser"
9535.210666	0.06400299999950221	states												"        state_name
id                
17  reward_big_son"
9535.274669	0.9365120000002207	states												"        state_name
id                
22  post_reward_on"
9536.211181	0.02798599999914586	states												"         state_name
id                 
23  post_reward_off"
9536.239167	4.188998999999967	states												"         state_name
id                 
24  soft_drink_time"
9540.428166	0.0005060000003140885	states												"    state_name
id            
25  warndanger"
9540.428672	3.0004960000005667	states												"            state_name
id                    
26  warndanger_warning"
9543.429688	12.630983999999444	trials	1.0	r	2.0	p	1.0	r	0.0	0.0	1.0	r	p	
9543.429688	12.630983999999444	states												"   state_name
id           
0     state_0"
9543.429688	0.015991000000212807	states												"          state_name
id                  
1   sending_trialnum"
9543.445679	2.0374879999999393	states												"      state_name
id              
3   wait_for_cin"
9545.483167	1.0000010000003385	states												"   state_name
id           
4     context"
9546.483168	0.0015089999997144332	states												"   state_name
id           
6       csgap"
9546.484677	0.11748900000020512	states												"   state_name
id           
11    stim_on"
9546.602166	0.0005099999998492422	states												"            state_name
id                    
14  son_reward_chooser"
9546.602676	0.06399899999996705	states												"        state_name
id                
17  reward_big_son"
9546.666675	0.9364910000003874	states												"        state_name
id                
22  post_reward_on"
9547.603166	1.2615079999995942	states												"         state_name
id                 
23  post_reward_off"
9548.864674	4.195012000000133	states												"         state_name
id                 
24  soft_drink_time"
9553.059686	0.0004799999987881165	states												"    state_name
id            
25  warndanger"
9553.060166	3.000506000000314	states												"            state_name
id                    
26  warndanger_warning"
9556.061166	27.774509000000762	trials	1.0	r	2.0	p	1.0	r	0.0	0.0	1.0	r	p	
9556.061166	27.774509000000762	states												"   state_name
id           
0     state_0"
9556.061166	0.016000999999960186	states												"          state_name
id                  
1   sending_trialnum"
9556.077167	20.157999000000927	states												"      state_name
id              
3   wait_for_cin"
9576.235166	1.0	states												"   state_name
id           
4     context"
9577.235166	0.0010000000002037268	states												"   state_name
id           
6       csgap"
9577.236166	0.04899999999906868	states												"   state_name
id           
11    stim_on"
9577.285166	0.0005160000000614673	states												"            state_name
id                    
14  son_reward_chooser"
9577.285682	0.06400600000051782	states												"        state_name
id                
17  reward_big_son"
9577.349688	0.936478999999963	states												"        state_name
id                
22  post_reward_on"
9578.286167	0.07800999999926717	states												"         state_name
id                 
23  post_reward_off"
9578.364177	2.4704899999996996	states												"         state_name
id                 
24  soft_drink_time"
9580.834667	0.0005060000003140885	states												"    state_name
id            
25  warndanger"
9580.835173	3.000502000000779	states												"            state_name
id                    
26  warndanger_warning"
9583.836166	19.13100100000156	trials	1.0	r	2.0	p	1.0	r	0.0	0.0	1.0	r	p	
9583.836166	19.13100100000156	states												"   state_name
id           
0     state_0"
9583.836166	0.01600000000144064	states												"          state_name
id                  
1   sending_trialnum"
9583.852166	9.230502999998862	states												"      state_name
id              
3   wait_for_cin"
9593.082669	1.0	states												"   state_name
id           
4     context"
9594.082669	0.0010050000000774162	states												"   state_name
id           
6       csgap"
9594.083674	0.05649199999970733	states												"   state_name
id           
11    stim_on"
9594.140166	0.0005060000003140885	states												"            state_name
id                    
14  son_reward_chooser"
9594.140672	0.06399899999996705	states												"        state_name
id                
17  reward_big_son"
9594.204671	0.9365010000001348	states												"        state_name
id                
22  post_reward_on"
9595.141172	0.20299400000112655	states												"         state_name
id                 
23  post_reward_off"
9595.344166	4.622507000000041	states												"         state_name
id                 
24  soft_drink_time"
9599.966673	0.0004929999995511025	states												"    state_name
id            
25  warndanger"
9599.967166	3.0000010000003385	states												"            state_name
id                    
26  warndanger_warning"
9602.967674	12.54600500000015	trials	1.0	r	2.0	p	1.0	r	0.0	0.0	1.0	r	p	
9602.967674	12.54600500000015	states												"   state_name
id           
0     state_0"
9602.967674	0.01599999999962165	states												"          state_name
id                  
1   sending_trialnum"
9602.983674	3.545493000001443	states												"      state_name
id              
3   wait_for_cin"
9606.529167	1.0005089999995107	states												"   state_name
id           
4     context"
9607.529676	0.0014919999994162936	states												"   state_name
id           
6       csgap"
9607.531168	0.023502000000007683	states												"   state_name
id           
11    stim_on"
9607.55467	0.0005000000001018634	states												"            state_name
id                    
14  son_reward_chooser"
9607.55517	0.06400800000119489	states												"        state_name
id                
17  reward_big_son"
9607.619178	0.9364989999994577	states												"        state_name
id                
22  post_reward_on"
9608.555677	0.09350199999971665	states												"         state_name
id                 
23  post_reward_off"
9608.649179	3.863987000000634	states												"         state_name
id                 
24  soft_drink_time"
9612.513166	0.0005099999998492422	states												"    state_name
id            
25  warndanger"
9612.513676	3.0000029999991966	states												"            state_name
id                    
26  warndanger_warning"
9615.514166	11.864504999999554	trials	1.0	r	2.0	p	1.0	r	0.0	0.0	1.0	r	p	
9615.514166	11.864504999999554	states												"   state_name
id           
0     state_0"
9615.514166	0.016000999999960186	states												"          state_name
id                  
1   sending_trialnum"
9615.530167	2.9305029999995895	states												"      state_name
id              
3   wait_for_cin"
9618.46067	1.000001999998858	states												"   state_name
id           
4     context"
9619.460672	0.0010080000010930235	states												"   state_name
id           
6       csgap"
9619.46168	0.34199400000034075	states												"   state_name
id           
11    stim_on"
9619.803674	0.0004929999995511025	states												"            state_name
id                    
14  son_reward_chooser"
9619.804167	0.06399899999996705	states												"        state_name
id                
17  reward_big_son"
9619.868166	0.9365089999992051	states												"        state_name
id                
22  post_reward_on"
9620.804675	0.44849100000101316	states												"         state_name
id                 
23  post_reward_off"
9621.253166	3.1245120000003226	states												"         state_name
id                 
24  soft_drink_time"
9624.377678	0.00048799999967741314	states												"    state_name
id            
25  warndanger"
9624.378166	3.0005049999999756	states												"            state_name
id                    
26  warndanger_warning"
9627.379166	9.838509999999587	trials	1.0	r	2.0	p	1.0	r	0.0	0.0	1.0	r	p	
9627.379166	9.838509999999587	states												"   state_name
id           
0     state_0"
9627.379166	0.01599999999962165	states												"          state_name
id                  
1   sending_trialnum"
9627.395166	1.3780000000006112	states												"      state_name
id              
3   wait_for_cin"
9628.773166	1.000503999999637	states												"   state_name
id           
4     context"
9629.77367	0.001510000000052969	states												"   state_name
id           
6       csgap"
9629.77518	0.018996999999217223	states												"   state_name
id           
11    stim_on"
9629.794177	0.0005020000007789349	states												"            state_name
id                    
14  son_reward_chooser"
9629.794679	0.06401000000005297	states												"        state_name
id                
17  reward_big_son"
9629.858689	0.9364769999992859	states												"        state_name
id                
22  post_reward_on"
9630.795166	0.10651099999995495	states												"         state_name
id                 
23  post_reward_off"
9630.901677	3.3149909999992815	states												"         state_name
id                 
24  soft_drink_time"
9634.216668	0.0005030000011174707	states												"    state_name
id            
25  warndanger"
9634.217171	3.0005049999999756	states												"            state_name
id                    
26  warndanger_warning"
9637.218167	13.20800699999927	trials	1.0	r	2.0	p	1.0	r	0.0	0.0	1.0	r	p	
9637.218167	13.20800699999927	states												"   state_name
id           
0     state_0"
9637.218167	0.015998999999283114	states												"          state_name
id                  
1   sending_trialnum"
9637.234166	3.030501999999615	states												"      state_name
id              
3   wait_for_cin"
9640.264668	1.000002000000677	states												"   state_name
id           
4     context"
9641.26467	0.001006000000415952	states												"   state_name
id           
6       csgap"
9641.265676	0.1439989999998943	states												"   state_name
id           
11    stim_on"
9641.409675	0.000490999998874031	states												"            state_name
id                    
14  son_reward_chooser"
9641.410166	0.06400000000030559	states												"        state_name
id                
17  reward_big_son"
9641.474166	0.9365109999998822	states												"        state_name
id                
22  post_reward_on"
9642.410677	0.07048899999972491	states												"         state_name
id                 
23  post_reward_off"
9642.481166	4.944507000000158	states												"         state_name
id                 
24  soft_drink_time"
9647.425673	0.0004929999995511025	states												"    state_name
id            
25  warndanger"
9647.426166	3.0000080000008893	states												"            state_name
id                    
26  warndanger_warning"
9650.426668	6.151008000000729	trials	0.0	r	2.0	p	1.0	r	0.0	0.0	0.0	r	p	
9650.426668	6.151008000000729	states												"   state_name
id           
0     state_0"
9650.426668	0.015998999999283114	states												"          state_name
id                  
1   sending_trialnum"
9650.442667	0.0005010000004403992	states												"      state_name
id              
3   wait_for_cin"
9650.443168	1.0	states												"   state_name
id           
4     context"
9651.443168	0.0015000000003055902	states												"   state_name
id           
6       csgap"
9651.444668	0.13201300000037008	states												"   state_name
id           
11    stim_on"
9651.576681	5.00099500000033	states												"     state_name
id             
28  error_state"
9656.578167	9.781511000001046	trials	1.0	r	2.0	p	1.0	r	0.0	0.0	1.0	r	p	
9656.578167	9.781511000001046	states												"   state_name
id           
0     state_0"
9656.578167	0.015999000001102104	states												"          state_name
id                  
1   sending_trialnum"
9656.594166	1.6590009999999893	states												"      state_name
id              
3   wait_for_cin"
9658.253167	1.0	states												"   state_name
id           
4     context"
9659.253167	0.0015179999991232762	states												"   state_name
id           
6       csgap"
9659.254685	0.28248399999938556	states												"   state_name
id           
11    stim_on"
9659.537169	0.0005150000015419209	states												"            state_name
id                    
14  son_reward_chooser"
9659.537684	0.06398799999988114	states												"        state_name
id                
17  reward_big_son"
9659.601672	0.9364949999999226	states												"        state_name
id                
22  post_reward_on"
9660.538167	0.05999899999915215	states												"         state_name
id                 
23  post_reward_off"
9660.598166	2.7610010000007605	states												"         state_name
id                 
24  soft_drink_time"
9663.359167	0.0005060000003140885	states												"    state_name
id            
25  warndanger"
9663.359673	3.0000049999998737	states												"            state_name
id                    
26  warndanger_warning"
9666.360172	9.30299500000001	trials	1.0	r	2.0	p	1.0	r	0.0	0.0	1.0	r	p	
9666.360172	9.30299500000001	states												"   state_name
id           
0     state_0"
9666.360172	0.015993999999409425	states												"          state_name
id                  
1   sending_trialnum"
9666.376166	0.23351200000070094	states												"      state_name
id              
3   wait_for_cin"
9666.609678	1.0004879999996774	states												"   state_name
id           
4     context"
9667.610166	0.001001999999061809	states												"   state_name
id           
6       csgap"
9667.611168	0.36099800000010873	states												"   state_name
id           
11    stim_on"
9667.972166	0.0005030000011174707	states												"            state_name
id                    
14  son_reward_chooser"
9667.972669	0.06400099999882514	states												"        state_name
id                
17  reward_big_son"
9668.03667	0.9365010000001348	states												"        state_name
id                
22  post_reward_on"
9668.973171	0.018506000000343192	states												"         state_name
id                 
23  post_reward_off"
9668.991677	3.670990000000529	states												"         state_name
id                 
24  soft_drink_time"
9672.662667	0.0005000000001018634	states												"    state_name
id            
25  warndanger"
9672.663167	3.0	states												"            state_name
id                    
26  warndanger_warning"
9675.663674	11.824996999999712	trials	1.0	r	2.0	p	1.0	r	0.0	0.0	1.0	r	p	
9675.663674	11.824996999999712	states												"   state_name
id           
0     state_0"
9675.663674	0.01600000000144064	states												"          state_name
id                  
1   sending_trialnum"
9675.679674	2.911497999999483	states												"      state_name
id              
3   wait_for_cin"
9678.591172	1.000503999999637	states												"   state_name
id           
4     context"
9679.591676	0.0014910000008967472	states												"   state_name
id           
6       csgap"
9679.593167	0.5750009999992471	states												"   state_name
id           
11    stim_on"
9680.168168	0.0005049999999755528	states												"            state_name
id                    
14  son_reward_chooser"
9680.168673	0.06400100000064413	states												"        state_name
id                
17  reward_big_son"
9680.232674	0.936493999999584	states												"        state_name
id                
22  post_reward_on"
9681.169168	0.14599900000030175	states												"         state_name
id                 
23  post_reward_off"
9681.315167	3.1730049999987386	states												"         state_name
id                 
24  soft_drink_time"
9684.488172	0.0004970000009052455	states												"    state_name
id            
25  warndanger"
9684.488669	3.000001999998858	states												"            state_name
id                    
26  warndanger_warning"
9687.489173	14.296999000000142	trials	1.0	r	2.0	p	1.0	r	0.0	0.0	1.0	r	p	
9687.489173	14.296999000000142	states												"   state_name
id           
0     state_0"
9687.489173	0.016003000000637257	states												"          state_name
id                  
1   sending_trialnum"
9687.505176	3.6104919999997946	states												"      state_name
id              
3   wait_for_cin"
9691.115668	1.00002399999903	states												"   state_name
id           
4     context"
9692.115692	0.001476000001275679	states												"   state_name
id           
6       csgap"
9692.117168	1.0000099999997474	states												"   state_name
id           
11    stim_on"
9693.117178	0.0014959999989514472	states												"   state_name
id           
12   stim_off"
9693.118674	1.1150090000010096	states												"        state_name
id                
13  wait_for_spoke"
9694.233683	0.00048299999980372377	states												"             state_name
id                     
15  soff_reward_chooser"
9694.234166	0.06400000000030559	states												"         state_name
id                 
16  reward_big_soff"
9694.298166	0.4455149999994319	states												"         state_name
id                 
23  post_reward_off"
9694.743681	4.041484999999739	states												"         state_name
id                 
24  soft_drink_time"
9698.785166	0.0005110000001877779	states												"    state_name
id            
25  warndanger"
9698.785677	3.000495000000228	states												"            state_name
id                    
26  warndanger_warning"
9701.786669	8.83600000000115	trials	1.0	r	2.0	p	1.0	r	0.0	0.0	1.0	r	p	
9701.786669	8.83600000000115	states												"   state_name
id           
0     state_0"
9701.786669	0.015999000001102104	states												"          state_name
id                  
1   sending_trialnum"
9701.802668	0.0005069999988336349	states												"      state_name
id              
3   wait_for_cin"
9701.803175	1.0005100000016682	states												"   state_name
id           
4     context"
9702.803685	0.0014849999988655327	states												"   state_name
id           
6       csgap"
9702.80517	0.07450400000016089	states												"   state_name
id           
11    stim_on"
9702.879674	0.0004929999995511025	states												"            state_name
id                    
14  son_reward_chooser"
9702.880167	0.06399899999996705	states												"        state_name
id                
17  reward_big_son"
9702.944166	0.936505000001489	states												"        state_name
id                
22  post_reward_on"
9703.880671	0.030000999999174383	states												"         state_name
id                 
23  post_reward_off"
9703.910672	3.71100800000022	states												"         state_name
id                 
24  soft_drink_time"
9707.62168	0.00048599999900034163	states												"    state_name
id            
25  warndanger"
9707.622166	3.0005030000011175	states												"            state_name
id                    
26  warndanger_warning"
9710.623171	14.088995000000068	trials	1.0	r	2.0	p	1.0	r	0.0	0.0	1.0	r	p	
9710.623171	14.088995000000068	states												"   state_name
id           
0     state_0"
9710.623171	0.016000999999960186	states												"          state_name
id                  
1   sending_trialnum"
9710.639172	5.916517999999996	states												"      state_name
id              
3   wait_for_cin"
9716.55569	1.0004870000011579	states												"   state_name
id           
4     context"
9717.556177	0.001494000000093365	states												"   state_name
id           
6       csgap"
9717.557671	0.10350099999959639	states												"   state_name
id           
11    stim_on"
9717.661172	0.0005060000003140885	states												"            state_name
id                    
14  son_reward_chooser"
9717.661678	0.06399799999962852	states												"        state_name
id                
17  reward_big_son"
9717.725676	0.9364900000000489	states												"        state_name
id                
22  post_reward_on"
9718.662166	0.42000000000007276	states												"         state_name
id                 
23  post_reward_off"
9719.082166	2.62952100000075	states												"         state_name
id                 
24  soft_drink_time"
9721.711687	0.00047899999844958074	states												"    state_name
id            
25  warndanger"
9721.712166	3.0	states												"            state_name
id                    
26  warndanger_warning"
9724.712674	19.642501999998785	trials	1.0	r	2.0	p	1.0	r	0.0	0.0	1.0	r	p	
9724.712674	19.642501999998785	states												"   state_name
id           
0     state_0"
9724.712674	0.01599999999962165	states												"          state_name
id                  
1   sending_trialnum"
9724.728674	10.875491999999213	states												"      state_name
id              
3   wait_for_cin"
9735.604166	1.0	states												"   state_name
id           
4     context"
9736.604166	0.0010090000014315592	states												"   state_name
id           
6       csgap"
9736.605175	0.2559979999987263	states												"   state_name
id           
11    stim_on"
9736.861173	0.0004990000015823171	states												"            state_name
id                    
14  son_reward_chooser"
9736.861672	0.06400099999882514	states												"        state_name
id                
17  reward_big_son"
9736.925673	0.9364930000010645	states												"        state_name
id                
22  post_reward_on"
9737.862166	0.07050600000002305	states												"         state_name
id                 
23  post_reward_off"
9737.932672	3.422004999998535	states												"         state_name
id                 
24  soft_drink_time"
9741.354677	0.0004900000003544847	states												"    state_name
id            
25  warndanger"
9741.355167	3.000008999999409	states												"            state_name
id                    
26  warndanger_warning"
9744.355674	9.197495000000345	trials	1.0	r	2.0	p	1.0	r	0.0	0.0	1.0	r	p	
9744.355674	9.197495000000345	states												"   state_name
id           
0     state_0"
9744.355674	0.01599999999962165	states												"          state_name
id                  
1   sending_trialnum"
9744.371674	0.0004919999992125668	states												"      state_name
id              
3   wait_for_cin"
9744.372166	1.0000060000002122	states												"   state_name
id           
4     context"
9745.372172	0.001516000000265194	states												"   state_name
id           
6       csgap"
9745.373688	1.0004790000002686	states												"   state_name
id           
11    stim_on"
9746.374167	0.0015120000007300405	states												"   state_name
id           
12   stim_off"
9746.375679	0.31299199999921257	states												"        state_name
id                
13  wait_for_spoke"
9746.688671	0.0005089999995107064	states												"             state_name
id                     
15  soff_reward_chooser"
9746.68918	0.06400100000064413	states												"         state_name
id                 
16  reward_big_soff"
9746.753181	0.6459859999995388	states												"         state_name
id                 
23  post_reward_off"
9747.399167	3.1535100000000966	states												"         state_name
id                 
24  soft_drink_time"
9750.552677	0.0004890000000159489	states												"    state_name
id            
25  warndanger"
9750.553166	3.0000030000010156	states												"            state_name
id                    
26  warndanger_warning"
