onset	duration	nwb_table	PBups_hit_history	PBups_violation_history	SidesSection_previous_sounds	SidesSection_previous_samples	SidesSection_previous_memory_gaps	SidesSection_previous_rt_task	SidesSection_previous_stims	PBupsSection_LocalPrevSides	PBupsSection_LocalPrevSounds	state_type
1795.712395	285.7660000000001	trials	0.0	1.0	1.0			0.0	0.0	r	1.0	
1795.712395	285.7660000000001	states										"   state_name
id           
0     state_0"
1795.712395	0.016000999999960186	states										"          state_name
id                  
1   sending_trialnum"
1795.728396	0.009499000000005253	states										"           state_name
id                   
3   clean_sound_state"
1795.737895	0.0010099999999511056	states										"   state_name
id           
4         iti"
1795.738905	5.882000000000062	states										"         state_name
id                 
6   wait_for_cpoke1"
1801.620905	0.0014860000001135631	states										"             state_name
id                     
8   play_stimulus_sound"
1801.622391	0.15349899999978334	states										"   state_name
id           
9      cpoke1"
1801.77589	0.20100000000002183	states										"        state_name
id                
12  temp_violation"
1801.97689	64.231	states										"         state_name
id                 
6   wait_for_cpoke1"
1866.20789	0.0015050000001792796	states										"             state_name
id                     
8   play_stimulus_sound"
1866.209395	0.36949600000002647	states										"   state_name
id           
9      cpoke1"
1866.578891	0.20099899999991067	states										"        state_name
id                
12  temp_violation"
1866.77989	24.29099999999994	states										"         state_name
id                 
6   wait_for_cpoke1"
1891.07089	0.0015040000000681175	states										"             state_name
id                     
8   play_stimulus_sound"
1891.072394	0.61649599999987	states										"   state_name
id           
9      cpoke1"
1891.68889	0.20101500000009764	states										"        state_name
id                
12  temp_violation"
1891.889905	116.9639850000001	states										"         state_name
id                 
6   wait_for_cpoke1"
2008.85389	0.0014999999998508429	states										"             state_name
id                     
8   play_stimulus_sound"
2008.85539	0.48600499999997737	states										"   state_name
id           
9      cpoke1"
2009.341395	0.201001000000133	states										"        state_name
id                
12  temp_violation"
2009.542396	9.324509000000035	states										"         state_name
id                 
6   wait_for_cpoke1"
2018.866905	0.0014909999999872525	states										"             state_name
id                     
8   play_stimulus_sound"
2018.868396	0.08800299999984418	states										"   state_name
id           
9      cpoke1"
2018.956399	0.20100700000011784	states										"        state_name
id                
12  temp_violation"
2019.157406	0.7584890000000541	states										"         state_name
id                 
6   wait_for_cpoke1"
2019.915895	0.0015039999998407438	states										"             state_name
id                     
8   play_stimulus_sound"
2019.917399	0.3044910000000982	states										"   state_name
id           
9      cpoke1"
2020.22189	0.20100000000002183	states										"        state_name
id                
12  temp_violation"
2020.42289	1.4864999999999782	states										"         state_name
id                 
6   wait_for_cpoke1"
2021.90939	0.0015000000000782165	states										"             state_name
id                     
8   play_stimulus_sound"
2021.91089	0.3025159999999687	states										"   state_name
id           
9      cpoke1"
2022.213406	0.20098699999994096	states										"        state_name
id                
12  temp_violation"
2022.414393	35.66800699999976	states										"         state_name
id                 
6   wait_for_cpoke1"
2058.0824	0.001506000000063068	states										"             state_name
id                     
8   play_stimulus_sound"
2058.083906	1.1739840000000186	states										"   state_name
id           
9      cpoke1"
2059.25789	0.20100500000035026	states										"        state_name
id                
12  temp_violation"
2059.458895	0.0015029999999569554	states										"             state_name
id                     
8   play_stimulus_sound"
2059.460398	0.5109919999999875	states										"   state_name
id           
9      cpoke1"
2059.97139	0.2010069999996631	states										"        state_name
id                
12  temp_violation"
2060.172397	1.1829930000003515	states										"         state_name
id                 
6   wait_for_cpoke1"
2061.35539	0.0014999999998508429	states										"             state_name
id                     
8   play_stimulus_sound"
2061.35689	1.4225000000001273	states										"   state_name
id           
9      cpoke1"
2062.77939	0.2010059999997793	states										"        state_name
id                
12  temp_violation"
2062.980396	0.18049599999994825	states										"         state_name
id                 
6   wait_for_cpoke1"
2063.160892	0.0015109999999367574	states										"             state_name
id                     
8   play_stimulus_sound"
2063.162403	1.3619910000002164	states										"   state_name
id           
9      cpoke1"
2064.524394	0.20099600000003193	states										"        state_name
id                
12  temp_violation"
2064.72539	0.0014999999998508429	states										"             state_name
id                     
8   play_stimulus_sound"
2064.72689	0.27700499999991735	states										"   state_name
id           
9      cpoke1"
2065.003895	0.20099500000014814	states										"        state_name
id                
12  temp_violation"
2065.20489	1.2649999999998727	states										"         state_name
id                 
6   wait_for_cpoke1"
2066.46989	0.0015000000003055902	states										"             state_name
id                     
8   play_stimulus_sound"
2066.47139	0.06501499999967564	states										"   state_name
id           
9      cpoke1"
2066.536405	0.200984999999946	states										"        state_name
id                
12  temp_violation"
2066.73739	0.13450000000011642	states										"         state_name
id                 
6   wait_for_cpoke1"
2066.87189	0.0015000000003055902	states										"             state_name
id                     
8   play_stimulus_sound"
2066.87339	1.0114999999996144	states										"   state_name
id           
9      cpoke1"
2067.88489	0.20101599999998143	states										"        state_name
id                
12  temp_violation"
2068.085906	0.6849839999999858	states										"         state_name
id                 
6   wait_for_cpoke1"
2068.77089	0.0015070000004016038	states										"             state_name
id                     
8   play_stimulus_sound"
2068.772397	0.15949799999998504	states										"   state_name
id           
9      cpoke1"
2068.931895	0.2009949999996934	states										"        state_name
id                
12  temp_violation"
2069.13289	1.6655100000002676	states										"         state_name
id                 
6   wait_for_cpoke1"
2070.7984	0.0014899999996487168	states										"             state_name
id                     
8   play_stimulus_sound"
2070.79989	2.004508000000442	states										"   state_name
id           
9      cpoke1"
2072.804398	0.20099199999958728	states										"        state_name
id                
12  temp_violation"
2073.00539	0.27650000000039654	states										"         state_name
id                 
6   wait_for_cpoke1"
2073.28189	0.0014999999998508429	states										"             state_name
id                     
8   play_stimulus_sound"
2073.28339	1.0715049999998882	states										"   state_name
id           
9      cpoke1"
2074.354895	0.20099500000014814	states										"        state_name
id                
12  temp_violation"
2074.55589	0.0014999999998508429	states										"             state_name
id                     
8   play_stimulus_sound"
2074.55739	0.0644999999999527	states										"   state_name
id           
9      cpoke1"
2074.62189	0.20100499999989552	states										"        state_name
id                
12  temp_violation"
2074.822895	1.1919950000001336	states										"         state_name
id                 
6   wait_for_cpoke1"
2076.01489	0.0015029999999569554	states										"             state_name
id                     
8   play_stimulus_sound"
2076.016393	2.0000050000003284	states										"   state_name
id           
9      cpoke1"
2078.016398	0.011491999999634572	states										"           state_name
id                   
13  center_2_side_gap"
2078.02789	0.4475000000002183	states										"        state_name
id                
17  wait_for_spoke"
2078.47539	0.0014999999998508429	states										"      state_name
id              
18  error_state1"
2078.47689	3.000507000000198	states										"     state_name
id             
19  error_state"
2081.477397	0.0009979999999814027	states										"        state_name
id                
30  clean_up_state"
2081.47889	8.307999999999993	trials	0.0	1.0	2.0			0.0	0.0	r	2.0	
2081.47889	8.307999999999993	states										"   state_name
id           
0     state_0"
2081.47889	0.016000000000076398	states										"          state_name
id                  
1   sending_trialnum"
2081.49489	0.009505999999873893	states										"           state_name
id                   
3   clean_sound_state"
2081.504396	0.001494000000093365	states										"   state_name
id           
4         iti"
2081.50589	2.4200000000000728	states										"         state_name
id                 
6   wait_for_cpoke1"
2083.92589	0.001506000000063068	states										"             state_name
id                     
8   play_stimulus_sound"
2083.927396	0.036493999999947846	states										"   state_name
id           
9      cpoke1"
2083.96389	0.20100000000002183	states										"        state_name
id                
12  temp_violation"
2084.16489	0.001502000000073167	states										"             state_name
id                     
8   play_stimulus_sound"
2084.166392	2.000011000000086	states										"   state_name
id           
9      cpoke1"
2086.166403	0.010991999999987456	states										"           state_name
id                   
13  center_2_side_gap"
2086.177395	0.6059949999998935	states										"        state_name
id                
17  wait_for_spoke"
2086.78339	0.0014999999998508429	states										"      state_name
id              
18  error_state1"
2086.78489	3.0010000000002037	states										"     state_name
id             
19  error_state"
2089.78589	0.0009999999997489795	states										"        state_name
id                
30  clean_up_state"
2089.78739	9.029007000000092	trials	1.0	0.0	-1.0	1.3004860000000187	0.0	0.0	0.0	l	-1.0	
2089.78739	9.029007000000092	states										"   state_name
id           
0     state_0"
2089.78739	0.016000000000076398	states										"          state_name
id                  
1   sending_trialnum"
2089.80339	0.009500000000116415	states										"           state_name
id                   
3   clean_sound_state"
2089.81289	0.0009999999997489795	states										"   state_name
id           
4         iti"
2089.81389	0.3850000000002183	states										"         state_name
id                 
6   wait_for_cpoke1"
2090.19889	0.00151400000004287	states										"             state_name
id                     
8   play_stimulus_sound"
2090.200404	2.00048599999991	states										"   state_name
id           
9      cpoke1"
2092.20089	0.011015000000043074	states										"           state_name
id                   
13  center_2_side_gap"
2092.211905	0.6014849999996841	states										"        state_name
id                
17  wait_for_spoke"
2092.81339	0.0005000000001018634	states										"     state_name
id             
22  left_reward"
2092.81389	2.0000159999999596	states										"   state_name
id           
24  hit_state"
2094.813906	3.000485000000026	states										"          state_name
id                  
29  soft_drink_state"
2097.814391	1.00099900000032	states										"   state_name
id           
26    warning"
2098.81539	0.001006999999844993	states										"        state_name
id                
30  clean_up_state"
2098.81689	12.814499999999953	trials	1.0	1.0	1.0			0.0	0.0	r	1.0	
2098.81689	12.814499999999953	states										"   state_name
id           
0     state_0"
2098.81689	0.016000000000076398	states										"          state_name
id                  
1   sending_trialnum"
2098.83289	0.009508999999980006	states										"           state_name
id                   
3   clean_sound_state"
2098.842399	0.0014909999999872525	states										"   state_name
id           
4         iti"
2098.84389	3.675499999999829	states										"         state_name
id                 
6   wait_for_cpoke1"
2102.51939	0.0014999999998508429	states										"             state_name
id                     
8   play_stimulus_sound"
2102.52089	0.3585160000002361	states										"   state_name
id           
9      cpoke1"
2102.879406	0.2009899999998197	states										"        state_name
id                
12  temp_violation"
2103.080396	0.001494000000093365	states										"             state_name
id                     
8   play_stimulus_sound"
2103.08189	2.0000159999999596	states										"   state_name
id           
9      cpoke1"
2105.081906	0.011484000000109518	states										"           state_name
id                   
13  center_2_side_gap"
2105.09339	0.5354999999999563	states										"        state_name
id                
17  wait_for_spoke"
2105.62889	0.0005000000001018634	states										"      state_name
id              
23  right_reward"
2105.62939	2.0	states										"   state_name
id           
24  hit_state"
2107.62939	3.000514999999723	states										"          state_name
id                  
29  soft_drink_state"
2110.629905	1.0005020000003242	states										"   state_name
id           
26    warning"
2111.630407	0.0009829999999055872	states										"        state_name
id                
30  clean_up_state"
2111.63189	18.320506000000023	trials	0.0	1.0	2.0			0.0	0.0	r	2.0	
2111.63189	18.320506000000023	states										"   state_name
id           
0     state_0"
2111.63189	0.016000000000076398	states										"          state_name
id                  
1   sending_trialnum"
2111.64789	0.009499999999661668	states										"           state_name
id                   
3   clean_sound_state"
2111.65739	0.0010059999999612046	states										"   state_name
id           
4         iti"
2111.658396	0.26749400000016976	states										"         state_name
id                 
6   wait_for_cpoke1"
2111.92589	0.0014999999998508429	states										"             state_name
id                     
8   play_stimulus_sound"
2111.92739	1.9695000000001528	states										"   state_name
id           
9      cpoke1"
2113.89689	0.20100000000002183	states										"        state_name
id                
12  temp_violation"
2114.09789	0.17749999999978172	states										"         state_name
id                 
6   wait_for_cpoke1"
2114.27539	0.0015000000003055902	states										"             state_name
id                     
8   play_stimulus_sound"
2114.27689	0.5479999999997744	states										"   state_name
id           
9      cpoke1"
2114.82489	0.20100000000002183	states										"        state_name
id                
12  temp_violation"
2115.02589	1.8405060000000049	states										"         state_name
id                 
6   wait_for_cpoke1"
2116.866396	0.001494000000093365	states										"             state_name
id                     
8   play_stimulus_sound"
2116.86789	0.6390000000001237	states										"   state_name
id           
9      cpoke1"
2117.50689	0.20100000000002183	states										"        state_name
id                
12  temp_violation"
2117.70789	0.0014999999998508429	states										"             state_name
id                     
8   play_stimulus_sound"
2117.70939	0.22949999999991633	states										"   state_name
id           
9      cpoke1"
2117.93889	0.20100000000002183	states										"        state_name
id                
12  temp_violation"
2118.13989	6.1095000000000255	states										"         state_name
id                 
6   wait_for_cpoke1"
2124.24939	0.0014999999998508429	states										"             state_name
id                     
8   play_stimulus_sound"
2124.25089	2.0	states										"   state_name
id           
9      cpoke1"
2126.25089	0.011015000000043074	states										"           state_name
id                   
13  center_2_side_gap"
2126.261905	0.6874850000003789	states										"        state_name
id                
17  wait_for_spoke"
2126.94939	0.0014999999998508429	states										"      state_name
id              
18  error_state1"
2126.95089	3.000500000000102	states										"     state_name
id             
19  error_state"
2129.95139	0.0010059999999612046	states										"        state_name
id                
30  clean_up_state"
2129.952905	9.39100099999996	trials	1.0	1.0	1.0			0.0	0.0	r	1.0	
2129.952905	9.39100099999996	states										"   state_name
id           
0     state_0"
2129.952905	0.015985000000000582	states										"          state_name
id                  
1   sending_trialnum"
2129.96889	0.009504000000106316	states										"           state_name
id                   
3   clean_sound_state"
2129.978394	0.001495999999860942	states										"   state_name
id           
4         iti"
2129.97989	0.1260149999998248	states										"         state_name
id                 
6   wait_for_cpoke1"
2130.105905	0.0014850000002297747	states										"             state_name
id                     
8   play_stimulus_sound"
2130.10739	0.45900499999970634	states										"   state_name
id           
9      cpoke1"
2130.566395	0.20099500000014814	states										"        state_name
id                
12  temp_violation"
2130.76739	0.0015149999999266583	states										"             state_name
id                     
8   play_stimulus_sound"
2130.768905	2.000485000000026	states										"   state_name
id           
9      cpoke1"
2132.76939	0.011508000000048924	states										"           state_name
id                   
13  center_2_side_gap"
2132.780898	0.5599919999999656	states										"        state_name
id                
17  wait_for_spoke"
2133.34089	0.0005000000001018634	states										"      state_name
id              
23  right_reward"
2133.34139	2.0000049999998737	states										"   state_name
id           
24  hit_state"
2135.341395	3.000510000000304	states										"          state_name
id                  
29  soft_drink_state"
2138.341905	1.0009849999996732	states										"   state_name
id           
26    warning"
2139.34289	0.0010160000001633307	states										"        state_name
id                
30  clean_up_state"
2139.344403	5.683486999999786	trials	0.0	0.0	1.0	1.3000000000001088	0.0	0.0	0.0	r	1.0	
2139.344403	5.683486999999786	states										"   state_name
id           
0     state_0"
2139.344403	0.01599099999975806	states										"          state_name
id                  
1   sending_trialnum"
2139.360394	0.009496000000126514	states										"           state_name
id                   
3   clean_sound_state"
2139.36989	0.0010000000002037268	states										"   state_name
id           
4         iti"
2139.37089	0.11900900000000547	states										"         state_name
id                 
6   wait_for_cpoke1"
2139.489899	0.0014909999999872525	states										"             state_name
id                     
8   play_stimulus_sound"
2139.49139	2.0	states										"   state_name
id           
9      cpoke1"
2141.49139	0.01101699999981065	states										"           state_name
id                   
13  center_2_side_gap"
2141.502407	0.5219879999999648	states										"        state_name
id                
17  wait_for_spoke"
2142.024395	0.0014949999999771535	states										"      state_name
id              
18  error_state1"
2142.02589	3.0010000000002037	states										"     state_name
id             
19  error_state"
2145.02689	0.0009999999997489795	states										"        state_name
id                
30  clean_up_state"
2145.028394	23.124002999999902	trials	1.0	1.0	1.0			0.0	0.0	r	1.0	
2145.028394	23.124002999999902	states										"   state_name
id           
0     state_0"
2145.028394	0.016004999999950087	states										"          state_name
id                  
1   sending_trialnum"
2145.044399	0.009491000000252825	states										"           state_name
id                   
3   clean_sound_state"
2145.05389	0.0009999999997489795	states										"   state_name
id           
4         iti"
2145.05489	0.42849999999998545	states										"         state_name
id                 
6   wait_for_cpoke1"
2145.48339	0.0015000000003055902	states										"             state_name
id                     
8   play_stimulus_sound"
2145.48489	1.456499999999778	states										"   state_name
id           
9      cpoke1"
2146.94139	0.20101900000008754	states										"        state_name
id                
12  temp_violation"
2147.142409	0.6309809999997924	states										"         state_name
id                 
6   wait_for_cpoke1"
2147.77339	0.0015000000003055902	states										"             state_name
id                     
8   play_stimulus_sound"
2147.77489	1.168999999999869	states										"   state_name
id           
9      cpoke1"
2148.94389	0.2010059999997793	states										"        state_name
id                
12  temp_violation"
2149.144896	0.0014950000004319008	states										"             state_name
id                     
8   play_stimulus_sound"
2149.146391	0.2540059999996629	states										"   state_name
id           
9      cpoke1"
2149.400397	0.20099299999992581	states										"        state_name
id                
12  temp_violation"
2149.60139	6.464500000000044	states										"         state_name
id                 
6   wait_for_cpoke1"
2156.06589	0.0015000000003055902	states										"             state_name
id                     
8   play_stimulus_sound"
2156.06739	0.053003999999873486	states										"   state_name
id           
9      cpoke1"
2156.120394	0.20100499999989552	states										"        state_name
id                
12  temp_violation"
2156.321399	0.0014909999999872525	states										"             state_name
id                     
8   play_stimulus_sound"
2156.32289	1.6489999999998872	states										"   state_name
id           
9      cpoke1"
2157.97189	0.20101500000009764	states										"        state_name
id                
12  temp_violation"
2158.172905	0.0014890000002196757	states										"             state_name
id                     
8   play_stimulus_sound"
2158.174394	0.13400299999966592	states										"   state_name
id           
9      cpoke1"
2158.308397	0.20099300000038056	states										"        state_name
id                
12  temp_violation"
2158.50939	1.1534999999998945	states										"         state_name
id                 
6   wait_for_cpoke1"
2159.66289	0.001506000000063068	states										"             state_name
id                     
8   play_stimulus_sound"
2159.664396	2.000011000000086	states										"   state_name
id           
9      cpoke1"
2161.664407	0.010991999999987456	states										"           state_name
id                   
13  center_2_side_gap"
2161.675399	0.4740009999995891	states										"        state_name
id                
17  wait_for_spoke"
2162.1494	0.0004900000003544847	states										"      state_name
id              
23  right_reward"
2162.14989	2.0	states										"   state_name
id           
24  hit_state"
2164.14989	3.000518999999713	states										"          state_name
id                  
29  soft_drink_state"
2167.150409	1.000981000000138	states										"   state_name
id           
26    warning"
2168.15139	0.001006999999844993	states										"        state_name
id                
30  clean_up_state"
2168.15289	5.7210150000000795	trials	0.0	0.0	1.0	1.3000000000001088	0.0	0.0	0.0	r	1.0	
2168.15289	5.7210150000000795	states										"   state_name
id           
0     state_0"
2168.15289	0.0160040000000663	states										"          state_name
id                  
1   sending_trialnum"
2168.168894	0.009501999999883992	states										"           state_name
id                   
3   clean_sound_state"
2168.178396	0.0015090000001691806	states										"   state_name
id           
4         iti"
2168.179905	0.0559849999999642	states										"         state_name
id                 
6   wait_for_cpoke1"
2168.23589	0.0014999999998508429	states										"             state_name
id                     
8   play_stimulus_sound"
2168.23739	2.0	states										"   state_name
id           
9      cpoke1"
2170.23739	0.011500000000069122	states										"           state_name
id                   
13  center_2_side_gap"
2170.24889	0.6210150000001704	states										"        state_name
id                
17  wait_for_spoke"
2170.869905	0.0014849999997750274	states										"      state_name
id              
18  error_state1"
2170.87139	3.0015050000001793	states										"     state_name
id             
19  error_state"
2173.872895	0.0010099999999511056	states										"        state_name
id                
30  clean_up_state"
2173.874403	12.528487000000041	trials	1.0	1.0	2.0			0.0	0.0	r	2.0	
2173.874403	12.528487000000041	states										"   state_name
id           
0     state_0"
2173.874403	0.015992999999980384	states										"          state_name
id                  
1   sending_trialnum"
2173.890396	0.009499000000232627	states										"           state_name
id                   
3   clean_sound_state"
2173.899895	0.0010099999999511056	states										"   state_name
id           
4         iti"
2173.900905	2.093984999999975	states										"         state_name
id                 
6   wait_for_cpoke1"
2175.99489	0.001518000000032771	states										"             state_name
id                     
8   play_stimulus_sound"
2175.996408	0.14299799999980678	states										"   state_name
id           
9      cpoke1"
2176.139406	0.20100600000023405	states										"        state_name
id                
12  temp_violation"
2176.340412	1.2724779999998646	states										"         state_name
id                 
6   wait_for_cpoke1"
2177.61289	0.0015050000001792796	states										"             state_name
id                     
8   play_stimulus_sound"
2177.614395	2.000000999999884	states										"   state_name
id           
9      cpoke1"
2179.614396	0.011493999999856896	states										"           state_name
id                   
13  center_2_side_gap"
2179.62589	0.7735000000002401	states										"        state_name
id                
17  wait_for_spoke"
2180.39939	0.0005000000001018634	states										"      state_name
id              
23  right_reward"
2180.39989	2.000503999999637	states										"   state_name
id           
24  hit_state"
2182.400394	3.000496000000112	states										"          state_name
id                  
29  soft_drink_state"
2185.40089	1.0010000000002037	states										"   state_name
id           
26    warning"
2186.40189	0.0009999999997489795	states										"        state_name
id                
30  clean_up_state"
2186.40339	12.18701400000009	trials	1.0	1.0	-2.0			0.0	0.0	l	-2.0	
2186.40339	12.18701400000009	states										"   state_name
id           
0     state_0"
2186.40339	0.016000000000076398	states										"          state_name
id                  
1   sending_trialnum"
2186.41939	0.00951500000019223	states										"           state_name
id                   
3   clean_sound_state"
2186.428905	0.0014929999997548293	states										"   state_name
id           
4         iti"
2186.430398	0.005492000000231201	states										"         state_name
id                 
6   wait_for_cpoke1"
2186.43589	0.0014999999998508429	states										"             state_name
id                     
8   play_stimulus_sound"
2186.43739	1.938499999999749	states										"   state_name
id           
9      cpoke1"
2188.37589	0.20100000000002183	states										"        state_name
id                
12  temp_violation"
2188.57689	0.0015080000002853922	states										"             state_name
id                     
8   play_stimulus_sound"
2188.578398	0.1069919999999911	states										"   state_name
id           
9      cpoke1"
2188.68539	0.20100300000012794	states										"        state_name
id                
12  temp_violation"
2188.886393	0.9814969999997629	states										"         state_name
id                 
6   wait_for_cpoke1"
2189.86789	0.0014999999998508429	states										"             state_name
id                     
8   play_stimulus_sound"
2189.86939	0.3275000000003274	states										"   state_name
id           
9      cpoke1"
2190.19689	0.20100000000002183	states										"        state_name
id                
12  temp_violation"
2190.39789	0.0014999999998508429	states										"             state_name
id                     
8   play_stimulus_sound"
2190.39939	2.0	states										"   state_name
id           
9      cpoke1"
2192.39939	0.011500000000069122	states										"           state_name
id                   
13  center_2_side_gap"
2192.41089	0.45299999999997453	states										"        state_name
id                
17  wait_for_spoke"
2192.86389	0.0005089999999654538	states										"     state_name
id             
22  left_reward"
2192.864399	2.000000999999884	states										"   state_name
id           
24  hit_state"
2194.8644	2.7245050000001356	states										"          state_name
id                  
29  soft_drink_state"
2197.588905	1.000485000000026	states										"   state_name
id           
26    warning"
2198.58939	0.0010139999999410065	states										"        state_name
id                
30  clean_up_state"
2198.59089	15.693000000000211	trials	1.0	1.0	2.0			0.0	0.0	r	2.0	
2198.59089	15.693000000000211	states										"   state_name
id           
0     state_0"
2198.59089	0.016000000000076398	states										"          state_name
id                  
1   sending_trialnum"
2198.60689	0.00950299999976778	states										"           state_name
id                   
3   clean_sound_state"
2198.616393	0.0015120000002752931	states										"   state_name
id           
4         iti"
2198.617905	6.988495999999941	states										"         state_name
id                 
6   wait_for_cpoke1"
2205.606401	0.0015050000001792796	states										"             state_name
id                     
8   play_stimulus_sound"
2205.607906	0.47698399999990215	states										"   state_name
id           
9      cpoke1"
2206.08489	0.20100000000002183	states										"        state_name
id                
12  temp_violation"
2206.28589	0.0014999999998508429	states										"             state_name
id                     
8   play_stimulus_sound"
2206.28739	2.0	states										"   state_name
id           
9      cpoke1"
2208.28739	0.011008999999830849	states										"           state_name
id                   
13  center_2_side_gap"
2208.298399	0.33649100000002363	states										"        state_name
id                
17  wait_for_spoke"
2208.63489	0.0005049999999755528	states										"      state_name
id              
23  right_reward"
2208.635395	2.000495000000228	states										"   state_name
id           
24  hit_state"
2210.63589	2.646513000000141	states										"          state_name
id                  
29  soft_drink_state"
2213.282403	1.0005019999998694	states										"   state_name
id           
26    warning"
2214.282905	0.0009850000001279113	states										"        state_name
id                
30  clean_up_state"
2214.284396	6.153494000000137	trials	0.0	0.0	1.0	1.3000000000001088	0.0	0.0	0.0	r	1.0	
2214.284396	6.153494000000137	states										"   state_name
id           
0     state_0"
2214.284396	0.01599900000019261	states										"          state_name
id                  
1   sending_trialnum"
2214.300395	0.009494999999787979	states										"           state_name
id                   
3   clean_sound_state"
2214.30989	0.0010000000002037268	states										"   state_name
id           
4         iti"
2214.31089	0.482499999999618	states										"         state_name
id                 
6   wait_for_cpoke1"
2214.79339	0.0015000000003055902	states										"             state_name
id                     
8   play_stimulus_sound"
2214.79489	2.0	states										"   state_name
id           
9      cpoke1"
2216.79489	0.011501999999836698	states										"           state_name
id                   
13  center_2_side_gap"
2216.806392	0.6280050000000301	states										"        state_name
id                
17  wait_for_spoke"
2217.434397	0.0014930000002095767	states										"      state_name
id              
18  error_state1"
2217.43589	3.000999999999749	states										"     state_name
id             
19  error_state"
2220.43689	0.0010000000002037268	states										"        state_name
id                
30  clean_up_state"
2220.438394	17.70100100000036	trials	0.0	1.0	2.0			0.0	0.0	r	2.0	
2220.438394	17.70100100000036	states										"   state_name
id           
0     state_0"
2220.438394	0.016000000000076398	states										"          state_name
id                  
1   sending_trialnum"
2220.454394	0.009496000000126514	states										"           state_name
id                   
3   clean_sound_state"
2220.46389	0.0010000000002037268	states										"   state_name
id           
4         iti"
2220.46489	1.6984999999999673	states										"         state_name
id                 
6   wait_for_cpoke1"
2222.16339	0.0015009999997346313	states										"             state_name
id                     
8   play_stimulus_sound"
2222.164891	1.9739990000002763	states										"   state_name
id           
9      cpoke1"
2224.13889	0.20100000000002183	states										"        state_name
id                
12  temp_violation"
2224.33989	0.7974999999996726	states										"         state_name
id                 
6   wait_for_cpoke1"
2225.13739	0.0015000000003055902	states										"             state_name
id                     
8   play_stimulus_sound"
2225.13889	1.80600000000004	states										"   state_name
id           
9      cpoke1"
2226.94489	0.20099999999956708	states										"        state_name
id                
12  temp_violation"
2227.14589	0.0015000000003055902	states										"             state_name
id                     
8   play_stimulus_sound"
2227.14739	0.569007000000056	states										"   state_name
id           
9      cpoke1"
2227.716397	0.2009979999997995	states										"        state_name
id                
12  temp_violation"
2227.917395	0.49100399999997535	states										"         state_name
id                 
6   wait_for_cpoke1"
2228.408399	0.0014909999999872525	states										"             state_name
id                     
8   play_stimulus_sound"
2228.40989	0.5415000000002692	states										"   state_name
id           
9      cpoke1"
2228.95139	0.2010059999997793	states										"        state_name
id                
12  temp_violation"
2229.152396	2.071494000000257	states										"         state_name
id                 
6   wait_for_cpoke1"
2231.22389	0.0014999999998508429	states										"             state_name
id                     
8   play_stimulus_sound"
2231.22539	0.05350499999985914	states										"   state_name
id           
9      cpoke1"
2231.278895	0.20099500000014814	states										"        state_name
id                
12  temp_violation"
2231.47989	0.5650000000000546	states										"         state_name
id                 
6   wait_for_cpoke1"
2232.04489	0.0015079999998306448	states										"             state_name
id                     
8   play_stimulus_sound"
2232.046398	0.2669919999998456	states										"   state_name
id           
9      cpoke1"
2232.31339	0.20100100000036036	states										"        state_name
id                
12  temp_violation"
2232.514391	0.0015039999998407438	states										"             state_name
id                     
8   play_stimulus_sound"
2232.515895	2.0004969999999958	states										"   state_name
id           
9      cpoke1"
2234.516392	0.011497999999846797	states										"           state_name
id                   
13  center_2_side_gap"
2234.52789	0.6080000000001746	states										"        state_name
id                
17  wait_for_spoke"
2235.13589	0.0014999999998508429	states										"      state_name
id              
18  error_state1"
2235.13739	3.0010070000002997	states										"     state_name
id             
19  error_state"
2238.138397	0.0009979999999814027	states										"        state_name
id                
30  clean_up_state"
2238.139905	9.19148499999983	trials	1.0	1.0	1.0			0.0	0.0	r	1.0	
2238.139905	9.19148499999983	states										"   state_name
id           
0     state_0"
2238.139905	0.016000000000076398	states										"          state_name
id                  
1   sending_trialnum"
2238.155905	0.0094850000000406	states										"           state_name
id                   
3   clean_sound_state"
2238.16539	0.0010059999999612046	states										"   state_name
id           
4         iti"
2238.166396	0.15950900000007096	states										"         state_name
id                 
6   wait_for_cpoke1"
2238.325905	0.0014849999997750274	states										"             state_name
id                     
8   play_stimulus_sound"
2238.32739	0.2310090000000855	states										"   state_name
id           
9      cpoke1"
2238.558399	0.20099100000015824	states										"        state_name
id                
12  temp_violation"
2238.75939	0.0014999999998508429	states										"             state_name
id                     
8   play_stimulus_sound"
2238.76089	2.0	states										"   state_name
id           
9      cpoke1"
2240.76089	0.01150099999995291	states										"           state_name
id                   
13  center_2_side_gap"
2240.772391	0.5560089999999036	states										"        state_name
id                
17  wait_for_spoke"
2241.3284	0.0004899999998997373	states										"      state_name
id              
23  right_reward"
2241.32889	2.000500000000102	states										"   state_name
id           
24  hit_state"
2243.32939	3.000500000000102	states										"          state_name
id                  
29  soft_drink_state"
2246.32989	1.0005059999998593	states										"   state_name
id           
26    warning"
2247.330396	0.0009939999999915017	states										"        state_name
id                
30  clean_up_state"
2247.331895	9.292509000000337	trials	1.0	0.0	1.0	1.3000000000001088	0.0	0.0	0.0	r	1.0	
2247.331895	9.292509000000337	states										"   state_name
id           
0     state_0"
2247.331895	0.015995000000202708	states										"          state_name
id                  
1   sending_trialnum"
2247.34789	0.009500000000116415	states										"           state_name
id                   
3   clean_sound_state"
2247.35739	0.0010059999999612046	states										"   state_name
id           
4         iti"
2247.358396	0.2094939999997223	states										"         state_name
id                 
6   wait_for_cpoke1"
2247.56789	0.0015000000003055902	states										"             state_name
id                     
8   play_stimulus_sound"
2247.56939	2.0	states										"   state_name
id           
9      cpoke1"
2249.56939	0.011008999999830849	states										"           state_name
id                   
13  center_2_side_gap"
2249.580399	1.0410059999999248	states										"        state_name
id                
17  wait_for_spoke"
2250.621405	0.0005009999999856518	states										"      state_name
id              
23  right_reward"
2250.621906	2.000489000000016	states										"   state_name
id           
24  hit_state"
2252.622395	3.000495000000228	states										"          state_name
id                  
29  soft_drink_state"
2255.62289	1.0005160000000615	states										"   state_name
id           
26    warning"
2256.623406	0.0009979999999814027	states										"        state_name
id                
30  clean_up_state"
2256.62489	12.473505999999816	trials	1.0	1.0	1.0			0.0	0.0	r	1.0	
2256.62489	12.473505999999816	states										"   state_name
id           
0     state_0"
2256.62489	0.016000000000076398	states										"          state_name
id                  
1   sending_trialnum"
2256.64089	0.009508999999980006	states										"           state_name
id                   
3   clean_sound_state"
2256.650399	0.0014909999999872525	states										"   state_name
id           
4         iti"
2256.65189	1.6739999999999782	states										"         state_name
id                 
6   wait_for_cpoke1"
2258.32589	0.0015159999998104468	states										"             state_name
id                     
8   play_stimulus_sound"
2258.327406	0.39548400000012407	states										"   state_name
id           
9      cpoke1"
2258.72289	0.20101500000009764	states										"        state_name
id                
12  temp_violation"
2258.923905	0.03550099999984013	states										"         state_name
id                 
6   wait_for_cpoke1"
2258.959406	0.001483999999891239	states										"             state_name
id                     
8   play_stimulus_sound"
2258.96089	0.3815050000002884	states										"   state_name
id           
9      cpoke1"
2259.342395	0.2010099999997692	states										"        state_name
id                
12  temp_violation"
2259.543405	1.1044850000002953	states										"         state_name
id                 
6   wait_for_cpoke1"
2260.64789	0.0014999999998508429	states										"             state_name
id                     
8   play_stimulus_sound"
2260.64939	2.0	states										"   state_name
id           
9      cpoke1"
2262.64939	0.01100799999994706	states										"           state_name
id                   
13  center_2_side_gap"
2262.660398	0.4344930000002023	states										"        state_name
id                
17  wait_for_spoke"
2263.094891	0.0005149999997229315	states										"      state_name
id              
23  right_reward"
2263.095406	2.0004840000001423	states										"   state_name
id           
24  hit_state"
2265.09589	3.000506999999743	states										"          state_name
id                  
29  soft_drink_state"
2268.096397	1.0009930000001077	states										"   state_name
id           
26    warning"
2269.09739	0.0010059999999612046	states										"        state_name
id                
30  clean_up_state"
2269.09889	8.936499999999796	trials	1.0	0.0	2.0	1.300006000000321	0.0	0.0	0.0	r	2.0	
2269.09889	8.936499999999796	states										"   state_name
id           
0     state_0"
2269.09889	0.01599999999962165	states										"          state_name
id                  
1   sending_trialnum"
2269.11489	0.009510000000318541	states										"           state_name
id                   
3   clean_sound_state"
2269.1244	0.0010059999999612046	states										"   state_name
id           
4         iti"
2269.125406	0.7114990000000034	states										"         state_name
id                 
6   wait_for_cpoke1"
2269.836905	0.0014889999997649284	states										"             state_name
id                     
8   play_stimulus_sound"
2269.838394	2.0000060000002122	states										"   state_name
id           
9      cpoke1"
2271.8384	0.011489999999866995	states										"           state_name
id                   
13  center_2_side_gap"
2271.84989	0.7989999999999782	states										"        state_name
id                
17  wait_for_spoke"
2272.64889	0.0005000000001018634	states										"      state_name
id              
23  right_reward"
2272.64939	2.000500000000102	states										"   state_name
id           
24  hit_state"
2274.64989	2.3835049999997864	states										"          state_name
id                  
29  soft_drink_state"
2277.033395	1.001009999999951	states										"   state_name
id           
26    warning"
2278.034405	0.0009850000001279113	states										"        state_name
id                
30  clean_up_state"
2278.03589	25.27599999999984	trials	0.0	1.0	-1.0			0.0	0.0	l	-1.0	
2278.03589	25.27599999999984	states										"   state_name
id           
0     state_0"
2278.03589	0.016000000000076398	states										"          state_name
id                  
1   sending_trialnum"
2278.05189	0.009499999999661668	states										"           state_name
id                   
3   clean_sound_state"
2278.06139	0.0010030000003098394	states										"   state_name
id           
4         iti"
2278.062393	5.456496999999672	states										"         state_name
id                 
6   wait_for_cpoke1"
2283.51889	0.0015029999999569554	states										"             state_name
id                     
8   play_stimulus_sound"
2283.520393	0.5694970000004105	states										"   state_name
id           
9      cpoke1"
2284.08989	0.20100000000002183	states										"        state_name
id                
12  temp_violation"
2284.29089	0.0015059999996083206	states										"             state_name
id                     
8   play_stimulus_sound"
2284.292396	1.5015090000001692	states										"   state_name
id           
9      cpoke1"
2285.793905	0.20100000000002183	states										"        state_name
id                
12  temp_violation"
2285.994905	0.0014889999997649284	states										"             state_name
id                     
8   play_stimulus_sound"
2285.996394	0.16399799999999232	states										"   state_name
id           
9      cpoke1"
2286.160392	0.20099800000025425	states										"        state_name
id                
12  temp_violation"
2286.36139	1.0810080000001108	states										"         state_name
id                 
6   wait_for_cpoke1"
2287.442398	0.0014969999997447303	states										"             state_name
id                     
8   play_stimulus_sound"
2287.443895	0.07200000000011642	states										"   state_name
id           
9      cpoke1"
2287.515895	0.20099500000014814	states										"        state_name
id                
12  temp_violation"
2287.71689	0.0015029999999569554	states										"             state_name
id                     
8   play_stimulus_sound"
2287.718393	1.8360059999999976	states										"   state_name
id           
9      cpoke1"
2289.554399	0.2009909999997035	states										"        state_name
id                
12  temp_violation"
2289.75539	0.0015000000003055902	states										"             state_name
id                     
8   play_stimulus_sound"
2289.75689	1.587999999999738	states										"   state_name
id           
9      cpoke1"
2291.34489	0.20100000000002183	states										"        state_name
id                
12  temp_violation"
2291.54589	0.0015000000003055902	states										"             state_name
id                     
8   play_stimulus_sound"
2291.54739	0.1415009999996073	states										"   state_name
id           
9      cpoke1"
2291.688891	0.20100400000001173	states										"        state_name
id                
12  temp_violation"
2291.889895	5.132000000000062	states										"         state_name
id                 
6   wait_for_cpoke1"
2297.021895	0.001506000000063068	states										"             state_name
id                     
8   play_stimulus_sound"
2297.023401	0.0879890000001069	states										"   state_name
id           
9      cpoke1"
2297.11139	0.2010059999997793	states										"        state_name
id                
12  temp_violation"
2297.312396	0.40099400000008245	states										"         state_name
id                 
6   wait_for_cpoke1"
2297.71339	0.0015000000003055902	states										"             state_name
id                     
8   play_stimulus_sound"
2297.71489	2.000014999999621	states										"   state_name
id           
9      cpoke1"
2299.714905	0.01099000000021988	states										"           state_name
id                   
13  center_2_side_gap"
2299.725895	0.5825009999998656	states										"        state_name
id                
17  wait_for_spoke"
2300.308396	0.0015090000001691806	states										"      state_name
id              
18  error_state1"
2300.309905	3.000985000000128	states										"     state_name
id             
19  error_state"
2303.31089	0.0009999999997489795	states										"        state_name
id                
30  clean_up_state"
2303.312394	7.7724960000000465	trials	1.0	0.0	-2.0	1.3005130000000642	0.0	0.0	0.0	l	-2.0	
2303.312394	7.7724960000000465	states										"   state_name
id           
0     state_0"
2303.312394	0.016000999999960186	states										"          state_name
id                  
1   sending_trialnum"
2303.328395	0.009494999999787979	states										"           state_name
id                   
3   clean_sound_state"
2303.33789	0.0010010000000875152	states										"   state_name
id           
4         iti"
2303.338891	0.8944989999999962	states										"         state_name
id                 
6   wait_for_cpoke1"
2304.23339	0.001502000000073167	states										"             state_name
id                     
8   play_stimulus_sound"
2304.234892	2.0005129999999554	states										"   state_name
id           
9      cpoke1"
2306.235405	0.011484999999993306	states										"           state_name
id                   
13  center_2_side_gap"
2306.24689	0.13400000000001455	states										"        state_name
id                
17  wait_for_spoke"
2306.38089	0.0005000000001018634	states										"     state_name
id             
22  left_reward"
2306.38139	2.0	states										"   state_name
id           
24  hit_state"
2308.38139	1.7015049999999974	states										"          state_name
id                  
29  soft_drink_state"
2310.082895	1.0009949999998753	states										"   state_name
id           
26    warning"
2311.08389	0.0010000000002037268	states										"        state_name
id                
30  clean_up_state"
2311.08539	6.162499999999909	trials	0.0	1.0	2.0			0.0	0.0	r	2.0	
2311.08539	6.162499999999909	states										"   state_name
id           
0     state_0"
2311.08539	0.01599999999962165	states										"          state_name
id                  
1   sending_trialnum"
2311.10139	0.009500000000116415	states										"           state_name
id                   
3   clean_sound_state"
2311.11089	0.0015109999999367574	states										"   state_name
id           
4         iti"
2311.112401	0.23748900000009598	states										"         state_name
id                 
6   wait_for_cpoke1"
2311.34989	0.0014999999998508429	states										"             state_name
id                     
8   play_stimulus_sound"
2311.35139	0.3205000000002656	states										"   state_name
id           
9      cpoke1"
2311.67189	0.20100000000002183	states										"        state_name
id                
12  temp_violation"
2311.87289	0.0015069999999468564	states										"             state_name
id                     
8   play_stimulus_sound"
2311.874397	2.0	states										"   state_name
id           
9      cpoke1"
2313.874397	0.011497999999846797	states										"           state_name
id                   
13  center_2_side_gap"
2313.885895	0.35850299999992785	states										"        state_name
id                
17  wait_for_spoke"
2314.244398	0.0014970000001994777	states										"      state_name
id              
18  error_state1"
2314.245895	3.0009949999998753	states										"     state_name
id             
19  error_state"
2317.24689	0.0010000000002037268	states										"        state_name
id                
30  clean_up_state"
2317.2484	5.526006000000052	trials	0.0	0.0	2.0	1.3000000000001088	0.0	0.0	0.0	r	2.0	
2317.2484	5.526006000000052	states										"   state_name
id           
0     state_0"
2317.2484	0.016000000000076398	states										"          state_name
id                  
1   sending_trialnum"
2317.2644	0.00948999999991429	states										"           state_name
id                   
3   clean_sound_state"
2317.27389	0.0010000000002037268	states										"   state_name
id           
4         iti"
2317.27489	0.07550599999967744	states										"         state_name
id                 
6   wait_for_cpoke1"
2317.350396	0.001494000000093365	states										"             state_name
id                     
8   play_stimulus_sound"
2317.35189	2.0	states										"   state_name
id           
9      cpoke1"
2319.35189	0.010999999999967258	states										"           state_name
id                   
13  center_2_side_gap"
2319.36289	0.40750800000023446	states										"        state_name
id                
17  wait_for_spoke"
2319.770398	0.0015069999999468564	states										"      state_name
id              
18  error_state1"
2319.771905	3.0015009999997346	states										"     state_name
id             
19  error_state"
2322.773406	0.0010000000002037268	states										"        state_name
id                
30  clean_up_state"
2322.77489	5.793505999999979	trials	0.0	0.0	2.0	1.299999000000225	0.0	0.0	0.0	r	2.0	
2322.77489	5.793505999999979	states										"   state_name
id           
0     state_0"
2322.77489	0.016014999999697466	states										"          state_name
id                  
1   sending_trialnum"
2322.790905	0.009492000000136613	states										"           state_name
id                   
3   clean_sound_state"
2322.800397	0.0014930000002095767	states										"   state_name
id           
4         iti"
2322.80189	0.3009999999999309	states										"         state_name
id                 
6   wait_for_cpoke1"
2323.10289	0.0015069999999468564	states										"             state_name
id                     
8   play_stimulus_sound"
2323.104397	1.9999990000001162	states										"   state_name
id           
9      cpoke1"
2325.104396	0.010993999999755033	states										"           state_name
id                   
13  center_2_side_gap"
2325.11539	0.4495150000002468	states										"        state_name
id                
17  wait_for_spoke"
2325.564905	0.00148799999988114	states										"      state_name
id              
18  error_state1"
2325.566393	3.0009970000000976	states										"     state_name
id             
19  error_state"
2328.56739	0.0010059999999612046	states										"        state_name
id                
30  clean_up_state"
2328.568905	12.531486999999743	trials	1.0	1.0	1.0			0.0	0.0	r	1.0	
2328.568905	12.531486999999743	states										"   state_name
id           
0     state_0"
2328.568905	0.015985000000000582	states										"          state_name
id                  
1   sending_trialnum"
2328.58489	0.009504000000106316	states										"           state_name
id                   
3   clean_sound_state"
2328.594394	0.0010009999996327679	states										"   state_name
id           
4         iti"
2328.595395	3.1744950000002063	states										"         state_name
id                 
6   wait_for_cpoke1"
2331.76989	0.0015159999998104468	states										"             state_name
id                     
8   play_stimulus_sound"
2331.771406	0.7364840000000186	states										"   state_name
id           
9      cpoke1"
2332.50789	0.20101599999998143	states										"        state_name
id                
12  temp_violation"
2332.708906	0.0014860000001135631	states										"             state_name
id                     
8   play_stimulus_sound"
2332.710392	2.0000199999999495	states										"   state_name
id           
9      cpoke1"
2334.710412	0.011477999999897293	states										"           state_name
id                   
13  center_2_side_gap"
2334.72189	0.37550000000010186	states										"        state_name
id                
17  wait_for_spoke"
2335.09739	0.0005000000001018634	states										"      state_name
id              
23  right_reward"
2335.09789	2.0005040000000918	states										"   state_name
id           
24  hit_state"
2337.098394	3.000510999999733	states										"          state_name
id                  
29  soft_drink_state"
2340.098905	1.000485000000026	states										"   state_name
id           
26    warning"
2341.09939	0.0010019999999713036	states										"        state_name
id                
30  clean_up_state"
2341.10089	7.840499999999793	trials	1.0	0.0	1.0	1.3000009999999926	0.0	0.0	0.0	r	1.0	
2341.10089	7.840499999999793	states										"   state_name
id           
0     state_0"
2341.10089	0.01599999999962165	states										"          state_name
id                  
1   sending_trialnum"
2341.11689	0.009509000000434753	states										"           state_name
id                   
3   clean_sound_state"
2341.126399	0.0014909999999872525	states										"   state_name
id           
4         iti"
2341.12789	0.22949999999991633	states										"         state_name
id                 
6   wait_for_cpoke1"
2341.35739	0.0014999999998508429	states										"             state_name
id                     
8   play_stimulus_sound"
2341.35889	2.000000999999884	states										"   state_name
id           
9      cpoke1"
2343.358891	0.011508000000048924	states										"           state_name
id                   
13  center_2_side_gap"
2343.370399	0.5710010000002512	states										"        state_name
id                
17  wait_for_spoke"
2343.9414	0.0004899999998997373	states										"      state_name
id              
23  right_reward"
2343.94189	2.000015000000076	states										"   state_name
id           
24  hit_state"
2345.941905	1.9975009999998292	states										"          state_name
id                  
29  soft_drink_state"
2347.939406	1.0009900000000016	states										"   state_name
id           
26    warning"
2348.940396	0.0009939999999915017	states										"        state_name
id                
30  clean_up_state"
2348.94189	8.865006999999878	trials	1.0	0.0	2.0	1.3000000000001088	0.0	0.0	0.0	r	2.0	
2348.94189	8.865006999999878	states										"   state_name
id           
0     state_0"
2348.94189	0.016000000000076398	states										"          state_name
id                  
1   sending_trialnum"
2348.95789	0.009499999999661668	states										"           state_name
id                   
3   clean_sound_state"
2348.96739	0.0010150000002795423	states										"   state_name
id           
4         iti"
2348.968405	0.24948499999982232	states										"         state_name
id                 
6   wait_for_cpoke1"
2349.21789	0.0015000000003055902	states										"             state_name
id                     
8   play_stimulus_sound"
2349.21939	2.0	states										"   state_name
id           
9      cpoke1"
2351.21939	0.011006999999608524	states										"           state_name
id                   
13  center_2_side_gap"
2351.230397	0.5734980000001997	states										"        state_name
id                
17  wait_for_spoke"
2351.803895	0.0004979999998795392	states										"      state_name
id              
23  right_reward"
2351.804393	2.0000090000003183	states										"   state_name
id           
24  hit_state"
2353.804402	3.0004879999996774	states										"          state_name
id                  
29  soft_drink_state"
2356.80489	1.0010000000002037	states										"   state_name
id           
26    warning"
2357.80589	0.001006999999844993	states										"        state_name
id                
30  clean_up_state"
2357.807399	14.570995000000039	trials	1.0	1.0	1.0			0.0	0.0	r	1.0	
2357.807399	14.570995000000039	states										"   state_name
id           
0     state_0"
2357.807399	0.01600700000017241	states										"          state_name
id                  
1   sending_trialnum"
2357.823406	0.009484000000156811	states										"           state_name
id                   
3   clean_sound_state"
2357.83289	0.001014999999824795	states										"   state_name
id           
4         iti"
2357.833905	2.526984999999968	states										"         state_name
id                 
6   wait_for_cpoke1"
2360.36089	0.0015050000001792796	states										"             state_name
id                     
8   play_stimulus_sound"
2360.362395	1.940494999999828	states										"   state_name
id           
9      cpoke1"
2362.30289	0.20100000000002183	states										"        state_name
id                
12  temp_violation"
2362.50389	0.0015050000001792796	states										"             state_name
id                     
8   play_stimulus_sound"
2362.505395	0.026495000000068103	states										"   state_name
id           
9      cpoke1"
2362.53189	0.20100000000002183	states										"        state_name
id                
12  temp_violation"
2362.73289	1.0029999999997017	states										"         state_name
id                 
6   wait_for_cpoke1"
2363.73589	0.0015149999999266583	states										"             state_name
id                     
8   play_stimulus_sound"
2363.737405	2.000500000000102	states										"   state_name
id           
9      cpoke1"
2365.737905	0.011484999999993306	states										"           state_name
id                   
13  center_2_side_gap"
2365.74939	0.6255150000001777	states										"        state_name
id                
17  wait_for_spoke"
2366.374905	0.0004939999998896383	states										"      state_name
id              
23  right_reward"
2366.375399	2.0004909999997835	states										"   state_name
id           
24  hit_state"
2368.37589	3.000506000000314	states										"          state_name
id                  
29  soft_drink_state"
2371.376396	1.0009939999999915	states										"   state_name
id           
26    warning"
2372.37739	0.0010039999997388804	states										"        state_name
id                
30  clean_up_state"
2372.37889	7.912499999999909	trials	1.0	1.0	-1.0			0.0	0.0	l	-1.0	
2372.37889	7.912499999999909	states										"   state_name
id           
0     state_0"
2372.37889	0.016000000000076398	states										"          state_name
id                  
1   sending_trialnum"
2372.39489	0.009512000000086118	states										"           state_name
id                   
3   clean_sound_state"
2372.404402	0.00148799999988114	states										"   state_name
id           
4         iti"
2372.40589	0.7689999999997781	states										"         state_name
id                 
6   wait_for_cpoke1"
2373.17489	0.0015070000004016038	states										"             state_name
id                     
8   play_stimulus_sound"
2373.176397	0.3669929999996384	states										"   state_name
id           
9      cpoke1"
2373.54339	0.20100100000036036	states										"        state_name
id                
12  temp_violation"
2373.744391	0.0015039999998407438	states										"             state_name
id                     
8   play_stimulus_sound"
2373.745895	2.000011000000086	states										"   state_name
id           
9      cpoke1"
2375.745906	0.011488999999983207	states										"           state_name
id                   
13  center_2_side_gap"
2375.757395	0.5304949999999735	states										"        state_name
id                
17  wait_for_spoke"
2376.28789	0.0005069999997431296	states										"     state_name
id             
22  left_reward"
2376.288397	2.000493000000006	states										"   state_name
id           
24  hit_state"
2378.28889	1.0005000000001019	states										"          state_name
id                  
29  soft_drink_state"
2379.28939	1.0010080000001835	states										"   state_name
id           
26    warning"
2380.290398	0.0009919999997691775	states										"        state_name
id                
30  clean_up_state"
2380.291905	6.811984999999822	trials	0.0	1.0	2.0			0.0	0.0	r	2.0	
2380.291905	6.811984999999822	states										"   state_name
id           
0     state_0"
2380.291905	0.015985000000000582	states										"          state_name
id                  
1   sending_trialnum"
2380.30789	0.009500000000116415	states										"           state_name
id                   
3   clean_sound_state"
2380.31739	0.0010130000000572181	states										"   state_name
id           
4         iti"
2380.318403	0.8874869999999646	states										"         state_name
id                 
6   wait_for_cpoke1"
2381.20589	0.0015049999997245322	states										"             state_name
id                     
8   play_stimulus_sound"
2381.207395	0.049495000000206346	states										"   state_name
id           
9      cpoke1"
2381.25689	0.20100499999989552	states										"        state_name
id                
12  temp_violation"
2381.457895	0.0015039999998407438	states										"             state_name
id                     
8   play_stimulus_sound"
2381.459399	2.0000060000002122	states										"   state_name
id           
9      cpoke1"
2383.459405	0.010995999999977357	states										"           state_name
id                   
13  center_2_side_gap"
2383.470401	0.6299920000001293	states										"        state_name
id                
17  wait_for_spoke"
2384.100393	0.0014969999997447303	states										"      state_name
id              
18  error_state1"
2384.10189	3.0010000000002037	states										"     state_name
id             
19  error_state"
2387.10289	0.0009999999997489795	states										"        state_name
id                
30  clean_up_state"
2387.104393	20.197497000000112	trials	1.0	1.0	-2.0			0.0	0.0	l	-2.0	
2387.104393	20.197497000000112	states										"   state_name
id           
0     state_0"
2387.104393	0.016000000000076398	states										"          state_name
id                  
1   sending_trialnum"
2387.120393	0.009497000000010303	states										"           state_name
id                   
3   clean_sound_state"
2387.12989	0.0009999999997489795	states										"   state_name
id           
4         iti"
2387.13089	0.15250000000014552	states										"         state_name
id                 
6   wait_for_cpoke1"
2387.28339	0.0014999999998508429	states										"             state_name
id                     
8   play_stimulus_sound"
2387.28489	0.21050000000013824	states										"   state_name
id           
9      cpoke1"
2387.49539	0.20100499999989552	states										"        state_name
id                
12  temp_violation"
2387.696395	0.0014949999999771535	states										"             state_name
id                     
8   play_stimulus_sound"
2387.69789	1.8330000000000837	states										"   state_name
id           
9      cpoke1"
2389.53089	0.20100000000002183	states										"        state_name
id                
12  temp_violation"
2389.73189	0.0014999999998508429	states										"             state_name
id                     
8   play_stimulus_sound"
2389.73339	0.17950000000018917	states										"   state_name
id           
9      cpoke1"
2389.91289	0.20100000000002183	states										"        state_name
id                
12  temp_violation"
2390.11389	4.038000000000011	states										"         state_name
id                 
6   wait_for_cpoke1"
2394.15189	0.0014999999998508429	states										"             state_name
id                     
8   play_stimulus_sound"
2394.15339	0.5850040000000263	states										"   state_name
id           
9      cpoke1"
2394.738394	0.20100600000023405	states										"        state_name
id                
12  temp_violation"
2394.9394	0.0014899999996487168	states										"             state_name
id                     
8   play_stimulus_sound"
2394.94089	1.9790000000002692	states										"   state_name
id           
9      cpoke1"
2396.91989	0.20100000000002183	states										"        state_name
id                
12  temp_violation"
2397.12089	3.4739999999997053	states										"         state_name
id                 
6   wait_for_cpoke1"
2400.59489	0.001510000000052969	states										"             state_name
id                     
8   play_stimulus_sound"
2400.5964	2.0004899999998997	states										"   state_name
id           
9      cpoke1"
2402.59689	0.011506000000281347	states										"           state_name
id                   
13  center_2_side_gap"
2402.608396	0.5250099999998383	states										"        state_name
id                
17  wait_for_spoke"
2403.133406	0.0004890000000159489	states										"     state_name
id             
22  left_reward"
2403.133895	2.000499000000218	states										"   state_name
id           
24  hit_state"
2405.134394	1.1660059999999248	states										"          state_name
id                  
29  soft_drink_state"
2406.3004	1.0004949999997734	states										"   state_name
id           
26    warning"
2407.300895	0.0009950000003300374	states										"        state_name
id                
30  clean_up_state"
2407.302398	6.267492000000402	trials	0.0	1.0	2.0			0.0	0.0	r	2.0	
2407.302398	6.267492000000402	states										"   state_name
id           
0     state_0"
2407.302398	0.016001000000414933	states										"          state_name
id                  
1   sending_trialnum"
2407.318399	0.009506999999757682	states										"           state_name
id                   
3   clean_sound_state"
2407.327906	0.001483999999891239	states										"   state_name
id           
4         iti"
2407.32939	0.2670060000000376	states										"         state_name
id                 
6   wait_for_cpoke1"
2407.596396	0.001494000000093365	states										"             state_name
id                     
8   play_stimulus_sound"
2407.59789	0.23351599999978134	states										"   state_name
id           
9      cpoke1"
2407.831406	0.20099500000014814	states										"        state_name
id                
12  temp_violation"
2408.032401	0.0014890000002196757	states										"             state_name
id                     
8   play_stimulus_sound"
2408.03389	2.0	states										"   state_name
id           
9      cpoke1"
2410.03389	0.011500000000069122	states										"           state_name
id                   
13  center_2_side_gap"
2410.04539	0.521005999999943	states										"        state_name
id                
17  wait_for_spoke"
2410.566396	0.0015089999997144332	states										"      state_name
id              
18  error_state1"
2410.567905	3.000985000000128	states										"     state_name
id             
19  error_state"
2413.56889	0.0010000000002037268	states										"        state_name
id                
30  clean_up_state"
2413.570391	16.90800799999988	trials	1.0	1.0	2.0			0.0	0.0	r	2.0	
2413.570391	16.90800799999988	states										"   state_name
id           
0     state_0"
2413.570391	0.01599999999962165	states										"          state_name
id                  
1   sending_trialnum"
2413.586391	0.009499000000232627	states										"           state_name
id                   
3   clean_sound_state"
2413.59589	0.0009999999997489795	states										"   state_name
id           
4         iti"
2413.59689	0.07600100000036036	states										"         state_name
id                 
6   wait_for_cpoke1"
2413.672891	0.0015019999996184197	states										"             state_name
id                     
8   play_stimulus_sound"
2413.674393	0.1540120000004208	states										"   state_name
id           
9      cpoke1"
2413.828405	0.200984999999946	states										"        state_name
id                
12  temp_violation"
2414.02939	0.0015149999999266583	states										"             state_name
id                     
8   play_stimulus_sound"
2414.030905	1.9744849999997314	states										"   state_name
id           
9      cpoke1"
2416.00539	0.20100700000011784	states										"        state_name
id                
12  temp_violation"
2416.206397	0.0014930000002095767	states										"             state_name
id                     
8   play_stimulus_sound"
2416.20789	0.15000000000009095	states										"   state_name
id           
9      cpoke1"
2416.35789	0.20099999999956708	states										"        state_name
id                
12  temp_violation"
2416.55889	1.2780000000002474	states										"         state_name
id                 
6   wait_for_cpoke1"
2417.83689	0.0015079999998306448	states										"             state_name
id                     
8   play_stimulus_sound"
2417.838398	0.43199600000025384	states										"   state_name
id           
9      cpoke1"
2418.270394	0.20101199999999153	states										"        state_name
id                
12  temp_violation"
2418.471406	0.001483999999891239	states										"             state_name
id                     
8   play_stimulus_sound"
2418.47289	1.6515049999998155	states										"   state_name
id           
9      cpoke1"
2420.124395	0.20101100000010774	states										"        state_name
id                
12  temp_violation"
2420.325406	1.6734839999999167	states										"         state_name
id                 
6   wait_for_cpoke1"
2421.99889	0.0015069999999468564	states										"             state_name
id                     
8   play_stimulus_sound"
2422.000397	2.000493000000006	states										"   state_name
id           
9      cpoke1"
2424.00089	0.011508000000048924	states										"           state_name
id                   
13  center_2_side_gap"
2424.012398	0.462992000000213	states										"        state_name
id                
17  wait_for_spoke"
2424.47539	0.0005000000001018634	states										"      state_name
id              
23  right_reward"
2424.47589	2.000014999999621	states										"   state_name
id           
24  hit_state"
2426.475905	3.000489000000016	states										"          state_name
id                  
29  soft_drink_state"
2429.476394	1.0009960000002138	states										"   state_name
id           
26    warning"
2430.47739	0.0010090000000673172	states										"        state_name
id                
30  clean_up_state"
2430.47889	106.54649999999992	trials	1.0	1.0	1.0			0.0	0.0	r	1.0	
2430.47889	106.54649999999992	states										"   state_name
id           
0     state_0"
2430.47889	0.016000000000076398	states										"          state_name
id                  
1   sending_trialnum"
2430.49489	0.009505999999873893	states										"           state_name
id                   
3   clean_sound_state"
2430.504396	0.001494000000093365	states										"   state_name
id           
4         iti"
2430.50589	0.0019999999999527063	states										"         state_name
id                 
6   wait_for_cpoke1"
2430.50789	0.0015000000003055902	states										"             state_name
id                     
8   play_stimulus_sound"
2430.50939	1.9955039999999826	states										"   state_name
id           
9      cpoke1"
2432.504894	0.20100099999990562	states										"        state_name
id                
12  temp_violation"
2432.705895	0.0015039999998407438	states										"             state_name
id                     
8   play_stimulus_sound"
2432.707399	0.09849100000019462	states										"   state_name
id           
9      cpoke1"
2432.80589	0.20100000000002183	states										"        state_name
id                
12  temp_violation"
2433.00689	0.029500999999982014	states										"         state_name
id                 
6   wait_for_cpoke1"
2433.036391	0.0014989999999670545	states										"             state_name
id                     
8   play_stimulus_sound"
2433.03789	0.4755000000000109	states										"   state_name
id           
9      cpoke1"
2433.51339	0.2010059999997793	states										"        state_name
id                
12  temp_violation"
2433.714396	69.51499400000012	states										"         state_name
id                 
6   wait_for_cpoke1"
2503.22939	0.0014999999998508429	states										"             state_name
id                     
8   play_stimulus_sound"
2503.23089	1.5170000000002801	states										"   state_name
id           
9      cpoke1"
2504.74789	0.20100000000002183	states										"        state_name
id                
12  temp_violation"
2504.94889	1.687014999999974	states										"         state_name
id                 
6   wait_for_cpoke1"
2506.635905	0.0014849999997750274	states										"             state_name
id                     
8   play_stimulus_sound"
2506.63739	1.3370060000002013	states										"   state_name
id           
9      cpoke1"
2507.974396	0.2009939999998096	states										"        state_name
id                
12  temp_violation"
2508.17539	0.0015000000003055902	states										"             state_name
id                     
8   play_stimulus_sound"
2508.17689	0.15350599999965198	states										"   state_name
id           
9      cpoke1"
2508.330396	0.20099400000026435	states										"        state_name
id                
12  temp_violation"
2508.53139	17.306499999999687	states										"         state_name
id                 
6   wait_for_cpoke1"
2525.83789	0.0015000000003055902	states										"             state_name
id                     
8   play_stimulus_sound"
2525.83939	0.38999999999987267	states										"   state_name
id           
9      cpoke1"
2526.22939	0.20100700000011784	states										"        state_name
id                
12  temp_violation"
2526.430397	0.0014929999997548293	states										"             state_name
id                     
8   play_stimulus_sound"
2526.43189	1.9700000000002547	states										"   state_name
id           
9      cpoke1"
2528.40189	0.20100000000002183	states										"        state_name
id                
12  temp_violation"
2528.60289	0.2684999999996762	states										"         state_name
id                 
6   wait_for_cpoke1"
2528.87139	0.0015000000003055902	states										"             state_name
id                     
8   play_stimulus_sound"
2528.87289	2.0	states										"   state_name
id           
9      cpoke1"
2530.87289	0.011504000000059023	states										"           state_name
id                   
13  center_2_side_gap"
2530.884394	0.6154959999998937	states										"        state_name
id                
17  wait_for_spoke"
2531.49989	0.0005029999997532286	states										"      state_name
id              
23  right_reward"
2531.500393	2.0000010000003385	states										"   state_name
id           
24  hit_state"
2533.500394	2.5229959999996936	states										"          state_name
id                  
29  soft_drink_state"
2536.02339	1.0010030000003098	states										"   state_name
id           
26    warning"
2537.024393	0.000996999999642867	states										"        state_name
id                
30  clean_up_state"
2537.025906	9.69800000000032	trials	1.0	1.0	2.0			0.0	0.0	r	2.0	
2537.025906	9.69800000000032	states										"   state_name
id           
0     state_0"
2537.025906	0.015984000000116794	states										"          state_name
id                  
1   sending_trialnum"
2537.04189	0.009500000000116415	states										"           state_name
id                   
3   clean_sound_state"
2537.05139	0.0010050000000774162	states										"   state_name
id           
4         iti"
2537.052395	0.6834949999997662	states										"         state_name
id                 
6   wait_for_cpoke1"
2537.73589	0.001516000000265194	states										"             state_name
id                     
8   play_stimulus_sound"
2537.737406	0.26499799999965035	states										"   state_name
id           
9      cpoke1"
2538.002404	0.20098600000028455	states										"        state_name
id                
12  temp_violation"
2538.20339	0.0014999999998508429	states										"             state_name
id                     
8   play_stimulus_sound"
2538.20489	2.0	states										"   state_name
id           
9      cpoke1"
2540.20489	0.011504999999942811	states										"           state_name
id                   
13  center_2_side_gap"
2540.216395	0.605996000000232	states										"        state_name
id                
17  wait_for_spoke"
2540.822391	0.0004989999997633277	states										"      state_name
id              
23  right_reward"
2540.82289	2.000500000000102	states										"   state_name
id           
24  hit_state"
2542.82339	2.898514999999861	states										"          state_name
id                  
29  soft_drink_state"
2545.721905	1.000988000000234	states										"   state_name
id           
26    warning"
2546.722893	0.0010130000000572181	states										"        state_name
id                
30  clean_up_state"
2546.724404	20.34448599999996	trials	0.0	1.0	1.0			0.0	0.0	r	1.0	
2546.724404	20.34448599999996	states										"   state_name
id           
0     state_0"
2546.724404	0.015992000000096596	states										"          state_name
id                  
1   sending_trialnum"
2546.740396	0.00949399999990419	states										"           state_name
id                   
3   clean_sound_state"
2546.74989	0.0010019999999713036	states										"   state_name
id           
4         iti"
2546.750892	0.35849800000005416	states										"         state_name
id                 
6   wait_for_cpoke1"
2547.10939	0.0015149999999266583	states										"             state_name
id                     
8   play_stimulus_sound"
2547.110905	0.4659849999998187	states										"   state_name
id           
9      cpoke1"
2547.57689	0.20101500000009764	states										"        state_name
id                
12  temp_violation"
2547.777905	0.0014850000002297747	states										"             state_name
id                     
8   play_stimulus_sound"
2547.77939	1.7595039999996516	states										"   state_name
id           
9      cpoke1"
2549.538894	0.20101100000010774	states										"        state_name
id                
12  temp_violation"
2549.739905	0.0014850000002297747	states										"             state_name
id                     
8   play_stimulus_sound"
2549.74139	0.12199999999984357	states										"   state_name
id           
9      cpoke1"
2549.86339	0.20101000000022395	states										"        state_name
id                
12  temp_violation"
2550.0644	1.2550059999998666	states										"         state_name
id                 
6   wait_for_cpoke1"
2551.319406	0.001483999999891239	states										"             state_name
id                     
8   play_stimulus_sound"
2551.32089	1.9205000000001746	states										"   state_name
id           
9      cpoke1"
2553.24139	0.2010059999997793	states										"        state_name
id                
12  temp_violation"
2553.442396	0.001494000000093365	states										"             state_name
id                     
8   play_stimulus_sound"
2553.44389	0.07600000000002183	states										"   state_name
id           
9      cpoke1"
2553.51989	0.20100000000002183	states										"        state_name
id                
12  temp_violation"
2553.72089	1.087999999999738	states										"         state_name
id                 
6   wait_for_cpoke1"
2554.80889	0.001506000000063068	states										"             state_name
id                     
8   play_stimulus_sound"
2554.810396	0.46249400000033347	states										"   state_name
id           
9      cpoke1"
2555.27289	0.20100499999989552	states										"        state_name
id                
12  temp_violation"
2555.473895	0.0015049999997245322	states										"             state_name
id                     
8   play_stimulus_sound"
2555.4754	0.7179900000000998	states										"   state_name
id           
9      cpoke1"
2556.19339	0.20100499999989552	states										"        state_name
id                
12  temp_violation"
2556.394395	0.5509950000000572	states										"         state_name
id                 
6   wait_for_cpoke1"
2556.94539	0.0015010000001893786	states										"             state_name
id                     
8   play_stimulus_sound"
2556.946891	1.913998999999876	states										"   state_name
id           
9      cpoke1"
2558.86089	0.20100000000002183	states										"        state_name
id                
12  temp_violation"
2559.06189	2.1390049999999974	states										"         state_name
id                 
6   wait_for_cpoke1"
2561.200895	0.0014999999998508429	states										"             state_name
id                     
8   play_stimulus_sound"
2561.202395	2.0000020000002223	states										"   state_name
id           
9      cpoke1"
2563.202397	0.011492999999973108	states										"           state_name
id                   
13  center_2_side_gap"
2563.21389	0.8515000000002146	states										"        state_name
id                
17  wait_for_spoke"
2564.06539	0.0014999999998508429	states										"      state_name
id              
18  error_state1"
2564.06689	3.000999999999749	states										"     state_name
id             
19  error_state"
2567.06789	0.0010000000002037268	states										"        state_name
id                
30  clean_up_state"
2567.06939	6.475007000000005	trials	0.0	1.0	2.0			0.0	0.0	r	2.0	
2567.06939	6.475007000000005	states										"   state_name
id           
0     state_0"
2567.06939	0.016000000000076398	states										"          state_name
id                  
1   sending_trialnum"
2567.08539	0.009499999999661668	states										"           state_name
id                   
3   clean_sound_state"
2567.09489	0.0010050000000774162	states										"   state_name
id           
4         iti"
2567.095895	0.4734950000001845	states										"         state_name
id                 
6   wait_for_cpoke1"
2567.56939	0.0014999999998508429	states										"             state_name
id                     
8   play_stimulus_sound"
2567.57089	0.12801500000023225	states										"   state_name
id           
9      cpoke1"
2567.698905	0.200984999999946	states										"        state_name
id                
12  temp_violation"
2567.89989	0.0014999999998508429	states										"             state_name
id                     
8   play_stimulus_sound"
2567.90139	2.0000049999998737	states										"   state_name
id           
9      cpoke1"
2569.901395	0.011495000000195432	states										"           state_name
id                   
13  center_2_side_gap"
2569.91289	0.6275030000001607	states										"        state_name
id                
17  wait_for_spoke"
2570.540393	0.0015129999997043342	states										"      state_name
id              
18  error_state1"
2570.541906	3.0014839999998912	states										"     state_name
id             
19  error_state"
2573.54339	0.0010070000002997403	states										"        state_name
id                
30  clean_up_state"
2573.54489	7.487014999999701	trials	1.0	1.0	-2.0			0.0	0.0	l	-2.0	
2573.54489	7.487014999999701	states										"   state_name
id           
0     state_0"
2573.54489	0.016000000000076398	states										"          state_name
id                  
1   sending_trialnum"
2573.56089	0.009509999999863794	states										"           state_name
id                   
3   clean_sound_state"
2573.5704	0.0010059999999612046	states										"   state_name
id           
4         iti"
2573.571406	0.2234840000000986	states										"         state_name
id                 
6   wait_for_cpoke1"
2573.79489	0.0015049999997245322	states										"             state_name
id                     
8   play_stimulus_sound"
2573.796395	0.4439980000001924	states										"   state_name
id           
9      cpoke1"
2574.240393	0.20099699999991572	states										"        state_name
id                
12  temp_violation"
2574.44139	0.0014999999998508429	states										"             state_name
id                     
8   play_stimulus_sound"
2574.44289	2.0	states										"   state_name
id           
9      cpoke1"
2576.44289	0.011510000000271248	states										"           state_name
id                   
13  center_2_side_gap"
2576.4544	0.4079940000001443	states										"        state_name
id                
17  wait_for_spoke"
2576.862394	0.0004959999996572151	states										"     state_name
id             
22  left_reward"
2576.86289	2.000500000000102	states										"   state_name
id           
24  hit_state"
2578.86339	1.1670039999999062	states										"          state_name
id                  
29  soft_drink_state"
2580.030394	1.000496000000112	states										"   state_name
id           
26    warning"
2581.03089	0.001014999999824795	states										"        state_name
id                
30  clean_up_state"
2581.032402	6.780488000000332	trials	0.0	1.0	2.0			0.0	0.0	r	2.0	
2581.032402	6.780488000000332	states										"   state_name
id           
0     state_0"
2581.032402	0.016000000000076398	states										"          state_name
id                  
1   sending_trialnum"
2581.048402	0.009488000000146712	states										"           state_name
id                   
3   clean_sound_state"
2581.05789	0.0009999999997489795	states										"   state_name
id           
4         iti"
2581.05889	0.6350000000002183	states										"         state_name
id                 
6   wait_for_cpoke1"
2581.69389	0.0014999999998508429	states										"             state_name
id                     
8   play_stimulus_sound"
2581.69539	0.2970050000003539	states										"   state_name
id           
9      cpoke1"
2581.992395	0.2009949999996934	states										"        state_name
id                
12  temp_violation"
2582.19339	0.0015000000003055902	states										"             state_name
id                     
8   play_stimulus_sound"
2582.19489	2.0	states										"   state_name
id           
9      cpoke1"
2584.19489	0.011014999999588326	states										"           state_name
id                   
13  center_2_side_gap"
2584.205905	0.602987000000212	states										"        state_name
id                
17  wait_for_spoke"
2584.808892	0.001518000000032771	states										"      state_name
id              
18  error_state1"
2584.81041	3.0014799999999013	states										"     state_name
id             
19  error_state"
2587.81189	0.0010000000002037268	states										"        state_name
id                
30  clean_up_state"
2587.81339	9.564010000000053	trials	0.0	1.0	1.0			0.0	0.0	r	1.0	
2587.81339	9.564010000000053	states										"   state_name
id           
0     state_0"
2587.81339	0.016000000000076398	states										"          state_name
id                  
1   sending_trialnum"
2587.82939	0.009500000000116415	states										"           state_name
id                   
3   clean_sound_state"
2587.83889	0.001506000000063068	states										"   state_name
id           
4         iti"
2587.840396	3.3709939999998824	states										"         state_name
id                 
6   wait_for_cpoke1"
2591.21139	0.0014999999998508429	states										"             state_name
id                     
8   play_stimulus_sound"
2591.21289	0.5244999999999891	states										"   state_name
id           
9      cpoke1"
2591.73739	0.20101000000022395	states										"        state_name
id                
12  temp_violation"
2591.9384	0.0014949999999771535	states										"             state_name
id                     
8   play_stimulus_sound"
2591.939895	2.000010000000202	states										"   state_name
id           
9      cpoke1"
2593.939905	0.011484999999993306	states										"           state_name
id                   
13  center_2_side_gap"
2593.95139	0.4224999999996726	states										"        state_name
id                
17  wait_for_spoke"
2594.37389	0.0015000000003055902	states										"      state_name
id              
18  error_state1"
2594.37539	3.001006999999845	states										"     state_name
id             
19  error_state"
2597.376397	0.001002999999855092	states										"        state_name
id                
30  clean_up_state"
2597.37789	5.971999999999753	trials	0.0	0.0	2.0	1.300485000000135	0.0	0.0	0.0	r	2.0	
2597.37789	5.971999999999753	states										"   state_name
id           
0     state_0"
2597.37789	0.016004999999950087	states										"          state_name
id                  
1   sending_trialnum"
2597.393895	0.009494999999787979	states										"           state_name
id                   
3   clean_sound_state"
2597.40339	0.001006999999844993	states										"   state_name
id           
4         iti"
2597.404397	0.16299300000036965	states										"         state_name
id                 
6   wait_for_cpoke1"
2597.56739	0.0015149999999266583	states										"             state_name
id                     
8   play_stimulus_sound"
2597.568905	2.000485000000026	states										"   state_name
id           
9      cpoke1"
2599.56939	0.011500000000069122	states										"           state_name
id                   
13  center_2_side_gap"
2599.58089	0.7655179999997017	states										"        state_name
id                
17  wait_for_spoke"
2600.346408	0.0014820000001236622	states										"      state_name
id              
18  error_state1"
2600.34789	3.0010000000002037	states										"     state_name
id             
19  error_state"
2603.34889	0.0009999999997489795	states										"        state_name
id                
30  clean_up_state"
2603.350394	11.023495999999795	trials	1.0	1.0	2.0			0.0	0.0	r	2.0	
2603.350394	11.023495999999795	states										"   state_name
id           
0     state_0"
2603.350394	0.016002999999727763	states										"          state_name
id                  
1   sending_trialnum"
2603.366397	0.009499000000232627	states										"           state_name
id                   
3   clean_sound_state"
2603.375896	0.001494000000093365	states										"   state_name
id           
4         iti"
2603.37739	2.9020000000000437	states										"         state_name
id                 
6   wait_for_cpoke1"
2606.27939	0.001502000000073167	states										"             state_name
id                     
8   play_stimulus_sound"
2606.280892	0.49799799999982497	states										"   state_name
id           
9      cpoke1"
2606.77889	0.20100000000002183	states										"        state_name
id                
12  temp_violation"
2606.97989	0.0014999999998508429	states										"             state_name
id                     
8   play_stimulus_sound"
2606.98139	2.0000159999999596	states										"   state_name
id           
9      cpoke1"
2608.981406	0.011499000000185333	states										"           state_name
id                   
13  center_2_side_gap"
2608.992905	0.28648500000008426	states										"        state_name
id                
17  wait_for_spoke"
2609.27939	0.0004999999996471161	states										"      state_name
id              
23  right_reward"
2609.27989	2.00050900000042	states										"   state_name
id           
24  hit_state"
2611.280399	2.091505999999754	states										"          state_name
id                  
29  soft_drink_state"
2613.371905	1.000985000000128	states										"   state_name
id           
26    warning"
2614.37289	0.0009999999997489795	states										"        state_name
id                
30  clean_up_state"
2614.374396	10.717509000000064	trials	1.0	1.0	1.0			0.0	0.0	r	1.0	
2614.374396	10.717509000000064	states										"   state_name
id           
0     state_0"
2614.374396	0.015998999999737862	states										"          state_name
id                  
1   sending_trialnum"
2614.390395	0.009495000000242726	states										"           state_name
id                   
3   clean_sound_state"
2614.39989	0.0009999999997489795	states										"   state_name
id           
4         iti"
2614.40089	2.301506000000245	states										"         state_name
id                 
6   wait_for_cpoke1"
2616.702396	0.0015089999997144332	states										"             state_name
id                     
8   play_stimulus_sound"
2616.703905	0.027990000000045256	states										"   state_name
id           
9      cpoke1"
2616.731895	0.20099500000014814	states										"        state_name
id                
12  temp_violation"
2616.93289	0.22301500000003216	states										"         state_name
id                 
6   wait_for_cpoke1"
2617.155905	0.0014849999997750274	states										"             state_name
id                     
8   play_stimulus_sound"
2617.15739	2.0	states										"   state_name
id           
9      cpoke1"
2619.15739	0.011006000000179483	states										"           state_name
id                   
13  center_2_side_gap"
2619.168396	0.5190099999999802	states										"        state_name
id                
17  wait_for_spoke"
2619.687406	0.0004989999997633277	states										"      state_name
id              
23  right_reward"
2619.687905	2.00050900000042	states										"   state_name
id           
24  hit_state"
2621.688414	2.401995999999599	states										"          state_name
id                  
29  soft_drink_state"
2624.09041	1.0004810000000361	states										"   state_name
id           
26    warning"
2625.090891	0.0010140000003957539	states										"        state_name
id                
30  clean_up_state"
2625.092408	70.3634820000002	trials	1.0	1.0	1.0			0.0	0.0	r	1.0	
2625.092408	70.3634820000002	states										"   state_name
id           
0     state_0"
2625.092408	0.015988000000106695	states										"          state_name
id                  
1   sending_trialnum"
2625.108396	0.00949399999990419	states										"           state_name
id                   
3   clean_sound_state"
2625.11789	0.0010000000002037268	states										"   state_name
id           
4         iti"
2625.11889	0.3269999999997708	states										"         state_name
id                 
6   wait_for_cpoke1"
2625.44589	0.0014999999998508429	states										"             state_name
id                     
8   play_stimulus_sound"
2625.44739	0.44900200000029145	states										"   state_name
id           
9      cpoke1"
2625.896392	0.2010139999997591	states										"        state_name
id                
12  temp_violation"
2626.097406	0.0014840000003459863	states										"             state_name
id                     
8   play_stimulus_sound"
2626.09889	1.5939999999995962	states										"   state_name
id           
9      cpoke1"
2627.69289	0.20101500000009764	states										"        state_name
id                
12  temp_violation"
2627.893905	0.0014850000002297747	states										"             state_name
id                     
8   play_stimulus_sound"
2627.89539	0.22249999999985448	states										"   state_name
id           
9      cpoke1"
2628.11789	0.20100000000002183	states										"        state_name
id                
12  temp_violation"
2628.31889	0.7460000000000946	states										"         state_name
id                 
6   wait_for_cpoke1"
2629.06489	0.0015220000000226719	states										"             state_name
id                     
8   play_stimulus_sound"
2629.066412	0.1799839999998767	states										"   state_name
id           
9      cpoke1"
2629.246396	0.2009939999998096	states										"        state_name
id                
12  temp_violation"
2629.44739	57.5300000000002	states										"         state_name
id                 
6   wait_for_cpoke1"
2686.97739	0.0014999999998508429	states										"             state_name
id                     
8   play_stimulus_sound"
2686.97889	2.0	states										"   state_name
id           
9      cpoke1"
2688.97889	0.011502000000291446	states										"           state_name
id                   
13  center_2_side_gap"
2688.990392	0.4620169999998325	states										"        state_name
id                
17  wait_for_spoke"
2689.452409	0.00048100000003614696	states										"      state_name
id              
23  right_reward"
2689.45289	2.000500000000102	states										"   state_name
id           
24  hit_state"
2691.45339	3.000499999999647	states										"          state_name
id                  
29  soft_drink_state"
2694.45389	1.0010000000002037	states										"   state_name
id           
26    warning"
2695.45489	0.0010000000002037268	states										"        state_name
id                
30  clean_up_state"
2695.456401	9.019005000000107	trials	1.0	0.0	1.0	1.3000160000000685	0.0	0.0	0.0	r	1.0	
2695.456401	9.019005000000107	states										"   state_name
id           
0     state_0"
2695.456401	0.015993999999864172	states										"          state_name
id                  
1   sending_trialnum"
2695.472395	0.009495000000242726	states										"           state_name
id                   
3   clean_sound_state"
2695.48189	0.0010000000002037268	states										"   state_name
id           
4         iti"
2695.48289	0.2635029999996732	states										"         state_name
id                 
6   wait_for_cpoke1"
2695.746393	0.0014970000001994777	states										"             state_name
id                     
8   play_stimulus_sound"
2695.74789	2.0000159999999596	states										"   state_name
id           
9      cpoke1"
2697.747906	0.01099900000008347	states										"           state_name
id                   
13  center_2_side_gap"
2697.758905	0.7129849999996623	states										"        state_name
id                
17  wait_for_spoke"
2698.47189	0.0005070000001978769	states										"      state_name
id              
23  right_reward"
2698.472397	2.0005080000000817	states										"   state_name
id           
24  hit_state"
2700.472905	3.000485000000026	states										"          state_name
id                  
29  soft_drink_state"
2703.47339	1.001006999999845	states										"   state_name
id           
26    warning"
2704.474397	0.0010090000000673172	states										"        state_name
id                
30  clean_up_state"
2704.475906	8.270489999999882	trials	1.0	1.0	-1.0			0.0	0.0	l	-1.0	
2704.475906	8.270489999999882	states										"   state_name
id           
0     state_0"
2704.475906	0.015988999999990483	states										"          state_name
id                  
1   sending_trialnum"
2704.491895	0.009494999999787979	states										"           state_name
id                   
3   clean_sound_state"
2704.50139	0.0010090000000673172	states										"   state_name
id           
4         iti"
2704.502399	0.0009909999998853891	states										"         state_name
id                 
6   wait_for_cpoke1"
2704.50339	0.0015149999999266583	states										"             state_name
id                     
8   play_stimulus_sound"
2704.504905	0.41298500000038985	states										"   state_name
id           
9      cpoke1"
2704.91789	0.20100000000002183	states										"        state_name
id                
12  temp_violation"
2705.11889	0.7644999999997708	states										"         state_name
id                 
6   wait_for_cpoke1"
2705.88339	0.0014999999998508429	states										"             state_name
id                     
8   play_stimulus_sound"
2705.88489	2.0	states										"   state_name
id           
9      cpoke1"
2707.88489	0.010999999999967258	states										"           state_name
id                   
13  center_2_side_gap"
2707.89589	0.55600000000004	states										"        state_name
id                
17  wait_for_spoke"
2708.45189	0.0005040000000917644	states										"     state_name
id             
22  left_reward"
2708.452394	2.0000020000002223	states										"   state_name
id           
24  hit_state"
2710.452396	1.292493999999806	states										"          state_name
id                  
29  soft_drink_state"
2711.74489	1.0005000000001019	states										"   state_name
id           
26    warning"
2712.74539	0.0010059999999612046	states										"        state_name
id                
30  clean_up_state"
2712.746905	7.197497000000112	trials	0.0	0.0	2.0	1.3000000000001088	0.0	0.0	0.0	r	2.0	
2712.746905	7.197497000000112	states										"   state_name
id           
0     state_0"
2712.746905	0.015985000000000582	states										"          state_name
id                  
1   sending_trialnum"
2712.76289	0.009512999999969907	states										"           state_name
id                   
3   clean_sound_state"
2712.772403	0.0014869999999973516	states										"   state_name
id           
4         iti"
2712.77389	1.3015000000000327	states										"         state_name
id                 
6   wait_for_cpoke1"
2714.07539	0.0014999999998508429	states										"             state_name
id                     
8   play_stimulus_sound"
2714.07689	2.0	states										"   state_name
id           
9      cpoke1"
2716.07689	0.011508000000048924	states										"           state_name
id                   
13  center_2_side_gap"
2716.088398	0.8524919999999838	states										"        state_name
id                
17  wait_for_spoke"
2716.94089	0.00151400000004287	states										"      state_name
id              
18  error_state1"
2716.942404	3.0010019999999713	states										"     state_name
id             
19  error_state"
2719.943406	0.0009960000002138258	states										"        state_name
id                
30  clean_up_state"
2719.94489	6.709999999999582	trials	0.0	1.0	2.0			0.0	0.0	r	2.0	
2719.94489	6.709999999999582	states										"   state_name
id           
0     state_0"
2719.94489	0.016014999999697466	states										"          state_name
id                  
1   sending_trialnum"
2719.960905	0.009495000000242726	states										"           state_name
id                   
3   clean_sound_state"
2719.9704	0.0010059999999612046	states										"   state_name
id           
4         iti"
2719.971406	0.6269910000000891	states										"         state_name
id                 
6   wait_for_cpoke1"
2720.598397	0.0014929999997548293	states										"             state_name
id                     
8   play_stimulus_sound"
2720.59989	0.2660000000000764	states										"   state_name
id           
9      cpoke1"
2720.86589	0.20100000000002183	states										"        state_name
id                
12  temp_violation"
2721.06689	0.0015049999997245322	states										"             state_name
id                     
8   play_stimulus_sound"
2721.068395	2.0000010000003385	states										"   state_name
id           
9      cpoke1"
2723.068396	0.011493999999856896	states										"           state_name
id                   
13  center_2_side_gap"
2723.07989	0.5709999999999127	states										"        state_name
id                
17  wait_for_spoke"
2723.65089	0.0015050000001792796	states										"      state_name
id              
18  error_state1"
2723.652395	3.001499999999851	states										"     state_name
id             
19  error_state"
2726.653895	0.00099499999987529	states										"        state_name
id                
30  clean_up_state"
2726.65539	29.22150499999998	trials	1.0	1.0	2.0			0.0	0.0	r	2.0	
2726.65539	29.22150499999998	states										"   state_name
id           
0     state_0"
2726.65539	0.016008999999939988	states										"          state_name
id                  
1   sending_trialnum"
2726.671399	0.009491000000252825	states										"           state_name
id                   
3   clean_sound_state"
2726.68089	0.0015109999999367574	states										"   state_name
id           
4         iti"
2726.682401	0.281488999999965	states										"         state_name
id                 
6   wait_for_cpoke1"
2726.96389	0.0014999999998508429	states										"             state_name
id                     
8   play_stimulus_sound"
2726.96539	0.0830140000002757	states										"   state_name
id           
9      cpoke1"
2727.048404	0.2010019999997894	states										"        state_name
id                
12  temp_violation"
2727.249406	17.61148400000002	states										"         state_name
id                 
6   wait_for_cpoke1"
2744.86089	0.0015069999999468564	states										"             state_name
id                     
8   play_stimulus_sound"
2744.862397	1.4629930000000968	states										"   state_name
id           
9      cpoke1"
2746.32539	0.20100499999989552	states										"        state_name
id                
12  temp_violation"
2746.526395	1.0069950000001882	states										"         state_name
id                 
6   wait_for_cpoke1"
2747.53339	0.0015149999999266583	states										"             state_name
id                     
8   play_stimulus_sound"
2747.534905	2.0	states										"   state_name
id           
9      cpoke1"
2749.534905	0.011492999999973108	states										"           state_name
id                   
13  center_2_side_gap"
2749.546398	0.5180089999998927	states										"        state_name
id                
17  wait_for_spoke"
2750.064407	0.0004840000001422595	states										"      state_name
id              
23  right_reward"
2750.064891	2.000499000000218	states										"   state_name
id           
24  hit_state"
2752.06539	2.810004999999819	states										"          state_name
id                  
29  soft_drink_state"
2754.875395	1.0005110000001878	states										"   state_name
id           
26    warning"
2755.875906	0.000988999999663065	states										"        state_name
id                
30  clean_up_state"
2755.87739	10.153500999999778	trials	1.0	1.0	1.0			0.0	0.0	r	1.0	
2755.87739	10.153500999999778	states										"   state_name
id           
0     state_0"
2755.87739	0.016000000000076398	states										"          state_name
id                  
1   sending_trialnum"
2755.89339	0.009514999999737483	states										"           state_name
id                   
3   clean_sound_state"
2755.902905	0.0014900000001034641	states										"   state_name
id           
4         iti"
2755.904395	0.9944949999999153	states										"         state_name
id                 
6   wait_for_cpoke1"
2756.89889	0.0015039999998407438	states										"             state_name
id                     
8   play_stimulus_sound"
2756.900394	0.3094960000003084	states										"   state_name
id           
9      cpoke1"
2757.20989	0.20100000000002183	states										"        state_name
id                
12  temp_violation"
2757.41089	0.001506000000063068	states										"             state_name
id                     
8   play_stimulus_sound"
2757.412396	2.0000029999996514	states										"   state_name
id           
9      cpoke1"
2759.412399	0.011491000000205531	states										"           state_name
id                   
13  center_2_side_gap"
2759.42389	0.6035000000001673	states										"        state_name
id                
17  wait_for_spoke"
2760.02739	0.0004999999996471161	states										"      state_name
id              
23  right_reward"
2760.02789	2.0005049999999756	states										"   state_name
id           
24  hit_state"
2762.028395	3.000500000000102	states										"          state_name
id                  
29  soft_drink_state"
2765.028895	1.0009949999998753	states										"   state_name
id           
26    warning"
2766.02989	0.0010010000000875152	states										"        state_name
id                
30  clean_up_state"
2766.03139	8.653006000000005	trials	1.0	0.0	-1.0	1.3004829999999126	0.0	0.0	0.0	l	-1.0	
2766.03139	8.653006000000005	states										"   state_name
id           
0     state_0"
2766.03139	0.016006999999717664	states										"          state_name
id                  
1   sending_trialnum"
2766.047397	0.009493000000020402	states										"           state_name
id                   
3   clean_sound_state"
2766.05689	0.0015069999999468564	states										"   state_name
id           
4         iti"
2766.058397	0.642493000000286	states										"         state_name
id                 
6   wait_for_cpoke1"
2766.70089	0.0015170000001489825	states										"             state_name
id                     
8   play_stimulus_sound"
2766.702407	2.0004829999998037	states										"   state_name
id           
9      cpoke1"
2768.70289	0.011508999999932712	states										"           state_name
id                   
13  center_2_side_gap"
2768.714399	0.8370070000000851	states										"        state_name
id                
17  wait_for_spoke"
2769.551406	0.0004989999997633277	states										"     state_name
id             
22  left_reward"
2769.551905	2.000495000000228	states										"   state_name
id           
24  hit_state"
2771.5524	2.1299960000001192	states										"          state_name
id                  
29  soft_drink_state"
2773.682396	1.0009939999999915	states										"   state_name
id           
26    warning"
2774.68339	0.0010059999999612046	states										"        state_name
id                
30  clean_up_state"
2774.684905	6.1099850000000515	trials	0.0	0.0	2.0	1.3000059999998663	0.0	0.0	0.0	r	2.0	
2774.684905	6.1099850000000515	states										"   state_name
id           
0     state_0"
2774.684905	0.015985000000000582	states										"          state_name
id                  
1   sending_trialnum"
2774.70089	0.009505999999873893	states										"           state_name
id                   
3   clean_sound_state"
2774.710396	0.0015090000001691806	states										"   state_name
id           
4         iti"
2774.711905	0.2529850000000806	states										"         state_name
id                 
6   wait_for_cpoke1"
2774.96489	0.0015069999999468564	states										"             state_name
id                     
8   play_stimulus_sound"
2774.966397	2.0000059999997575	states										"   state_name
id           
9      cpoke1"
2776.966403	0.01148700000021563	states										"           state_name
id                   
13  center_2_side_gap"
2776.97789	0.813499999999749	states										"        state_name
id                
17  wait_for_spoke"
2777.79139	0.0015000000003055902	states										"      state_name
id              
18  error_state1"
2777.79289	3.000999999999749	states										"     state_name
id             
19  error_state"
2780.79389	0.0010000000002037268	states										"        state_name
id                
30  clean_up_state"
2780.79539	9.354499999999916	trials	1.0	0.0	1.0	1.3005030000003168	0.0	0.0	0.0	r	1.0	
2780.79539	9.354499999999916	states										"   state_name
id           
0     state_0"
2780.79539	0.01599999999962165	states										"          state_name
id                  
1   sending_trialnum"
2780.81139	0.009500000000116415	states										"           state_name
id                   
3   clean_sound_state"
2780.82089	0.0015119999998205458	states										"   state_name
id           
4         iti"
2780.822402	0.8259950000001481	states										"         state_name
id                 
6   wait_for_cpoke1"
2781.648397	0.001498000000083266	states										"             state_name
id                     
8   play_stimulus_sound"
2781.649895	2.000503000000208	states										"   state_name
id           
9      cpoke1"
2783.650398	0.011497999999846797	states										"           state_name
id                   
13  center_2_side_gap"
2783.661896	0.48499600000013743	states										"        state_name
id                
17  wait_for_spoke"
2784.146892	0.0004979999998795392	states										"      state_name
id              
23  right_reward"
2784.14739	2.000500000000102	states										"   state_name
id           
24  hit_state"
2786.14789	3.0005059999998593	states										"          state_name
id                  
29  soft_drink_state"
2789.148396	1.0004939999998896	states										"   state_name
id           
26    warning"
2790.14889	0.0010000000002037268	states										"        state_name
id                
30  clean_up_state"
2790.150394	6.681511000000228	trials	0.0	1.0	2.0			0.0	0.0	r	2.0	
2790.150394	6.681511000000228	states										"   state_name
id           
0     state_0"
2790.150394	0.016000000000076398	states										"          state_name
id                  
1   sending_trialnum"
2790.166394	0.00951100000020233	states										"           state_name
id                   
3   clean_sound_state"
2790.175905	0.0014849999997750274	states										"   state_name
id           
4         iti"
2790.17739	0.5845000000003893	states										"         state_name
id                 
6   wait_for_cpoke1"
2790.76189	0.0015059999996083206	states										"             state_name
id                     
8   play_stimulus_sound"
2790.763396	0.09850900000037655	states										"   state_name
id           
9      cpoke1"
2790.861905	0.200984999999946	states										"        state_name
id                
12  temp_violation"
2791.06289	0.0015079999998306448	states										"             state_name
id                     
8   play_stimulus_sound"
2791.064398	2.0004939999998896	states										"   state_name
id           
9      cpoke1"
2793.064892	0.011504000000059023	states										"           state_name
id                   
13  center_2_side_gap"
2793.076396	0.7514940000000934	states										"        state_name
id                
17  wait_for_spoke"
2793.82789	0.0015050000001792796	states										"      state_name
id              
18  error_state1"
2793.829395	3.001494999999977	states										"     state_name
id             
19  error_state"
2796.83089	0.001014999999824795	states										"        state_name
id                
30  clean_up_state"
2796.832413	9.18497699999989	trials	1.0	1.0	1.0			0.0	0.0	r	1.0	
2796.832413	9.18497699999989	states										"   state_name
id           
0     state_0"
2796.832413	0.01598999999987427	states										"          state_name
id                  
1   sending_trialnum"
2796.848403	0.009487000000262924	states										"           state_name
id                   
3   clean_sound_state"
2796.85789	0.0009999999997489795	states										"   state_name
id           
4         iti"
2796.85889	1.5565000000001419	states										"         state_name
id                 
6   wait_for_cpoke1"
2798.41539	0.0014999999998508429	states										"             state_name
id                     
8   play_stimulus_sound"
2798.41689	0.6579999999999018	states										"   state_name
id           
9      cpoke1"
2799.07489	0.20100500000035026	states										"        state_name
id                
12  temp_violation"
2799.275895	0.0014949999999771535	states										"             state_name
id                     
8   play_stimulus_sound"
2799.27739	2.0000049999998737	states										"   state_name
id           
9      cpoke1"
2801.277395	0.01149600000007922	states										"           state_name
id                   
13  center_2_side_gap"
2801.288891	0.5309990000000653	states										"        state_name
id                
17  wait_for_spoke"
2801.81989	0.0005069999997431296	states										"      state_name
id              
23  right_reward"
2801.820397	2.000493000000006	states										"   state_name
id           
24  hit_state"
2803.82089	1.1945000000000618	states										"          state_name
id                  
29  soft_drink_state"
2805.01539	1.001002999999855	states										"   state_name
id           
26    warning"
2806.016393	0.0009970000000976142	states										"        state_name
id                
30  clean_up_state"
2806.01789	12.432506999999987	trials	1.0	1.0	1.0			0.0	0.0	r	1.0	
2806.01789	12.432506999999987	states										"   state_name
id           
0     state_0"
2806.01789	0.016000000000076398	states										"          state_name
id                  
1   sending_trialnum"
2806.03389	0.009499999999661668	states										"           state_name
id                   
3   clean_sound_state"
2806.04339	0.0010080000001835288	states										"   state_name
id           
4         iti"
2806.044398	2.9395009999998365	states										"         state_name
id                 
6   wait_for_cpoke1"
2808.983899	0.0014909999999872525	states										"             state_name
id                     
8   play_stimulus_sound"
2808.98539	0.21800000000030195	states										"   state_name
id           
9      cpoke1"
2809.20339	0.20100400000001173	states										"        state_name
id                
12  temp_violation"
2809.404394	0.5720109999997476	states										"         state_name
id                 
6   wait_for_cpoke1"
2809.976405	0.001494000000093365	states										"             state_name
id                     
8   play_stimulus_sound"
2809.977899	2.0004969999999958	states										"   state_name
id           
9      cpoke1"
2811.978396	0.01100300000007337	states										"           state_name
id                   
13  center_2_side_gap"
2811.989399	0.4574910000001182	states										"        state_name
id                
17  wait_for_spoke"
2812.44689	0.0004999999996471161	states										"      state_name
id              
23  right_reward"
2812.44739	2.000500000000102	states										"   state_name
id           
24  hit_state"
2814.44789	3.0005080000000817	states										"          state_name
id                  
29  soft_drink_state"
2817.448398	1.000992000000224	states										"   state_name
id           
26    warning"
2818.44939	0.001006999999844993	states										"        state_name
id                
30  clean_up_state"
2818.45089	11.205515999999989	trials	1.0	1.0	1.0			0.0	0.0	r	1.0	
2818.45089	11.205515999999989	states										"   state_name
id           
0     state_0"
2818.45089	0.016000000000076398	states										"          state_name
id                  
1   sending_trialnum"
2818.46689	0.009505999999873893	states										"           state_name
id                   
3   clean_sound_state"
2818.476396	0.001494000000093365	states										"   state_name
id           
4         iti"
2818.47789	1.9234999999998763	states										"         state_name
id                 
6   wait_for_cpoke1"
2820.40139	0.0014999999998508429	states										"             state_name
id                     
8   play_stimulus_sound"
2820.40289	0.31100000000014916	states										"   state_name
id           
9      cpoke1"
2820.71389	0.20100000000002183	states										"        state_name
id                
12  temp_violation"
2820.91489	0.0015029999999569554	states										"             state_name
id                     
8   play_stimulus_sound"
2820.916393	2.0004969999999958	states										"   state_name
id           
9      cpoke1"
2822.91689	0.011004999999840948	states										"           state_name
id                   
13  center_2_side_gap"
2822.927895	0.7254950000001372	states										"        state_name
id                
17  wait_for_spoke"
2823.65339	0.0005150000001776789	states										"      state_name
id              
23  right_reward"
2823.653905	2.0004979999998795	states										"   state_name
id           
24  hit_state"
2825.654403	3.0004869999997936	states										"          state_name
id                  
29  soft_drink_state"
2828.65489	1.0005050000004303	states										"   state_name
id           
26    warning"
2829.655395	0.001010999999834894	states										"        state_name
id                
30  clean_up_state"
2829.65689	10.25	trials	1.0	1.0	1.0			0.0	0.0	r	1.0	
2829.65689	10.25	states										"   state_name
id           
0     state_0"
2829.65689	0.01599999999962165	states										"          state_name
id                  
1   sending_trialnum"
2829.67289	0.009507000000212429	states										"           state_name
id                   
3   clean_sound_state"
2829.682397	0.0014929999997548293	states										"   state_name
id           
4         iti"
2829.68389	1.280015000000276	states										"         state_name
id                 
6   wait_for_cpoke1"
2830.963905	0.0014849999997750274	states										"             state_name
id                     
8   play_stimulus_sound"
2830.96539	0.3040000000000873	states										"   state_name
id           
9      cpoke1"
2831.26939	0.20100800000000163	states										"        state_name
id                
12  temp_violation"
2831.470398	0.07000300000026982	states										"         state_name
id                 
6   wait_for_cpoke1"
2831.540401	0.0015039999998407438	states										"             state_name
id                     
8   play_stimulus_sound"
2831.541905	2.000493000000006	states										"   state_name
id           
9      cpoke1"
2833.542398	0.01149200000008932	states										"           state_name
id                   
13  center_2_side_gap"
2833.55389	1.1405079999999543	states										"        state_name
id                
17  wait_for_spoke"
2834.694398	0.0004920000001220615	states										"      state_name
id              
23  right_reward"
2834.69489	2.000014999999621	states										"   state_name
id           
24  hit_state"
2836.694905	2.2104950000002646	states										"          state_name
id                  
29  soft_drink_state"
2838.9054	1.0005049999999756	states										"   state_name
id           
26    warning"
2839.905905	0.0009850000001279113	states										"        state_name
id                
30  clean_up_state"
2839.90739	14.78650000000016	trials	0.0	1.0	-2.0			0.0	0.0	l	-2.0	
2839.90739	14.78650000000016	states										"   state_name
id           
0     state_0"
2839.90739	0.016010000000278524	states										"          state_name
id                  
1   sending_trialnum"
2839.9234	0.00948999999991429	states										"           state_name
id                   
3   clean_sound_state"
2839.93289	0.0010050000000774162	states										"   state_name
id           
4         iti"
2839.933895	1.7024999999998727	states										"         state_name
id                 
6   wait_for_cpoke1"
2841.636395	0.0015109999999367574	states										"             state_name
id                     
8   play_stimulus_sound"
2841.637906	0.350488999999925	states										"   state_name
id           
9      cpoke1"
2841.988395	0.20099500000014814	states										"        state_name
id                
12  temp_violation"
2842.18939	0.0014999999998508429	states										"             state_name
id                     
8   play_stimulus_sound"
2842.19089	1.7760000000002947	states										"   state_name
id           
9      cpoke1"
2843.96689	0.20100000000002183	states										"        state_name
id                
12  temp_violation"
2844.16789	0.0014999999998508429	states										"             state_name
id                     
8   play_stimulus_sound"
2844.16939	0.0625	states										"   state_name
id           
9      cpoke1"
2844.23189	0.20100099999990562	states										"        state_name
id                
12  temp_violation"
2844.432891	1.1415040000001682	states										"         state_name
id                 
6   wait_for_cpoke1"
2845.574395	0.0014949999999771535	states										"             state_name
id                     
8   play_stimulus_sound"
2845.57589	0.07949999999982538	states										"   state_name
id           
9      cpoke1"
2845.65539	0.20100200000024415	states										"        state_name
id                
12  temp_violation"
2845.856392	3.371497999999974	states										"         state_name
id                 
6   wait_for_cpoke1"
2849.22789	0.0015049999997245322	states										"             state_name
id                     
8   play_stimulus_sound"
2849.229395	2.00000399999999	states										"   state_name
id           
9      cpoke1"
2851.229399	0.011491000000205531	states										"           state_name
id                   
13  center_2_side_gap"
2851.24089	0.4495090000000346	states										"        state_name
id                
17  wait_for_spoke"
2851.690399	0.001506000000063068	states										"      state_name
id              
18  error_state1"
2851.691905	3.000984999999673	states										"     state_name
id             
19  error_state"
2854.69289	0.0010000000002037268	states										"        state_name
id                
30  clean_up_state"
2854.694395	10.395003999999972	trials	1.0	1.0	-2.0			0.0	0.0	l	-2.0	
2854.694395	10.395003999999972	states										"   state_name
id           
0     state_0"
2854.694395	0.01599900000019261	states										"          state_name
id                  
1   sending_trialnum"
2854.710394	0.009495999999671767	states										"           state_name
id                   
3   clean_sound_state"
2854.71989	0.0010050000000774162	states										"   state_name
id           
4         iti"
2854.720895	2.983009999999922	states										"         state_name
id                 
6   wait_for_cpoke1"
2857.703905	0.0014850000002297747	states										"             state_name
id                     
8   play_stimulus_sound"
2857.70539	0.36599999999998545	states										"   state_name
id           
9      cpoke1"
2858.07139	0.20100800000000163	states										"        state_name
id                
12  temp_violation"
2858.272398	0.0015069999999468564	states										"             state_name
id                     
8   play_stimulus_sound"
2858.273905	2.000488000000132	states										"   state_name
id           
9      cpoke1"
2860.274393	0.011496999999963009	states										"           state_name
id                   
13  center_2_side_gap"
2860.28589	0.4519999999997708	states										"        state_name
id                
17  wait_for_spoke"
2860.73789	0.0005060000003140885	states										"     state_name
id             
22  left_reward"
2860.738396	2.000000999999884	states										"   state_name
id           
24  hit_state"
2862.738397	1.3494929999997112	states										"          state_name
id                  
29  soft_drink_state"
2864.08789	1.000506000000314	states										"   state_name
id           
26    warning"
2865.088396	0.001002999999855092	states										"        state_name
id                
30  clean_up_state"
2865.08989	10.85799999999972	trials	1.0	1.0	1.0			0.0	0.0	r	1.0	
2865.08989	10.85799999999972	states										"   state_name
id           
0     state_0"
2865.08989	0.016015999999581254	states										"          state_name
id                  
1   sending_trialnum"
2865.105906	0.009494000000358938	states										"           state_name
id                   
3   clean_sound_state"
2865.1154	0.0010010000000875152	states										"   state_name
id           
4         iti"
2865.116401	2.874988999999914	states										"         state_name
id                 
6   wait_for_cpoke1"
2867.99139	0.0015029999999569554	states										"             state_name
id                     
8   play_stimulus_sound"
2867.992893	0.4149969999998575	states										"   state_name
id           
9      cpoke1"
2868.40789	0.20101500000009764	states										"        state_name
id                
12  temp_violation"
2868.608905	0.0014889999997649284	states										"             state_name
id                     
8   play_stimulus_sound"
2868.610394	2.0000010000003385	states										"   state_name
id           
9      cpoke1"
2870.610395	0.011494999999740685	states										"           state_name
id                   
13  center_2_side_gap"
2870.62189	0.311015000000225	states										"        state_name
id                
17  wait_for_spoke"
2870.932905	0.00048500000002604793	states										"      state_name
id              
23  right_reward"
2870.93339	2.000499999999647	states										"   state_name
id           
24  hit_state"
2872.93389	2.0125090000001364	states										"          state_name
id                  
29  soft_drink_state"
2874.946399	1.0005059999998593	states										"   state_name
id           
26    warning"
2875.946905	0.0009850000001279113	states										"        state_name
id                
30  clean_up_state"
2875.948393	13.791496999999708	trials	1.0	1.0	1.0			0.0	0.0	r	1.0	
2875.948393	13.791496999999708	states										"   state_name
id           
0     state_0"
2875.948393	0.016000000000076398	states										"          state_name
id                  
1   sending_trialnum"
2875.964393	0.009497000000010303	states										"           state_name
id                   
3   clean_sound_state"
2875.97389	0.0009999999997489795	states										"   state_name
id           
4         iti"
2875.97489	0.9065000000000509	states										"         state_name
id                 
6   wait_for_cpoke1"
2876.88139	0.0014999999998508429	states										"             state_name
id                     
8   play_stimulus_sound"
2876.88289	0.32799999999997453	states										"   state_name
id           
9      cpoke1"
2877.21089	0.20101500000009764	states										"        state_name
id                
12  temp_violation"
2877.411905	0.0014949999999771535	states										"             state_name
id                     
8   play_stimulus_sound"
2877.4134	1.4599950000001627	states										"   state_name
id           
9      cpoke1"
2878.873395	0.20099900000013804	states										"        state_name
id                
12  temp_violation"
2879.074394	0.001495999999860942	states										"             state_name
id                     
8   play_stimulus_sound"
2879.07589	0.18899999999985084	states										"   state_name
id           
9      cpoke1"
2879.26489	0.20100000000002183	states										"        state_name
id                
12  temp_violation"
2879.46589	1.7725060000002486	states										"         state_name
id                 
6   wait_for_cpoke1"
2881.238396	0.0014939999996386177	states										"             state_name
id                     
8   play_stimulus_sound"
2881.23989	2.0	states										"   state_name
id           
9      cpoke1"
2883.23989	0.011500000000069122	states										"           state_name
id                   
13  center_2_side_gap"
2883.25139	0.4855000000002292	states										"        state_name
id                
17  wait_for_spoke"
2883.73689	0.0004999999996471161	states										"      state_name
id              
23  right_reward"
2883.73739	2.0	states										"   state_name
id           
24  hit_state"
2885.73739	3.000500000000102	states										"          state_name
id                  
29  soft_drink_state"
2888.73789	1.0010000000002037	states										"   state_name
id           
26    warning"
2889.73889	0.0009999999997489795	states										"        state_name
id                
30  clean_up_state"
2889.7404	12.065991999999824	trials	1.0	1.0	-2.0			0.0	0.0	l	-2.0	
2889.7404	12.065991999999824	states										"   state_name
id           
0     state_0"
2889.7404	0.0160040000000663	states										"          state_name
id                  
1   sending_trialnum"
2889.756404	0.009485999999924388	states										"           state_name
id                   
3   clean_sound_state"
2889.76589	0.001006999999844993	states										"   state_name
id           
4         iti"
2889.766897	1.2334999999998217	states										"         state_name
id                 
6   wait_for_cpoke1"
2891.000397	0.0014930000002095767	states										"             state_name
id                     
8   play_stimulus_sound"
2891.00189	1.718014999999923	states										"   state_name
id           
9      cpoke1"
2892.719905	0.200984999999946	states										"        state_name
id                
12  temp_violation"
2892.92089	0.4770050000001902	states										"         state_name
id                 
6   wait_for_cpoke1"
2893.397895	0.0014949999999771535	states										"             state_name
id                     
8   play_stimulus_sound"
2893.39939	2.0	states										"   state_name
id           
9      cpoke1"
2895.39939	0.011011000000053173	states										"           state_name
id                   
13  center_2_side_gap"
2895.410401	0.8129989999997633	states										"        state_name
id                
17  wait_for_spoke"
2896.2234	0.0004900000003544847	states										"     state_name
id             
22  left_reward"
2896.22389	2.000506999999743	states										"   state_name
id           
24  hit_state"
2898.224397	2.5799990000000435	states										"          state_name
id                  
29  soft_drink_state"
2900.804396	1.0009989999998652	states										"   state_name
id           
26    warning"
2901.805395	0.0009970000000976142	states										"        state_name
id                
30  clean_up_state"
2901.80689	8.37750300000016	trials	1.0	0.0	-2.0	1.3000000000001088	0.0	0.0	0.0	l	-2.0	
2901.80689	8.37750300000016	states										"   state_name
id           
0     state_0"
2901.80689	0.016000000000076398	states										"          state_name
id                  
1   sending_trialnum"
2901.82289	0.009504000000106316	states										"           state_name
id                   
3   clean_sound_state"
2901.832394	0.001495999999860942	states										"   state_name
id           
4         iti"
2901.83389	0.39150000000017826	states										"         state_name
id                 
6   wait_for_cpoke1"
2902.22539	0.0014999999998508429	states										"             state_name
id                     
8   play_stimulus_sound"
2902.22689	2.0	states										"   state_name
id           
9      cpoke1"
2904.22689	0.011504000000059023	states										"           state_name
id                   
13  center_2_side_gap"
2904.238394	0.6904960000001665	states										"        state_name
id                
17  wait_for_spoke"
2904.92889	0.0004999999996471161	states										"     state_name
id             
22  left_reward"
2904.92939	2.000015000000076	states										"   state_name
id           
24  hit_state"
2906.929405	2.2534850000001825	states										"          state_name
id                  
29  soft_drink_state"
2909.18289	1.0005049999999756	states										"   state_name
id           
26    warning"
2910.183395	0.0009979999999814027	states										"        state_name
id                
30  clean_up_state"
2910.18489	6.0340000000001055	trials	0.0	0.0	2.0	1.3004960000002208	0.0	0.0	0.0	r	2.0	
2910.18489	6.0340000000001055	states										"   state_name
id           
0     state_0"
2910.18489	0.016000000000076398	states										"          state_name
id                  
1   sending_trialnum"
2910.20089	0.009504999999990105	states										"           state_name
id                   
3   clean_sound_state"
2910.210395	0.0014949999999771535	states										"   state_name
id           
4         iti"
2910.21189	0.10100000000011278	states										"         state_name
id                 
6   wait_for_cpoke1"
2910.31289	0.0015039999998407438	states										"             state_name
id                     
8   play_stimulus_sound"
2910.314394	2.000496000000112	states										"   state_name
id           
9      cpoke1"
2912.31489	0.011508999999932712	states										"           state_name
id                   
13  center_2_side_gap"
2912.326399	0.8889909999998054	states										"        state_name
id                
17  wait_for_spoke"
2913.21539	0.0015000000003055902	states										"      state_name
id              
18  error_state1"
2913.21689	3.001014999999825	states										"     state_name
id             
19  error_state"
2916.217905	0.0009850000001279113	states										"        state_name
id                
30  clean_up_state"
2916.21939	15.949499999999716	trials	1.0	1.0	1.0			0.0	0.0	r	1.0	
2916.21939	15.949499999999716	states										"   state_name
id           
0     state_0"
2916.21939	0.01599999999962165	states										"          state_name
id                  
1   sending_trialnum"
2916.23539	0.009500000000116415	states										"           state_name
id                   
3   clean_sound_state"
2916.24489	0.001502000000073167	states										"   state_name
id           
4         iti"
2916.246392	7.247512999999799	states										"         state_name
id                 
6   wait_for_cpoke1"
2923.493905	0.0014850000002297747	states										"             state_name
id                     
8   play_stimulus_sound"
2923.49539	0.6784999999999854	states										"   state_name
id           
9      cpoke1"
2924.17389	0.20101500000009764	states										"        state_name
id                
12  temp_violation"
2924.374905	0.0014869999999973516	states										"             state_name
id                     
8   play_stimulus_sound"
2924.376392	2.00000799999998	states										"   state_name
id           
9      cpoke1"
2926.3764	0.011489999999866995	states										"           state_name
id                   
13  center_2_side_gap"
2926.38789	0.5165200000001278	states										"        state_name
id                
17  wait_for_spoke"
2926.90441	0.0004799999996976112	states										"      state_name
id              
23  right_reward"
2926.90489	2.0000020000002223	states										"   state_name
id           
24  hit_state"
2928.904892	2.2625060000000303	states										"          state_name
id                  
29  soft_drink_state"
2931.167398	1.0004969999999958	states										"   state_name
id           
26    warning"
2932.167895	0.00099499999987529	states										"        state_name
id                
30  clean_up_state"
2932.16939	8.88450499999999	trials	1.0	0.0	2.0	1.3000050000004373	0.0	0.0	0.0	r	2.0	
2932.16939	8.88450499999999	states										"   state_name
id           
0     state_0"
2932.16939	0.016000000000076398	states										"          state_name
id                  
1   sending_trialnum"
2932.18539	0.009501999999883992	states										"           state_name
id                   
3   clean_sound_state"
2932.194892	0.0010130000000572181	states										"   state_name
id           
4         iti"
2932.195905	0.2924910000001546	states										"         state_name
id                 
6   wait_for_cpoke1"
2932.488396	0.0014939999996386177	states										"             state_name
id                     
8   play_stimulus_sound"
2932.48989	2.0000050000003284	states										"   state_name
id           
9      cpoke1"
2934.489895	0.011494999999740685	states										"           state_name
id                   
13  center_2_side_gap"
2934.50139	0.9750130000002173	states										"        state_name
id                
17  wait_for_spoke"
2935.476403	0.00048699999979362474	states										"      state_name
id              
23  right_reward"
2935.47689	2.0	states										"   state_name
id           
24  hit_state"
2937.47689	2.5750050000001465	states										"          state_name
id                  
29  soft_drink_state"
2940.051895	1.0009949999998753	states										"   state_name
id           
26    warning"
2941.05289	0.0010050000000774162	states										"        state_name
id                
30  clean_up_state"
2941.054396	7.876994000000195	trials	1.0	1.0	-2.0			0.0	0.0	l	-2.0	
2941.054396	7.876994000000195	states										"   state_name
id           
0     state_0"
2941.054396	0.015995000000202708	states										"          state_name
id                  
1   sending_trialnum"
2941.070391	0.00949899999977788	states										"           state_name
id                   
3   clean_sound_state"
2941.07989	0.0010000000002037268	states										"   state_name
id           
4         iti"
2941.08089	0.02750900000000911	states										"         state_name
id                 
6   wait_for_cpoke1"
2941.108399	0.0014909999999872525	states										"             state_name
id                     
8   play_stimulus_sound"
2941.10989	0.5805080000000089	states										"   state_name
id           
9      cpoke1"
2941.690398	0.2010029999996732	states										"        state_name
id                
12  temp_violation"
2941.891401	0.35999500000025364	states										"         state_name
id                 
6   wait_for_cpoke1"
2942.251396	0.001494000000093365	states										"             state_name
id                     
8   play_stimulus_sound"
2942.25289	2.0	states										"   state_name
id           
9      cpoke1"
2944.25289	0.0115059999998266	states										"           state_name
id                   
13  center_2_side_gap"
2944.264396	0.6635099999998602	states										"        state_name
id                
17  wait_for_spoke"
2944.927906	0.000499000000218075	states										"     state_name
id             
22  left_reward"
2944.928405	2.000485000000026	states										"   state_name
id           
24  hit_state"
2946.92889	1.000999999999749	states										"          state_name
id                  
29  soft_drink_state"
2947.92989	1.0005150000001777	states										"   state_name
id           
26    warning"
2948.930405	0.0009850000001279113	states										"        state_name
id                
30  clean_up_state"
2948.93189	8.386016000000382	trials	1.0	1.0	2.0			0.0	0.0	r	2.0	
2948.93189	8.386016000000382	states										"   state_name
id           
0     state_0"
2948.93189	0.016000000000076398	states										"          state_name
id                  
1   sending_trialnum"
2948.94789	0.009500000000116415	states										"           state_name
id                   
3   clean_sound_state"
2948.95739	0.0010040000001936278	states										"   state_name
id           
4         iti"
2948.958394	0.7674959999999373	states										"         state_name
id                 
6   wait_for_cpoke1"
2949.72589	0.0014999999998508429	states										"             state_name
id                     
8   play_stimulus_sound"
2949.72739	0.4954999999999927	states										"   state_name
id           
9      cpoke1"
2950.22289	0.20100000000002183	states										"        state_name
id                
12  temp_violation"
2950.42389	0.27500000000009095	states										"         state_name
id                 
6   wait_for_cpoke1"
2950.69889	0.00151400000004287	states										"             state_name
id                     
8   play_stimulus_sound"
2950.700404	2.00048599999991	states										"   state_name
id           
9      cpoke1"
2952.70089	0.011508000000048924	states										"           state_name
id                   
13  center_2_side_gap"
2952.712398	0.6024919999999838	states										"        state_name
id                
17  wait_for_spoke"
2953.31489	0.0005000000001018634	states										"      state_name
id              
23  right_reward"
2953.31539	2.0000159999999596	states										"   state_name
id           
24  hit_state"
2955.315406	1.000988999999663	states										"          state_name
id                  
29  soft_drink_state"
2956.316395	1.0004950000002282	states										"   state_name
id           
26    warning"
2957.31689	0.0010160000001633307	states										"        state_name
id                
30  clean_up_state"
2957.318405	9.146984999999859	trials	1.0	0.0	-1.0	1.3004860000004734	0.0	0.0	0.0	l	-1.0	
2957.318405	9.146984999999859	states										"   state_name
id           
0     state_0"
2957.318405	0.015993999999864172	states										"          state_name
id                  
1   sending_trialnum"
2957.334399	0.009491000000252825	states										"           state_name
id                   
3   clean_sound_state"
2957.34389	0.0009999999997489795	states										"   state_name
id           
4         iti"
2957.34489	1.7920020000001387	states										"         state_name
id                 
6   wait_for_cpoke1"
2959.136892	0.0015119999998205458	states										"             state_name
id                     
8   play_stimulus_sound"
2959.138404	2.0004860000003646	states										"   state_name
id           
9      cpoke1"
2961.13889	0.011503999999604275	states										"           state_name
id                   
13  center_2_side_gap"
2961.150394	0.712496000000101	states										"        state_name
id                
17  wait_for_spoke"
2961.86289	0.0005000000001018634	states										"     state_name
id             
22  left_reward"
2961.86339	2.0000159999999596	states										"   state_name
id           
24  hit_state"
2963.863406	1.5999839999999494	states										"          state_name
id                  
29  soft_drink_state"
2965.46339	1.0010090000000673	states										"   state_name
id           
26    warning"
2966.464399	0.0009909999998853891	states										"        state_name
id                
30  clean_up_state"
2966.46589	9.646000000000186	trials	1.0	0.0	1.0	1.3000000000001088	0.0	0.0	0.0	r	1.0	
2966.46589	9.646000000000186	states										"   state_name
id           
0     state_0"
2966.46589	0.016015000000152213	states										"          state_name
id                  
1   sending_trialnum"
2966.481905	0.0094850000000406	states										"           state_name
id                   
3   clean_sound_state"
2966.49139	0.0010079999997287814	states										"   state_name
id           
4         iti"
2966.492398	0.6195070000003398	states										"         state_name
id                 
6   wait_for_cpoke1"
2967.111905	0.0014849999997750274	states										"             state_name
id                     
8   play_stimulus_sound"
2967.11339	2.0	states										"   state_name
id           
9      cpoke1"
2969.11339	0.011501999999836698	states										"           state_name
id                   
13  center_2_side_gap"
2969.124892	1.4109980000002906	states										"        state_name
id                
17  wait_for_spoke"
2970.53589	0.0005089999999654538	states										"      state_name
id              
23  right_reward"
2970.536399	2.0004909999997835	states										"   state_name
id           
24  hit_state"
2972.53689	2.5735130000002755	states										"          state_name
id                  
29  soft_drink_state"
2975.110403	1.0005019999998694	states										"   state_name
id           
26    warning"
2976.110905	0.0009850000001279113	states										"        state_name
id                
30  clean_up_state"
2976.112395	20.20449499999995	trials	1.0	1.0	1.0			0.0	0.0	r	1.0	
2976.112395	20.20449499999995	states										"   state_name
id           
0     state_0"
2976.112395	0.016000000000076398	states										"          state_name
id                  
1   sending_trialnum"
2976.128395	0.009494999999787979	states										"           state_name
id                   
3   clean_sound_state"
2976.13789	0.0010000000002037268	states										"   state_name
id           
4         iti"
2976.13889	9.344499999999698	states										"         state_name
id                 
6   wait_for_cpoke1"
2985.48339	0.0015000000003055902	states										"             state_name
id                     
8   play_stimulus_sound"
2985.48489	0.4064999999995962	states										"   state_name
id           
9      cpoke1"
2985.89139	0.20100200000024415	states										"        state_name
id                
12  temp_violation"
2986.092392	0.001498000000083266	states										"             state_name
id                     
8   play_stimulus_sound"
2986.09389	1.4529999999999745	states										"   state_name
id           
9      cpoke1"
2987.54689	0.20101500000009764	states										"        state_name
id                
12  temp_violation"
2987.747905	0.0014849999997750274	states										"             state_name
id                     
8   play_stimulus_sound"
2987.74939	2.0	states										"   state_name
id           
9      cpoke1"
2989.74939	0.011006000000179483	states										"           state_name
id                   
13  center_2_side_gap"
2989.760396	0.5529939999996714	states										"        state_name
id                
17  wait_for_spoke"
2990.31339	0.0005000000001018634	states										"      state_name
id              
23  right_reward"
2990.31389	2.0005110000001878	states										"   state_name
id           
24  hit_state"
2992.314401	3.0005040000000918	states										"          state_name
id                  
29  soft_drink_state"
2995.314905	1.0009849999996732	states										"   state_name
id           
26    warning"
2996.31589	0.0010000000002037268	states										"        state_name
id                
30  clean_up_state"
2996.317396	23.043998999999985	trials	1.0	1.0	-2.0			0.0	0.0	l	-2.0	
2996.317396	23.043998999999985	states										"   state_name
id           
0     state_0"
2996.317396	0.01600200000029872	states										"          state_name
id                  
1   sending_trialnum"
2996.333398	0.009506999999757682	states										"           state_name
id                   
3   clean_sound_state"
2996.342905	0.0014900000001034641	states										"   state_name
id           
4         iti"
2996.344395	0.25249499999972613	states										"         state_name
id                 
6   wait_for_cpoke1"
2996.59689	0.0015050000001792796	states										"             state_name
id                     
8   play_stimulus_sound"
2996.598395	0.2500039999999899	states										"   state_name
id           
9      cpoke1"
2996.848399	0.20100200000024415	states										"        state_name
id                
12  temp_violation"
2997.049401	0.8609989999999925	states										"         state_name
id                 
6   wait_for_cpoke1"
2997.9104	0.0014899999996487168	states										"             state_name
id                     
8   play_stimulus_sound"
2997.91189	0.6000050000002375	states										"   state_name
id           
9      cpoke1"
2998.511895	0.2009949999996934	states										"        state_name
id                
12  temp_violation"
2998.71289	0.0015090000001691806	states										"             state_name
id                     
8   play_stimulus_sound"
2998.714399	1.9689910000001873	states										"   state_name
id           
9      cpoke1"
3000.68339	0.20100800000000163	states										"        state_name
id                
12  temp_violation"
3000.884398	0.6049920000000384	states										"         state_name
id                 
6   wait_for_cpoke1"
3001.48939	0.0015149999999266583	states										"             state_name
id                     
8   play_stimulus_sound"
3001.490905	0.25248499999997875	states										"   state_name
id           
9      cpoke1"
3001.74339	0.20100700000011784	states										"        state_name
id                
12  temp_violation"
3001.944397	9.369492999999693	states										"         state_name
id                 
6   wait_for_cpoke1"
3011.31389	0.0015000000003055902	states										"             state_name
id                     
8   play_stimulus_sound"
3011.31539	0.8174999999996544	states										"   state_name
id           
9      cpoke1"
3012.13289	0.20100000000002183	states										"        state_name
id                
12  temp_violation"
3012.33389	0.001516000000265194	states										"             state_name
id                     
8   play_stimulus_sound"
3012.335406	2.0	states										"   state_name
id           
9      cpoke1"
3014.335406	0.011487999999644671	states										"           state_name
id                   
13  center_2_side_gap"
3014.346894	0.6889960000003157	states										"        state_name
id                
17  wait_for_spoke"
3015.03589	0.0005059999998593412	states										"     state_name
id             
22  left_reward"
3015.036396	2.000000999999884	states										"   state_name
id           
24  hit_state"
3017.036397	1.323493000000326	states										"          state_name
id                  
29  soft_drink_state"
3018.35989	1.0005069999997431	states										"   state_name
id           
26    warning"
3019.360397	0.0009979999999814027	states										"        state_name
id                
30  clean_up_state"
3019.361905	8.593484999999873	trials	0.0	1.0	2.0			0.0	0.0	r	2.0	
3019.361905	8.593484999999873	states										"   state_name
id           
0     state_0"
3019.361905	0.015985000000000582	states										"          state_name
id                  
1   sending_trialnum"
3019.37789	0.009499999999661668	states										"           state_name
id                   
3   clean_sound_state"
3019.38739	0.0010090000000673172	states										"   state_name
id           
4         iti"
3019.388399	2.288491000000249	states										"         state_name
id                 
6   wait_for_cpoke1"
3021.67689	0.0015069999999468564	states										"             state_name
id                     
8   play_stimulus_sound"
3021.678397	0.19049300000006042	states										"   state_name
id           
9      cpoke1"
3021.86889	0.20100499999989552	states										"        state_name
id                
12  temp_violation"
3022.069895	0.0014949999999771535	states										"             state_name
id                     
8   play_stimulus_sound"
3022.07139	2.0	states										"   state_name
id           
9      cpoke1"
3024.07139	0.011500000000069122	states										"           state_name
id                   
13  center_2_side_gap"
3024.08289	0.86850000000004	states										"        state_name
id                
17  wait_for_spoke"
3024.95139	0.0014999999998508429	states										"      state_name
id              
18  error_state1"
3024.95289	3.001502000000073	states										"     state_name
id             
19  error_state"
3027.954392	0.0009979999999814027	states										"        state_name
id                
30  clean_up_state"
3027.95589	13.696999999999662	trials	1.0	0.0	1.0	1.300488000000241	0.0	0.0	0.0	r	1.0	
3027.95589	13.696999999999662	states										"   state_name
id           
0     state_0"
3027.95589	0.01599999999962165	states										"          state_name
id                  
1   sending_trialnum"
3027.97189	0.009500000000116415	states										"           state_name
id                   
3   clean_sound_state"
3027.98139	0.0010110000002896413	states										"   state_name
id           
4         iti"
3027.982401	4.700488999999834	states										"         state_name
id                 
6   wait_for_cpoke1"
3032.68289	0.0015119999998205458	states										"             state_name
id                     
8   play_stimulus_sound"
3032.684402	2.000488000000132	states										"   state_name
id           
9      cpoke1"
3034.68489	0.0115099999998165	states										"           state_name
id                   
13  center_2_side_gap"
3034.6964	0.9529950000001008	states										"        state_name
id                
17  wait_for_spoke"
3035.649395	0.0005000000001018634	states										"      state_name
id              
23  right_reward"
3035.649895	2.0005049999999756	states										"   state_name
id           
24  hit_state"
3037.6504	3.0004899999998997	states										"          state_name
id                  
29  soft_drink_state"
3040.65089	1.0010000000002037	states										"   state_name
id           
26    warning"
3041.65189	0.0009999999997489795	states										"        state_name
id                
30  clean_up_state"
3041.65339	15.233500000000276	trials	0.0	0.0	2.0	1.3000000000001088	0.0	0.0	0.0	r	2.0	
3041.65339	15.233500000000276	states										"   state_name
id           
0     state_0"
3041.65339	0.016000000000076398	states										"          state_name
id                  
1   sending_trialnum"
3041.66939	0.009500000000116415	states										"           state_name
id                   
3   clean_sound_state"
3041.67889	0.0009999999997489795	states										"   state_name
id           
4         iti"
3041.67989	9.304517999999916	states										"         state_name
id                 
6   wait_for_cpoke1"
3050.984408	0.0014820000001236622	states										"             state_name
id                     
8   play_stimulus_sound"
3050.98589	2.0	states										"   state_name
id           
9      cpoke1"
3052.98589	0.011500000000069122	states										"           state_name
id                   
13  center_2_side_gap"
3052.99739	0.8859999999999673	states										"        state_name
id                
17  wait_for_spoke"
3053.88339	0.0015159999998104468	states										"      state_name
id              
18  error_state1"
3053.884906	3.000989000000118	states										"     state_name
id             
19  error_state"
3056.885895	0.0009950000003300374	states										"        state_name
id                
30  clean_up_state"
3056.88739	39.958000000000084	trials	0.0	0.0	2.0	1.3000020000003312	0.0	0.0	0.0	r	2.0	
3056.88739	39.958000000000084	states										"   state_name
id           
0     state_0"
3056.88739	0.016010000000278524	states										"          state_name
id                  
1   sending_trialnum"
3056.9034	0.009494999999787979	states										"           state_name
id                   
3   clean_sound_state"
3056.912895	0.0015029999999569554	states										"   state_name
id           
4         iti"
3056.914398	34.48849199999995	states										"         state_name
id                 
6   wait_for_cpoke1"
3091.40289	0.0015069999999468564	states										"             state_name
id                     
8   play_stimulus_sound"
3091.404397	2.0000020000002223	states										"   state_name
id           
9      cpoke1"
3093.404399	0.011491000000205531	states										"           state_name
id                   
13  center_2_side_gap"
3093.41589	0.4259999999999309	states										"        state_name
id                
17  wait_for_spoke"
3093.84189	0.0014999999998508429	states										"      state_name
id              
18  error_state1"
3093.84339	3.0010050000000774	states										"     state_name
id             
19  error_state"
3096.844395	0.00099499999987529	states										"        state_name
id                
30  clean_up_state"
3096.84589	44.33100000000013	trials	0.0	1.0	-1.0			0.0	0.0	l	-1.0	
3096.84589	44.33100000000013	states										"   state_name
id           
0     state_0"
3096.84589	0.016000000000076398	states										"          state_name
id                  
1   sending_trialnum"
3096.86189	0.009499999999661668	states										"           state_name
id                   
3   clean_sound_state"
3096.87139	0.001006000000415952	states										"   state_name
id           
4         iti"
3096.872396	27.562493999999788	states										"         state_name
id                 
6   wait_for_cpoke1"
3124.43489	0.00151400000004287	states										"             state_name
id                     
8   play_stimulus_sound"
3124.436404	0.09399600000006103	states										"   state_name
id           
9      cpoke1"
3124.5304	0.2009899999998197	states										"        state_name
id                
12  temp_violation"
3124.73139	0.0015000000003055902	states										"             state_name
id                     
8   play_stimulus_sound"
3124.73289	0.4479999999998654	states										"   state_name
id           
9      cpoke1"
3125.18089	0.20100000000002183	states										"        state_name
id                
12  temp_violation"
3125.38189	2.88149999999996	states										"         state_name
id                 
6   wait_for_cpoke1"
3128.26339	0.0014999999998508429	states										"             state_name
id                     
8   play_stimulus_sound"
3128.26489	0.29650500000025204	states										"   state_name
id           
9      cpoke1"
3128.561395	0.20100000000002183	states										"        state_name
id                
12  temp_violation"
3128.762395	4.014994999999999	states										"         state_name
id                 
6   wait_for_cpoke1"
3132.77739	0.0014999999998508429	states										"             state_name
id                     
8   play_stimulus_sound"
3132.77889	1.9825000000000728	states										"   state_name
id           
9      cpoke1"
3134.76139	0.2010069999996631	states										"        state_name
id                
12  temp_violation"
3134.962397	0.6759970000002795	states										"         state_name
id                 
6   wait_for_cpoke1"
3135.638394	0.0015119999998205458	states										"             state_name
id                     
8   play_stimulus_sound"
3135.639906	2.00048599999991	states										"   state_name
id           
9      cpoke1"
3137.640392	0.011498000000301545	states										"           state_name
id                   
13  center_2_side_gap"
3137.65189	0.5214999999998327	states										"        state_name
id                
17  wait_for_spoke"
3138.17339	0.0014999999998508429	states										"      state_name
id              
18  error_state1"
3138.17489	3.0010160000001633	states										"     state_name
id             
19  error_state"
3141.175906	0.000984000000244123	states										"        state_name
id                
30  clean_up_state"
3141.17739	5.840500000000247	trials	0.0	0.0	-2.0	1.3000160000000685	0.0	0.0	0.0	l	-2.0	
3141.17739	5.840500000000247	states										"   state_name
id           
0     state_0"
3141.17739	0.016000000000076398	states										"          state_name
id                  
1   sending_trialnum"
3141.19339	0.009500000000116415	states										"           state_name
id                   
3   clean_sound_state"
3141.20289	0.001014999999824795	states										"   state_name
id           
4         iti"
3141.203905	0.3220000000001164	states										"         state_name
id                 
6   wait_for_cpoke1"
3141.525905	0.0014850000002297747	states										"             state_name
id                     
8   play_stimulus_sound"
3141.52739	2.0000159999999596	states										"   state_name
id           
9      cpoke1"
3143.527406	0.010989999999765132	states										"           state_name
id                   
13  center_2_side_gap"
3143.538396	0.47600599999987026	states										"        state_name
id                
17  wait_for_spoke"
3144.014402	0.0014930000002095767	states										"      state_name
id              
18  error_state1"
3144.015895	3.0009949999998753	states										"     state_name
id             
19  error_state"
3147.01689	0.0010000000002037268	states										"        state_name
id                
30  clean_up_state"
3147.018399	8.466496000000006	trials	0.0	0.0	-1.0	1.30001499999973	0.0	0.0	0.0	l	-1.0	
3147.018399	8.466496000000006	states										"   state_name
id           
0     state_0"
3147.018399	0.01599499999974796	states										"          state_name
id                  
1   sending_trialnum"
3147.034394	0.009512000000086118	states										"           state_name
id                   
3   clean_sound_state"
3147.043906	0.0014840000003459863	states										"   state_name
id           
4         iti"
3147.04539	2.7659999999996217	states										"         state_name
id                 
6   wait_for_cpoke1"
3149.81139	0.0015000000003055902	states										"             state_name
id                     
8   play_stimulus_sound"
3149.81289	2.000014999999621	states										"   state_name
id           
9      cpoke1"
3151.812905	0.011000000000422006	states										"           state_name
id                   
13  center_2_side_gap"
3151.823905	0.6569849999996222	states										"        state_name
id                
17  wait_for_spoke"
3152.48089	0.0015070000004016038	states										"      state_name
id              
18  error_state1"
3152.482397	3.001492999999755	states										"     state_name
id             
19  error_state"
3155.48389	0.0010050000000774162	states										"        state_name
id                
30  clean_up_state"
3155.485395	8.607994999999846	trials	1.0	1.0	-2.0			0.0	0.0	l	-2.0	
3155.485395	8.607994999999846	states										"   state_name
id           
0     state_0"
3155.485395	0.01599499999974796	states										"          state_name
id                  
1   sending_trialnum"
3155.50139	0.009500000000116415	states										"           state_name
id                   
3   clean_sound_state"
3155.51089	0.0015079999998306448	states										"   state_name
id           
4         iti"
3155.512398	0.6299930000000131	states										"         state_name
id                 
6   wait_for_cpoke1"
3156.142391	0.0014989999999670545	states										"             state_name
id                     
8   play_stimulus_sound"
3156.14389	0.13351600000032704	states										"   state_name
id           
9      cpoke1"
3156.277406	0.20098800000005212	states										"        state_name
id                
12  temp_violation"
3156.478394	0.001495999999860942	states										"             state_name
id                     
8   play_stimulus_sound"
3156.47989	2.000015000000076	states										"   state_name
id           
9      cpoke1"
3158.479905	0.011489999999866995	states										"           state_name
id                   
13  center_2_side_gap"
3158.491395	1.0099949999998898	states										"        state_name
id                
17  wait_for_spoke"
3159.50139	0.0005000000001018634	states										"     state_name
id             
22  left_reward"
3159.50189	2.000503000000208	states										"   state_name
id           
24  hit_state"
3161.502393	1.5889969999998357	states										"          state_name
id                  
29  soft_drink_state"
3163.09139	1.0010050000000774	states										"   state_name
id           
26    warning"
3164.092395	0.00099499999987529	states										"        state_name
id                
30  clean_up_state"
3164.09389	13.492999999999938	trials	1.0	1.0	1.0			0.0	0.0	r	1.0	
3164.09389	13.492999999999938	states										"   state_name
id           
0     state_0"
3164.09389	0.016000000000076398	states										"          state_name
id                  
1   sending_trialnum"
3164.10989	0.009504999999990105	states										"           state_name
id                   
3   clean_sound_state"
3164.119395	0.001010999999834894	states										"   state_name
id           
4         iti"
3164.120406	5.655483999999888	states										"         state_name
id                 
6   wait_for_cpoke1"
3169.77589	0.0015000000003055902	states										"             state_name
id                     
8   play_stimulus_sound"
3169.77739	0.1470019999997021	states										"   state_name
id           
9      cpoke1"
3169.924392	0.20099800000025425	states										"        state_name
id                
12  temp_violation"
3170.12539	0.0014999999998508429	states										"             state_name
id                     
8   play_stimulus_sound"
3170.12689	2.0	states										"   state_name
id           
9      cpoke1"
3172.12689	0.011504999999942811	states										"           state_name
id                   
13  center_2_side_gap"
3172.138395	0.5349949999999808	states										"        state_name
id                
17  wait_for_spoke"
3172.67339	0.0005000000001018634	states										"      state_name
id              
23  right_reward"
3172.67389	2.0000049999998737	states										"   state_name
id           
24  hit_state"
3174.673895	1.9109950000001845	states										"          state_name
id                  
29  soft_drink_state"
3176.58489	1.000999999999749	states										"   state_name
id           
26    warning"
3177.58589	0.0010000000002037268	states										"        state_name
id                
30  clean_up_state"
3177.58739	11.96349999999984	trials	0.0	1.0	1.0			0.0	0.0	r	1.0	
3177.58739	11.96349999999984	states										"   state_name
id           
0     state_0"
3177.58739	0.016016000000036	states										"          state_name
id                  
1   sending_trialnum"
3177.603406	0.009483999999702064	states										"           state_name
id                   
3   clean_sound_state"
3177.61289	0.0010150000002795423	states										"   state_name
id           
4         iti"
3177.613905	0.24748499999986961	states										"         state_name
id                 
6   wait_for_cpoke1"
3177.86139	0.0014999999998508429	states										"             state_name
id                     
8   play_stimulus_sound"
3177.86289	0.3645000000001346	states										"   state_name
id           
9      cpoke1"
3178.22739	0.2010019999997894	states										"        state_name
id                
12  temp_violation"
3178.428392	0.001498000000083266	states										"             state_name
id                     
8   play_stimulus_sound"
3178.42989	1.5585040000000845	states										"   state_name
id           
9      cpoke1"
3179.988394	0.20099600000003193	states										"        state_name
id                
12  temp_violation"
3180.18939	0.0014999999998508429	states										"             state_name
id                     
8   play_stimulus_sound"
3180.19089	0.7050150000000031	states										"   state_name
id           
9      cpoke1"
3180.895905	0.200984999999946	states										"        state_name
id                
12  temp_violation"
3181.09689	0.31850000000031287	states										"         state_name
id                 
6   wait_for_cpoke1"
3181.41539	0.0014999999998508429	states										"             state_name
id                     
8   play_stimulus_sound"
3181.41689	0.43499999999994543	states										"   state_name
id           
9      cpoke1"
3181.85189	0.20100000000002183	states										"        state_name
id                
12  temp_violation"
3182.05289	1.5619999999998981	states										"         state_name
id                 
6   wait_for_cpoke1"
3183.61489	0.0015029999999569554	states										"             state_name
id                     
8   play_stimulus_sound"
3183.616393	0.2324970000004214	states										"   state_name
id           
9      cpoke1"
3183.84889	0.20099999999956708	states										"        state_name
id                
12  temp_violation"
3184.04989	0.0015000000003055902	states										"             state_name
id                     
8   play_stimulus_sound"
3184.05139	2.0000089999998636	states										"   state_name
id           
9      cpoke1"
3186.051399	0.010996999999861146	states										"           state_name
id                   
13  center_2_side_gap"
3186.062396	0.48549400000001697	states										"        state_name
id                
17  wait_for_spoke"
3186.54789	0.0015000000003055902	states										"      state_name
id              
18  error_state1"
3186.54939	3.000499999999647	states										"     state_name
id             
19  error_state"
3189.54989	0.0010000000002037268	states										"        state_name
id                
30  clean_up_state"
3189.55139	37.6480160000001	trials	0.0	1.0	2.0			0.0	0.0	r	2.0	
3189.55139	37.6480160000001	states										"   state_name
id           
0     state_0"
3189.55139	0.016000000000076398	states										"          state_name
id                  
1   sending_trialnum"
3189.56739	0.009499999999661668	states										"           state_name
id                   
3   clean_sound_state"
3189.57689	0.0010150000002795423	states										"   state_name
id           
4         iti"
3189.577905	1.7044909999999618	states										"         state_name
id                 
6   wait_for_cpoke1"
3191.282396	0.001494000000093365	states										"             state_name
id                     
8   play_stimulus_sound"
3191.28389	0.48751599999968676	states										"   state_name
id           
9      cpoke1"
3191.771406	0.20099200000004203	states										"        state_name
id                
12  temp_violation"
3191.972398	29.175506999999925	states										"         state_name
id                 
6   wait_for_cpoke1"
3221.147905	0.0014850000002297747	states										"             state_name
id                     
8   play_stimulus_sound"
3221.14939	0.2870109999998931	states										"   state_name
id           
9      cpoke1"
3221.436401	0.2009889999999359	states										"        state_name
id                
12  temp_violation"
3221.63739	0.001502000000073167	states										"             state_name
id                     
8   play_stimulus_sound"
3221.638892	0.01100300000007337	states										"   state_name
id           
9      cpoke1"
3221.649895	0.20099500000014814	states										"        state_name
id                
12  temp_violation"
3221.85089	0.0015129999997043342	states										"             state_name
id                     
8   play_stimulus_sound"
3221.852403	2.000488000000132	states										"   state_name
id           
9      cpoke1"
3223.852891	0.011015000000043074	states										"           state_name
id                   
13  center_2_side_gap"
3223.863906	0.33198399999992034	states										"        state_name
id                
17  wait_for_spoke"
3224.19589	0.0014999999998508429	states										"      state_name
id              
18  error_state1"
3224.19739	3.0010090000000673	states										"     state_name
id             
19  error_state"
3227.198399	0.0010070000002997403	states										"        state_name
id                
30  clean_up_state"
3227.199895	12.667994999999792	trials	0.0	1.0	-2.0			0.0	0.0	l	-2.0	
3227.199895	12.667994999999792	states										"   state_name
id           
0     state_0"
3227.199895	0.01599499999974796	states										"          state_name
id                  
1   sending_trialnum"
3227.21589	0.009500000000116415	states										"           state_name
id                   
3   clean_sound_state"
3227.22539	0.0010039999997388804	states										"   state_name
id           
4         iti"
3227.226394	6.4140040000002045	states										"         state_name
id                 
6   wait_for_cpoke1"
3233.640398	0.0015069999999468564	states										"             state_name
id                     
8   play_stimulus_sound"
3233.641905	0.6544910000002346	states										"   state_name
id           
9      cpoke1"
3234.296396	0.2009989999996833	states										"        state_name
id                
12  temp_violation"
3234.497395	0.0014960000003156892	states										"             state_name
id                     
8   play_stimulus_sound"
3234.498891	2.00000399999999	states										"   state_name
id           
9      cpoke1"
3236.498895	0.011009999999714637	states										"           state_name
id                   
13  center_2_side_gap"
3236.509905	0.3539850000001934	states										"        state_name
id                
17  wait_for_spoke"
3236.86389	0.0015159999998104468	states										"      state_name
id              
18  error_state1"
3236.865406	3.0014839999998912	states										"     state_name
id             
19  error_state"
3239.86689	0.0010000000002037268	states										"        state_name
id                
30  clean_up_state"
3239.868402	9.706001000000015	trials	1.0	1.0	-2.0			0.0	0.0	l	-2.0	
3239.868402	9.706001000000015	states										"   state_name
id           
0     state_0"
3239.868402	0.015996000000086497	states										"          state_name
id                  
1   sending_trialnum"
3239.884398	0.009491999999681866	states										"           state_name
id                   
3   clean_sound_state"
3239.89389	0.0010000000002037268	states										"   state_name
id           
4         iti"
3239.89489	1.8730000000000473	states										"         state_name
id                 
6   wait_for_cpoke1"
3241.76789	0.0014999999998508429	states										"             state_name
id                     
8   play_stimulus_sound"
3241.76939	0.44150600000011764	states										"   state_name
id           
9      cpoke1"
3242.210896	0.20100899999988542	states										"        state_name
id                
12  temp_violation"
3242.411905	0.0014850000002297747	states										"             state_name
id                     
8   play_stimulus_sound"
3242.41339	2.0000159999999596	states										"   state_name
id           
9      cpoke1"
3244.413406	0.011498999999730586	states										"           state_name
id                   
13  center_2_side_gap"
3244.424905	0.563488000000234	states										"        state_name
id                
17  wait_for_spoke"
3244.988393	0.0004969999999957508	states										"     state_name
id             
22  left_reward"
3244.98889	2.0	states										"   state_name
id           
24  hit_state"
3246.98889	1.5835159999996904	states										"          state_name
id                  
29  soft_drink_state"
3248.572406	1.0009840000002441	states										"   state_name
id           
26    warning"
3249.57339	0.0010130000000572181	states										"        state_name
id                
30  clean_up_state"
3249.57489	9.40800100000024	trials	1.0	1.0	-2.0			0.0	0.0	l	-2.0	
3249.57489	9.40800100000024	states										"   state_name
id           
0     state_0"
3249.57489	0.016000000000076398	states										"          state_name
id                  
1   sending_trialnum"
3249.59089	0.00951600000007602	states										"           state_name
id                   
3   clean_sound_state"
3249.600406	0.001483999999891239	states										"   state_name
id           
4         iti"
3249.60189	0.2335000000002765	states										"         state_name
id                 
6   wait_for_cpoke1"
3249.83539	0.0014999999998508429	states										"             state_name
id                     
8   play_stimulus_sound"
3249.83689	0.5895059999998011	states										"   state_name
id           
9      cpoke1"
3250.426396	0.20101000000022395	states										"        state_name
id                
12  temp_violation"
3250.627406	0.001483999999891239	states										"             state_name
id                     
8   play_stimulus_sound"
3250.62889	2.000015000000076	states										"   state_name
id           
9      cpoke1"
3252.628905	0.011000999999851047	states										"           state_name
id                   
13  center_2_side_gap"
3252.639906	0.4644900000002963	states										"        state_name
id                
17  wait_for_spoke"
3253.104396	0.0005089999999654538	states										"     state_name
id             
22  left_reward"
3253.104905	2.000485000000026	states										"   state_name
id           
24  hit_state"
3255.10539	2.8755049999999756	states										"          state_name
id                  
29  soft_drink_state"
3257.980895	1.0009949999998753	states										"   state_name
id           
26    warning"
3258.98189	0.0010010000000875152	states										"        state_name
id                
30  clean_up_state"
3258.983395	8.082494999999653	trials	1.0	0.0	1.0	1.3000029999997602	0.0	0.0	0.0	r	1.0	
3258.983395	8.082494999999653	states										"   state_name
id           
0     state_0"
3258.983395	0.01599499999974796	states										"          state_name
id                  
1   sending_trialnum"
3258.99939	0.009500000000116415	states										"           state_name
id                   
3   clean_sound_state"
3259.00889	0.0015089999997144332	states										"   state_name
id           
4         iti"
3259.010399	0.3604910000003656	states										"         state_name
id                 
6   wait_for_cpoke1"
3259.37089	0.001506000000063068	states										"             state_name
id                     
8   play_stimulus_sound"
3259.372396	2.0000029999996514	states										"   state_name
id           
9      cpoke1"
3261.372399	0.011491000000205531	states										"           state_name
id                   
13  center_2_side_gap"
3261.38389	0.4270000000001346	states										"        state_name
id                
17  wait_for_spoke"
3261.81089	0.0004999999996471161	states										"      state_name
id              
23  right_reward"
3261.81139	2.000500000000102	states										"   state_name
id           
24  hit_state"
3263.81189	2.2520150000000285	states										"          state_name
id                  
29  soft_drink_state"
3266.063905	1.000985000000128	states										"   state_name
id           
26    warning"
3267.06489	0.0009999999997489795	states										"        state_name
id                
30  clean_up_state"
3267.066395	13.497495000000072	trials	0.0	1.0	2.0			0.0	0.0	r	2.0	
3267.066395	13.497495000000072	states										"   state_name
id           
0     state_0"
3267.066395	0.016000000000076398	states										"          state_name
id                  
1   sending_trialnum"
3267.082395	0.009510000000318541	states										"           state_name
id                   
3   clean_sound_state"
3267.091905	0.0014849999997750274	states										"   state_name
id           
4         iti"
3267.09339	7.409500000000207	states										"         state_name
id                 
6   wait_for_cpoke1"
3274.50289	0.0015059999996083206	states										"             state_name
id                     
8   play_stimulus_sound"
3274.504396	0.20499400000016976	states										"   state_name
id           
9      cpoke1"
3274.70939	0.20100700000011784	states										"        state_name
id                
12  temp_violation"
3274.910397	0.014492999999674794	states										"         state_name
id                 
6   wait_for_cpoke1"
3274.92489	0.0015110000003915047	states										"             state_name
id                     
8   play_stimulus_sound"
3274.926401	2.000489000000016	states										"   state_name
id           
9      cpoke1"
3276.92689	0.011508999999932712	states										"           state_name
id                   
13  center_2_side_gap"
3276.938399	0.6220069999999396	states										"        state_name
id                
17  wait_for_spoke"
3277.560406	0.001483999999891239	states										"      state_name
id              
18  error_state1"
3277.56189	3.0010000000002037	states										"     state_name
id             
19  error_state"
3280.56289	0.0009999999997489795	states										"        state_name
id                
30  clean_up_state"
3280.564395	7.744001000000026	trials	1.0	0.0	-2.0	1.3000000000001088	0.0	0.0	0.0	l	-2.0	
3280.564395	7.744001000000026	states										"   state_name
id           
0     state_0"
3280.564395	0.016004999999950087	states										"          state_name
id                  
1   sending_trialnum"
3280.5804	0.009490000000369037	states										"           state_name
id                   
3   clean_sound_state"
3280.58989	0.0009999999997489795	states										"   state_name
id           
4         iti"
3280.59089	0.9605000000001382	states										"         state_name
id                 
6   wait_for_cpoke1"
3281.55139	0.0014999999998508429	states										"             state_name
id                     
8   play_stimulus_sound"
3281.55289	2.0	states										"   state_name
id           
9      cpoke1"
3283.55289	0.011507000000165135	states										"           state_name
id                   
13  center_2_side_gap"
3283.564397	0.605493000000024	states										"        state_name
id                
17  wait_for_spoke"
3284.16989	0.0005139999998391431	states										"     state_name
id             
22  left_reward"
3284.170404	2.000000999999884	states										"   state_name
id           
24  hit_state"
3286.170405	1.135989000000336	states										"          state_name
id                  
29  soft_drink_state"
3287.306394	1.000995999999759	states										"   state_name
id           
26    warning"
3288.30739	0.0010059999999612046	states										"        state_name
id                
30  clean_up_state"
3288.30889	118.24750700000004	trials	1.0	1.0	-2.0			0.0	0.0	l	-2.0	
3288.30889	118.24750700000004	states										"   state_name
id           
0     state_0"
3288.30889	0.016000000000076398	states										"          state_name
id                  
1   sending_trialnum"
3288.32489	0.009504999999990105	states										"           state_name
id                   
3   clean_sound_state"
3288.334395	0.0015000000003055902	states										"   state_name
id           
4         iti"
3288.335895	4.438994999999977	states										"         state_name
id                 
6   wait_for_cpoke1"
3292.77489	0.0015049999997245322	states										"             state_name
id                     
8   play_stimulus_sound"
3292.776395	0.05899500000032276	states										"   state_name
id           
9      cpoke1"
3292.83539	0.20100899999988542	states										"        state_name
id                
12  temp_violation"
3293.036399	0.0014909999999872525	states										"             state_name
id                     
8   play_stimulus_sound"
3293.03789	0.03050600000005943	states										"   state_name
id           
9      cpoke1"
3293.068396	0.2009989999996833	states										"        state_name
id                
12  temp_violation"
3293.269395	0.12799500000028274	states										"         state_name
id                 
6   wait_for_cpoke1"
3293.39739	0.0014999999998508429	states										"             state_name
id                     
8   play_stimulus_sound"
3293.39889	0.07350499999984095	states										"   state_name
id           
9      cpoke1"
3293.472395	0.20099500000014814	states										"        state_name
id                
12  temp_violation"
3293.67339	0.0014999999998508429	states										"             state_name
id                     
8   play_stimulus_sound"
3293.67489	1.7665000000001783	states										"   state_name
id           
9      cpoke1"
3295.44139	0.20101500000009764	states										"        state_name
id                
12  temp_violation"
3295.642405	1.5124849999997423	states										"         state_name
id                 
6   wait_for_cpoke1"
3297.15489	0.001506000000063068	states										"             state_name
id                     
8   play_stimulus_sound"
3297.156396	0.24499400000013338	states										"   state_name
id           
9      cpoke1"
3297.40139	0.20100600000023405	states										"        state_name
id                
12  temp_violation"
3297.602396	2.0964939999998933	states										"         state_name
id                 
6   wait_for_cpoke1"
3299.69889	0.001506000000063068	states										"             state_name
id                     
8   play_stimulus_sound"
3299.700396	0.5589939999999842	states										"   state_name
id           
9      cpoke1"
3300.25939	0.2010029999996732	states										"        state_name
id                
12  temp_violation"
3300.460393	99.06499699999995	states										"         state_name
id                 
6   wait_for_cpoke1"
3399.52539	0.0015000000003055902	states										"             state_name
id                     
8   play_stimulus_sound"
3399.52689	2.0	states										"   state_name
id           
9      cpoke1"
3401.52689	0.011004999999840948	states										"           state_name
id                   
13  center_2_side_gap"
3401.537895	0.6229950000001736	states										"        state_name
id                
17  wait_for_spoke"
3402.16089	0.0005000000001018634	states										"     state_name
id             
22  left_reward"
3402.16139	2.0000069999996413	states										"   state_name
id           
24  hit_state"
3404.161397	1.3930050000003575	states										"          state_name
id                  
29  soft_drink_state"
3405.554402	1.0009879999997793	states										"   state_name
id           
26    warning"
3406.55539	0.001006999999844993	states										"        state_name
id                
30  clean_up_state"
3406.556892	11.89899800000012	trials	0.0	1.0	2.0			0.0	0.0	r	2.0	
3406.556892	11.89899800000012	states										"   state_name
id           
0     state_0"
3406.556892	0.015997999999854073	states										"          state_name
id                  
1   sending_trialnum"
3406.57289	0.009508000000096217	states										"           state_name
id                   
3   clean_sound_state"
3406.582398	0.001491999999871041	states										"   state_name
id           
4         iti"
3406.58389	2.6865060000000085	states										"         state_name
id                 
6   wait_for_cpoke1"
3409.270396	0.001494000000093365	states										"             state_name
id                     
8   play_stimulus_sound"
3409.27189	0.2655089999998381	states										"   state_name
id           
9      cpoke1"
3409.537399	0.20099800000025425	states										"        state_name
id                
12  temp_violation"
3409.738397	0.12950899999987087	states										"         state_name
id                 
6   wait_for_cpoke1"
3409.867906	0.001483999999891239	states										"             state_name
id                     
8   play_stimulus_sound"
3409.86939	0.27701500000011947	states										"   state_name
id           
9      cpoke1"
3410.146405	0.200984999999946	states										"        state_name
id                
12  temp_violation"
3410.34739	0.029500000000098225	states										"         state_name
id                 
6   wait_for_cpoke1"
3410.37689	0.001506000000063068	states										"             state_name
id                     
8   play_stimulus_sound"
3410.378396	1.6884939999999915	states										"   state_name
id           
9      cpoke1"
3412.06689	0.20100000000002183	states										"        state_name
id                
12  temp_violation"
3412.26789	0.6625079999998889	states										"         state_name
id                 
6   wait_for_cpoke1"
3412.930398	0.001491999999871041	states										"             state_name
id                     
8   play_stimulus_sound"
3412.93189	2.0	states										"   state_name
id           
9      cpoke1"
3414.93189	0.011500000000069122	states										"           state_name
id                   
13  center_2_side_gap"
3414.94339	0.5084999999999127	states										"        state_name
id                
17  wait_for_spoke"
3415.45189	0.0015000000003055902	states										"      state_name
id              
18  error_state1"
3415.45339	3.001499999999851	states										"     state_name
id             
19  error_state"
3418.45489	0.0010000000002037268	states										"        state_name
id                
30  clean_up_state"
3418.456406	10.158994000000348	trials	1.0	1.0	2.0			0.0	0.0	r	2.0	
3418.456406	10.158994000000348	states										"   state_name
id           
0     state_0"
3418.456406	0.015996000000086497	states										"          state_name
id                  
1   sending_trialnum"
3418.472402	0.009488000000146712	states										"           state_name
id                   
3   clean_sound_state"
3418.48189	0.0010000000002037268	states										"   state_name
id           
4         iti"
3418.48289	1.1215069999998377	states										"         state_name
id                 
6   wait_for_cpoke1"
3419.604397	0.0015089999997144332	states										"             state_name
id                     
8   play_stimulus_sound"
3419.605906	0.30648900000005597	states										"   state_name
id           
9      cpoke1"
3419.912395	0.20101100000010774	states										"        state_name
id                
12  temp_violation"
3420.113406	0.001483999999891239	states										"             state_name
id                     
8   play_stimulus_sound"
3420.11489	2.0	states										"   state_name
id           
9      cpoke1"
3422.11489	0.011510000000271248	states										"           state_name
id                   
13  center_2_side_gap"
3422.1264	0.4859919999998965	states										"        state_name
id                
17  wait_for_spoke"
3422.612392	0.0004979999998795392	states										"      state_name
id              
23  right_reward"
3422.61289	2.000500000000102	states										"   state_name
id           
24  hit_state"
3424.61339	3.000500000000102	states										"          state_name
id                  
29  soft_drink_state"
3427.61389	1.0005059999998593	states										"   state_name
id           
26    warning"
3428.614396	0.0010040000001936278	states										"        state_name
id                
30  clean_up_state"
3428.61589	9.922505999999885	trials	1.0	1.0	1.0			0.0	0.0	r	1.0	
3428.61589	9.922505999999885	states										"   state_name
id           
0     state_0"
3428.61589	0.016015000000152213	states										"          state_name
id                  
1   sending_trialnum"
3428.631905	0.009484999999585852	states										"           state_name
id                   
3   clean_sound_state"
3428.64139	0.0010150000002795423	states										"   state_name
id           
4         iti"
3428.642405	0.47048499999982596	states										"         state_name
id                 
6   wait_for_cpoke1"
3429.11289	0.0015040000002954912	states										"             state_name
id                     
8   play_stimulus_sound"
3429.114394	0.48899600000004284	states										"   state_name
id           
9      cpoke1"
3429.60339	0.2010029999996732	states										"        state_name
id                
12  temp_violation"
3429.804393	0.0015130000001590815	states										"             state_name
id                     
8   play_stimulus_sound"
3429.805906	2.0004939999998896	states										"   state_name
id           
9      cpoke1"
3431.8064	0.011506000000281347	states										"           state_name
id                   
13  center_2_side_gap"
3431.817906	0.7169839999996839	states										"        state_name
id                
17  wait_for_spoke"
3432.53489	0.0005000000001018634	states										"      state_name
id              
23  right_reward"
3432.53539	2.000500000000102	states										"   state_name
id           
24  hit_state"
3434.53589	3.0005099999998492	states										"          state_name
id                  
29  soft_drink_state"
3437.5364	1.0009900000000016	states										"   state_name
id           
26    warning"
3438.53739	0.0010059999999612046	states										"        state_name
id                
30  clean_up_state"
3438.538905	10.012985000000299	trials	1.0	1.0	-1.0			0.0	0.0	l	-1.0	
3438.538905	10.012985000000299	states										"   state_name
id           
0     state_0"
3438.538905	0.015985000000000582	states										"          state_name
id                  
1   sending_trialnum"
3438.55489	0.009514000000308442	states										"           state_name
id                   
3   clean_sound_state"
3438.564404	0.0014859999996588158	states										"   state_name
id           
4         iti"
3438.56589	0.15601500000002488	states										"         state_name
id                 
6   wait_for_cpoke1"
3438.721905	0.0014850000002297747	states										"             state_name
id                     
8   play_stimulus_sound"
3438.72339	0.1485050000001138	states										"   state_name
id           
9      cpoke1"
3438.871895	0.2010099999997692	states										"        state_name
id                
12  temp_violation"
3439.072905	0.001491999999871041	states										"             state_name
id                     
8   play_stimulus_sound"
3439.074397	1.9435090000001765	states										"   state_name
id           
9      cpoke1"
3441.017906	0.20098400000006222	states										"        state_name
id                
12  temp_violation"
3441.21889	0.4245049999999537	states										"         state_name
id                 
6   wait_for_cpoke1"
3441.643395	0.0014949999999771535	states										"             state_name
id                     
8   play_stimulus_sound"
3441.64489	2.0	states										"   state_name
id           
9      cpoke1"
3443.64489	0.011508999999932712	states										"           state_name
id                   
13  center_2_side_gap"
3443.656399	0.7694910000000164	states										"        state_name
id                
17  wait_for_spoke"
3444.42589	0.0005070000001978769	states										"     state_name
id             
22  left_reward"
3444.426397	2.000493000000006	states										"   state_name
id           
24  hit_state"
3446.42689	1.1230149999996684	states										"          state_name
id                  
29  soft_drink_state"
3447.549905	1.0010000000002037	states										"   state_name
id           
26    warning"
3448.550905	0.0009850000001279113	states										"        state_name
id                
30  clean_up_state"
3448.552392	13.044010000000071	trials	1.0	1.0	2.0			0.0	0.0	r	2.0	
3448.552392	13.044010000000071	states										"   state_name
id           
0     state_0"
3448.552392	0.0160040000000663	states										"          state_name
id                  
1   sending_trialnum"
3448.568396	0.00949399999990419	states										"           state_name
id                   
3   clean_sound_state"
3448.57789	0.0010050000000774162	states										"   state_name
id           
4         iti"
3448.578895	3.68950599999971	states										"         state_name
id                 
6   wait_for_cpoke1"
3452.268401	0.0015050000001792796	states										"             state_name
id                     
8   play_stimulus_sound"
3452.269906	0.3474839999998949	states										"   state_name
id           
9      cpoke1"
3452.61739	0.20101100000010774	states										"        state_name
id                
12  temp_violation"
3452.818401	0.0015039999998407438	states										"             state_name
id                     
8   play_stimulus_sound"
3452.819905	2.0	states										"   state_name
id           
9      cpoke1"
3454.819905	0.010999999999967258	states										"           state_name
id                   
13  center_2_side_gap"
3454.830905	0.7619880000002013	states										"        state_name
id                
17  wait_for_spoke"
3455.592893	0.0005129999999553547	states										"      state_name
id              
23  right_reward"
3455.593406	2.0004840000001423	states										"   state_name
id           
24  hit_state"
3457.59389	3.0005040000000918	states										"          state_name
id                  
29  soft_drink_state"
3460.594394	1.000995999999759	states										"   state_name
id           
26    warning"
3461.59539	0.0010120000001734297	states										"        state_name
id                
30  clean_up_state"
3461.59689	8.437000000000353	trials	1.0	1.0	-2.0			0.0	0.0	l	-2.0	
3461.59689	8.437000000000353	states										"   state_name
id           
0     state_0"
3461.59689	0.016000000000076398	states										"          state_name
id                  
1   sending_trialnum"
3461.61289	0.009508000000096217	states										"           state_name
id                   
3   clean_sound_state"
3461.622398	0.001491999999871041	states										"   state_name
id           
4         iti"
3461.62389	0.2525060000002668	states										"         state_name
id                 
6   wait_for_cpoke1"
3461.876396	0.001494000000093365	states										"             state_name
id                     
8   play_stimulus_sound"
3461.87789	0.37199999999984357	states										"   state_name
id           
9      cpoke1"
3462.24989	0.20100000000002183	states										"        state_name
id                
12  temp_violation"
3462.45089	0.0015029999999569554	states										"             state_name
id                     
8   play_stimulus_sound"
3462.452393	2.0000049999998737	states										"   state_name
id           
9      cpoke1"
3464.452398	0.01149200000008932	states										"           state_name
id                   
13  center_2_side_gap"
3464.46389	0.7325070000001688	states										"        state_name
id                
17  wait_for_spoke"
3465.196397	0.0004979999998795392	states										"     state_name
id             
22  left_reward"
3465.196895	2.0004949999997734	states										"   state_name
id           
24  hit_state"
3467.19739	1.8345150000000103	states										"          state_name
id                  
29  soft_drink_state"
3469.031905	1.0010000000002037	states										"   state_name
id           
26    warning"
3470.032905	0.0009850000001279113	states										"        state_name
id                
30  clean_up_state"
3470.034397	6.057996000000003	trials	0.0	1.0	-2.0			0.0	0.0	l	-2.0	
3470.034397	6.057996000000003	states										"   state_name
id           
0     state_0"
3470.034397	0.016000000000076398	states										"          state_name
id                  
1   sending_trialnum"
3470.050397	0.009508000000096217	states										"           state_name
id                   
3   clean_sound_state"
3470.059905	0.0014849999997750274	states										"   state_name
id           
4         iti"
3470.06139	0.17000000000007276	states										"         state_name
id                 
6   wait_for_cpoke1"
3470.23139	0.0015149999999266583	states										"             state_name
id                     
8   play_stimulus_sound"
3470.232905	0.027985000000171567	states										"   state_name
id           
9      cpoke1"
3470.26089	0.20100000000002183	states										"        state_name
id                
12  temp_violation"
3470.46189	0.0014999999998508429	states										"             state_name
id                     
8   play_stimulus_sound"
3470.46339	2.0	states										"   state_name
id           
9      cpoke1"
3472.46339	0.01100799999994706	states										"           state_name
id                   
13  center_2_side_gap"
3472.474398	0.6144960000001447	states										"        state_name
id                
17  wait_for_spoke"
3473.088894	0.0015119999998205458	states										"      state_name
id              
18  error_state1"
3473.090406	3.000985000000128	states										"     state_name
id             
19  error_state"
3476.091391	0.0010019999999713036	states										"        state_name
id                
30  clean_up_state"
3476.09289	9.967000000000098	trials	1.0	0.0	1.0	1.300485000000135	0.0	0.0	0.0	r	1.0	
3476.09289	9.967000000000098	states										"   state_name
id           
0     state_0"
3476.09289	0.016000000000076398	states										"          state_name
id                  
1   sending_trialnum"
3476.10889	0.009513999999853695	states										"           state_name
id                   
3   clean_sound_state"
3476.118404	0.0014860000001135631	states										"   state_name
id           
4         iti"
3476.11989	1.0394999999998618	states										"         state_name
id                 
6   wait_for_cpoke1"
3477.15939	0.0015150000003814057	states										"             state_name
id                     
8   play_stimulus_sound"
3477.160905	2.000485000000026	states										"   state_name
id           
9      cpoke1"
3479.16139	0.011499999999614374	states										"           state_name
id                   
13  center_2_side_gap"
3479.17289	0.8835010000002512	states										"        state_name
id                
17  wait_for_spoke"
3480.056391	0.0004989999997633277	states										"      state_name
id              
23  right_reward"
3480.05689	2.000500000000102	states										"   state_name
id           
24  hit_state"
3482.05739	3.000500000000102	states										"          state_name
id                  
29  soft_drink_state"
3485.05789	1.000999999999749	states										"   state_name
id           
26    warning"
3486.05889	0.0010000000002037268	states										"        state_name
id                
30  clean_up_state"
3486.060398	11.031993000000057	trials	1.0	1.0	2.0			0.0	0.0	r	2.0	
3486.060398	11.031993000000057	states										"   state_name
id           
0     state_0"
3486.060398	0.015998999999737862	states										"          state_name
id                  
1   sending_trialnum"
3486.076397	0.009508999999980006	states										"           state_name
id                   
3   clean_sound_state"
3486.085906	0.0014840000003459863	states										"   state_name
id           
4         iti"
3486.08739	2.1190059999998994	states										"         state_name
id                 
6   wait_for_cpoke1"
3488.206396	0.001494000000093365	states										"             state_name
id                     
8   play_stimulus_sound"
3488.20789	0.31899999999996	states										"   state_name
id           
9      cpoke1"
3488.52689	0.20100000000002183	states										"        state_name
id                
12  temp_violation"
3488.72789	0.0014999999998508429	states										"             state_name
id                     
8   play_stimulus_sound"
3488.72939	2.0000049999998737	states										"   state_name
id           
9      cpoke1"
3490.729395	0.011495000000195432	states										"           state_name
id                   
13  center_2_side_gap"
3490.74089	0.6410000000000764	states										"        state_name
id                
17  wait_for_spoke"
3491.38189	0.0005009999999856518	states										"      state_name
id              
23  right_reward"
3491.382391	2.000003000000106	states										"   state_name
id           
24  hit_state"
3493.382394	2.708002999999735	states										"          state_name
id                  
29  soft_drink_state"
3496.090397	1.0009930000001077	states										"   state_name
id           
26    warning"
3497.09139	0.0010010000000875152	states										"        state_name
id                
30  clean_up_state"
3497.09289	10.439000000000306	trials	1.0	0.0	2.0	1.3000000000001088	0.0	0.0	0.0	r	2.0	
3497.09289	10.439000000000306	states										"   state_name
id           
0     state_0"
3497.09289	0.016000000000076398	states										"          state_name
id                  
1   sending_trialnum"
3497.10889	0.00951500000019223	states										"           state_name
id                   
3   clean_sound_state"
3497.118405	0.0014849999997750274	states										"   state_name
id           
4         iti"
3497.11989	0.3474999999998545	states										"         state_name
id                 
6   wait_for_cpoke1"
3497.46739	0.0015000000003055902	states										"             state_name
id                     
8   play_stimulus_sound"
3497.46889	2.0	states										"   state_name
id           
9      cpoke1"
3499.46889	0.011501999999836698	states										"           state_name
id                   
13  center_2_side_gap"
3499.480392	2.0484980000001087	states										"        state_name
id                
17  wait_for_spoke"
3501.52889	0.0005000000001018634	states										"      state_name
id              
23  right_reward"
3501.52939	2.000499999999647	states										"   state_name
id           
24  hit_state"
3503.52989	3.0005040000000918	states										"          state_name
id                  
29  soft_drink_state"
3506.530394	1.000496000000112	states										"   state_name
id           
26    warning"
3507.53089	0.0010000000002037268	states										"        state_name
id                
30  clean_up_state"
3507.532394	7.650996000000305	trials	1.0	0.0	-1.0	1.3004910000003471	0.0	0.0	0.0	l	-1.0	
3507.532394	7.650996000000305	states										"   state_name
id           
0     state_0"
3507.532394	0.016004999999950087	states										"          state_name
id                  
1   sending_trialnum"
3507.548399	0.00950600000032864	states										"           state_name
id                   
3   clean_sound_state"
3507.557905	0.0014849999997750274	states										"   state_name
id           
4         iti"
3507.55939	0.33350000000018554	states										"         state_name
id                 
6   wait_for_cpoke1"
3507.89289	0.0015089999997144332	states										"             state_name
id                     
8   play_stimulus_sound"
3507.894399	2.0004910000002383	states										"   state_name
id           
9      cpoke1"
3509.89489	0.011507000000165135	states										"           state_name
id                   
13  center_2_side_gap"
3509.906397	1.0514929999999367	states										"        state_name
id                
17  wait_for_spoke"
3510.95789	0.0005080000000816653	states										"     state_name
id             
22  left_reward"
3510.958398	2.0004919999996673	states										"   state_name
id           
24  hit_state"
3512.95889	1.2225000000003092	states										"          state_name
id                  
29  soft_drink_state"
3514.18139	1.0010059999999612	states										"   state_name
id           
26    warning"
3515.182396	0.0009939999999915017	states										"        state_name
id                
30  clean_up_state"
3515.183895	9.494995000000017	trials	1.0	1.0	-1.0			0.0	0.0	l	-1.0	
3515.183895	9.494995000000017	states										"   state_name
id           
0     state_0"
3515.183895	0.01599499999974796	states										"          state_name
id                  
1   sending_trialnum"
3515.19989	0.009500000000116415	states										"           state_name
id                   
3   clean_sound_state"
3515.20939	0.0010040000001936278	states										"   state_name
id           
4         iti"
3515.210394	0.9114959999997154	states										"         state_name
id                 
6   wait_for_cpoke1"
3516.12189	0.0015000000003055902	states										"             state_name
id                     
8   play_stimulus_sound"
3516.12339	0.6144999999996799	states										"   state_name
id           
9      cpoke1"
3516.73789	0.20101500000009764	states										"        state_name
id                
12  temp_violation"
3516.938905	0.02799300000015137	states										"         state_name
id                 
6   wait_for_cpoke1"
3516.966898	0.001510000000052969	states										"             state_name
id                     
8   play_stimulus_sound"
3516.968408	0.12348199999996723	states										"   state_name
id           
9      cpoke1"
3517.09189	0.20100000000002183	states										"        state_name
id                
12  temp_violation"
3517.29289	0.0015009999997346313	states										"             state_name
id                     
8   play_stimulus_sound"
3517.294391	2.0000119999999697	states										"   state_name
id           
9      cpoke1"
3519.294403	0.01148700000021563	states										"           state_name
id                   
13  center_2_side_gap"
3519.30589	0.7409999999999854	states										"        state_name
id                
17  wait_for_spoke"
3520.04689	0.0005000000001018634	states										"     state_name
id             
22  left_reward"
3520.04739	2.0005159999996067	states										"   state_name
id           
24  hit_state"
3522.047906	1.6289930000002641	states										"          state_name
id                  
29  soft_drink_state"
3523.676899	1.0009970000000976	states										"   state_name
id           
26    warning"
3524.677896	0.0009939999999915017	states										"        state_name
id                
30  clean_up_state"
3524.67939	7.455500000000029	trials	0.0	0.0	2.0	1.3000000000001088	0.0	0.0	0.0	r	2.0	
3524.67939	7.455500000000029	states										"   state_name
id           
0     state_0"
3524.67939	0.016000000000076398	states										"          state_name
id                  
1   sending_trialnum"
3524.69539	0.00950200000033874	states										"           state_name
id                   
3   clean_sound_state"
3524.704892	0.0010139999999410065	states										"   state_name
id           
4         iti"
3524.705906	1.6064870000000155	states										"         state_name
id                 
6   wait_for_cpoke1"
3526.312393	0.0014969999997447303	states										"             state_name
id                     
8   play_stimulus_sound"
3526.31389	2.0	states										"   state_name
id           
9      cpoke1"
3528.31389	0.011500000000069122	states										"           state_name
id                   
13  center_2_side_gap"
3528.32539	0.80600000000004	states										"        state_name
id                
17  wait_for_spoke"
3529.13139	0.0014999999998508429	states										"      state_name
id              
18  error_state1"
3529.13289	3.0010000000002037	states										"     state_name
id             
19  error_state"
3532.13389	0.0009999999997489795	states										"        state_name
id                
30  clean_up_state"
3532.13539	28.97451600000022	trials	1.0	1.0	-1.0			0.0	0.0	l	-1.0	
3532.13539	28.97451600000022	states										"   state_name
id           
0     state_0"
3532.13539	0.01601699999991979	states										"          state_name
id                  
1   sending_trialnum"
3532.151407	0.009483000000273023	states										"           state_name
id                   
3   clean_sound_state"
3532.16089	0.001014999999824795	states										"   state_name
id           
4         iti"
3532.161905	0.07948500000020431	states										"         state_name
id                 
6   wait_for_cpoke1"
3532.24139	0.0015149999999266583	states										"             state_name
id                     
8   play_stimulus_sound"
3532.242905	0.30248500000016065	states										"   state_name
id           
9      cpoke1"
3532.54539	0.2010059999997793	states										"        state_name
id                
12  temp_violation"
3532.746396	0.001494000000093365	states										"             state_name
id                     
8   play_stimulus_sound"
3532.74789	1.8979999999996835	states										"   state_name
id           
9      cpoke1"
3534.64589	0.20100000000002183	states										"        state_name
id                
12  temp_violation"
3534.84689	19.131506000000172	states										"         state_name
id                 
6   wait_for_cpoke1"
3553.978396	0.001494000000093365	states										"             state_name
id                     
8   play_stimulus_sound"
3553.97989	2.0	states										"   state_name
id           
9      cpoke1"
3555.97989	0.011504999999942811	states										"           state_name
id                   
13  center_2_side_gap"
3555.991395	0.8419949999997698	states										"        state_name
id                
17  wait_for_spoke"
3556.83339	0.0005000000001018634	states										"     state_name
id             
22  left_reward"
3556.83389	2.000506000000314	states										"   state_name
id           
24  hit_state"
3558.834396	1.274000999999771	states										"          state_name
id                  
29  soft_drink_state"
3560.108397	1.0004950000002282	states										"   state_name
id           
26    warning"
3561.108892	0.0010139999999410065	states										"        state_name
id                
30  clean_up_state"
3561.110404	17.712986	trials	1.0	1.0	-1.0			0.0	0.0	l	-1.0	
3561.110404	17.712986	states										"   state_name
id           
0     state_0"
3561.110404	0.015995000000202708	states										"          state_name
id                  
1   sending_trialnum"
3561.126399	0.009490999999798078	states										"           state_name
id                   
3   clean_sound_state"
3561.13589	0.0010000000002037268	states										"   state_name
id           
4         iti"
3561.13689	10.315509999999904	states										"         state_name
id                 
6   wait_for_cpoke1"
3571.4524	0.0014899999996487168	states										"             state_name
id                     
8   play_stimulus_sound"
3571.45389	0.5010000000002037	states										"   state_name
id           
9      cpoke1"
3571.95489	0.20101500000009764	states										"        state_name
id                
12  temp_violation"
3572.155905	0.0014849999997750274	states										"             state_name
id                     
8   play_stimulus_sound"
3572.15739	2.0	states										"   state_name
id           
9      cpoke1"
3574.15739	0.011500000000069122	states										"           state_name
id                   
13  center_2_side_gap"
3574.16889	0.4305050000002666	states										"        state_name
id                
17  wait_for_spoke"
3574.599395	0.0004949999997734267	states										"     state_name
id             
22  left_reward"
3574.59989	2.0005059999998593	states										"   state_name
id           
24  hit_state"
3576.600396	1.221494000000348	states										"          state_name
id                  
29  soft_drink_state"
3577.82189	1.0005089999999655	states										"   state_name
id           
26    warning"
3578.822399	0.0009909999998853891	states										"        state_name
id                
30  clean_up_state"
3578.823906	14.972492999999758	trials	0.0	0.0	2.0	1.3000009999999926	0.0	0.0	0.0	r	2.0	
3578.823906	14.972492999999758	states										"   state_name
id           
0     state_0"
3578.823906	0.015984000000116794	states										"          state_name
id                  
1   sending_trialnum"
3578.83989	0.009515999999621272	states										"           state_name
id                   
3   clean_sound_state"
3578.849406	0.0014840000003459863	states										"   state_name
id           
4         iti"
3578.85089	2.475506999999652	states										"         state_name
id                 
6   wait_for_cpoke1"
3581.326397	0.0015080000002853922	states										"             state_name
id                     
8   play_stimulus_sound"
3581.327905	2.000000999999884	states										"   state_name
id           
9      cpoke1"
3583.327906	0.010984999999891443	states										"           state_name
id                   
13  center_2_side_gap"
3583.338891	7.4535030000001825	states										"        state_name
id                
17  wait_for_spoke"
3590.792394	0.001495999999860942	states										"      state_name
id              
18  error_state1"
3590.79389	3.0015000000003056	states										"     state_name
id             
19  error_state"
3593.79539	0.0010089999996125698	states										"        state_name
id                
30  clean_up_state"
3593.796891	23.527004000000034	trials	1.0	1.0	2.0			0.0	0.0	r	2.0	
3593.796891	23.527004000000034	states										"   state_name
id           
0     state_0"
3593.796891	0.01599900000019261	states										"          state_name
id                  
1   sending_trialnum"
3593.81289	0.009503999999651569	states										"           state_name
id                   
3   clean_sound_state"
3593.822394	0.0014960000003156892	states										"   state_name
id           
4         iti"
3593.82389	14.461999999999989	states										"         state_name
id                 
6   wait_for_cpoke1"
3608.28589	0.0015159999998104468	states										"             state_name
id                     
8   play_stimulus_sound"
3608.287406	0.03648400000020047	states										"   state_name
id           
9      cpoke1"
3608.32389	0.20101500000009764	states										"        state_name
id                
12  temp_violation"
3608.524905	0.0014889999997649284	states										"             state_name
id                     
8   play_stimulus_sound"
3608.526394	0.027000999999927444	states										"   state_name
id           
9      cpoke1"
3608.553395	0.20100099999990562	states										"        state_name
id                
12  temp_violation"
3608.754396	0.001494000000093365	states										"             state_name
id                     
8   play_stimulus_sound"
3608.75589	2.0	states										"   state_name
id           
9      cpoke1"
3610.75589	0.011500000000069122	states										"           state_name
id                   
13  center_2_side_gap"
3610.76739	0.643500000000131	states										"        state_name
id                
17  wait_for_spoke"
3611.41089	0.0005000000001018634	states										"      state_name
id              
23  right_reward"
3611.41139	2.0000159999999596	states										"   state_name
id           
24  hit_state"
3613.411406	2.9104999999999563	states										"          state_name
id                  
29  soft_drink_state"
3616.321906	1.0009839999997894	states										"   state_name
id           
26    warning"
3617.32289	0.0010050000000774162	states										"        state_name
id                
30  clean_up_state"
3617.324396	8.412993999999799	trials	1.0	1.0	2.0			0.0	0.0	r	2.0	
3617.324396	8.412993999999799	states										"   state_name
id           
0     state_0"
3617.324396	0.0160080000000562	states										"          state_name
id                  
1   sending_trialnum"
3617.340404	0.009485999999924388	states										"           state_name
id                   
3   clean_sound_state"
3617.34989	0.0010000000002037268	states										"   state_name
id           
4         iti"
3617.35089	0.19951399999990826	states										"         state_name
id                 
6   wait_for_cpoke1"
3617.550404	0.0014860000001135631	states										"             state_name
id                     
8   play_stimulus_sound"
3617.55189	0.3369999999999891	states										"   state_name
id           
9      cpoke1"
3617.88889	0.20100000000002183	states										"        state_name
id                
12  temp_violation"
3618.08989	0.0014999999998508429	states										"             state_name
id                     
8   play_stimulus_sound"
3618.09139	2.0	states										"   state_name
id           
9      cpoke1"
3620.09139	0.011500000000069122	states										"           state_name
id                   
13  center_2_side_gap"
3620.10289	1.6310159999998177	states										"        state_name
id                
17  wait_for_spoke"
3621.733906	0.00048599999990983633	states										"      state_name
id              
23  right_reward"
3621.734392	2.0000090000003183	states										"   state_name
id           
24  hit_state"
3623.734401	1.0010039999997389	states										"          state_name
id                  
29  soft_drink_state"
3624.735405	1.00099900000032	states										"   state_name
id           
26    warning"
3625.736404	0.0009859999995569524	states										"        state_name
id                
30  clean_up_state"
3625.73789	15.045000000000073	trials	0.0	1.0	2.0			0.0	0.0	r	2.0	
3625.73789	15.045000000000073	states										"   state_name
id           
0     state_0"
3625.73789	0.016000000000076398	states										"          state_name
id                  
1   sending_trialnum"
3625.75389	0.009500000000116415	states										"           state_name
id                   
3   clean_sound_state"
3625.76339	0.0010010000000875152	states										"   state_name
id           
4         iti"
3625.764391	8.700998999999683	states										"         state_name
id                 
6   wait_for_cpoke1"
3634.46539	0.0015000000003055902	states										"             state_name
id                     
8   play_stimulus_sound"
3634.46689	0.18449999999984357	states										"   state_name
id           
9      cpoke1"
3634.65139	0.20100600000023405	states										"        state_name
id                
12  temp_violation"
3634.852396	0.0014939999996386177	states										"             state_name
id                     
8   play_stimulus_sound"
3634.85389	2.0	states										"   state_name
id           
9      cpoke1"
3636.85389	0.010999999999967258	states										"           state_name
id                   
13  center_2_side_gap"
3636.86489	0.9149999999999636	states										"        state_name
id                
17  wait_for_spoke"
3637.77989	0.0015000000003055902	states										"      state_name
id              
18  error_state1"
3637.78139	3.000514999999723	states										"     state_name
id             
19  error_state"
3640.781905	0.0009850000001279113	states										"        state_name
id                
30  clean_up_state"
3640.78339	11.41399999999976	trials	1.0	1.0	1.0			0.0	0.0	r	1.0	
3640.78339	11.41399999999976	states										"   state_name
id           
0     state_0"
3640.78339	0.016000000000076398	states										"          state_name
id                  
1   sending_trialnum"
3640.79939	0.009499999999661668	states										"           state_name
id                   
3   clean_sound_state"
3640.80889	0.0015090000001691806	states										"   state_name
id           
4         iti"
3640.810399	2.2260049999999865	states										"         state_name
id                 
6   wait_for_cpoke1"
3643.036404	0.0014949999999771535	states										"             state_name
id                     
8   play_stimulus_sound"
3643.037899	0.3069909999999254	states										"   state_name
id           
9      cpoke1"
3643.34489	0.20100000000002183	states										"        state_name
id                
12  temp_violation"
3643.54589	0.0015000000003055902	states										"             state_name
id                     
8   play_stimulus_sound"
3643.54739	2.0000049999998737	states										"   state_name
id           
9      cpoke1"
3645.547395	0.011005999999724736	states										"           state_name
id                   
13  center_2_side_gap"
3645.558401	0.6944980000002943	states										"        state_name
id                
17  wait_for_spoke"
3646.252899	0.0005069999997431296	states										"      state_name
id              
23  right_reward"
3646.253406	2.0004840000001423	states										"   state_name
id           
24  hit_state"
3648.25389	2.9414999999999054	states										"          state_name
id                  
29  soft_drink_state"
3651.19539	1.0010010000000875	states										"   state_name
id           
26    warning"
3652.196391	0.000998999999865191	states										"        state_name
id                
30  clean_up_state"
3652.197905	7.822491999999784	trials	1.0	1.0	-2.0			0.0	0.0	l	-2.0	
3652.197905	7.822491999999784	states										"   state_name
id           
0     state_0"
3652.197905	0.015985000000000582	states										"          state_name
id                  
1   sending_trialnum"
3652.21389	0.009500000000116415	states										"           state_name
id                   
3   clean_sound_state"
3652.22339	0.0010059999999612046	states										"   state_name
id           
4         iti"
3652.224396	0.4289939999998751	states										"         state_name
id                 
6   wait_for_cpoke1"
3652.65339	0.0014999999998508429	states										"             state_name
id                     
8   play_stimulus_sound"
3652.65489	0.15051600000015242	states										"   state_name
id           
9      cpoke1"
3652.805406	0.2009859999998298	states										"        state_name
id                
12  temp_violation"
3653.006392	0.001498000000083266	states										"             state_name
id                     
8   play_stimulus_sound"
3653.00789	2.0	states										"   state_name
id           
9      cpoke1"
3655.00789	0.011500000000069122	states										"           state_name
id                   
13  center_2_side_gap"
3655.01939	0.9590050000001611	states										"        state_name
id                
17  wait_for_spoke"
3655.978395	0.0004949999997734267	states										"     state_name
id             
22  left_reward"
3655.97889	2.0000050000003284	states										"   state_name
id           
24  hit_state"
3657.978895	1.0399949999996352	states										"          state_name
id                  
29  soft_drink_state"
3659.01889	1.0005000000001019	states										"   state_name
id           
26    warning"
3660.01939	0.001006999999844993	states										"        state_name
id                
30  clean_up_state"
3660.020905	39.75150200000007	trials	1.0	0.0	1.0	1.3004930000001147	0.0	0.0	0.0	r	1.0	
3660.020905	39.75150200000007	states										"   state_name
id           
0     state_0"
3660.020905	0.015985000000000582	states										"          state_name
id                  
1   sending_trialnum"
3660.03689	0.00950200000033874	states										"           state_name
id                   
3   clean_sound_state"
3660.046392	0.0015129999997043342	states										"   state_name
id           
4         iti"
3660.047905	31.304985000000215	states										"         state_name
id                 
6   wait_for_cpoke1"
3691.35289	0.0015069999999468564	states										"             state_name
id                     
8   play_stimulus_sound"
3691.354397	2.000493000000006	states										"   state_name
id           
9      cpoke1"
3693.35489	0.011504000000059023	states										"           state_name
id                   
13  center_2_side_gap"
3693.366394	0.4034959999999046	states										"        state_name
id                
17  wait_for_spoke"
3693.76989	0.0005040000000917644	states										"      state_name
id              
23  right_reward"
3693.770394	2.0000119999999697	states										"   state_name
id           
24  hit_state"
3695.770406	3.0004839999996875	states										"          state_name
id                  
29  soft_drink_state"
3698.77089	1.000506000000314	states										"   state_name
id           
26    warning"
3699.771396	0.001010999999834894	states										"        state_name
id                
30  clean_up_state"
3699.77289	8.233014999999796	trials	1.0	0.0	1.0	1.3000000000001088	0.0	0.0	0.0	r	1.0	
3699.77289	8.233014999999796	states										"   state_name
id           
0     state_0"
3699.77289	0.016014999999697466	states										"          state_name
id                  
1   sending_trialnum"
3699.788905	0.009492000000136613	states										"           state_name
id                   
3   clean_sound_state"
3699.798397	0.0010019999999713036	states										"   state_name
id           
4         iti"
3699.799399	0.05199099999981627	states										"         state_name
id                 
6   wait_for_cpoke1"
3699.85139	0.0015000000003055902	states										"             state_name
id                     
8   play_stimulus_sound"
3699.85289	2.0	states										"   state_name
id           
9      cpoke1"
3701.85289	0.011504000000059023	states										"           state_name
id                   
13  center_2_side_gap"
3701.864394	0.913510999999744	states										"        state_name
id                
17  wait_for_spoke"
3702.777905	0.0004910000002382731	states										"      state_name
id              
23  right_reward"
3702.778396	2.0004939999998896	states										"   state_name
id           
24  hit_state"
3704.77889	2.2255059999997684	states										"          state_name
id                  
29  soft_drink_state"
3707.004396	1.0004969999999958	states										"   state_name
id           
26    warning"
3708.004893	0.0010120000001734297	states										"        state_name
id                
30  clean_up_state"
3708.006408	7.056981999999607	trials	1.0	1.0	-1.0			0.0	0.0	l	-1.0	
3708.006408	7.056981999999607	states										"   state_name
id           
0     state_0"
3708.006408	0.015988999999990483	states										"          state_name
id                  
1   sending_trialnum"
3708.022397	0.009493000000020402	states										"           state_name
id                   
3   clean_sound_state"
3708.03189	0.0009999999997489795	states										"   state_name
id           
4         iti"
3708.03289	0.093518000000131	states										"         state_name
id                 
6   wait_for_cpoke1"
3708.126408	0.0014820000001236622	states										"             state_name
id                     
8   play_stimulus_sound"
3708.12789	0.03749999999990905	states										"   state_name
id           
9      cpoke1"
3708.16539	0.2010059999997793	states										"        state_name
id                
12  temp_violation"
3708.366396	0.001494000000093365	states										"             state_name
id                     
8   play_stimulus_sound"
3708.36789	2.000015000000076	states										"   state_name
id           
9      cpoke1"
3710.367905	0.010999999999967258	states										"           state_name
id                   
13  center_2_side_gap"
3710.378905	0.6814909999998235	states										"        state_name
id                
17  wait_for_spoke"
3711.060396	0.0004940000003443856	states										"     state_name
id             
22  left_reward"
3711.06089	2.0	states										"   state_name
id           
24  hit_state"
3713.06089	1.0004999999996471	states										"          state_name
id                  
29  soft_drink_state"
3714.06139	1.0010040000001936	states										"   state_name
id           
26    warning"
3715.062394	0.0009959999997590785	states										"        state_name
id                
30  clean_up_state"
3715.06389	10.465005999999903	trials	1.0	1.0	2.0			0.0	0.0	r	2.0	
3715.06389	10.465005999999903	states										"   state_name
id           
0     state_0"
3715.06389	0.016000000000076398	states										"          state_name
id                  
1   sending_trialnum"
3715.07989	0.009504999999990105	states										"           state_name
id                   
3   clean_sound_state"
3715.089395	0.0014949999999771535	states										"   state_name
id           
4         iti"
3715.09089	1.3969999999999345	states										"         state_name
id                 
6   wait_for_cpoke1"
3716.48789	0.0015000000003055902	states										"             state_name
id                     
8   play_stimulus_sound"
3716.48939	0.13500499999963722	states										"   state_name
id           
9      cpoke1"
3716.624395	0.20099500000014814	states										"        state_name
id                
12  temp_violation"
3716.82539	0.03350000000000364	states										"         state_name
id                 
6   wait_for_cpoke1"
3716.85889	0.001506000000063068	states										"             state_name
id                     
8   play_stimulus_sound"
3716.860396	2.0000059999997575	states										"   state_name
id           
9      cpoke1"
3718.860402	0.011488000000099419	states										"           state_name
id                   
13  center_2_side_gap"
3718.87189	0.6534999999998945	states										"        state_name
id                
17  wait_for_spoke"
3719.52539	0.0005000000001018634	states										"      state_name
id              
23  right_reward"
3719.52589	2.000507000000198	states										"   state_name
id           
24  hit_state"
3721.526397	3.000493000000006	states										"          state_name
id                  
29  soft_drink_state"
3724.52689	1.000999999999749	states										"   state_name
id           
26    warning"
3725.52789	0.0010059999999612046	states										"        state_name
id                
30  clean_up_state"
3725.529407	10.223998999999822	trials	0.0	1.0	-2.0			0.0	0.0	l	-2.0	
3725.529407	10.223998999999822	states										"   state_name
id           
0     state_0"
3725.529407	0.01599900000019261	states										"          state_name
id                  
1   sending_trialnum"
3725.545406	0.0094850000000406	states										"           state_name
id                   
3   clean_sound_state"
3725.554891	0.0010139999999410065	states										"   state_name
id           
4         iti"
3725.555905	0.4869879999996556	states										"         state_name
id                 
6   wait_for_cpoke1"
3726.042893	0.0015040000002954912	states										"             state_name
id                     
8   play_stimulus_sound"
3726.044397	1.7074929999998858	states										"   state_name
id           
9      cpoke1"
3727.75189	0.20100000000002183	states										"        state_name
id                
12  temp_violation"
3727.95289	0.001506000000063068	states										"             state_name
id                     
8   play_stimulus_sound"
3727.954396	0.10000099999979284	states										"   state_name
id           
9      cpoke1"
3728.054397	0.20099299999992581	states										"        state_name
id                
12  temp_violation"
3728.25539	1.8215060000002268	states										"         state_name
id                 
6   wait_for_cpoke1"
3730.076896	0.0015090000001691806	states										"             state_name
id                     
8   play_stimulus_sound"
3730.078405	2.0000019999997676	states										"   state_name
id           
9      cpoke1"
3732.078407	0.010983000000123866	states										"           state_name
id                   
13  center_2_side_gap"
3732.08939	0.6604999999999563	states										"        state_name
id                
17  wait_for_spoke"
3732.74989	0.0014999999998508429	states										"      state_name
id              
18  error_state1"
3732.75139	3.0010110000002896	states										"     state_name
id             
19  error_state"
3735.752401	0.0010049999996226688	states										"        state_name
id                
30  clean_up_state"
3735.753895	28.217509999999947	trials	1.0	1.0	-1.0			0.0	0.0	l	-1.0	
3735.753895	28.217509999999947	states										"   state_name
id           
0     state_0"
3735.753895	0.015995000000202708	states										"          state_name
id                  
1   sending_trialnum"
3735.76989	0.009500000000116415	states										"           state_name
id                   
3   clean_sound_state"
3735.77939	0.0010019999999713036	states										"   state_name
id           
4         iti"
3735.780392	4.97449800000004	states										"         state_name
id                 
6   wait_for_cpoke1"
3740.75489	0.0015039999998407438	states										"             state_name
id                     
8   play_stimulus_sound"
3740.756394	0.48049600000013015	states										"   state_name
id           
9      cpoke1"
3741.23689	0.20100000000002183	states										"        state_name
id                
12  temp_violation"
3741.43789	15.68650499999967	states										"         state_name
id                 
6   wait_for_cpoke1"
3757.124395	0.0014949999999771535	states										"             state_name
id                     
8   play_stimulus_sound"
3757.12589	2.0	states										"   state_name
id           
9      cpoke1"
3759.12589	0.011500000000069122	states										"           state_name
id                   
13  center_2_side_gap"
3759.13739	0.6539999999999964	states										"        state_name
id                
17  wait_for_spoke"
3759.79139	0.0005160000000614673	states										"     state_name
id             
22  left_reward"
3759.791906	2.000488000000132	states										"   state_name
id           
24  hit_state"
3761.792394	1.1769960000001447	states										"          state_name
id                  
29  soft_drink_state"
3762.96939	1.0010119999997187	states										"   state_name
id           
26    warning"
3763.970402	0.001002999999855092	states										"        state_name
id                
30  clean_up_state"
3763.971895	10.482508999999936	trials	1.0	1.0	2.0			0.0	0.0	r	2.0	
3763.971895	10.482508999999936	states										"   state_name
id           
0     state_0"
3763.971895	0.016009999999823776	states										"          state_name
id                  
1   sending_trialnum"
3763.987905	0.0094850000000406	states										"           state_name
id                   
3   clean_sound_state"
3763.99739	0.0010059999999612046	states										"   state_name
id           
4         iti"
3763.998396	0.4884940000001734	states										"         state_name
id                 
6   wait_for_cpoke1"
3764.48689	0.001506000000063068	states										"             state_name
id                     
8   play_stimulus_sound"
3764.488396	0.39149399999996604	states										"   state_name
id           
9      cpoke1"
3764.87989	0.20100000000002183	states										"        state_name
id                
12  temp_violation"
3765.08089	0.032999999999901775	states										"         state_name
id                 
6   wait_for_cpoke1"
3765.11389	0.0014999999998508429	states										"             state_name
id                     
8   play_stimulus_sound"
3765.11539	0.3485000000000582	states										"   state_name
id           
9      cpoke1"
3765.46389	0.20100700000011784	states										"        state_name
id                
12  temp_violation"
3765.664897	0.003992999999809399	states										"         state_name
id                 
6   wait_for_cpoke1"
3765.66889	0.001506000000063068	states										"             state_name
id                     
8   play_stimulus_sound"
3765.670396	2.0000049999998737	states										"   state_name
id           
9      cpoke1"
3767.670401	0.010989000000336091	states										"           state_name
id                   
13  center_2_side_gap"
3767.68139	0.7705049999999574	states										"        state_name
id                
17  wait_for_spoke"
3768.451895	0.0004979999998795392	states										"      state_name
id              
23  right_reward"
3768.452393	2.00000399999999	states										"   state_name
id           
24  hit_state"
3770.452397	3.000493000000006	states										"          state_name
id                  
29  soft_drink_state"
3773.45289	1.0005000000001019	states										"   state_name
id           
26    warning"
3774.45339	0.0010139999999410065	states										"        state_name
id                
30  clean_up_state"
3774.45489	69.20700500000021	trials	1.0	1.0	1.0			0.0	0.0	r	1.0	
3774.45489	69.20700500000021	states										"   state_name
id           
0     state_0"
3774.45489	0.016000000000076398	states										"          state_name
id                  
1   sending_trialnum"
3774.47089	0.009506999999757682	states										"           state_name
id                   
3   clean_sound_state"
3774.480397	0.0014930000002095767	states										"   state_name
id           
4         iti"
3774.48189	0.2595000000001164	states										"         state_name
id                 
6   wait_for_cpoke1"
3774.74139	0.0014999999998508429	states										"             state_name
id                     
8   play_stimulus_sound"
3774.74289	1.6849999999999454	states										"   state_name
id           
9      cpoke1"
3776.42789	0.20100000000002183	states										"        state_name
id                
12  temp_violation"
3776.62889	0.0015029999999569554	states										"             state_name
id                     
8   play_stimulus_sound"
3776.630393	0.41549699999995937	states										"   state_name
id           
9      cpoke1"
3777.04589	0.20100300000012794	states										"        state_name
id                
12  temp_violation"
3777.246893	1.3385119999998096	states										"         state_name
id                 
6   wait_for_cpoke1"
3778.585405	0.0014850000002297747	states										"             state_name
id                     
8   play_stimulus_sound"
3778.58689	0.34249999999974534	states										"   state_name
id           
9      cpoke1"
3778.92939	0.20100400000001173	states										"        state_name
id                
12  temp_violation"
3779.130394	54.98800200000005	states										"         state_name
id                 
6   wait_for_cpoke1"
3834.118396	0.001494000000093365	states										"             state_name
id                     
8   play_stimulus_sound"
3834.11989	0.7225039999998444	states										"   state_name
id           
9      cpoke1"
3834.842394	0.20099600000003193	states										"        state_name
id                
12  temp_violation"
3835.04339	0.0015000000003055902	states										"             state_name
id                     
8   play_stimulus_sound"
3835.04489	2.0	states										"   state_name
id           
9      cpoke1"
3837.04489	0.011504000000059023	states										"           state_name
id                   
13  center_2_side_gap"
3837.056394	0.6019999999998618	states										"        state_name
id                
17  wait_for_spoke"
3837.658394	0.0004960000001119624	states										"      state_name
id              
23  right_reward"
3837.65889	2.000499999999647	states										"   state_name
id           
24  hit_state"
3839.65939	3.000500000000102	states										"          state_name
id                  
29  soft_drink_state"
3842.65989	1.0010000000002037	states										"   state_name
id           
26    warning"
3843.66089	0.0010050000000774162	states										"        state_name
id                
30  clean_up_state"
3843.662397	9.400493000000097	trials	1.0	1.0	2.0			0.0	0.0	r	2.0	
3843.662397	9.400493000000097	states										"   state_name
id           
0     state_0"
3843.662397	0.016000000000076398	states										"          state_name
id                  
1   sending_trialnum"
3843.678397	0.009493000000020402	states										"           state_name
id                   
3   clean_sound_state"
3843.68789	0.0015159999998104468	states										"   state_name
id           
4         iti"
3843.689406	0.2359839999999167	states										"         state_name
id                 
6   wait_for_cpoke1"
3843.92539	0.0015000000003055902	states										"             state_name
id                     
8   play_stimulus_sound"
3843.92689	0.6279999999997017	states										"   state_name
id           
9      cpoke1"
3844.55489	0.20100000000002183	states										"        state_name
id                
12  temp_violation"
3844.75589	0.018000000000029104	states										"         state_name
id                 
6   wait_for_cpoke1"
3844.77389	0.001516000000265194	states										"             state_name
id                     
8   play_stimulus_sound"
3844.775406	2.000499999999647	states										"   state_name
id           
9      cpoke1"
3846.775906	0.011484000000109518	states										"           state_name
id                   
13  center_2_side_gap"
3846.78739	1.2339999999999236	states										"        state_name
id                
17  wait_for_spoke"
3848.02139	0.0005000000001018634	states										"      state_name
id              
23  right_reward"
3848.02189	2.0005040000000918	states										"   state_name
id           
24  hit_state"
3850.022394	2.038496000000123	states										"          state_name
id                  
29  soft_drink_state"
3852.06089	1.000999999999749	states										"   state_name
id           
26    warning"
3853.06189	0.0010000000002037268	states										"        state_name
id                
30  clean_up_state"
3853.06339	10.756016000000272	trials	1.0	1.0	2.0			0.0	0.0	r	2.0	
3853.06339	10.756016000000272	states										"   state_name
id           
0     state_0"
3853.06339	0.016000000000076398	states										"          state_name
id                  
1   sending_trialnum"
3853.07939	0.009500000000116415	states										"           state_name
id                   
3   clean_sound_state"
3853.08889	0.0015119999998205458	states										"   state_name
id           
4         iti"
3853.090402	0.8160090000001219	states										"         state_name
id                 
6   wait_for_cpoke1"
3853.906411	0.0014790000000175496	states										"             state_name
id                     
8   play_stimulus_sound"
3853.90789	0.48050899999998364	states										"   state_name
id           
9      cpoke1"
3854.388399	0.20099600000003193	states										"        state_name
id                
12  temp_violation"
3854.589395	0.0014949999999771535	states										"             state_name
id                     
8   play_stimulus_sound"
3854.59089	2.0	states										"   state_name
id           
9      cpoke1"
3856.59089	0.011506000000281347	states										"           state_name
id                   
13  center_2_side_gap"
3856.602396	1.2140019999997094	states										"        state_name
id                
17  wait_for_spoke"
3857.816398	0.0004920000001220615	states										"      state_name
id              
23  right_reward"
3857.81689	2.0	states										"   state_name
id           
24  hit_state"
3859.81689	3.000500000000102	states										"          state_name
id                  
29  soft_drink_state"
3862.81739	1.001006999999845	states										"   state_name
id           
26    warning"
3863.818397	0.0010090000000673172	states										"        state_name
id                
30  clean_up_state"
3863.819905	6.446498000000247	trials	0.0	0.0	2.0	1.300003000000215	0.0	0.0	0.0	r	2.0	
3863.819905	6.446498000000247	states										"   state_name
id           
0     state_0"
3863.819905	0.015985000000000582	states										"          state_name
id                  
1   sending_trialnum"
3863.83589	0.009500000000116415	states										"           state_name
id                   
3   clean_sound_state"
3863.84539	0.0010080000001835288	states										"   state_name
id           
4         iti"
3863.846398	0.5924939999999879	states										"         state_name
id                 
6   wait_for_cpoke1"
3864.438892	0.0015029999999569554	states										"             state_name
id                     
8   play_stimulus_sound"
3864.440395	2.000003000000106	states										"   state_name
id           
9      cpoke1"
3866.440398	0.011491999999634572	states										"           state_name
id                   
13  center_2_side_gap"
3866.45189	0.8110000000001492	states										"        state_name
id                
17  wait_for_spoke"
3867.26289	0.001506000000063068	states										"      state_name
id              
18  error_state1"
3867.264396	3.001009999999951	states										"     state_name
id             
19  error_state"
3870.265406	0.0009970000000976142	states										"        state_name
id                
30  clean_up_state"
3870.26689	10.852499999999964	trials	1.0	1.0	2.0			0.0	0.0	r	2.0	
3870.26689	10.852499999999964	states										"   state_name
id           
0     state_0"
3870.26689	0.016000000000076398	states										"          state_name
id                  
1   sending_trialnum"
3870.28289	0.009504999999990105	states										"           state_name
id                   
3   clean_sound_state"
3870.292395	0.0014949999999771535	states										"   state_name
id           
4         iti"
3870.29389	1.0170000000002801	states										"         state_name
id                 
6   wait_for_cpoke1"
3871.31089	0.0015079999998306448	states										"             state_name
id                     
8   play_stimulus_sound"
3871.312398	0.04599499999994805	states										"   state_name
id           
9      cpoke1"
3871.358393	0.20101299999987532	states										"        state_name
id                
12  temp_violation"
3871.559406	0.053484000000025844	states										"         state_name
id                 
6   wait_for_cpoke1"
3871.61289	0.0015050000001792796	states										"             state_name
id                     
8   play_stimulus_sound"
3871.614395	0.5974949999999808	states										"   state_name
id           
9      cpoke1"
3872.21189	0.20100099999990562	states										"        state_name
id                
12  temp_violation"
3872.412891	0.0015149999999266583	states										"             state_name
id                     
8   play_stimulus_sound"
3872.414406	2.0004840000001423	states										"   state_name
id           
9      cpoke1"
3874.41489	0.011504000000059023	states										"           state_name
id                   
13  center_2_side_gap"
3874.426394	0.6900040000000445	states										"        state_name
id                
17  wait_for_spoke"
3875.116398	0.0004919999996673141	states										"      state_name
id              
23  right_reward"
3875.11689	2.000500000000102	states										"   state_name
id           
24  hit_state"
3877.11739	3.000500000000102	states										"          state_name
id                  
29  soft_drink_state"
3880.11789	1.0005080000000817	states										"   state_name
id           
26    warning"
3881.118398	0.0009919999997691775	states										"        state_name
id                
30  clean_up_state"
3881.11989	8.365499999999884	trials	1.0	1.0	-2.0			0.0	0.0	l	-2.0	
3881.11989	8.365499999999884	states										"   state_name
id           
0     state_0"
3881.11989	0.016016000000036	states										"          state_name
id                  
1   sending_trialnum"
3881.135906	0.009484000000156811	states										"           state_name
id                   
3   clean_sound_state"
3881.14539	0.001010999999834894	states										"   state_name
id           
4         iti"
3881.146401	0.2900009999998474	states										"         state_name
id                 
6   wait_for_cpoke1"
3881.436402	0.0015040000002954912	states										"             state_name
id                     
8   play_stimulus_sound"
3881.437906	0.11748399999987669	states										"   state_name
id           
9      cpoke1"
3881.55539	0.20100499999989552	states										"        state_name
id                
12  temp_violation"
3881.756395	0.0014949999999771535	states										"             state_name
id                     
8   play_stimulus_sound"
3881.75789	2.0	states										"   state_name
id           
9      cpoke1"
3883.75789	0.011500000000069122	states										"           state_name
id                   
13  center_2_side_gap"
3883.76939	0.6900000000000546	states										"        state_name
id                
17  wait_for_spoke"
3884.45939	0.0005000000001018634	states										"     state_name
id             
22  left_reward"
3884.45989	2.000015000000076	states										"   state_name
id           
24  hit_state"
3886.459905	2.0239849999998114	states										"          state_name
id                  
29  soft_drink_state"
3888.48389	1.0005070000001979	states										"   state_name
id           
26    warning"
3889.484397	0.000992999999652966	states										"        state_name
id                
30  clean_up_state"
3889.48589	54.771999999999935	trials	1.0	1.0	-1.0			0.0	0.0	l	-1.0	
3889.48589	54.771999999999935	states										"   state_name
id           
0     state_0"
3889.48589	0.016015000000152213	states										"          state_name
id                  
1   sending_trialnum"
3889.501905	0.0094850000000406	states										"           state_name
id                   
3   clean_sound_state"
3889.51139	0.001002999999855092	states										"   state_name
id           
4         iti"
3889.512393	0.3324969999998757	states										"         state_name
id                 
6   wait_for_cpoke1"
3889.84489	0.0015069999999468564	states										"             state_name
id                     
8   play_stimulus_sound"
3889.846397	0.33849300000019866	states										"   state_name
id           
9      cpoke1"
3890.18489	0.20100000000002183	states										"        state_name
id                
12  temp_violation"
3890.38589	0.9720149999998284	states										"         state_name
id                 
6   wait_for_cpoke1"
3891.357905	0.0014850000002297747	states										"             state_name
id                     
8   play_stimulus_sound"
3891.35939	1.9940000000001419	states										"   state_name
id           
9      cpoke1"
3893.35339	0.2010059999997793	states										"        state_name
id                
12  temp_violation"
3893.554396	0.001494000000093365	states										"             state_name
id                     
8   play_stimulus_sound"
3893.55589	1.9160149999997884	states										"   state_name
id           
9      cpoke1"
3895.471905	0.20099000000027445	states										"        state_name
id                
12  temp_violation"
3895.672895	5.151994999999715	states										"         state_name
id                 
6   wait_for_cpoke1"
3900.82489	0.0015040000002954912	states										"             state_name
id                     
8   play_stimulus_sound"
3900.826394	0.7269959999998719	states										"   state_name
id           
9      cpoke1"
3901.55339	0.2010059999997793	states										"        state_name
id                
12  temp_violation"
3901.754396	1.1820040000002336	states										"         state_name
id                 
6   wait_for_cpoke1"
3902.9364	0.0014949999999771535	states										"             state_name
id                     
8   play_stimulus_sound"
3902.937895	0.36799500000006446	states										"   state_name
id           
9      cpoke1"
3903.30589	0.20100000000002183	states										"        state_name
id                
12  temp_violation"
3903.50689	33.922004000000015	states										"         state_name
id                 
6   wait_for_cpoke1"
3937.428894	0.0015169999996942352	states										"             state_name
id                     
8   play_stimulus_sound"
3937.430411	2.0004790000002686	states										"   state_name
id           
9      cpoke1"
3939.43089	0.0115059999998266	states										"           state_name
id                   
13  center_2_side_gap"
3939.442396	0.5574940000001334	states										"        state_name
id                
17  wait_for_spoke"
3939.99989	0.0005009999999856518	states										"     state_name
id             
22  left_reward"
3940.000391	2.000003000000106	states										"   state_name
id           
24  hit_state"
3942.000394	1.256007999999838	states										"          state_name
id                  
29  soft_drink_state"
3943.256402	1.000503000000208	states										"   state_name
id           
26    warning"
3944.256905	0.000984999999673164	states										"        state_name
id                
30  clean_up_state"
3944.258397	18.18550899999991	trials	1.0	1.0	1.0			0.0	0.0	r	1.0	
3944.258397	18.18550899999991	states										"   state_name
id           
0     state_0"
3944.258397	0.015998999999737862	states										"          state_name
id                  
1   sending_trialnum"
3944.274396	0.009494000000358938	states										"           state_name
id                   
3   clean_sound_state"
3944.28389	0.0009999999997489795	states										"   state_name
id           
4         iti"
3944.28489	6.190000000000055	states										"         state_name
id                 
6   wait_for_cpoke1"
3950.47489	0.0015029999999569554	states										"             state_name
id                     
8   play_stimulus_sound"
3950.476393	0.6334970000002613	states										"   state_name
id           
9      cpoke1"
3951.10989	0.20100000000002183	states										"        state_name
id                
12  temp_violation"
3951.31089	1.8149999999995998	states										"         state_name
id                 
6   wait_for_cpoke1"
3953.12589	0.0015010000001893786	states										"             state_name
id                     
8   play_stimulus_sound"
3953.127391	0.29400399999985893	states										"   state_name
id           
9      cpoke1"
3953.421395	0.20100600000023405	states										"        state_name
id                
12  temp_violation"
3953.622401	0.0015039999998407438	states										"             state_name
id                     
8   play_stimulus_sound"
3953.623905	2.0	states										"   state_name
id           
9      cpoke1"
3955.623905	0.011484999999993306	states										"           state_name
id                   
13  center_2_side_gap"
3955.63539	0.8054999999999382	states										"        state_name
id                
17  wait_for_spoke"
3956.44089	0.0005049999999755528	states										"      state_name
id              
23  right_reward"
3956.441395	2.000510000000304	states										"   state_name
id           
24  hit_state"
3958.441905	3.0004909999997835	states										"          state_name
id                  
29  soft_drink_state"
3961.442396	1.0004939999998896	states										"   state_name
id           
26    warning"
3962.44289	0.0010160000001633307	states										"        state_name
id                
30  clean_up_state"
3962.444391	11.282005000000026	trials	1.0	0.0	1.0	1.3000000000001088	0.0	0.0	0.0	r	1.0	
3962.444391	11.282005000000026	states										"   state_name
id           
0     state_0"
3962.444391	0.016009999999823776	states										"          state_name
id                  
1   sending_trialnum"
3962.460401	0.009494000000358938	states										"           state_name
id                   
3   clean_sound_state"
3962.469895	0.0010099999999511056	states										"   state_name
id           
4         iti"
3962.470905	2.6049849999999424	states										"         state_name
id                 
6   wait_for_cpoke1"
3965.07589	0.0014999999998508429	states										"             state_name
id                     
8   play_stimulus_sound"
3965.07739	2.0	states										"   state_name
id           
9      cpoke1"
3967.07739	0.01150099999995291	states										"           state_name
id                   
13  center_2_side_gap"
3967.088891	0.6339990000001308	states										"        state_name
id                
17  wait_for_spoke"
3967.72289	0.0005000000001018634	states										"      state_name
id              
23  right_reward"
3967.72339	2.000500000000102	states										"   state_name
id           
24  hit_state"
3969.72389	3.000510999999733	states										"          state_name
id                  
29  soft_drink_state"
3972.724401	1.0009890000001178	states										"   state_name
id           
26    warning"
3973.72539	0.0010059999999612046	states										"        state_name
id                
30  clean_up_state"
3973.72689	8.14850000000024	trials	1.0	1.0	-1.0			0.0	0.0	l	-1.0	
3973.72689	8.14850000000024	states										"   state_name
id           
0     state_0"
3973.72689	0.016000000000076398	states										"          state_name
id                  
1   sending_trialnum"
3973.74289	0.009504999999990105	states										"           state_name
id                   
3   clean_sound_state"
3973.752395	0.0014949999999771535	states										"   state_name
id           
4         iti"
3973.75389	0.057000000000243745	states										"         state_name
id                 
6   wait_for_cpoke1"
3973.81089	0.0015049999997245322	states										"             state_name
id                     
8   play_stimulus_sound"
3973.812395	0.7505110000001878	states										"   state_name
id           
9      cpoke1"
3974.562906	0.2009989999996833	states										"        state_name
id                
12  temp_violation"
3974.763905	0.0014850000002297747	states										"             state_name
id                     
8   play_stimulus_sound"
3974.76539	2.0	states										"   state_name
id           
9      cpoke1"
3976.76539	0.011500000000069122	states										"           state_name
id                   
13  center_2_side_gap"
3976.77689	0.6700000000000728	states										"        state_name
id                
17  wait_for_spoke"
3977.44689	0.0004999999996471161	states										"     state_name
id             
22  left_reward"
3977.44739	2.000500000000102	states										"   state_name
id           
24  hit_state"
3979.44789	1.4255010000001676	states										"          state_name
id                  
29  soft_drink_state"
3980.873391	1.0010059999999612	states										"   state_name
id           
26    warning"
3981.874397	0.0009930000001077133	states										"        state_name
id                
30  clean_up_state"
3981.87589	9.653999999999996	trials	1.0	0.0	1.0	1.3004939999999985	0.0	0.0	0.0	r	1.0	
3981.87589	9.653999999999996	states										"   state_name
id           
0     state_0"
3981.87589	0.016000000000076398	states										"          state_name
id                  
1   sending_trialnum"
3981.89189	0.009500000000116415	states										"           state_name
id                   
3   clean_sound_state"
3981.90139	0.0010040000001936278	states										"   state_name
id           
4         iti"
3981.902394	0.6024959999999737	states										"         state_name
id                 
6   wait_for_cpoke1"
3982.50489	0.001506000000063068	states										"             state_name
id                     
8   play_stimulus_sound"
3982.506396	2.0004939999998896	states										"   state_name
id           
9      cpoke1"
3984.50689	0.011501999999836698	states										"           state_name
id                   
13  center_2_side_gap"
3984.518392	1.0080040000002555	states										"        state_name
id                
17  wait_for_spoke"
3985.526396	0.0004939999998896383	states										"      state_name
id              
23  right_reward"
3985.52689	2.000500000000102	states										"   state_name
id           
24  hit_state"
3987.52739	3.000499999999647	states										"          state_name
id                  
29  soft_drink_state"
3990.52789	1.0010000000002037	states										"   state_name
id           
26    warning"
3991.52889	0.0009999999997489795	states										"        state_name
id                
30  clean_up_state"
3991.530401	7.6194940000000315	trials	1.0	0.0	-2.0	1.3000050000004373	0.0	0.0	0.0	l	-2.0	
3991.530401	7.6194940000000315	states										"   state_name
id           
0     state_0"
3991.530401	0.015995000000202708	states										"          state_name
id                  
1   sending_trialnum"
3991.546396	0.00949399999990419	states										"           state_name
id                   
3   clean_sound_state"
3991.55589	0.0009999999997489795	states										"   state_name
id           
4         iti"
3991.55689	0.12150300000030256	states										"         state_name
id                 
6   wait_for_cpoke1"
3991.678393	0.0014969999997447303	states										"             state_name
id                     
8   play_stimulus_sound"
3991.67989	2.0000050000003284	states										"   state_name
id           
9      cpoke1"
3993.679895	0.011495999999624473	states										"           state_name
id                   
13  center_2_side_gap"
3993.691391	0.5920040000000881	states										"        state_name
id                
17  wait_for_spoke"
3994.283395	0.000495000000228174	states										"     state_name
id             
22  left_reward"
3994.28389	2.0005049999999756	states										"   state_name
id           
24  hit_state"
3996.284395	1.8634950000000572	states										"          state_name
id                  
29  soft_drink_state"
3998.14789	1.000999999999749	states										"   state_name
id           
26    warning"
3999.14889	0.0010050000000774162	states										"        state_name
id                
30  clean_up_state"
3999.150396	7.416494000000057	trials	1.0	0.0	-1.0	1.3000000000001088	0.0	0.0	0.0	l	-1.0	
3999.150396	7.416494000000057	states										"   state_name
id           
0     state_0"
3999.150396	0.016005999999833875	states										"          state_name
id                  
1   sending_trialnum"
3999.166402	0.009488000000146712	states										"           state_name
id                   
3   clean_sound_state"
3999.17589	0.0010000000002037268	states										"   state_name
id           
4         iti"
3999.17689	0.3835079999998925	states										"         state_name
id                 
6   wait_for_cpoke1"
3999.560398	0.001491999999871041	states										"             state_name
id                     
8   play_stimulus_sound"
3999.56189	2.0	states										"   state_name
id           
9      cpoke1"
4001.56189	0.011500000000069122	states										"           state_name
id                   
13  center_2_side_gap"
4001.57339	0.9550020000001496	states										"        state_name
id                
17  wait_for_spoke"
4002.528392	0.0004979999998795392	states										"     state_name
id             
22  left_reward"
4002.52889	2.000003000000106	states										"   state_name
id           
24  hit_state"
4004.528893	1.035996999999952	states										"          state_name
id                  
29  soft_drink_state"
4005.56489	1.0010159999997086	states										"   state_name
id           
26    warning"
4006.565906	0.000984000000244123	states										"        state_name
id                
30  clean_up_state"
4006.56739	8.144514999999956	trials	0.0	0.0	1.0	1.300485000000135	0.0	0.0	0.0	r	1.0	
4006.56739	8.144514999999956	states										"   state_name
id           
0     state_0"
4006.56739	0.01599999999962165	states										"          state_name
id                  
1   sending_trialnum"
4006.58339	0.009505000000444852	states										"           state_name
id                   
3   clean_sound_state"
4006.592895	0.0014999999998508429	states										"   state_name
id           
4         iti"
4006.594395	1.794499000000087	states										"         state_name
id                 
6   wait_for_cpoke1"
4008.388894	0.0015109999999367574	states										"             state_name
id                     
8   play_stimulus_sound"
4008.390405	2.000485000000026	states										"   state_name
id           
9      cpoke1"
4010.39089	0.011504000000059023	states										"           state_name
id                   
13  center_2_side_gap"
4010.402394	1.3060029999996914	states										"        state_name
id                
17  wait_for_spoke"
4011.708397	0.0015090000001691806	states										"      state_name
id              
18  error_state1"
4011.709906	3.0009900000000016	states										"     state_name
id             
19  error_state"
4014.710896	0.0010090000000673172	states										"        state_name
id                
30  clean_up_state"
4014.712406	8.265499999999975	trials	1.0	1.0	-1.0			0.0	0.0	l	-1.0	
4014.712406	8.265499999999975	states										"   state_name
id           
0     state_0"
4014.712406	0.01598999999987427	states										"          state_name
id                  
1   sending_trialnum"
4014.728396	0.00949399999990419	states										"           state_name
id                   
3   clean_sound_state"
4014.73789	0.0010000000002037268	states										"   state_name
id           
4         iti"
4014.73889	0.8935139999998682	states										"         state_name
id                 
6   wait_for_cpoke1"
4015.632404	0.0014860000001135631	states										"             state_name
id                     
8   play_stimulus_sound"
4015.63389	0.22401499999978114	states										"   state_name
id           
9      cpoke1"
4015.857905	0.200984999999946	states										"        state_name
id                
12  temp_violation"
4016.05889	0.0015050000001792796	states										"             state_name
id                     
8   play_stimulus_sound"
4016.060395	2.000000999999884	states										"   state_name
id           
9      cpoke1"
4018.060396	0.011494000000311644	states										"           state_name
id                   
13  center_2_side_gap"
4018.07189	0.9020000000000437	states										"        state_name
id                
17  wait_for_spoke"
4018.97389	0.0005109999997330306	states										"     state_name
id             
22  left_reward"
4018.974401	2.000489000000016	states										"   state_name
id           
24  hit_state"
4020.97489	1.0010000000002037	states										"          state_name
id                  
29  soft_drink_state"
4021.97589	1.000999999999749	states										"   state_name
id           
26    warning"
4022.97689	0.0010160000001633307	states										"        state_name
id                
30  clean_up_state"
4022.978397	42.21049300000004	trials	1.0	0.0	-1.0	1.3000000000001088	0.0	0.0	0.0	l	-1.0	
4022.978397	42.21049300000004	states										"   state_name
id           
0     state_0"
4022.978397	0.0160040000000663	states										"          state_name
id                  
1   sending_trialnum"
4022.994401	0.0094890000000305	states										"           state_name
id                   
3   clean_sound_state"
4023.00389	0.0010000000002037268	states										"   state_name
id           
4         iti"
4023.00489	33.57950299999993	states										"         state_name
id                 
6   wait_for_cpoke1"
4056.584393	0.0014969999997447303	states										"             state_name
id                     
8   play_stimulus_sound"
4056.58589	2.0	states										"   state_name
id           
9      cpoke1"
4058.58589	0.011500000000069122	states										"           state_name
id                   
13  center_2_side_gap"
4058.59739	0.5885000000002947	states										"        state_name
id                
17  wait_for_spoke"
4059.18589	0.0005069999997431296	states										"     state_name
id             
22  left_reward"
4059.186397	2.000003000000106	states										"   state_name
id           
24  hit_state"
4061.1864	3.0004899999998997	states										"          state_name
id                  
29  soft_drink_state"
4064.18689	1.0010000000002037	states										"   state_name
id           
26    warning"
4065.18789	0.0009999999997489795	states										"        state_name
id                
30  clean_up_state"
4065.18939	152.16999999999962	trials	1.0	1.0	2.0			0.0	0.0	r	2.0	
4065.18939	152.16999999999962	states										"   state_name
id           
0     state_0"
4065.18939	0.016000000000076398	states										"          state_name
id                  
1   sending_trialnum"
4065.20539	0.009500000000116415	states										"           state_name
id                   
3   clean_sound_state"
4065.21489	0.0015039999998407438	states										"   state_name
id           
4         iti"
4065.216394	138.92600500000026	states										"         state_name
id                 
6   wait_for_cpoke1"
4204.142399	0.0015059999996083206	states										"             state_name
id                     
8   play_stimulus_sound"
4204.143905	0.07049100000040198	states										"   state_name
id           
9      cpoke1"
4204.214396	0.20101100000010774	states										"        state_name
id                
12  temp_violation"
4204.415407	1.9809919999997874	states										"         state_name
id                 
6   wait_for_cpoke1"
4206.396399	0.0014909999999872525	states										"             state_name
id                     
8   play_stimulus_sound"
4206.39789	1.8025120000002062	states										"   state_name
id           
9      cpoke1"
4208.200402	0.20098799999959738	states										"        state_name
id                
12  temp_violation"
4208.40139	0.4050010000000839	states										"         state_name
id                 
6   wait_for_cpoke1"
4208.806391	0.0014989999999670545	states										"             state_name
id                     
8   play_stimulus_sound"
4208.80789	2.000014999999621	states										"   state_name
id           
9      cpoke1"
4210.807905	0.01149000000077649	states										"           state_name
id                   
13  center_2_side_gap"
4210.819395	0.5370039999997971	states										"        state_name
id                
17  wait_for_spoke"
4211.356399	0.0004909999997835257	states										"      state_name
id              
23  right_reward"
4211.35689	2.000500000000102	states										"   state_name
id           
24  hit_state"
4213.35739	3.000500000000102	states										"          state_name
id                  
29  soft_drink_state"
4216.35789	1.0005160000000615	states										"   state_name
id           
26    warning"
4217.358406	0.0009839999993346282	states										"        state_name
id                
30  clean_up_state"
4217.35989	27.26001499999984	trials	1.0	0.0	2.0	1.3000000000001088	0.0	0.0	0.0	r	2.0	
4217.35989	27.26001499999984	states										"   state_name
id           
0     state_0"
4217.35989	0.016000000000531145	states										"          state_name
id                  
1   sending_trialnum"
4217.37589	0.00951600000007602	states										"           state_name
id                   
3   clean_sound_state"
4217.385406	0.0010009999996327679	states										"   state_name
id           
4         iti"
4217.386407	18.947987999999896	states										"         state_name
id                 
6   wait_for_cpoke1"
4236.334395	0.0014950000004319008	states										"             state_name
id                     
8   play_stimulus_sound"
4236.33589	2.0	states										"   state_name
id           
9      cpoke1"
4238.33589	0.01099999999951251	states										"           state_name
id                   
13  center_2_side_gap"
4238.34689	0.6225000000004002	states										"        state_name
id                
17  wait_for_spoke"
4238.96939	0.0005000000001018634	states										"      state_name
id              
23  right_reward"
4238.96989	2.0005099999998492	states										"   state_name
id           
24  hit_state"
4240.9704	2.6479989999997997	states										"          state_name
id                  
29  soft_drink_state"
4243.618399	1.0004939999998896	states										"   state_name
id           
26    warning"
4244.618893	0.0010119999997186824	states										"        state_name
id                
30  clean_up_state"
4244.620406	12.051993000000039	trials	1.0	1.0	1.0			0.0	0.0	r	1.0	
4244.620406	12.051993000000039	states										"   state_name
id           
0     state_0"
4244.620406	0.01598999999987427	states										"          state_name
id                  
1   sending_trialnum"
4244.636396	0.00949399999990419	states										"           state_name
id                   
3   clean_sound_state"
4244.64589	0.0010000000002037268	states										"   state_name
id           
4         iti"
4244.64689	2.4290000000000873	states										"         state_name
id                 
6   wait_for_cpoke1"
4247.07589	0.0015050000001792796	states										"             state_name
id                     
8   play_stimulus_sound"
4247.077395	0.5644949999996243	states										"   state_name
id           
9      cpoke1"
4247.64189	0.20100000000002183	states										"        state_name
id                
12  temp_violation"
4247.84289	0.0015069999999468564	states										"             state_name
id                     
8   play_stimulus_sound"
4247.844397	2.000011000000086	states										"   state_name
id           
9      cpoke1"
4249.844408	0.010997999999744934	states										"           state_name
id                   
13  center_2_side_gap"
4249.855406	0.813984000000346	states										"        state_name
id                
17  wait_for_spoke"
4250.66939	0.0005000000001018634	states										"      state_name
id              
23  right_reward"
4250.66989	2.0005049999999756	states										"   state_name
id           
24  hit_state"
4252.670395	3.000495000000228	states										"          state_name
id                  
29  soft_drink_state"
4255.67089	1.0005000000001019	states										"   state_name
id           
26    warning"
4256.67139	0.0010089999996125698	states										"        state_name
id                
30  clean_up_state"
4256.67289	8.242005000000063	trials	1.0	0.0	-1.0	1.3004890000001248	0.0	0.0	0.0	l	-1.0	
4256.67289	8.242005000000063	states										"   state_name
id           
0     state_0"
4256.67289	0.016000000000531145	states										"          state_name
id                  
1   sending_trialnum"
4256.68889	0.009500999999545456	states										"           state_name
id                   
3   clean_sound_state"
4256.698391	0.0014989999999670545	states										"   state_name
id           
4         iti"
4256.69989	0.226502999999866	states										"         state_name
id                 
6   wait_for_cpoke1"
4256.926393	0.0015119999998205458	states										"             state_name
id                     
8   play_stimulus_sound"
4256.927905	2.000489000000016	states										"   state_name
id           
9      cpoke1"
4258.928394	0.011511000000609783	states										"           state_name
id                   
13  center_2_side_gap"
4258.939905	0.4904919999999038	states										"        state_name
id                
17  wait_for_spoke"
4259.430397	0.0004929999995511025	states										"     state_name
id             
22  left_reward"
4259.43089	2.0	states										"   state_name
id           
24  hit_state"
4261.43089	2.481999999999971	states										"          state_name
id                  
29  soft_drink_state"
4263.91289	1.0010000000002037	states										"   state_name
id           
26    warning"
4264.91389	0.0010050000000774162	states										"        state_name
id                
30  clean_up_state"
4264.915395	8.325509999999667	trials	1.0	0.0	1.0	1.300003000000215	0.0	0.0	0.0	r	1.0	
4264.915395	8.325509999999667	states										"   state_name
id           
0     state_0"
4264.915395	0.01599499999974796	states										"          state_name
id                  
1   sending_trialnum"
4264.93139	0.009504999999990105	states										"           state_name
id                   
3   clean_sound_state"
4264.940895	0.0015050000001792796	states										"   state_name
id           
4         iti"
4264.9424	0.4069900000004054	states										"         state_name
id                 
6   wait_for_cpoke1"
4265.34939	0.0014999999993960955	states										"             state_name
id                     
8   play_stimulus_sound"
4265.35089	2.000003000000106	states										"   state_name
id           
9      cpoke1"
4267.350893	0.011503000000629982	states										"           state_name
id                   
13  center_2_side_gap"
4267.362396	0.3344939999997223	states										"        state_name
id                
17  wait_for_spoke"
4267.69689	0.0005000000001018634	states										"      state_name
id              
23  right_reward"
4267.69739	2.000514999999723	states										"   state_name
id           
24  hit_state"
4269.697905	2.5414849999997386	states										"          state_name
id                  
29  soft_drink_state"
4272.23939	1.0005049999999756	states										"   state_name
id           
26    warning"
4273.239895	0.0010099999999511056	states										"        state_name
id                
30  clean_up_state"
4273.2414	12.0279900000005	trials	0.0	1.0	-2.0			0.0	0.0	l	-2.0	
4273.2414	12.0279900000005	states										"   state_name
id           
0     state_0"
4273.2414	0.016000000000531145	states										"          state_name
id                  
1   sending_trialnum"
4273.2574	0.009494999999333231	states										"           state_name
id                   
3   clean_sound_state"
4273.266895	0.0015039999998407438	states										"   state_name
id           
4         iti"
4273.268399	0.11499100000037288	states										"         state_name
id                 
6   wait_for_cpoke1"
4273.38339	0.0015000000003055902	states										"             state_name
id                     
8   play_stimulus_sound"
4273.38489	0.036001999999825784	states										"   state_name
id           
9      cpoke1"
4273.420892	0.20099800000025425	states										"        state_name
id                
12  temp_violation"
4273.62189	0.0014999999993960955	states										"             state_name
id                     
8   play_stimulus_sound"
4273.62339	0.22400000000016007	states										"   state_name
id           
9      cpoke1"
4273.84739	0.20100499999989552	states										"        state_name
id                
12  temp_violation"
4274.048395	0.0015000000003055902	states										"             state_name
id                     
8   play_stimulus_sound"
4274.049895	1.9040100000001985	states										"   state_name
id           
9      cpoke1"
4275.953905	0.20098499999949127	states										"        state_name
id                
12  temp_violation"
4276.15489	3.643000000000029	states										"         state_name
id                 
6   wait_for_cpoke1"
4279.79789	0.0015000000003055902	states										"             state_name
id                     
8   play_stimulus_sound"
4279.79939	2.0000159999999596	states										"   state_name
id           
9      cpoke1"
4281.799406	0.01148899999952846	states										"           state_name
id                   
13  center_2_side_gap"
4281.810895	0.45499500000005355	states										"        state_name
id                
17  wait_for_spoke"
4282.26589	0.0015000000003055902	states										"      state_name
id              
18  error_state1"
4282.26739	3.001014999999825	states										"     state_name
id             
19  error_state"
4285.268405	0.0009850000005826587	states										"        state_name
id                
30  clean_up_state"
4285.26989	28.572000000000116	trials	0.0	1.0	-2.0			0.0	0.0	l	-2.0	
4285.26989	28.572000000000116	states										"   state_name
id           
0     state_0"
4285.26989	0.016015000000152213	states										"          state_name
id                  
1   sending_trialnum"
4285.285905	0.009485000000495347	states										"           state_name
id                   
3   clean_sound_state"
4285.29539	0.0010139999994862592	states										"   state_name
id           
4         iti"
4285.296404	22.46898599999986	states										"         state_name
id                 
6   wait_for_cpoke1"
4307.76539	0.0015000000003055902	states										"             state_name
id                     
8   play_stimulus_sound"
4307.76689	0.22600000000056752	states										"   state_name
id           
9      cpoke1"
4307.99289	0.20099999999911233	states										"        state_name
id                
12  temp_violation"
4308.19389	0.0015000000003055902	states										"             state_name
id                     
8   play_stimulus_sound"
4308.19539	0.014016000000083295	states										"   state_name
id           
9      cpoke1"
4308.209406	0.2009859999998298	states										"        state_name
id                
12  temp_violation"
4308.410392	0.0014980000005380134	states										"             state_name
id                     
8   play_stimulus_sound"
4308.41189	2.0000159999999596	states										"   state_name
id           
9      cpoke1"
4310.411906	0.01148399999965477	states										"           state_name
id                   
13  center_2_side_gap"
4310.42339	0.41501200000038807	states										"        state_name
id                
17  wait_for_spoke"
4310.838402	0.00148799999988114	states										"      state_name
id              
18  error_state1"
4310.83989	3.0010000000002037	states										"     state_name
id             
19  error_state"
4313.84089	0.0009999999992942321	states										"        state_name
id                
30  clean_up_state"
4313.842399	6.472490999999536	trials	0.0	1.0	-2.0			0.0	0.0	l	-2.0	
4313.842399	6.472490999999536	states										"   state_name
id           
0     state_0"
4313.842399	0.015997999999854073	states										"          state_name
id                  
1   sending_trialnum"
4313.858397	0.00949300000047515	states										"           state_name
id                   
3   clean_sound_state"
4313.86789	0.0009999999992942321	states										"   state_name
id           
4         iti"
4313.86889	0.33100000000013097	states										"         state_name
id                 
6   wait_for_cpoke1"
4314.19989	0.0015050000001792796	states										"             state_name
id                     
8   play_stimulus_sound"
4314.201395	0.05700299999989511	states										"   state_name
id           
9      cpoke1"
4314.258398	0.20099699999991572	states										"        state_name
id                
12  temp_violation"
4314.459395	0.0014950000004319008	states										"             state_name
id                     
8   play_stimulus_sound"
4314.46089	0.08899999999994179	states										"   state_name
id           
9      cpoke1"
4314.54989	0.20100000000002183	states										"        state_name
id                
12  temp_violation"
4314.75089	0.0015059999996083206	states										"             state_name
id                     
8   play_stimulus_sound"
4314.752396	2.000495000000228	states										"   state_name
id           
9      cpoke1"
4316.752891	0.01150099999995291	states										"           state_name
id                   
13  center_2_side_gap"
4316.764392	0.5469979999998031	states										"        state_name
id                
17  wait_for_spoke"
4317.31139	0.0015149999999266583	states										"      state_name
id              
18  error_state1"
4317.312905	3.0010000000002037	states										"     state_name
id             
19  error_state"
4320.313905	0.000984999999673164	states										"        state_name
id                
30  clean_up_state"
4320.31539	42.48350000000028	trials	1.0	0.0	-2.0	1.3000110000001948	0.0	0.0	0.0	l	-2.0	
4320.31539	42.48350000000028	states										"   state_name
id           
0     state_0"
4320.31539	0.016015000000152213	states										"          state_name
id                  
1   sending_trialnum"
4320.331405	0.009485000000495347	states										"           state_name
id                   
3   clean_sound_state"
4320.34089	0.001014999999824795	states										"   state_name
id           
4         iti"
4320.341905	35.60698499999944	states										"         state_name
id                 
6   wait_for_cpoke1"
4355.94889	0.0015110000003915047	states										"             state_name
id                     
8   play_stimulus_sound"
4355.950401	2.000011000000086	states										"   state_name
id           
9      cpoke1"
4357.950412	0.011477999999442545	states										"           state_name
id                   
13  center_2_side_gap"
4357.96189	0.5570000000006985	states										"        state_name
id                
17  wait_for_spoke"
4358.51889	0.0005000000001018634	states										"     state_name
id             
22  left_reward"
4358.51939	2.0000049999998737	states										"   state_name
id           
24  hit_state"
4360.519395	1.2774949999993623	states										"          state_name
id                  
29  soft_drink_state"
4361.79689	1.0010000000002037	states										"   state_name
id           
26    warning"
4362.79789	0.0010000000002037268	states										"        state_name
id                
30  clean_up_state"
4362.79939	9.994499999999789	trials	1.0	1.0	1.0			0.0	0.0	r	1.0	
4362.79939	9.994499999999789	states										"   state_name
id           
0     state_0"
4362.79939	0.01599999999962165	states										"          state_name
id                  
1   sending_trialnum"
4362.81539	0.009500000000116415	states										"           state_name
id                   
3   clean_sound_state"
4362.82489	0.0015050000001792796	states										"   state_name
id           
4         iti"
4362.826395	0.5930109999999331	states										"         state_name
id                 
6   wait_for_cpoke1"
4363.419406	0.0014840000003459863	states										"             state_name
id                     
8   play_stimulus_sound"
4363.42089	0.10100499999953172	states										"   state_name
id           
9      cpoke1"
4363.521895	0.20099500000014814	states										"        state_name
id                
12  temp_violation"
4363.72289	0.05050000000028376	states										"         state_name
id                 
6   wait_for_cpoke1"
4363.77339	0.0015009999997346313	states										"             state_name
id                     
8   play_stimulus_sound"
4363.774891	2.00000799999998	states										"   state_name
id           
9      cpoke1"
4365.774899	0.011005999999724736	states										"           state_name
id                   
13  center_2_side_gap"
4365.785905	1.004985000000488	states										"        state_name
id                
17  wait_for_spoke"
4366.79089	0.0005000000001018634	states										"      state_name
id              
23  right_reward"
4366.79139	2.000500000000102	states										"   state_name
id           
24  hit_state"
4368.79189	3.000511999999617	states										"          state_name
id                  
29  soft_drink_state"
4371.792402	1.0004879999996774	states										"   state_name
id           
26    warning"
4372.79289	0.0010000000002037268	states										"        state_name
id                
30  clean_up_state"
4372.794401	14.081997000000229	trials	1.0	1.0	1.0			0.0	0.0	r	1.0	
4372.794401	14.081997000000229	states										"   state_name
id           
0     state_0"
4372.794401	0.015996999999515538	states										"          state_name
id                  
1   sending_trialnum"
4372.810398	0.009492000000136613	states										"           state_name
id                   
3   clean_sound_state"
4372.81989	0.0010000000002037268	states										"   state_name
id           
4         iti"
4372.82089	3.242500000000291	states										"         state_name
id                 
6   wait_for_cpoke1"
4376.06339	0.0014999999993960955	states										"             state_name
id                     
8   play_stimulus_sound"
4376.06489	1.3744999999998981	states										"   state_name
id           
9      cpoke1"
4377.43939	0.2010100000006787	states										"        state_name
id                
12  temp_violation"
4377.6404	0.44399299999986397	states										"         state_name
id                 
6   wait_for_cpoke1"
4378.084393	0.0015130000001590815	states										"             state_name
id                     
8   play_stimulus_sound"
4378.085906	2.000489999999445	states										"   state_name
id           
9      cpoke1"
4380.086396	0.011499000000185333	states										"           state_name
id                   
13  center_2_side_gap"
4380.097895	0.8925010000002658	states										"        state_name
id                
17  wait_for_spoke"
4380.990396	0.0005009999995309045	states										"      state_name
id              
23  right_reward"
4380.990897	2.0004930000004606	states										"   state_name
id           
24  hit_state"
4382.99139	2.8830079999997906	states										"          state_name
id                  
29  soft_drink_state"
4385.874398	1.000992000000224	states										"   state_name
id           
26    warning"
4386.87539	0.0010080000001835288	states										"        state_name
id                
30  clean_up_state"
4386.87689	13.277515000000676	trials	1.0	1.0	1.0			0.0	0.0	r	1.0	
4386.87689	13.277515000000676	states										"   state_name
id           
0     state_0"
4386.87689	0.016000000000531145	states										"          state_name
id                  
1   sending_trialnum"
4386.89289	0.009508999999525258	states										"           state_name
id                   
3   clean_sound_state"
4386.902399	0.0010070000007544877	states										"   state_name
id           
4         iti"
4386.903406	2.9694909999998345	states										"         state_name
id                 
6   wait_for_cpoke1"
4389.872897	0.0014949999995224061	states										"             state_name
id                     
8   play_stimulus_sound"
4389.874392	0.7304979999998977	states										"   state_name
id           
9      cpoke1"
4390.60489	0.20100000000002183	states										"        state_name
id                
12  temp_violation"
4390.80589	0.0015000000003055902	states										"             state_name
id                     
8   play_stimulus_sound"
4390.80739	2.0	states										"   state_name
id           
9      cpoke1"
4392.80739	0.011499999999614374	states										"           state_name
id                   
13  center_2_side_gap"
4392.81889	1.3320000000003347	states										"        state_name
id                
17  wait_for_spoke"
4394.15089	0.0005000000001018634	states										"      state_name
id              
23  right_reward"
4394.15139	2.000514999999723	states										"   state_name
id           
24  hit_state"
4396.151905	3.000485000000481	states										"          state_name
id                  
29  soft_drink_state"
4399.15239	1.0010149999998248	states										"   state_name
id           
26    warning"
4400.153405	0.0010000000002037268	states										"        state_name
id                
30  clean_up_state"
4400.15489	7.067506000000321	trials	1.0	0.0	-1.0	1.3000000000001088	0.0	0.0	0.0	l	-1.0	
4400.15489	7.067506000000321	states										"   state_name
id           
0     state_0"
4400.15489	0.016015000000152213	states										"          state_name
id                  
1   sending_trialnum"
4400.170905	0.00949399999990419	states										"           state_name
id                   
3   clean_sound_state"
4400.180399	0.001006999999844993	states										"   state_name
id           
4         iti"
4400.181406	0.28648400000020047	states										"         state_name
id                 
6   wait_for_cpoke1"
4400.46789	0.0015000000003055902	states										"             state_name
id                     
8   play_stimulus_sound"
4400.46939	2.0	states										"   state_name
id           
9      cpoke1"
4402.46939	0.011007000000063272	states										"           state_name
id                   
13  center_2_side_gap"
4402.480397	0.7384929999998349	states										"        state_name
id                
17  wait_for_spoke"
4403.21889	0.0005000000001018634	states										"     state_name
id             
22  left_reward"
4403.21939	2.000500000000102	states										"   state_name
id           
24  hit_state"
4405.21989	1.0005119999996168	states										"          state_name
id                  
29  soft_drink_state"
4406.220402	1.0009879999997793	states										"   state_name
id           
26    warning"
4407.22139	0.001006000000415952	states										"        state_name
id                
30  clean_up_state"
4407.222905	9.857491000000664	trials	1.0	0.0	1.0	1.3000040000005535	0.0	0.0	0.0	r	1.0	
4407.222905	9.857491000000664	states										"   state_name
id           
0     state_0"
4407.222905	0.015985000000000582	states										"          state_name
id                  
1   sending_trialnum"
4407.23889	0.009503000000222528	states										"           state_name
id                   
3   clean_sound_state"
4407.248393	0.0015119999998205458	states										"   state_name
id           
4         iti"
4407.249905	1.2149850000005245	states										"         state_name
id                 
6   wait_for_cpoke1"
4408.46489	0.0015089999997144332	states										"             state_name
id                     
8   play_stimulus_sound"
4408.466399	2.0000040000004446	states										"   state_name
id           
9      cpoke1"
4410.466403	0.011486999999760883	states										"           state_name
id                   
13  center_2_side_gap"
4410.47789	1.1274999999995998	states										"        state_name
id                
17  wait_for_spoke"
4411.60539	0.0005000000001018634	states										"      state_name
id              
23  right_reward"
4411.60589	2.0005080000000817	states										"   state_name
id           
24  hit_state"
4413.606398	2.471997999999985	states										"          state_name
id                  
29  soft_drink_state"
4416.078396	1.0009939999999915	states										"   state_name
id           
26    warning"
4417.07939	0.001006000000415952	states										"        state_name
id                
30  clean_up_state"
4417.08089	6.097999999999956	trials	0.0	1.0	1.0			0.0	0.0	r	1.0	
4417.08089	6.097999999999956	states										"   state_name
id           
0     state_0"
4417.08089	0.01599999999962165	states										"          state_name
id                  
1   sending_trialnum"
4417.09689	0.00950600000032864	states										"           state_name
id                   
3   clean_sound_state"
4417.106396	0.001494000000093365	states										"   state_name
id           
4         iti"
4417.10789	0.05749999999989086	states										"         state_name
id                 
6   wait_for_cpoke1"
4417.16539	0.0015009999997346313	states										"             state_name
id                     
8   play_stimulus_sound"
4417.166891	0.04399900000043999	states										"   state_name
id           
9      cpoke1"
4417.21089	0.20100000000002183	states										"        state_name
id                
12  temp_violation"
4417.41189	0.0014999999993960955	states										"             state_name
id                     
8   play_stimulus_sound"
4417.41339	2.0	states										"   state_name
id           
9      cpoke1"
4419.41339	0.011500000000523869	states										"           state_name
id                   
13  center_2_side_gap"
4419.42489	0.75	states										"        state_name
id                
17  wait_for_spoke"
4420.17489	0.0015039999998407438	states										"      state_name
id              
18  error_state1"
4420.176394	3.001495999999861	states										"     state_name
id             
19  error_state"
4423.17789	0.0010000000002037268	states										"        state_name
id                
30  clean_up_state"
4423.179395	9.629001999999673	trials	1.0	1.0	1.0			0.0	0.0	r	1.0	
4423.179395	9.629001999999673	states										"   state_name
id           
0     state_0"
4423.179395	0.01599499999974796	states										"          state_name
id                  
1   sending_trialnum"
4423.19539	0.009500000000116415	states										"           state_name
id                   
3   clean_sound_state"
4423.20489	0.0015039999998407438	states										"   state_name
id           
4         iti"
4423.206394	0.45951100000002043	states										"         state_name
id                 
6   wait_for_cpoke1"
4423.665905	0.0014849999997750274	states										"             state_name
id                     
8   play_stimulus_sound"
4423.66739	0.32550000000082946	states										"   state_name
id           
9      cpoke1"
4423.99289	0.2010149999996429	states										"        state_name
id                
12  temp_violation"
4424.193905	0.0014849999997750274	states										"             state_name
id                     
8   play_stimulus_sound"
4424.19539	2.0000159999999596	states										"   state_name
id           
9      cpoke1"
4426.195406	0.011484000000564265	states										"           state_name
id                   
13  center_2_side_gap"
4426.20689	0.5979999999999563	states										"        state_name
id                
17  wait_for_spoke"
4426.80489	0.0005049999999755528	states										"      state_name
id              
23  right_reward"
4426.805395	2.0004949999993187	states										"   state_name
id           
24  hit_state"
4428.80589	3.00050900000042	states										"          state_name
id                  
29  soft_drink_state"
4431.806399	1.0009909999998854	states										"   state_name
id           
26    warning"
4432.80739	0.001006999999844993	states										"        state_name
id                
30  clean_up_state"
4432.808893	45.45199699999921	trials	1.0	1.0	-2.0			0.0	0.0	l	-2.0	
4432.808893	45.45199699999921	states										"   state_name
id           
0     state_0"
4432.808893	0.015996999999515538	states										"          state_name
id                  
1   sending_trialnum"
4432.82489	0.009514000000308442	states										"           state_name
id                   
3   clean_sound_state"
4432.834404	0.0014860000001135631	states										"   state_name
id           
4         iti"
4432.83589	0.25700099999994563	states										"         state_name
id                 
6   wait_for_cpoke1"
4433.092891	0.001518000000032771	states										"             state_name
id                     
8   play_stimulus_sound"
4433.094409	0.06148099999973056	states										"   state_name
id           
9      cpoke1"
4433.15589	0.20100000000002183	states										"        state_name
id                
12  temp_violation"
4433.35689	0.0015130000001590815	states										"             state_name
id                     
8   play_stimulus_sound"
4433.358403	0.3950029999996332	states										"   state_name
id           
9      cpoke1"
4433.753406	0.20098500000040076	states										"        state_name
id                
12  temp_violation"
4433.954391	0.22649899999942136	states										"         state_name
id                 
6   wait_for_cpoke1"
4434.18089	0.0015080000002853922	states										"             state_name
id                     
8   play_stimulus_sound"
4434.182398	1.0024920000005295	states										"   state_name
id           
9      cpoke1"
4435.18489	0.2010149999996429	states										"        state_name
id                
12  temp_violation"
4435.385905	0.0014849999997750274	states										"             state_name
id                     
8   play_stimulus_sound"
4435.38739	0.011999999999716238	states										"   state_name
id           
9      cpoke1"
4435.39939	0.2010070000005726	states										"        state_name
id                
12  temp_violation"
4435.600397	31.7784929999998	states										"         state_name
id                 
6   wait_for_cpoke1"
4467.37889	0.0015140000004976173	states										"             state_name
id                     
8   play_stimulus_sound"
4467.380404	0.2734859999991386	states										"   state_name
id           
9      cpoke1"
4467.65389	0.20100000000002183	states										"        state_name
id                
12  temp_violation"
4467.85489	0.1000000000003638	states										"         state_name
id                 
6   wait_for_cpoke1"
4467.95489	0.0015080000002853922	states										"             state_name
id                     
8   play_stimulus_sound"
4467.956398	0.4359999999996944	states										"   state_name
id           
9      cpoke1"
4468.392398	0.20099200000004203	states										"        state_name
id                
12  temp_violation"
4468.59339	0.001502000000073167	states										"             state_name
id                     
8   play_stimulus_sound"
4468.594892	1.6584979999997813	states										"   state_name
id           
9      cpoke1"
4470.25339	0.2010070000005726	states										"        state_name
id                
12  temp_violation"
4470.454397	1.1124929999996311	states										"         state_name
id                 
6   wait_for_cpoke1"
4471.56689	0.0015069999999468564	states										"             state_name
id                     
8   play_stimulus_sound"
4471.568397	2.0000010000003385	states										"   state_name
id           
9      cpoke1"
4473.568398	0.011491999999634572	states										"           state_name
id                   
13  center_2_side_gap"
4473.57989	0.6774999999997817	states										"        state_name
id                
17  wait_for_spoke"
4474.25739	0.0005000000001018634	states										"     state_name
id             
22  left_reward"
4474.25789	2.000514000000294	states										"   state_name
id           
24  hit_state"
4476.258404	1.000500999999531	states										"          state_name
id                  
29  soft_drink_state"
4477.258905	1.0009850000005827	states										"   state_name
id           
26    warning"
4478.25989	0.0009999999992942321	states										"        state_name
id                
30  clean_up_state"
4478.26139	635.7715000000007	trials	1.0	1.0	1.0			0.0	0.0	r	1.0	
4478.26139	635.7715000000007	states										"   state_name
id           
0     state_0"
4478.26139	0.016000000000531145	states										"          state_name
id                  
1   sending_trialnum"
4478.27739	0.009500000000116415	states										"           state_name
id                   
3   clean_sound_state"
4478.28689	0.001502000000073167	states										"   state_name
id           
4         iti"
4478.288392	617.8485129999999	states										"         state_name
id                 
6   wait_for_cpoke1"
5096.136905	0.0014869999995426042	states										"             state_name
id                     
8   play_stimulus_sound"
5096.138392	0.6735129999997298	states										"   state_name
id           
9      cpoke1"
5096.811905	0.20098800000050687	states										"        state_name
id                
12  temp_violation"
5097.012893	2.267996999999923	states										"         state_name
id                 
6   wait_for_cpoke1"
5099.28089	0.0015050000001792796	states										"             state_name
id                     
8   play_stimulus_sound"
5099.282395	0.13449500000024273	states										"   state_name
id           
9      cpoke1"
5099.41689	0.20100000000002183	states										"        state_name
id                
12  temp_violation"
5099.61789	1.0365069999998013	states										"         state_name
id                 
6   wait_for_cpoke1"
5100.654397	0.0015079999993758975	states										"             state_name
id                     
8   play_stimulus_sound"
5100.655905	1.888491000000613	states										"   state_name
id           
9      cpoke1"
5102.544396	0.2009939999998096	states										"        state_name
id                
12  temp_violation"
5102.74539	0.295006999999714	states										"         state_name
id                 
6   wait_for_cpoke1"
5103.040397	0.0015080000002853922	states										"             state_name
id                     
8   play_stimulus_sound"
5103.041905	0.30698599999959697	states										"   state_name
id           
9      cpoke1"
5103.348891	0.2009990000005928	states										"        state_name
id                
12  temp_violation"
5103.54989	1.7600149999998393	states										"         state_name
id                 
6   wait_for_cpoke1"
5105.309905	0.0014849999997750274	states										"             state_name
id                     
8   play_stimulus_sound"
5105.31139	0.11599999999998545	states										"   state_name
id           
9      cpoke1"
5105.42739	0.20100600000023405	states										"        state_name
id                
12  temp_violation"
5105.628396	0.001494000000093365	states										"             state_name
id                     
8   play_stimulus_sound"
5105.62989	2.000014999999621	states										"   state_name
id           
9      cpoke1"
5107.629905	0.010989999999765132	states										"           state_name
id                   
13  center_2_side_gap"
5107.640895	0.38950000000022555	states										"        state_name
id                
17  wait_for_spoke"
5108.030395	0.000495000000228174	states										"      state_name
id              
23  right_reward"
5108.03089	2.000003000000106	states										"   state_name
id           
24  hit_state"
5110.030893	3.0004969999999958	states										"          state_name
id                  
29  soft_drink_state"
5113.03139	1.000514999999723	states										"   state_name
id           
26    warning"
5114.031905	0.0009850000005826587	states										"        state_name
id                
30  clean_up_state"
5114.03339	8.30200000000059	trials	1.0	0.0	-1.0	1.3004909999998924	0.0	0.0	0.0	l	-1.0	
5114.03339	8.30200000000059	states										"   state_name
id           
0     state_0"
5114.03339	0.016000000000531145	states										"          state_name
id                  
1   sending_trialnum"
5114.04939	0.009500000000116415	states										"           state_name
id                   
3   clean_sound_state"
5114.05889	0.001014999999824795	states										"   state_name
id           
4         iti"
5114.059905	0.09799000000020897	states										"         state_name
id                 
6   wait_for_cpoke1"
5114.157895	0.0015039999998407438	states										"             state_name
id                     
8   play_stimulus_sound"
5114.159399	2.0004909999997835	states										"   state_name
id           
9      cpoke1"
5116.15989	0.011500000000523869	states										"           state_name
id                   
13  center_2_side_gap"
5116.17139	0.518008999999438	states										"        state_name
id                
17  wait_for_spoke"
5116.689399	0.0004909999997835257	states										"     state_name
id             
22  left_reward"
5116.68989	2.000005000000783	states										"   state_name
id           
24  hit_state"
5118.689895	2.6439949999994496	states										"          state_name
id                  
29  soft_drink_state"
5121.33389	1.0005040000005465	states										"   state_name
id           
26    warning"
5122.334394	0.0009959999997590785	states										"        state_name
id                
30  clean_up_state"
5122.33589	8.168004999999539	trials	0.0	0.0	2.0	1.30001499999973	0.0	0.0	0.0	r	2.0	
5122.33589	8.168004999999539	states										"   state_name
id           
0     state_0"
5122.33589	0.01599999999962165	states										"          state_name
id                  
1   sending_trialnum"
5122.35189	0.00951600000007602	states										"           state_name
id                   
3   clean_sound_state"
5122.361406	0.0014840000003459863	states										"   state_name
id           
4         iti"
5122.36289	2.582499999999527	states										"         state_name
id                 
6   wait_for_cpoke1"
5124.94539	0.0015000000003055902	states										"             state_name
id                     
8   play_stimulus_sound"
5124.94689	2.000014999999621	states										"   state_name
id           
9      cpoke1"
5126.946905	0.011497000000417756	states										"           state_name
id                   
13  center_2_side_gap"
5126.958402	0.5415029999994658	states										"        state_name
id                
17  wait_for_spoke"
5127.499905	0.001485000000684522	states										"      state_name
id              
18  error_state1"
5127.50139	3.001499999999396	states										"     state_name
id             
19  error_state"
5130.50289	0.0010050000000774162	states										"        state_name
id                
30  clean_up_state"
5130.504396	10.430993999999373	trials	1.0	1.0	1.0			0.0	0.0	r	1.0	
5130.504396	10.430993999999373	states										"   state_name
id           
0     state_0"
5130.504396	0.01599999999962165	states										"          state_name
id                  
1   sending_trialnum"
5130.520396	0.00949399999990419	states										"           state_name
id                   
3   clean_sound_state"
5130.52989	0.0010000000002037268	states										"   state_name
id           
4         iti"
5130.53089	0.21200000000044383	states										"         state_name
id                 
6   wait_for_cpoke1"
5130.74289	0.0015069999999468564	states										"             state_name
id                     
8   play_stimulus_sound"
5130.744397	0.394507999999405	states										"   state_name
id           
9      cpoke1"
5131.138905	0.20100000000002183	states										"        state_name
id                
12  temp_violation"
5131.339905	0.0014849999997750274	states										"             state_name
id                     
8   play_stimulus_sound"
5131.34139	0.8950060000006488	states										"   state_name
id           
9      cpoke1"
5132.236396	0.2009939999998096	states										"        state_name
id                
12  temp_violation"
5132.43739	0.02999999999974534	states										"         state_name
id                 
6   wait_for_cpoke1"
5132.46739	0.0015000000003055902	states										"             state_name
id                     
8   play_stimulus_sound"
5132.46889	2.0	states										"   state_name
id           
9      cpoke1"
5134.46889	0.011507999999594176	states										"           state_name
id                   
13  center_2_side_gap"
5134.480398	0.451998000000458	states										"        state_name
id                
17  wait_for_spoke"
5134.932396	0.0004939999998896383	states										"      state_name
id              
23  right_reward"
5134.93289	2.0	states										"   state_name
id           
24  hit_state"
5136.93289	3.000500000000102	states										"          state_name
id                  
29  soft_drink_state"
5139.93339	1.0010039999997389	states										"   state_name
id           
26    warning"
5140.934394	0.0009959999997590785	states										"        state_name
id                
30  clean_up_state"
5140.93589	6.300508000000264	trials	0.0	0.0	1.0	1.3000000000001088	0.0	0.0	0.0	r	1.0	
5140.93589	6.300508000000264	states										"   state_name
id           
0     state_0"
5140.93589	0.016015000000152213	states										"          state_name
id                  
1   sending_trialnum"
5140.951905	0.009485000000495347	states										"           state_name
id                   
3   clean_sound_state"
5140.96139	0.0010049999991679215	states										"   state_name
id           
4         iti"
5140.962395	0.8520040000003064	states										"         state_name
id                 
6   wait_for_cpoke1"
5141.814399	0.0014909999999872525	states										"             state_name
id                     
8   play_stimulus_sound"
5141.81589	2.0	states										"   state_name
id           
9      cpoke1"
5143.81589	0.011015000000043074	states										"           state_name
id                   
13  center_2_side_gap"
5143.826905	0.405985000000328	states										"        state_name
id                
17  wait_for_spoke"
5144.23289	0.0015039999998407438	states										"      state_name
id              
18  error_state1"
5144.234394	3.000995999999759	states										"     state_name
id             
19  error_state"
5147.23539	0.0010080000001835288	states										"        state_name
id                
30  clean_up_state"
5147.23689	13.73952300000019	trials	1.0	1.0	1.0			0.0	0.0	r	1.0	
5147.23689	13.73952300000019	states										"   state_name
id           
0     state_0"
5147.23689	0.016007999999601452	states										"          state_name
id                  
1   sending_trialnum"
5147.252898	0.009497000000010303	states										"           state_name
id                   
3   clean_sound_state"
5147.262395	0.001510000000052969	states										"   state_name
id           
4         iti"
5147.263905	3.88848599999983	states										"         state_name
id                 
6   wait_for_cpoke1"
5151.152391	0.0014989999999670545	states										"             state_name
id                     
8   play_stimulus_sound"
5151.15389	0.4760000000005675	states										"   state_name
id           
9      cpoke1"
5151.62989	0.20100000000002183	states										"        state_name
id                
12  temp_violation"
5151.83089	0.61200000000008	states										"         state_name
id                 
6   wait_for_cpoke1"
5152.44289	0.0015089999997144332	states										"             state_name
id                     
8   play_stimulus_sound"
5152.444399	2.0005010000004404	states										"   state_name
id           
9      cpoke1"
5154.4449	0.0110049999993862	states										"           state_name
id                   
13  center_2_side_gap"
5154.455905	0.5174850000003062	states										"        state_name
id                
17  wait_for_spoke"
5154.97339	0.0005000000001018634	states										"      state_name
id              
23  right_reward"
5154.97389	2.0005019999998694	states										"   state_name
id           
24  hit_state"
5156.974392	3.0004980000003343	states										"          state_name
id                  
29  soft_drink_state"
5159.97489	1.0005049999999756	states										"   state_name
id           
26    warning"
5160.975395	0.0010179999999309075	states										"        state_name
id                
30  clean_up_state"
5160.97689	19.89850000000024	trials	1.0	0.0	2.0	1.3000000000001088	0.0	0.0	0.0	r	2.0	
5160.97689	19.89850000000024	states										"   state_name
id           
0     state_0"
5160.97689	0.016000000000531145	states										"          state_name
id                  
1   sending_trialnum"
5160.99289	0.009508999999525258	states										"           state_name
id                   
3   clean_sound_state"
5161.002399	0.0014909999999872525	states										"   state_name
id           
4         iti"
5161.00389	12.226015000000189	states										"         state_name
id                 
6   wait_for_cpoke1"
5173.229905	0.0014849999997750274	states										"             state_name
id                     
8   play_stimulus_sound"
5173.23139	2.0	states										"   state_name
id           
9      cpoke1"
5175.23139	0.011500000000523869	states										"           state_name
id                   
13  center_2_side_gap"
5175.24289	0.45649999999932334	states										"        state_name
id                
17  wait_for_spoke"
5175.69939	0.0005000000001018634	states										"      state_name
id              
23  right_reward"
5175.69989	2.00050900000042	states										"   state_name
id           
24  hit_state"
5177.700399	2.1734959999994317	states										"          state_name
id                  
29  soft_drink_state"
5179.873895	1.0005090000004202	states										"   state_name
id           
26    warning"
5180.874404	0.0009860000000116997	states										"        state_name
id                
30  clean_up_state"
5180.87589	11.080516999999418	trials	1.0	1.0	2.0			0.0	0.0	r	2.0	
5180.87589	11.080516999999418	states										"   state_name
id           
0     state_0"
5180.87589	0.01599999999962165	states										"          state_name
id                  
1   sending_trialnum"
5180.89189	0.009500000000116415	states										"           state_name
id                   
3   clean_sound_state"
5180.90139	0.0010039999997388804	states										"   state_name
id           
4         iti"
5180.902394	0.12099699999998847	states										"         state_name
id                 
6   wait_for_cpoke1"
5181.023391	0.0014989999999670545	states										"             state_name
id                     
8   play_stimulus_sound"
5181.02489	0.03251600000021426	states										"   state_name
id           
9      cpoke1"
5181.057406	0.2009909999997035	states										"        state_name
id                
12  temp_violation"
5181.258397	0.0014980000005380134	states										"             state_name
id                     
8   play_stimulus_sound"
5181.259895	0.13150299999961135	states										"   state_name
id           
9      cpoke1"
5181.391398	0.20099800000025425	states										"        state_name
id                
12  temp_violation"
5181.592396	0.001494000000093365	states										"             state_name
id                     
8   play_stimulus_sound"
5181.59389	1.2619999999997162	states										"   state_name
id           
9      cpoke1"
5182.85589	0.20100000000002183	states										"        state_name
id                
12  temp_violation"
5183.05689	0.17000000000007276	states										"         state_name
id                 
6   wait_for_cpoke1"
5183.22689	0.0015080000002853922	states										"             state_name
id                     
8   play_stimulus_sound"
5183.228398	2.000000999999429	states										"   state_name
id           
9      cpoke1"
5185.228399	0.011491000000205531	states										"           state_name
id                   
13  center_2_side_gap"
5185.23989	0.7129999999997381	states										"        state_name
id                
17  wait_for_spoke"
5185.95289	0.0005010000004403992	states										"      state_name
id              
23  right_reward"
5185.953391	2.0004989999997633	states										"   state_name
id           
24  hit_state"
5187.95389	3.000506000000314	states										"          state_name
id                  
29  soft_drink_state"
5190.954396	1.0009989999998652	states										"   state_name
id           
26    warning"
5191.955395	0.0010119999997186824	states										"        state_name
id                
30  clean_up_state"
5191.95689	9.928999999999178	trials	0.0	0.0	-1.0	1.3000000000001088	0.0	0.0	0.0	l	-1.0	
5191.95689	9.928999999999178	states										"   state_name
id           
0     state_0"
5191.95689	0.01601499999924272	states										"          state_name
id                  
1   sending_trialnum"
5191.972905	0.009497000000010303	states										"           state_name
id                   
3   clean_sound_state"
5191.982402	0.0010040000006483751	states										"   state_name
id           
4         iti"
5191.983406	4.102499999999964	states										"         state_name
id                 
6   wait_for_cpoke1"
5196.085906	0.0014839999994364916	states										"             state_name
id                     
8   play_stimulus_sound"
5196.08739	2.0	states										"   state_name
id           
9      cpoke1"
5198.08739	0.011014000000614033	states										"           state_name
id                   
13  center_2_side_gap"
5198.098404	0.7845010000000912	states										"        state_name
id                
17  wait_for_spoke"
5198.882905	0.0014909999999872525	states										"      state_name
id              
18  error_state1"
5198.884396	3.0004939999998896	states										"     state_name
id             
19  error_state"
5201.88489	0.0009999999992942321	states										"        state_name
id                
30  clean_up_state"
5201.886392	35.40800399999989	trials	1.0	0.0	-1.0	1.3004989999998722	0.0	0.0	0.0	l	-1.0	
5201.886392	35.40800399999989	states										"   state_name
id           
0     state_0"
5201.886392	0.01599999999962165	states										"          state_name
id                  
1   sending_trialnum"
5201.902392	0.009498000000348839	states										"           state_name
id                   
3   clean_sound_state"
5201.91189	0.0009999999992942321	states										"   state_name
id           
4         iti"
5201.91289	28.69050000000061	states										"         state_name
id                 
6   wait_for_cpoke1"
5230.60339	0.0015009999997346313	states										"             state_name
id                     
8   play_stimulus_sound"
5230.604891	2.0004989999997633	states										"   state_name
id           
9      cpoke1"
5232.60539	0.011500000000523869	states										"           state_name
id                   
13  center_2_side_gap"
5232.61689	0.6735060000000885	states										"        state_name
id                
17  wait_for_spoke"
5233.290396	0.0004939999998896383	states										"     state_name
id             
22  left_reward"
5233.29089	2.000500000000102	states										"   state_name
id           
24  hit_state"
5235.29139	1.0010089999996126	states										"          state_name
id                  
29  soft_drink_state"
5236.292399	1.0009909999998854	states										"   state_name
id           
26    warning"
5237.29339	0.001006000000415952	states										"        state_name
id                
30  clean_up_state"
5237.29489	8.788499999999658	trials	1.0	0.0	-1.0	1.3004909999998924	0.0	0.0	0.0	l	-1.0	
5237.29489	8.788499999999658	states										"   state_name
id           
0     state_0"
5237.29489	0.016015000000152213	states										"          state_name
id                  
1   sending_trialnum"
5237.310905	0.00949399999990419	states										"           state_name
id                   
3   clean_sound_state"
5237.320399	0.001006999999844993	states										"   state_name
id           
4         iti"
5237.321406	1.7014989999997852	states										"         state_name
id                 
6   wait_for_cpoke1"
5239.022905	0.001494000000093365	states										"             state_name
id                     
8   play_stimulus_sound"
5239.024399	2.0004909999997835	states										"   state_name
id           
9      cpoke1"
5241.02489	0.011015000000043074	states										"           state_name
id                   
13  center_2_side_gap"
5241.035905	0.5794850000002043	states										"        state_name
id                
17  wait_for_spoke"
5241.61539	0.0005000000001018634	states										"     state_name
id             
22  left_reward"
5241.61589	2.0005080000000817	states										"   state_name
id           
24  hit_state"
5243.616398	1.4654920000002676	states										"          state_name
id                  
29  soft_drink_state"
5245.08189	1.0005069999997431	states										"   state_name
id           
26    warning"
5246.082397	0.000992999999652966	states										"        state_name
id                
30  clean_up_state"
5246.08389	6.42950699999983	trials	0.0	0.0	2.0	1.3000000000001088	0.0	0.0	0.0	r	2.0	
5246.08389	6.42950699999983	states										"   state_name
id           
0     state_0"
5246.08389	0.016000000000531145	states										"          state_name
id                  
1   sending_trialnum"
5246.09989	0.00949999999920692	states										"           state_name
id                   
3   clean_sound_state"
5246.10939	0.001006000000415952	states										"   state_name
id           
4         iti"
5246.110396	0.471494000000348	states										"         state_name
id                 
6   wait_for_cpoke1"
5246.58189	0.0014999999993960955	states										"             state_name
id                     
8   play_stimulus_sound"
5246.58339	2.0	states										"   state_name
id           
9      cpoke1"
5248.58339	0.01100399999995716	states										"           state_name
id                   
13  center_2_side_gap"
5248.594394	0.9150110000000495	states										"        state_name
id                
17  wait_for_spoke"
5249.509405	0.0014849999997750274	states										"      state_name
id              
18  error_state1"
5249.51089	3.001506000000518	states										"     state_name
id             
19  error_state"
5252.512396	0.0010009999996327679	states										"        state_name
id                
30  clean_up_state"
5252.51389	10.69549999999981	trials	1.0	0.0	1.0	1.3000000000001088	0.0	0.0	0.0	r	1.0	
5252.51389	10.69549999999981	states										"   state_name
id           
0     state_0"
5252.51389	0.01600499999949534	states										"          state_name
id                  
1   sending_trialnum"
5252.529895	0.009495000000242726	states										"           state_name
id                   
3   clean_sound_state"
5252.53939	0.0010030000003098394	states										"   state_name
id           
4         iti"
5252.540393	3.0220009999993636	states										"         state_name
id                 
6   wait_for_cpoke1"
5255.562394	0.0014960000007704366	states										"             state_name
id                     
8   play_stimulus_sound"
5255.56389	2.0	states										"   state_name
id           
9      cpoke1"
5257.56389	0.011499999999614374	states										"           state_name
id                   
13  center_2_side_gap"
5257.57539	0.5195000000003347	states										"        state_name
id                
17  wait_for_spoke"
5258.09489	0.0005059999994045938	states										"      state_name
id              
23  right_reward"
5258.095396	2.000499000000673	states										"   state_name
id           
24  hit_state"
5260.095895	2.111494999999195	states										"          state_name
id                  
29  soft_drink_state"
5262.20739	1.0010070000007545	states										"   state_name
id           
26    warning"
5263.208397	0.000992999999652966	states										"        state_name
id                
30  clean_up_state"
5263.20989	9.619504999999663	trials	1.0	1.0	1.0			0.0	0.0	r	1.0	
5263.20989	9.619504999999663	states										"   state_name
id           
0     state_0"
5263.20989	0.01599999999962165	states										"          state_name
id                  
1   sending_trialnum"
5263.22589	0.00950600000032864	states										"           state_name
id                   
3   clean_sound_state"
5263.235396	0.001494000000093365	states										"   state_name
id           
4         iti"
5263.23689	0.3704999999999927	states										"         state_name
id                 
6   wait_for_cpoke1"
5263.60739	0.0015000000003055902	states										"             state_name
id                     
8   play_stimulus_sound"
5263.60889	0.02099999999973079	states										"   state_name
id           
9      cpoke1"
5263.62989	0.20100000000002183	states										"        state_name
id                
12  temp_violation"
5263.83089	0.0015069999999468564	states										"             state_name
id                     
8   play_stimulus_sound"
5263.832397	2.000003000000106	states										"   state_name
id           
9      cpoke1"
5265.8324	0.011494999999740685	states										"           state_name
id                   
13  center_2_side_gap"
5265.843895	0.9825019999998403	states										"        state_name
id                
17  wait_for_spoke"
5266.826397	0.0005080000000816653	states										"      state_name
id              
23  right_reward"
5266.826905	2.000485000000481	states										"   state_name
id           
24  hit_state"
5268.82739	3.0004999999991924	states										"          state_name
id                  
29  soft_drink_state"
5271.82789	1.000506000000314	states										"   state_name
id           
26    warning"
5272.828396	0.000998999999865191	states										"        state_name
id                
30  clean_up_state"
5272.829906	7.573484000000462	trials	1.0	0.0	1.0	1.3000069999997501	0.0	0.0	0.0	r	1.0	
5272.829906	7.573484000000462	states										"   state_name
id           
0     state_0"
5272.829906	0.015983999999662046	states										"          state_name
id                  
1   sending_trialnum"
5272.84589	0.009500000000116415	states										"           state_name
id                   
3   clean_sound_state"
5272.85539	0.0010040000006483751	states										"   state_name
id           
4         iti"
5272.856394	0.004495999999562628	states										"         state_name
id                 
6   wait_for_cpoke1"
5272.86089	0.001502000000073167	states										"             state_name
id                     
8   play_stimulus_sound"
5272.862392	2.0000069999996413	states										"   state_name
id           
9      cpoke1"
5274.862399	0.011491000000205531	states										"           state_name
id                   
13  center_2_side_gap"
5274.87389	0.5410149999997884	states										"        state_name
id                
17  wait_for_spoke"
5275.414905	0.0004930000004605972	states										"      state_name
id              
23  right_reward"
5275.415398	2.000492000000122	states										"   state_name
id           
24  hit_state"
5277.41589	1.9854999999997744	states										"          state_name
id                  
29  soft_drink_state"
5279.40139	1.001006000000416	states										"   state_name
id           
26    warning"
5280.402396	0.0009939999999915017	states										"        state_name
id                
30  clean_up_state"
5280.40389	18.473500000000058	trials	1.0	1.0	2.0			0.0	0.0	r	2.0	
5280.40389	18.473500000000058	states										"   state_name
id           
0     state_0"
5280.40389	0.016000000000531145	states										"          state_name
id                  
1   sending_trialnum"
5280.41989	0.009508000000096217	states										"           state_name
id                   
3   clean_sound_state"
5280.429398	0.0014919999994162936	states										"   state_name
id           
4         iti"
5280.43089	0.08700000000044383	states										"         state_name
id                 
6   wait_for_cpoke1"
5280.51789	0.0015000000003055902	states										"             state_name
id                     
8   play_stimulus_sound"
5280.51939	1.5339999999996508	states										"   state_name
id           
9      cpoke1"
5282.05339	0.20100900000034017	states										"        state_name
id                
12  temp_violation"
5282.254399	0.0014909999999872525	states										"             state_name
id                     
8   play_stimulus_sound"
5282.25589	0.20450399999936053	states										"   state_name
id           
9      cpoke1"
5282.460394	0.20099600000048667	states										"        state_name
id                
12  temp_violation"
5282.66139	7.579499999999825	states										"         state_name
id                 
6   wait_for_cpoke1"
5290.24089	0.0015069999999468564	states										"             state_name
id                     
8   play_stimulus_sound"
5290.242397	2.0000010000003385	states										"   state_name
id           
9      cpoke1"
5292.242398	0.011491999999634572	states										"           state_name
id                   
13  center_2_side_gap"
5292.25389	0.6199999999998909	states										"        state_name
id                
17  wait_for_spoke"
5292.87389	0.0005060000003140885	states										"      state_name
id              
23  right_reward"
5292.874396	2.0004939999998896	states										"   state_name
id           
24  hit_state"
5294.87489	3.000500000000102	states										"          state_name
id                  
29  soft_drink_state"
5297.87539	1.0010050000000774	states										"   state_name
id           
26    warning"
5298.876395	0.0009949999994205427	states										"        state_name
id                
30  clean_up_state"
5298.87789	11.807505000000674	trials	1.0	0.0	-1.0	1.3000019999998764	0.0	0.0	0.0	l	-1.0	
5298.87789	11.807505000000674	states										"   state_name
id           
0     state_0"
5298.87789	0.016000000000531145	states										"          state_name
id                  
1   sending_trialnum"
5298.89389	0.009500000000116415	states										"           state_name
id                   
3   clean_sound_state"
5298.90339	0.001006999999844993	states										"   state_name
id           
4         iti"
5298.904397	4.324493000000075	states										"         state_name
id                 
6   wait_for_cpoke1"
5303.22889	0.0015039999998407438	states										"             state_name
id                     
8   play_stimulus_sound"
5303.230394	2.0000019999997676	states										"   state_name
id           
9      cpoke1"
5305.230396	0.011494000000311644	states										"           state_name
id                   
13  center_2_side_gap"
5305.24189	1.0779999999995198	states										"        state_name
id                
17  wait_for_spoke"
5306.31989	0.0005049999999755528	states										"     state_name
id             
22  left_reward"
5306.320395	2.0000040000004446	states										"   state_name
id           
24  hit_state"
5308.320399	1.3629909999999654	states										"          state_name
id                  
29  soft_drink_state"
5309.68339	1.0010089999996126	states										"   state_name
id           
26    warning"
5310.684399	0.0009960000006685732	states										"        state_name
id                
30  clean_up_state"
5310.68589	14.998016000000462	trials	0.0	1.0	-2.0			0.0	0.0	l	-2.0	
5310.68589	14.998016000000462	states										"   state_name
id           
0     state_0"
5310.68589	0.016000000000531145	states										"          state_name
id                  
1   sending_trialnum"
5310.70189	0.009500000000116415	states										"           state_name
id                   
3   clean_sound_state"
5310.71139	0.0010059999995064572	states										"   state_name
id           
4         iti"
5310.712396	3.872494000000188	states										"         state_name
id                 
6   wait_for_cpoke1"
5314.58489	0.0015080000002853922	states										"             state_name
id                     
8   play_stimulus_sound"
5314.586398	0.5735070000000633	states										"   state_name
id           
9      cpoke1"
5315.159905	0.20098499999949127	states										"        state_name
id                
12  temp_violation"
5315.36089	0.0015030000004117028	states										"             state_name
id                     
8   play_stimulus_sound"
5315.362393	1.942497999999432	states										"   state_name
id           
9      cpoke1"
5317.304891	0.2009990000005928	states										"        state_name
id                
12  temp_violation"
5317.50589	2.5605059999998048	states										"         state_name
id                 
6   wait_for_cpoke1"
5320.066396	0.001494000000093365	states										"             state_name
id                     
8   play_stimulus_sound"
5320.06789	2.0	states										"   state_name
id           
9      cpoke1"
5322.06789	0.011015000000043074	states										"           state_name
id                   
13  center_2_side_gap"
5322.078905	0.6015010000000984	states										"        state_name
id                
17  wait_for_spoke"
5322.680406	0.0014839999994364916	states										"      state_name
id              
18  error_state1"
5322.68189	3.0010000000002037	states										"     state_name
id             
19  error_state"
5325.68289	0.0010160000001633307	states										"        state_name
id                
30  clean_up_state"
5325.684396	136.03150900000037	trials	1.0	1.0	2.0			0.0	0.0	r	2.0	
5325.684396	136.03150900000037	states										"   state_name
id           
0     state_0"
5325.684396	0.016008999999939988	states										"          state_name
id                  
1   sending_trialnum"
5325.700405	0.009485000000495347	states										"           state_name
id                   
3   clean_sound_state"
5325.70989	0.0010050000000774162	states										"   state_name
id           
4         iti"
5325.710895	122.85199499999999	states										"         state_name
id                 
6   wait_for_cpoke1"
5448.56289	0.0015119999998205458	states										"             state_name
id                     
8   play_stimulus_sound"
5448.564402	1.8674879999998666	states										"   state_name
id           
9      cpoke1"
5450.43189	0.2010099999997692	states										"        state_name
id                
12  temp_violation"
5450.6329	2.498990000000049	states										"         state_name
id                 
6   wait_for_cpoke1"
5453.13189	0.0015000000003055902	states										"             state_name
id                     
8   play_stimulus_sound"
5453.13339	2.0	states										"   state_name
id           
9      cpoke1"
5455.13339	0.01100399999995716	states										"           state_name
id                   
13  center_2_side_gap"
5455.144394	0.5684959999998682	states										"        state_name
id                
17  wait_for_spoke"
5455.71289	0.0005000000001018634	states										"      state_name
id              
23  right_reward"
5455.71339	2.000500000000102	states										"   state_name
id           
24  hit_state"
5457.71389	3.000511999999617	states										"          state_name
id                  
29  soft_drink_state"
5460.714402	1.000488000000587	states										"   state_name
id           
26    warning"
5461.71489	0.001014999999824795	states										"        state_name
id                
30  clean_up_state"
5461.716411	17.30248599999959	trials	1.0	1.0	-1.0			0.0	0.0	l	-1.0	
5461.716411	17.30248599999959	states										"   state_name
id           
0     state_0"
5461.716411	0.015988999999535736	states										"          state_name
id                  
1   sending_trialnum"
5461.7324	0.009490000000369037	states										"           state_name
id                   
3   clean_sound_state"
5461.74189	0.0014999999993960955	states										"   state_name
id           
4         iti"
5461.74339	3.3135000000002037	states										"         state_name
id                 
6   wait_for_cpoke1"
5465.05689	0.001502000000073167	states										"             state_name
id                     
8   play_stimulus_sound"
5465.058392	1.966997999999876	states										"   state_name
id           
9      cpoke1"
5467.02539	0.2010070000005726	states										"        state_name
id                
12  temp_violation"
5467.226397	0.0014929999997548293	states										"             state_name
id                     
8   play_stimulus_sound"
5467.22789	0.09801599999991595	states										"   state_name
id           
9      cpoke1"
5467.325906	0.2009889999999359	states										"        state_name
id                
12  temp_violation"
5467.526895	1.739505000000463	states										"         state_name
id                 
6   wait_for_cpoke1"
5469.2664	0.0014899999996487168	states										"             state_name
id                     
8   play_stimulus_sound"
5469.26789	0.2609999999995125	states										"   state_name
id           
9      cpoke1"
5469.52889	0.201005000000805	states										"        state_name
id                
12  temp_violation"
5469.729895	0.0014949999995224061	states										"             state_name
id                     
8   play_stimulus_sound"
5469.73139	1.987500000000182	states										"   state_name
id           
9      cpoke1"
5471.71889	0.20100000000002183	states										"        state_name
id                
12  temp_violation"
5471.91989	0.542515999999523	states										"         state_name
id                 
6   wait_for_cpoke1"
5472.462406	0.0014840000003459863	states										"             state_name
id                     
8   play_stimulus_sound"
5472.46389	2.000014999999621	states										"   state_name
id           
9      cpoke1"
5474.463905	0.011484999999993306	states										"           state_name
id                   
13  center_2_side_gap"
5474.47539	0.46301300000050105	states										"        state_name
id                
17  wait_for_spoke"
5474.938403	0.0004870000002483721	states										"     state_name
id             
22  left_reward"
5474.93889	2.0004999999991924	states										"   state_name
id           
24  hit_state"
5476.93939	1.0780000000004293	states										"          state_name
id                  
29  soft_drink_state"
5478.01739	1.0005160000000615	states										"   state_name
id           
26    warning"
5479.017906	0.0009909999998853891	states										"        state_name
id                
30  clean_up_state"
5479.01939	9.73300399999971	trials	1.0	0.0	1.0	1.3004850000005896	0.0	0.0	0.0	r	1.0	
5479.01939	9.73300399999971	states										"   state_name
id           
0     state_0"
5479.01939	0.016015999999581254	states										"          state_name
id                  
1   sending_trialnum"
5479.035406	0.009484000000156811	states										"           state_name
id                   
3   clean_sound_state"
5479.04489	0.0010050000000774162	states										"   state_name
id           
4         iti"
5479.045895	0.5774949999995442	states										"         state_name
id                 
6   wait_for_cpoke1"
5479.62339	0.0015149999999266583	states										"             state_name
id                     
8   play_stimulus_sound"
5479.624905	2.000485000000481	states										"   state_name
id           
9      cpoke1"
5481.62539	0.011499999999614374	states										"           state_name
id                   
13  center_2_side_gap"
5481.63689	1.112500000000182	states										"        state_name
id                
17  wait_for_spoke"
5482.74939	0.0005000000001018634	states										"      state_name
id              
23  right_reward"
5482.74989	2.0000049999998737	states										"   state_name
id           
24  hit_state"
5484.749895	3.000495999999657	states										"          state_name
id                  
29  soft_drink_state"
5487.750391	1.0009990000007747	states										"   state_name
id           
26    warning"
5488.75139	0.0010039999997388804	states										"        state_name
id                
30  clean_up_state"
5488.75289	8.731505000000652	trials	1.0	1.0	-1.0			0.0	0.0	l	-1.0	
5488.75289	8.731505000000652	states										"   state_name
id           
0     state_0"
5488.75289	0.016000000000531145	states										"          state_name
id                  
1   sending_trialnum"
5488.76889	0.009508999999525258	states										"           state_name
id                   
3   clean_sound_state"
5488.778399	0.001006999999844993	states										"   state_name
id           
4         iti"
5488.779406	0.3389999999999418	states										"         state_name
id                 
6   wait_for_cpoke1"
5489.118406	0.0014840000003459863	states										"             state_name
id                     
8   play_stimulus_sound"
5489.11989	1.518000000000029	states										"   state_name
id           
9      cpoke1"
5490.63789	0.20100000000002183	states										"        state_name
id                
12  temp_violation"
5490.83889	0.0015119999998205458	states										"             state_name
id                     
8   play_stimulus_sound"
5490.840402	2.000489000000016	states										"   state_name
id           
9      cpoke1"
5492.840891	0.01150099999995291	states										"           state_name
id                   
13  center_2_side_gap"
5492.852392	0.4235130000006393	states										"        state_name
id                
17  wait_for_spoke"
5493.275905	0.0004909999997835257	states										"     state_name
id             
22  left_reward"
5493.276396	2.000003000000106	states										"   state_name
id           
24  hit_state"
5495.276399	1.2064909999999145	states										"          state_name
id                  
29  soft_drink_state"
5496.48289	1.0005089999995107	states										"   state_name
id           
26    warning"
5497.483399	0.0009960000006685732	states										"        state_name
id                
30  clean_up_state"
5497.48489	9.78650000000016	trials	1.0	0.0	-2.0	1.300495999999766	0.0	0.0	0.0	l	-2.0	
5497.48489	9.78650000000016	states										"   state_name
id           
0     state_0"
5497.48489	0.016000000000531145	states										"          state_name
id                  
1   sending_trialnum"
5497.50089	0.009505999999419146	states										"           state_name
id                   
3   clean_sound_state"
5497.510396	0.001494000000093365	states										"   state_name
id           
4         iti"
5497.51189	3.217000000000553	states										"         state_name
id                 
6   wait_for_cpoke1"
5500.72889	0.0015039999998407438	states										"             state_name
id                     
8   play_stimulus_sound"
5500.730394	2.000495999999657	states										"   state_name
id           
9      cpoke1"
5502.73089	0.011508999999932712	states										"           state_name
id                   
13  center_2_side_gap"
5502.742399	0.5254910000003292	states										"        state_name
id                
17  wait_for_spoke"
5503.26789	0.0005089999995107064	states										"     state_name
id             
22  left_reward"
5503.268399	2.000506000000314	states										"   state_name
id           
24  hit_state"
5505.268905	1.0004909999997835	states										"          state_name
id                  
29  soft_drink_state"
5506.269396	1.0010000000002037	states										"   state_name
id           
26    warning"
5507.270396	0.0009939999999915017	states										"        state_name
id                
30  clean_up_state"
5507.271895	6.292994999999792	trials	0.0	0.0	1.0	1.3000049999999825	0.0	0.0	0.0	r	1.0	
5507.271895	6.292994999999792	states										"   state_name
id           
0     state_0"
5507.271895	0.01599499999974796	states										"          state_name
id                  
1   sending_trialnum"
5507.28789	0.009500000000116415	states										"           state_name
id                   
3   clean_sound_state"
5507.29739	0.001006999999844993	states										"   state_name
id           
4         iti"
5507.298397	0.855493000000024	states										"         state_name
id                 
6   wait_for_cpoke1"
5508.15389	0.0015000000003055902	states										"             state_name
id                     
8   play_stimulus_sound"
5508.15539	2.0000049999998737	states										"   state_name
id           
9      cpoke1"
5510.155395	0.011008000000401807	states										"           state_name
id                   
13  center_2_side_gap"
5510.166403	0.39498699999967357	states										"        state_name
id                
17  wait_for_spoke"
5510.56139	0.0015000000003055902	states										"      state_name
id              
18  error_state1"
5510.56289	3.0010000000002037	states										"     state_name
id             
19  error_state"
5513.56389	0.0009999999992942321	states										"        state_name
id                
30  clean_up_state"
5513.56539	12.186005999999907	trials	0.0	1.0	-2.0			0.0	0.0	l	-2.0	
5513.56539	12.186005999999907	states										"   state_name
id           
0     state_0"
5513.56539	0.016000000000531145	states										"          state_name
id                  
1   sending_trialnum"
5513.58139	0.009502999999313033	states										"           state_name
id                   
3   clean_sound_state"
5513.590893	0.001012000000628177	states										"   state_name
id           
4         iti"
5513.591905	0.5309849999994185	states										"         state_name
id                 
6   wait_for_cpoke1"
5514.12289	0.001510000000052969	states										"             state_name
id                     
8   play_stimulus_sound"
5514.1244	0.20349500000065746	states										"   state_name
id           
9      cpoke1"
5514.327895	0.20099499999923864	states										"        state_name
id                
12  temp_violation"
5514.52889	0.0015060000005178154	states										"             state_name
id                     
8   play_stimulus_sound"
5514.530396	1.6620100000000093	states										"   state_name
id           
9      cpoke1"
5516.192406	0.20099200000004203	states										"        state_name
id                
12  temp_violation"
5516.393398	0.5099989999998797	states										"         state_name
id                 
6   wait_for_cpoke1"
5516.903397	0.0014929999997548293	states										"             state_name
id                     
8   play_stimulus_sound"
5516.90489	1.6640010000000984	states										"   state_name
id           
9      cpoke1"
5518.568891	0.20101400000021385	states										"        state_name
id                
12  temp_violation"
5518.769905	1.6014900000000125	states										"         state_name
id                 
6   wait_for_cpoke1"
5520.371395	0.0014949999995224061	states										"             state_name
id                     
8   play_stimulus_sound"
5520.37289	2.0	states										"   state_name
id           
9      cpoke1"
5522.37289	0.011508999999932712	states										"           state_name
id                   
13  center_2_side_gap"
5522.384399	0.3629910000008749	states										"        state_name
id                
17  wait_for_spoke"
5522.74739	0.0015149999999266583	states										"      state_name
id              
18  error_state1"
5522.748905	3.0014869999995426	states										"     state_name
id             
19  error_state"
5525.750392	0.0010039999997388804	states										"        state_name
id                
30  clean_up_state"
5525.751906	49.74798399999963	trials	1.0	0.0	-2.0	1.3000019999998764	0.0	0.0	0.0	l	-2.0	
5525.751906	49.74798399999963	states										"   state_name
id           
0     state_0"
5525.751906	0.015983999999662046	states										"          state_name
id                  
1   sending_trialnum"
5525.76789	0.009500000000116415	states										"           state_name
id                   
3   clean_sound_state"
5525.77739	0.0010059999995064572	states										"   state_name
id           
4         iti"
5525.778396	42.43249400000059	states										"         state_name
id                 
6   wait_for_cpoke1"
5568.21089	0.0015059999996083206	states										"             state_name
id                     
8   play_stimulus_sound"
5568.212396	2.0000019999997676	states										"   state_name
id           
9      cpoke1"
5570.212398	0.010997000000315893	states										"           state_name
id                   
13  center_2_side_gap"
5570.223395	0.38900999999987107	states										"        state_name
id                
17  wait_for_spoke"
5570.612405	0.0004850000004807953	states										"     state_name
id             
22  left_reward"
5570.61289	2.0	states										"   state_name
id           
24  hit_state"
5572.61289	1.885005000000092	states										"          state_name
id                  
29  soft_drink_state"
5574.497895	1.0009949999994205	states										"   state_name
id           
26    warning"
5575.49889	0.0010000000002037268	states										"        state_name
id                
30  clean_up_state"
5575.5004	17.480994999999893	trials	1.0	1.0	-1.0			0.0	0.0	l	-1.0	
5575.5004	17.480994999999893	states										"   state_name
id           
0     state_0"
5575.5004	0.01599400000031892	states										"          state_name
id                  
1   sending_trialnum"
5575.516394	0.009495999999671767	states										"           state_name
id                   
3   clean_sound_state"
5575.52589	0.0015000000003055902	states										"   state_name
id           
4         iti"
5575.52739	0.21900599999935366	states										"         state_name
id                 
6   wait_for_cpoke1"
5575.746396	0.001494000000093365	states										"             state_name
id                     
8   play_stimulus_sound"
5575.74789	0.2055000000000291	states										"   state_name
id           
9      cpoke1"
5575.95339	0.20100400000046648	states										"        state_name
id                
12  temp_violation"
5576.154394	0.001495999999860942	states										"             state_name
id                     
8   play_stimulus_sound"
5576.15589	0.3819999999996071	states										"   state_name
id           
9      cpoke1"
5576.53789	0.20100000000002183	states										"        state_name
id                
12  temp_violation"
5576.73889	0.001502000000073167	states										"             state_name
id                     
8   play_stimulus_sound"
5576.740392	1.6900009999999384	states										"   state_name
id           
9      cpoke1"
5578.430393	0.20099699999991572	states										"        state_name
id                
12  temp_violation"
5578.63139	0.4985050000004776	states										"         state_name
id                 
6   wait_for_cpoke1"
5579.129895	0.0015039999998407438	states										"             state_name
id                     
8   play_stimulus_sound"
5579.131399	1.9439910000000964	states										"   state_name
id           
9      cpoke1"
5581.07539	0.20100400000046648	states										"        state_name
id                
12  temp_violation"
5581.276394	0.5424979999997959	states										"         state_name
id                 
6   wait_for_cpoke1"
5581.818892	0.0015119999998205458	states										"             state_name
id                     
8   play_stimulus_sound"
5581.820404	1.9984859999995024	states										"   state_name
id           
9      cpoke1"
5583.81889	0.201005000000805	states										"        state_name
id                
12  temp_violation"
5584.019895	2.159994999999981	states										"         state_name
id                 
6   wait_for_cpoke1"
5586.17989	0.0014999999993960955	states										"             state_name
id                     
8   play_stimulus_sound"
5586.18139	2.0000049999998737	states										"   state_name
id           
9      cpoke1"
5588.181395	0.011001000000760541	states										"           state_name
id                   
13  center_2_side_gap"
5588.192396	0.786008000000038	states										"        state_name
id                
17  wait_for_spoke"
5588.978404	0.00048599999990983633	states										"     state_name
id             
22  left_reward"
5588.97889	2.0	states										"   state_name
id           
24  hit_state"
5590.97889	1.0005000000001019	states										"          state_name
id                  
29  soft_drink_state"
5591.97939	1.0010039999997389	states										"   state_name
id           
26    warning"
5592.980394	0.0010009999996327679	states										"        state_name
id                
30  clean_up_state"
5592.981906	13.613484000000426	trials	1.0	1.0	-2.0			0.0	0.0	l	-2.0	
5592.981906	13.613484000000426	states										"   state_name
id           
0     state_0"
5592.981906	0.01599900000019261	states										"          state_name
id                  
1   sending_trialnum"
5592.997905	0.009484999999585852	states										"           state_name
id                   
3   clean_sound_state"
5593.00739	0.001006999999844993	states										"   state_name
id           
4         iti"
5593.008397	0.48900200000025507	states										"         state_name
id                 
6   wait_for_cpoke1"
5593.497399	0.0014909999999872525	states										"             state_name
id                     
8   play_stimulus_sound"
5593.49889	0.03650000000016007	states										"   state_name
id           
9      cpoke1"
5593.53539	0.20100499999989552	states										"        state_name
id                
12  temp_violation"
5593.736395	0.48149999999986903	states										"         state_name
id                 
6   wait_for_cpoke1"
5594.217895	0.0015050000001792796	states										"             state_name
id                     
8   play_stimulus_sound"
5594.2194	1.8249919999998383	states										"   state_name
id           
9      cpoke1"
5596.044392	0.20099800000025425	states										"        state_name
id                
12  temp_violation"
5596.24539	0.0015000000003055902	states										"             state_name
id                     
8   play_stimulus_sound"
5596.24689	1.7659999999996217	states										"   state_name
id           
9      cpoke1"
5598.01289	0.20100499999989552	states										"        state_name
id                
12  temp_violation"
5598.213895	1.4869950000002063	states										"         state_name
id                 
6   wait_for_cpoke1"
5599.70089	0.001510000000052969	states										"             state_name
id                     
8   play_stimulus_sound"
5599.7024	2.0005049999999756	states										"   state_name
id           
9      cpoke1"
5601.702905	0.01099999999951251	states										"           state_name
id                   
13  center_2_side_gap"
5601.713905	0.4524910000000091	states										"        state_name
id                
17  wait_for_spoke"
5602.166396	0.000494000000799133	states										"     state_name
id             
22  left_reward"
5602.16689	2.0004999999991924	states										"   state_name
id           
24  hit_state"
5604.16739	1.4260000000003856	states										"          state_name
id                  
29  soft_drink_state"
5605.59339	1.0010019999999713	states										"   state_name
id           
26    warning"
5606.594392	0.00099800000043615	states										"        state_name
id                
30  clean_up_state"
5606.59589	7.1875	trials	1.0	1.0	-1.0			0.0	0.0	l	-1.0	
5606.59589	7.1875	states										"   state_name
id           
0     state_0"
5606.59589	0.016000000000531145	states										"          state_name
id                  
1   sending_trialnum"
5606.61189	0.009509999999863794	states										"           state_name
id                   
3   clean_sound_state"
5606.6214	0.0014899999996487168	states										"   state_name
id           
4         iti"
5606.62289	0.25900000000001455	states										"         state_name
id                 
6   wait_for_cpoke1"
5606.88189	0.0015149999999266583	states										"             state_name
id                     
8   play_stimulus_sound"
5606.883405	0.21948500000053173	states										"   state_name
id           
9      cpoke1"
5607.10289	0.20100000000002183	states										"        state_name
id                
12  temp_violation"
5607.30389	0.03150499999992462	states										"         state_name
id                 
6   wait_for_cpoke1"
5607.335395	0.0014949999995224061	states										"             state_name
id                     
8   play_stimulus_sound"
5607.33689	2.0	states										"   state_name
id           
9      cpoke1"
5609.33689	0.011501000000862405	states										"           state_name
id                   
13  center_2_side_gap"
5609.348391	0.4315149999993082	states										"        state_name
id                
17  wait_for_spoke"
5609.779906	0.0004910000006930204	states										"     state_name
id             
22  left_reward"
5609.780397	2.0000029999991966	states										"   state_name
id           
24  hit_state"
5611.7804	1.0009900000004563	states										"          state_name
id                  
29  soft_drink_state"
5612.78139	1.0010059999995065	states										"   state_name
id           
26    warning"
5613.782396	0.0009939999999915017	states										"        state_name
id                
30  clean_up_state"
5613.78389	9.35050500000034	trials	1.0	1.0	-1.0			0.0	0.0	l	-1.0	
5613.78389	9.35050500000034	states										"   state_name
id           
0     state_0"
5613.78389	0.016000000000531145	states										"          state_name
id                  
1   sending_trialnum"
5613.79989	0.009504999999990105	states										"           state_name
id                   
3   clean_sound_state"
5613.809395	0.0014949999995224061	states										"   state_name
id           
4         iti"
5613.81089	0.2669999999998254	states										"         state_name
id                 
6   wait_for_cpoke1"
5614.07789	0.0015000000003055902	states										"             state_name
id                     
8   play_stimulus_sound"
5614.07939	0.22150000000056025	states										"   state_name
id           
9      cpoke1"
5614.30089	0.2010149999996429	states										"        state_name
id                
12  temp_violation"
5614.501905	0.0014849999997750274	states										"             state_name
id                     
8   play_stimulus_sound"
5614.50339	2.0	states										"   state_name
id           
9      cpoke1"
5616.50339	0.011019000000487722	states										"           state_name
id                   
13  center_2_side_gap"
5616.514409	0.616980999999214	states										"        state_name
id                
17  wait_for_spoke"
5617.13139	0.0005000000001018634	states										"     state_name
id             
22  left_reward"
5617.13189	2.000005000000783	states										"   state_name
id           
24  hit_state"
5619.131895	3.000500999999531	states										"          state_name
id                  
29  soft_drink_state"
5622.132396	1.0009939999999915	states										"   state_name
id           
26    warning"
5623.13339	0.0010050000000774162	states										"        state_name
id                
30  clean_up_state"
5623.13489	9.165516999999454	trials	1.0	1.0	-1.0			0.0	0.0	l	-1.0	
5623.13489	9.165516999999454	states										"   state_name
id           
0     state_0"
5623.13489	0.01599999999962165	states										"          state_name
id                  
1   sending_trialnum"
5623.15089	0.009508000000096217	states										"           state_name
id                   
3   clean_sound_state"
5623.160398	0.0014920000003257883	states										"   state_name
id           
4         iti"
5623.16189	0.8859999999995125	states										"         state_name
id                 
6   wait_for_cpoke1"
5624.04789	0.0015050000001792796	states										"             state_name
id                     
8   play_stimulus_sound"
5624.049395	0.45649500000035914	states										"   state_name
id           
9      cpoke1"
5624.50589	0.20100000000002183	states										"        state_name
id                
12  temp_violation"
5624.70689	0.00151099999948201	states										"             state_name
id                     
8   play_stimulus_sound"
5624.708401	2.000495000000228	states										"   state_name
id           
9      cpoke1"
5626.708896	0.011499999999614374	states										"           state_name
id                   
13  center_2_side_gap"
5626.720396	0.7724940000007336	states										"        state_name
id                
17  wait_for_spoke"
5627.49289	0.0004999999991923687	states										"     state_name
id             
22  left_reward"
5627.49339	2.0000159999999596	states										"   state_name
id           
24  hit_state"
5629.493406	1.8054840000004333	states										"          state_name
id                  
29  soft_drink_state"
5631.29889	1.0005049999999756	states										"   state_name
id           
26    warning"
5632.299395	0.0010119999997186824	states										"        state_name
id                
30  clean_up_state"
5632.30089	13.366500999999516	trials	1.0	0.0	1.0	1.3000000000001088	0.0	0.0	0.0	r	1.0	
5632.30089	13.366500999999516	states										"   state_name
id           
0     state_0"
5632.30089	0.01599999999962165	states										"          state_name
id                  
1   sending_trialnum"
5632.31689	0.00951100000020233	states										"           state_name
id                   
3   clean_sound_state"
5632.326401	0.001488999999310181	states										"   state_name
id           
4         iti"
5632.32789	4.287500000000364	states										"         state_name
id                 
6   wait_for_cpoke1"
5636.61539	0.0015000000003055902	states										"             state_name
id                     
8   play_stimulus_sound"
5636.61689	2.0	states										"   state_name
id           
9      cpoke1"
5638.61689	0.011507999999594176	states										"           state_name
id                   
13  center_2_side_gap"
5638.628398	1.0359989999997197	states										"        state_name
id                
17  wait_for_spoke"
5639.664397	0.0005080000000816653	states										"      state_name
id              
23  right_reward"
5639.664905	2.000485000000481	states										"   state_name
id           
24  hit_state"
5641.66539	3.000500000000102	states										"          state_name
id                  
29  soft_drink_state"
5644.66589	1.0005069999997431	states										"   state_name
id           
26    warning"
5645.666397	0.0009939999999915017	states										"        state_name
id                
30  clean_up_state"
5645.66789	13.017511000000013	trials	1.0	0.0	1.0	1.3000000000001088	0.0	0.0	0.0	r	1.0	
5645.66789	13.017511000000013	states										"   state_name
id           
0     state_0"
5645.66789	0.016000000000531145	states										"          state_name
id                  
1   sending_trialnum"
5645.68389	0.009500000000116415	states										"           state_name
id                   
3   clean_sound_state"
5645.69339	0.0010059999995064572	states										"   state_name
id           
4         iti"
5645.694396	4.780010000000402	states										"         state_name
id                 
6   wait_for_cpoke1"
5650.474406	0.0014839999994364916	states										"             state_name
id                     
8   play_stimulus_sound"
5650.47589	2.0	states										"   state_name
id           
9      cpoke1"
5652.47589	0.011000000000422006	states										"           state_name
id                   
13  center_2_side_gap"
5652.48689	1.1475140000002284	states										"        state_name
id                
17  wait_for_spoke"
5653.634404	0.00048599999990983633	states										"      state_name
id              
23  right_reward"
5653.63489	2.0	states										"   state_name
id           
24  hit_state"
5655.63489	2.04850499999975	states										"          state_name
id                  
29  soft_drink_state"
5657.683395	1.0010009999996328	states										"   state_name
id           
26    warning"
5658.684396	0.0010050000000774162	states										"        state_name
id                
30  clean_up_state"
5658.68589	36.14350000000013	trials	0.0	1.0	2.0			0.0	0.0	r	2.0	
5658.68589	36.14350000000013	states										"   state_name
id           
0     state_0"
5658.68589	0.016000000000531145	states										"          state_name
id                  
1   sending_trialnum"
5658.70189	0.009500000000116415	states										"           state_name
id                   
3   clean_sound_state"
5658.71139	0.0010089999996125698	states										"   state_name
id           
4         iti"
5658.712399	26.49399799999992	states										"         state_name
id                 
6   wait_for_cpoke1"
5685.206397	0.0015080000002853922	states										"             state_name
id                     
8   play_stimulus_sound"
5685.207905	1.9589850000002116	states										"   state_name
id           
9      cpoke1"
5687.16689	0.2010149999996429	states										"        state_name
id                
12  temp_violation"
5687.367905	1.861485000000357	states										"         state_name
id                 
6   wait_for_cpoke1"
5689.22939	0.0014999999993960955	states										"             state_name
id                     
8   play_stimulus_sound"
5689.23089	2.0	states										"   state_name
id           
9      cpoke1"
5691.23089	0.011507000000165135	states										"           state_name
id                   
13  center_2_side_gap"
5691.242397	0.5829929999999877	states										"        state_name
id                
17  wait_for_spoke"
5691.82539	0.0015050000001792796	states										"      state_name
id              
18  error_state1"
5691.826895	3.001502000000073	states										"     state_name
id             
19  error_state"
5694.828397	0.000992999999652966	states										"        state_name
id                
30  clean_up_state"
5694.82989	20.933006000000205	trials	0.0	1.0	-2.0			0.0	0.0	l	-2.0	
5694.82989	20.933006000000205	states										"   state_name
id           
0     state_0"
5694.82989	0.01599999999962165	states										"          state_name
id                  
1   sending_trialnum"
5694.84589	0.009507000000667176	states										"           state_name
id                   
3   clean_sound_state"
5694.855397	0.0014929999997548293	states										"   state_name
id           
4         iti"
5694.85689	14.818001999999979	states										"         state_name
id                 
6   wait_for_cpoke1"
5709.674892	0.0015039999998407438	states										"             state_name
id                     
8   play_stimulus_sound"
5709.676396	0.12701000000015483	states										"   state_name
id           
9      cpoke1"
5709.803406	0.2009909999997035	states										"        state_name
id                
12  temp_violation"
5710.004397	0.001493000000664324	states										"             state_name
id                     
8   play_stimulus_sound"
5710.00589	0.042999999999665306	states										"   state_name
id           
9      cpoke1"
5710.04889	0.20100000000002183	states										"        state_name
id                
12  temp_violation"
5710.24989	0.0015000000003055902	states										"             state_name
id                     
8   play_stimulus_sound"
5710.25139	2.0000159999999596	states										"   state_name
id           
9      cpoke1"
5712.251406	0.01148399999965477	states										"           state_name
id                   
13  center_2_side_gap"
5712.26289	0.49650000000019645	states										"        state_name
id                
17  wait_for_spoke"
5712.75939	0.0014999999993960955	states										"      state_name
id              
18  error_state1"
5712.76089	3.0010000000002037	states										"     state_name
id             
19  error_state"
5715.76189	0.001006000000415952	states										"        state_name
id                
30  clean_up_state"
5715.763406	1158.740484	trials	1.0	1.0	1.0			0.0	0.0	r	1.0	
5715.763406	1158.740484	states										"   state_name
id           
0     state_0"
5715.763406	0.015983999999662046	states										"          state_name
id                  
1   sending_trialnum"
5715.77939	0.009500000000116415	states										"           state_name
id                   
3   clean_sound_state"
5715.78889	0.0015050000001792796	states										"   state_name
id           
4         iti"
5715.790395	6.1554949999999735	states										"         state_name
id                 
6   wait_for_cpoke1"
5721.94589	0.001516000000265194	states										"             state_name
id                     
8   play_stimulus_sound"
5721.947406	0.3594839999996111	states										"   state_name
id           
9      cpoke1"
5722.30689	0.20100000000002183	states										"        state_name
id                
12  temp_violation"
5722.50789	277.8815160000004	states										"         state_name
id                 
6   wait_for_cpoke1"
6000.389406	0.0014839999994364916	states										"             state_name
id                     
8   play_stimulus_sound"
6000.39089	0.2835050000003321	states										"   state_name
id           
9      cpoke1"
6000.674395	0.20101100000010774	states										"        state_name
id                
12  temp_violation"
6000.875406	5.919984000000113	states										"         state_name
id                 
6   wait_for_cpoke1"
6006.79539	0.0014999999993960955	states										"             state_name
id                     
8   play_stimulus_sound"
6006.79689	0.31350600000041595	states										"   state_name
id           
9      cpoke1"
6007.110396	0.2009939999998096	states										"        state_name
id                
12  temp_violation"
6007.31139	37.80950500000017	states										"         state_name
id                 
6   wait_for_cpoke1"
6045.120895	0.0015039999998407438	states										"             state_name
id                     
8   play_stimulus_sound"
6045.122399	0.09899099999984173	states										"   state_name
id           
9      cpoke1"
6045.22139	0.20100600000023405	states										"        state_name
id                
12  temp_violation"
6045.422396	433.59549400000014	states										"         state_name
id                 
6   wait_for_cpoke1"
6479.01789	0.0015000000003055902	states										"             state_name
id                     
8   play_stimulus_sound"
6479.01939	0.2944999999999709	states										"   state_name
id           
9      cpoke1"
6479.31389	0.20100000000002183	states										"        state_name
id                
12  temp_violation"
6479.51489	2.0364999999992506	states										"         state_name
id                 
6   wait_for_cpoke1"
6481.55139	0.0015149999999266583	states										"             state_name
id                     
8   play_stimulus_sound"
6481.552905	0.15149100000053295	states										"   state_name
id           
9      cpoke1"
6481.704396	0.2009939999998096	states										"        state_name
id                
12  temp_violation"
6481.90539	374.55250499999966	states										"         state_name
id                 
6   wait_for_cpoke1"
6856.457895	0.0014950000004319008	states										"             state_name
id                     
8   play_stimulus_sound"
6856.45939	0.23549999999977445	states										"   state_name
id           
9      cpoke1"
6856.69489	0.20100000000002183	states										"        state_name
id                
12  temp_violation"
6856.89589	0.0015000000003055902	states										"             state_name
id                     
8   play_stimulus_sound"
6856.89739	0.16849999999976717	states										"   state_name
id           
9      cpoke1"
6857.06589	0.20100000000002183	states										"        state_name
id                
12  temp_violation"
6857.26689	0.001518000000032771	states										"             state_name
id                     
8   play_stimulus_sound"
6857.268408	0.3989819999997053	states										"   state_name
id           
9      cpoke1"
6857.66739	0.20100600000023405	states										"        state_name
id                
12  temp_violation"
6857.868396	1.564994000000297	states										"         state_name
id                 
6   wait_for_cpoke1"
6859.43339	0.0015149999999266583	states										"             state_name
id                     
8   play_stimulus_sound"
6859.434905	0.3404849999997168	states										"   state_name
id           
9      cpoke1"
6859.77539	0.20101100000010774	states										"        state_name
id                
12  temp_violation"
6859.976401	0.02148899999974674	states										"         state_name
id                 
6   wait_for_cpoke1"
6859.99789	0.0015000000003055902	states										"             state_name
id                     
8   play_stimulus_sound"
6859.99939	1.7359999999998763	states										"   state_name
id           
9      cpoke1"
6861.73539	0.2010150000005524	states										"        state_name
id                
12  temp_violation"
6861.936405	0.5860020000000077	states										"         state_name
id                 
6   wait_for_cpoke1"
6862.522407	0.0014830000000074506	states										"             state_name
id                     
8   play_stimulus_sound"
6862.52389	1.3545179999991888	states										"   state_name
id           
9      cpoke1"
6863.878408	0.20098200000029465	states										"        state_name
id                
12  temp_violation"
6864.07939	0.48751499999980297	states										"         state_name
id                 
6   wait_for_cpoke1"
6864.566905	0.001493000000664324	states										"             state_name
id                     
8   play_stimulus_sound"
6864.568398	0.46449200000006385	states										"   state_name
id           
9      cpoke1"
6865.03289	0.20100000000002183	states										"        state_name
id                
12  temp_violation"
6865.23389	0.36599999999998545	states										"         state_name
id                 
6   wait_for_cpoke1"
6865.59989	0.0014999999993960955	states										"             state_name
id                     
8   play_stimulus_sound"
6865.60139	0.14350000000013097	states										"   state_name
id           
9      cpoke1"
6865.74489	0.20100000000002183	states										"        state_name
id                
12  temp_violation"
6865.94589	0.049500000000080036	states										"         state_name
id                 
6   wait_for_cpoke1"
6865.99539	0.0015050000001792796	states										"             state_name
id                     
8   play_stimulus_sound"
6865.996895	2.0005110000001878	states										"   state_name
id           
9      cpoke1"
6867.997406	0.010990999999194173	states										"           state_name
id                   
13  center_2_side_gap"
6868.008397	0.49249300000064977	states										"        state_name
id                
17  wait_for_spoke"
6868.50089	0.0005000000001018634	states										"      state_name
id              
23  right_reward"
6868.50139	2.0004999999991924	states										"   state_name
id           
24  hit_state"
6870.50189	3.0005070000006526	states										"          state_name
id                  
29  soft_drink_state"
6873.502397	1.000492999999551	states										"   state_name
id           
26    warning"
6874.50289	0.0010000000002037268	states										"        state_name
id                
30  clean_up_state"
6874.504394	8.61049600000024	trials	0.0	1.0	-2.0			0.0	0.0	l	-2.0	
6874.504394	8.61049600000024	states										"   state_name
id           
0     state_0"
6874.504394	0.016010000000278524	states										"          state_name
id                  
1   sending_trialnum"
6874.520404	0.009501000000454951	states										"           state_name
id                   
3   clean_sound_state"
6874.529905	0.0014849999997750274	states										"   state_name
id           
4         iti"
6874.53139	0.1490029999995386	states										"         state_name
id                 
6   wait_for_cpoke1"
6874.680393	0.0015120000007300405	states										"             state_name
id                     
8   play_stimulus_sound"
6874.681905	0.339999999999236	states										"   state_name
id           
9      cpoke1"
6875.021905	0.20098800000050687	states										"        state_name
id                
12  temp_violation"
6875.222893	0.001502999999502208	states										"             state_name
id                     
8   play_stimulus_sound"
6875.224396	1.4074990000008256	states										"   state_name
id           
9      cpoke1"
6876.631895	0.20099499999923864	states										"        state_name
id                
12  temp_violation"
6876.83289	0.8180050000000847	states										"         state_name
id                 
6   wait_for_cpoke1"
6877.650895	0.001509000000623928	states										"             state_name
id                     
8   play_stimulus_sound"
6877.652404	2.00048599999991	states										"   state_name
id           
9      cpoke1"
6879.65289	0.011015000000043074	states										"           state_name
id                   
13  center_2_side_gap"
6879.663905	0.4474849999996877	states										"        state_name
id                
17  wait_for_spoke"
6880.11139	0.0015149999999266583	states										"      state_name
id              
18  error_state1"
6880.112905	3.000984999999673	states										"     state_name
id             
19  error_state"
6883.11389	0.0010000000002037268	states										"        state_name
id                
30  clean_up_state"
6883.11539	12.232500000000073	trials	1.0	0.0	1.0	1.3000000000001088	0.0	0.0	0.0	r	1.0	
6883.11539	12.232500000000073	states										"   state_name
id           
0     state_0"
6883.11539	0.01599999999962165	states										"          state_name
id                  
1   sending_trialnum"
6883.13139	0.009500000000116415	states										"           state_name
id                   
3   clean_sound_state"
6883.14089	0.0015069999999468564	states										"   state_name
id           
4         iti"
6883.142397	3.7049980000001597	states										"         state_name
id                 
6   wait_for_cpoke1"
6886.847395	0.0014950000004319008	states										"             state_name
id                     
8   play_stimulus_sound"
6886.84889	2.0	states										"   state_name
id           
9      cpoke1"
6888.84889	0.011509999999361753	states										"           state_name
id                   
13  center_2_side_gap"
6888.8604	0.48449000000073283	states										"        state_name
id                
17  wait_for_spoke"
6889.34489	0.0005000000001018634	states										"      state_name
id              
23  right_reward"
6889.34539	2.000514999999723	states										"   state_name
id           
24  hit_state"
6891.345905	3.000489999999445	states										"          state_name
id                  
29  soft_drink_state"
6894.346395	1.0005100000007587	states										"   state_name
id           
26    warning"
6895.346905	0.000984999999673164	states										"        state_name
id                
30  clean_up_state"
6895.348398	6.312007999999878	trials	0.0	0.0	2.0	1.3000000000001088	0.0	0.0	0.0	r	2.0	
6895.348398	6.312007999999878	states										"   state_name
id           
0     state_0"
6895.348398	0.01599999999962165	states										"          state_name
id                  
1   sending_trialnum"
6895.364398	0.009497000000010303	states										"           state_name
id                   
3   clean_sound_state"
6895.373895	0.0014950000004319008	states										"   state_name
id           
4         iti"
6895.37539	0.31449999999949796	states										"         state_name
id                 
6   wait_for_cpoke1"
6895.68989	0.0015000000003055902	states										"             state_name
id                     
8   play_stimulus_sound"
6895.69139	2.0	states										"   state_name
id           
9      cpoke1"
6897.69139	0.011005999999724736	states										"           state_name
id                   
13  center_2_side_gap"
6897.702396	0.9544940000005226	states										"        state_name
id                
17  wait_for_spoke"
6898.65689	0.00151099999948201	states										"      state_name
id              
18  error_state1"
6898.658401	3.0009939999999915	states										"     state_name
id             
19  error_state"
6901.659395	0.0010110000002896413	states										"        state_name
id                
30  clean_up_state"
6901.66089	9.02849999999944	trials	1.0	1.0	1.0			0.0	0.0	r	1.0	
6901.66089	9.02849999999944	states										"   state_name
id           
0     state_0"
6901.66089	0.01599999999962165	states										"          state_name
id                  
1   sending_trialnum"
6901.67689	0.00950600000032864	states										"           state_name
id                   
3   clean_sound_state"
6901.686396	0.0015089999997144332	states										"   state_name
id           
4         iti"
6901.687905	0.06748500000048807	states										"         state_name
id                 
6   wait_for_cpoke1"
6901.75539	0.0014999999993960955	states										"             state_name
id                     
8   play_stimulus_sound"
6901.75689	0.2630150000004505	states										"   state_name
id           
9      cpoke1"
6902.019905	0.20098499999949127	states										"        state_name
id                
12  temp_violation"
6902.22089	0.0015069999999468564	states										"             state_name
id                     
8   play_stimulus_sound"
6902.222397	1.999999000000571	states										"   state_name
id           
9      cpoke1"
6904.222396	0.01099400000020978	states										"           state_name
id                   
13  center_2_side_gap"
6904.23339	0.4530049999993935	states										"        state_name
id                
17  wait_for_spoke"
6904.686395	0.000495000000228174	states										"      state_name
id              
23  right_reward"
6904.68689	2.000500000000102	states										"   state_name
id           
24  hit_state"
6906.68739	3.000500000000102	states										"          state_name
id                  
29  soft_drink_state"
6909.68789	1.0005119999996168	states										"   state_name
id           
26    warning"
6910.688402	0.0009879999997792765	states										"        state_name
id                
30  clean_up_state"
6910.68989	6.816005000000587	trials	1.0	0.0	-1.0	1.3000160000000685	0.0	0.0	0.0	l	-1.0	
6910.68989	6.816005000000587	states										"   state_name
id           
0     state_0"
6910.68989	0.016000000000531145	states										"          state_name
id                  
1   sending_trialnum"
6910.70589	0.00951600000007602	states										"           state_name
id                   
3   clean_sound_state"
6910.715406	0.0014839999994364916	states										"   state_name
id           
4         iti"
6910.71689	0.3510000000005675	states										"         state_name
id                 
6   wait_for_cpoke1"
6911.06789	0.0014999999993960955	states										"             state_name
id                     
8   play_stimulus_sound"
6911.06939	2.0000159999999596	states										"   state_name
id           
9      cpoke1"
6913.069406	0.010990000000674627	states										"           state_name
id                   
13  center_2_side_gap"
6913.080396	0.4160059999994701	states										"        state_name
id                
17  wait_for_spoke"
6913.496402	0.00048800000058690784	states										"     state_name
id             
22  left_reward"
6913.49689	2.000514999999723	states										"   state_name
id           
24  hit_state"
6915.497405	1.0064899999997579	states										"          state_name
id                  
29  soft_drink_state"
6916.503895	1.00099500000033	states										"   state_name
id           
26    warning"
6917.50489	0.0010050000000774162	states										"        state_name
id                
30  clean_up_state"
6917.506397	8.36499300000014	trials	1.0	0.0	-1.0	1.3004849999996801	0.0	0.0	0.0	l	-1.0	
6917.506397	8.36499300000014	states										"   state_name
id           
0     state_0"
6917.506397	0.01599999999962165	states										"          state_name
id                  
1   sending_trialnum"
6917.522397	0.009508000000096217	states										"           state_name
id                   
3   clean_sound_state"
6917.531905	0.0014849999997750274	states										"   state_name
id           
4         iti"
6917.53339	0.33000000000083674	states										"         state_name
id                 
6   wait_for_cpoke1"
6917.86339	0.0015149999999266583	states										"             state_name
id                     
8   play_stimulus_sound"
6917.864905	2.0004849999995713	states										"   state_name
id           
9      cpoke1"
6919.86539	0.011015000000043074	states										"           state_name
id                   
13  center_2_side_gap"
6919.876405	0.538485000000037	states										"        state_name
id                
17  wait_for_spoke"
6920.41489	0.0005000000001018634	states										"     state_name
id             
22  left_reward"
6920.41539	2.0000069999996413	states										"   state_name
id           
24  hit_state"
6922.415397	2.453997999999956	states										"          state_name
id                  
29  soft_drink_state"
6924.869395	1.0009989999998652	states										"   state_name
id           
26    warning"
6925.870394	0.0009960000006685732	states										"        state_name
id                
30  clean_up_state"
6925.87189	10.948504999999386	trials	1.0	0.0	-2.0	1.3000049999999825	0.0	0.0	0.0	l	-2.0	
6925.87189	10.948504999999386	states										"   state_name
id           
0     state_0"
6925.87189	0.01599999999962165	states										"          state_name
id                  
1   sending_trialnum"
6925.88789	0.00950600000032864	states										"           state_name
id                   
3   clean_sound_state"
6925.897396	0.0010099999999511056	states										"   state_name
id           
4         iti"
6925.898406	3.4454989999994723	states										"         state_name
id                 
6   wait_for_cpoke1"
6929.343905	0.001485000000684522	states										"             state_name
id                     
8   play_stimulus_sound"
6929.34539	2.0000049999998737	states										"   state_name
id           
9      cpoke1"
6931.345395	0.011494999999740685	states										"           state_name
id                   
13  center_2_side_gap"
6931.35689	0.36750300000039715	states										"        state_name
id                
17  wait_for_spoke"
6931.724393	0.0004969999999957508	states										"     state_name
id             
22  left_reward"
6931.72489	2.0004999999991924	states										"   state_name
id           
24  hit_state"
6933.72539	2.0930080000007365	states										"          state_name
id                  
29  soft_drink_state"
6935.818398	1.0009919999993144	states										"   state_name
id           
26    warning"
6936.81939	0.0010050000000774162	states										"        state_name
id                
30  clean_up_state"
6936.82089	9.84100000000035	trials	1.0	1.0	1.0			0.0	0.0	r	1.0	
6936.82089	9.84100000000035	states										"   state_name
id           
0     state_0"
6936.82089	0.01599999999962165	states										"          state_name
id                  
1   sending_trialnum"
6936.83689	0.009509000000434753	states										"           state_name
id                   
3   clean_sound_state"
6936.846399	0.001006999999844993	states										"   state_name
id           
4         iti"
6936.847406	0.4979890000004161	states										"         state_name
id                 
6   wait_for_cpoke1"
6937.345395	0.0014949999995224061	states										"             state_name
id                     
8   play_stimulus_sound"
6937.34689	0.5995060000004742	states										"   state_name
id           
9      cpoke1"
6937.946396	0.2009939999998096	states										"        state_name
id                
12  temp_violation"
6938.14739	0.0015000000003055902	states										"             state_name
id                     
8   play_stimulus_sound"
6938.14889	2.0	states										"   state_name
id           
9      cpoke1"
6940.14889	0.01150699999925564	states										"           state_name
id                   
13  center_2_side_gap"
6940.160397	0.498993000000155	states										"        state_name
id                
17  wait_for_spoke"
6940.65939	0.0005000000001018634	states										"      state_name
id              
23  right_reward"
6940.65989	2.0000159999999596	states										"   state_name
id           
24  hit_state"
6942.659906	3.0004900000003545	states										"          state_name
id                  
29  soft_drink_state"
6945.660396	1.0004939999998896	states										"   state_name
id           
26    warning"
6946.66089	0.0010000000002037268	states										"        state_name
id                
30  clean_up_state"
6946.662395	6.733010999999351	trials	1.0	0.0	-2.0	1.3000000000001088	0.0	0.0	0.0	l	-2.0	
6946.662395	6.733010999999351	states										"   state_name
id           
0     state_0"
6946.662395	0.0160040000000663	states										"          state_name
id                  
1   sending_trialnum"
6946.678399	0.009490999999798078	states										"           state_name
id                   
3   clean_sound_state"
6946.68789	0.0010019999999713036	states										"   state_name
id           
4         iti"
6946.688892	0.24101299999983894	states										"         state_name
id                 
6   wait_for_cpoke1"
6946.929905	0.0014849999997750274	states										"             state_name
id                     
8   play_stimulus_sound"
6946.93139	2.0	states										"   state_name
id           
9      cpoke1"
6948.93139	0.011500000000523869	states										"           state_name
id                   
13  center_2_side_gap"
6948.94289	0.44901500000014494	states										"        state_name
id                
17  wait_for_spoke"
6949.391905	0.0004989999997633277	states										"     state_name
id             
22  left_reward"
6949.392404	2.0000019999997676	states										"   state_name
id           
24  hit_state"
6951.392406	1.0009840000002441	states										"          state_name
id                  
29  soft_drink_state"
6952.39339	1.0010119999997187	states										"   state_name
id           
26    warning"
6953.394402	0.0010039999997388804	states										"        state_name
id                
30  clean_up_state"
6953.395905	9.241984999999659	trials	1.0	0.0	1.0	1.3004930000005694	0.0	0.0	0.0	r	1.0	
6953.395905	9.241984999999659	states										"   state_name
id           
0     state_0"
6953.395905	0.015985000000000582	states										"          state_name
id                  
1   sending_trialnum"
6953.41189	0.009500000000116415	states										"           state_name
id                   
3   clean_sound_state"
6953.42139	0.001007999999274034	states										"   state_name
id           
4         iti"
6953.422398	0.5039980000001378	states										"         state_name
id                 
6   wait_for_cpoke1"
6953.926396	0.0015089999997144332	states										"             state_name
id                     
8   play_stimulus_sound"
6953.927905	2.0004930000004606	states										"   state_name
id           
9      cpoke1"
6955.928398	0.011491999999634572	states										"           state_name
id                   
13  center_2_side_gap"
6955.93989	0.6945060000007288	states										"        state_name
id                
17  wait_for_spoke"
6956.634396	0.0004939999998896383	states										"      state_name
id              
23  right_reward"
6956.63489	2.000500000000102	states										"   state_name
id           
24  hit_state"
6958.63539	3.0004999999991924	states										"          state_name
id                  
29  soft_drink_state"
6961.63589	1.0010000000002037	states										"   state_name
id           
26    warning"
6962.63689	0.0010000000002037268	states										"        state_name
id                
30  clean_up_state"
6962.638395	7.770002000000204	trials	1.0	0.0	-2.0	1.3000000000001088	0.0	0.0	0.0	l	-2.0	
6962.638395	7.770002000000204	states										"   state_name
id           
0     state_0"
6962.638395	0.016000999999960186	states										"          state_name
id                  
1   sending_trialnum"
6962.654396	0.00949899999977788	states										"           state_name
id                   
3   clean_sound_state"
6962.663895	0.0010099999999511056	states										"   state_name
id           
4         iti"
6962.664905	0.11648500000046624	states										"         state_name
id                 
6   wait_for_cpoke1"
6962.78139	0.0015000000003055902	states										"             state_name
id                     
8   play_stimulus_sound"
6962.78289	2.0	states										"   state_name
id           
9      cpoke1"
6964.78289	0.011510999999700289	states										"           state_name
id                   
13  center_2_side_gap"
6964.794401	0.588488999999754	states										"        state_name
id                
17  wait_for_spoke"
6965.38289	0.0005000000001018634	states										"     state_name
id             
22  left_reward"
6965.38339	2.0	states										"   state_name
id           
24  hit_state"
6967.38339	2.0230030000002444	states										"          state_name
id                  
29  soft_drink_state"
6969.406393	1.0009970000000976	states										"   state_name
id           
26    warning"
6970.40739	0.001006999999844993	states										"        state_name
id                
30  clean_up_state"
6970.408905	8.896984999999404	trials	1.0	0.0	2.0	1.300495000000337	0.0	0.0	0.0	r	2.0	
6970.408905	8.896984999999404	states										"   state_name
id           
0     state_0"
6970.408905	0.015985000000000582	states										"          state_name
id                  
1   sending_trialnum"
6970.42489	0.009509999999863794	states										"           state_name
id                   
3   clean_sound_state"
6970.4344	0.0015050000001792796	states										"   state_name
id           
4         iti"
6970.435905	0.4029849999997168	states										"         state_name
id                 
6   wait_for_cpoke1"
6970.83889	0.0015050000001792796	states										"             state_name
id                     
8   play_stimulus_sound"
6970.840395	2.000495000000228	states										"   state_name
id           
9      cpoke1"
6972.84089	0.01099999999951251	states										"           state_name
id                   
13  center_2_side_gap"
6972.85189	0.8055000000003929	states										"        state_name
id                
17  wait_for_spoke"
6973.65739	0.0005000000001018634	states										"      state_name
id              
23  right_reward"
6973.65789	2.000014999999621	states										"   state_name
id           
24  hit_state"
6975.657905	2.645999999999731	states										"          state_name
id                  
29  soft_drink_state"
6978.303905	1.0009850000005827	states										"   state_name
id           
26    warning"
6979.30489	0.0009999999992942321	states										"        state_name
id                
30  clean_up_state"
6979.306393	9.136497999999847	trials	1.0	1.0	2.0			0.0	0.0	r	2.0	
6979.306393	9.136497999999847	states										"   state_name
id           
0     state_0"
6979.306393	0.016000000000531145	states										"          state_name
id                  
1   sending_trialnum"
6979.322393	0.009497000000010303	states										"           state_name
id                   
3   clean_sound_state"
6979.33189	0.0009999999992942321	states										"   state_name
id           
4         iti"
6979.33289	0.1805000000003929	states										"         state_name
id                 
6   wait_for_cpoke1"
6979.51339	0.0015050000001792796	states										"             state_name
id                     
8   play_stimulus_sound"
6979.514895	0.2889949999998862	states										"   state_name
id           
9      cpoke1"
6979.80389	0.20100000000002183	states										"        state_name
id                
12  temp_violation"
6980.00489	0.0015139999995881226	states										"             state_name
id                     
8   play_stimulus_sound"
6980.006404	2.0000040000004446	states										"   state_name
id           
9      cpoke1"
6982.006408	0.010991999999532709	states										"           state_name
id                   
13  center_2_side_gap"
6982.0174	0.6244900000001508	states										"        state_name
id                
17  wait_for_spoke"
6982.64189	0.0005049999999755528	states										"      state_name
id              
23  right_reward"
6982.642395	2.0	states										"   state_name
id           
24  hit_state"
6984.642395	2.7989950000001045	states										"          state_name
id                  
29  soft_drink_state"
6987.44139	1.0005049999999756	states										"   state_name
id           
26    warning"
6988.441895	0.0009959999997590785	states										"        state_name
id                
30  clean_up_state"
6988.44339	8.539005999999972	trials	1.0	0.0	-2.0	1.3000000000001088	0.0	0.0	0.0	l	-2.0	
6988.44339	8.539005999999972	states										"   state_name
id           
0     state_0"
6988.44339	0.01599999999962165	states										"          state_name
id                  
1   sending_trialnum"
6988.45939	0.009500000000116415	states										"           state_name
id                   
3   clean_sound_state"
6988.46889	0.0010000000002037268	states										"   state_name
id           
4         iti"
6988.46989	1.827499999999418	states										"         state_name
id                 
6   wait_for_cpoke1"
6990.29739	0.0015000000003055902	states										"             state_name
id                     
8   play_stimulus_sound"
6990.29889	2.0	states										"   state_name
id           
9      cpoke1"
6992.29889	0.011507999999594176	states										"           state_name
id                   
13  center_2_side_gap"
6992.310398	0.49949200000082783	states										"        state_name
id                
17  wait_for_spoke"
6992.80989	0.000503999999637017	states										"     state_name
id             
22  left_reward"
6992.810394	2.0000019999997676	states										"   state_name
id           
24  hit_state"
6994.810396	1.1700030000001789	states										"          state_name
id                  
29  soft_drink_state"
6995.980399	1.0009909999998854	states										"   state_name
id           
26    warning"
6996.98139	0.001006000000415952	states										"        state_name
id                
30  clean_up_state"
6996.98289	9.508499999999913	trials	1.0	0.0	-2.0	1.3004960000006756	0.0	0.0	0.0	l	-2.0	
6996.98289	9.508499999999913	states										"   state_name
id           
0     state_0"
6996.98289	0.016015000000152213	states										"          state_name
id                  
1   sending_trialnum"
6996.998905	0.00949399999990419	states										"           state_name
id                   
3   clean_sound_state"
6997.008399	0.001006999999844993	states										"   state_name
id           
4         iti"
6997.009406	2.7689879999998084	states										"         state_name
id                 
6   wait_for_cpoke1"
6999.778394	0.0015009999997346313	states										"             state_name
id                     
8   play_stimulus_sound"
6999.779895	2.0004960000005667	states										"   state_name
id           
9      cpoke1"
7001.780391	0.011499000000185333	states										"           state_name
id                   
13  center_2_side_gap"
7001.79189	0.47999999999956344	states										"        state_name
id                
17  wait_for_spoke"
7002.27189	0.000503999999637017	states										"     state_name
id             
22  left_reward"
7002.272394	2.0004960000005667	states										"   state_name
id           
24  hit_state"
7004.27289	1.2164999999995416	states										"          state_name
id                  
29  soft_drink_state"
7005.48939	1.0010019999999713	states										"   state_name
id           
26    warning"
7006.490392	0.00099800000043615	states										"        state_name
id                
30  clean_up_state"
7006.491895	6.978009999999813	trials	1.0	0.0	-2.0	1.3000160000000685	0.0	0.0	0.0	l	-2.0	
7006.491895	6.978009999999813	states										"   state_name
id           
0     state_0"
7006.491895	0.01599999999962165	states										"          state_name
id                  
1   sending_trialnum"
7006.507895	0.009495000000242726	states										"           state_name
id                   
3   clean_sound_state"
7006.51739	0.001006000000415952	states										"   state_name
id           
4         iti"
7006.518396	0.3340009999992617	states										"         state_name
id                 
6   wait_for_cpoke1"
7006.852397	0.001493000000664324	states										"             state_name
id                     
8   play_stimulus_sound"
7006.85389	2.0000159999999596	states										"   state_name
id           
9      cpoke1"
7008.853906	0.01099900000008347	states										"           state_name
id                   
13  center_2_side_gap"
7008.864905	0.6024849999994331	states										"        state_name
id                
17  wait_for_spoke"
7009.46739	0.0005000000001018634	states										"     state_name
id             
22  left_reward"
7009.46789	2.0	states										"   state_name
id           
24  hit_state"
7011.46789	1.0005099999998492	states										"          state_name
id                  
29  soft_drink_state"
7012.4684	1.0004900000003545	states										"   state_name
id           
26    warning"
7013.46889	0.001014999999824795	states										"        state_name
id                
30  clean_up_state"
7013.470396	226.33299400000033	trials	0.0	1.0	-1.0			0.0	0.0	l	-1.0	
7013.470396	226.33299400000033	states										"   state_name
id           
0     state_0"
7013.470396	0.01600200000029872	states										"          state_name
id                  
1   sending_trialnum"
7013.486398	0.009492000000136613	states										"           state_name
id                   
3   clean_sound_state"
7013.49589	0.0010000000002037268	states										"   state_name
id           
4         iti"
7013.49689	0.6515059999992445	states										"         state_name
id                 
6   wait_for_cpoke1"
7014.148396	0.001494000000093365	states										"             state_name
id                     
8   play_stimulus_sound"
7014.14989	1.9645080000000235	states										"   state_name
id           
9      cpoke1"
7016.114398	0.20099200000004203	states										"        state_name
id                
12  temp_violation"
7016.31539	0.44250499999998283	states										"         state_name
id                 
6   wait_for_cpoke1"
7016.757895	0.0014950000004319008	states										"             state_name
id                     
8   play_stimulus_sound"
7016.75939	0.4724999999998545	states										"   state_name
id           
9      cpoke1"
7017.23189	0.20100000000002183	states										"        state_name
id                
12  temp_violation"
7017.43289	20.216515000000072	states										"         state_name
id                 
6   wait_for_cpoke1"
7037.649405	0.0014849999997750274	states										"             state_name
id                     
8   play_stimulus_sound"
7037.65089	0.6159999999999854	states										"   state_name
id           
9      cpoke1"
7038.26689	0.20100000000002183	states										"        state_name
id                
12  temp_violation"
7038.46789	194.1859999999997	states										"         state_name
id                 
6   wait_for_cpoke1"
7232.65389	0.0015000000003055902	states										"             state_name
id                     
8   play_stimulus_sound"
7232.65539	0.613006000000496	states										"   state_name
id           
9      cpoke1"
7233.268396	0.2010099999997692	states										"        state_name
id                
12  temp_violation"
7233.469406	0.9074839999993856	states										"         state_name
id                 
6   wait_for_cpoke1"
7234.37689	0.001507000000856351	states										"             state_name
id                     
8   play_stimulus_sound"
7234.378397	2.000507999999172	states										"   state_name
id           
9      cpoke1"
7236.378905	0.011488000000099419	states										"           state_name
id                   
13  center_2_side_gap"
7236.390393	0.409497000000556	states										"        state_name
id                
17  wait_for_spoke"
7236.79989	0.0015159999993556994	states										"      state_name
id              
18  error_state1"
7236.801406	3.000998000000436	states										"     state_name
id             
19  error_state"
7239.802404	0.0009860000000116997	states										"        state_name
id                
30  clean_up_state"
7239.80389	6.873499999999694	trials	1.0	0.0	-1.0	1.3000000000001088	0.0	0.0	0.0	l	-1.0	
7239.80389	6.873499999999694	states										"   state_name
id           
0     state_0"
7239.80389	0.016015000000152213	states										"          state_name
id                  
1   sending_trialnum"
7239.819905	0.009484999999585852	states										"           state_name
id                   
3   clean_sound_state"
7239.82939	0.0010119999997186824	states										"   state_name
id           
4         iti"
7239.830402	0.2639930000004824	states										"         state_name
id                 
6   wait_for_cpoke1"
7240.094395	0.0014949999995224061	states										"             state_name
id                     
8   play_stimulus_sound"
7240.09589	2.0	states										"   state_name
id           
9      cpoke1"
7242.09589	0.011500000000523869	states										"           state_name
id                   
13  center_2_side_gap"
7242.10739	0.5664999999999054	states										"        state_name
id                
17  wait_for_spoke"
7242.67389	0.0005069999997431296	states										"     state_name
id             
22  left_reward"
7242.674397	2.000002000000677	states										"   state_name
id           
24  hit_state"
7244.674399	1.0009909999998854	states										"          state_name
id                  
29  soft_drink_state"
7245.67539	1.0010029999994003	states										"   state_name
id           
26    warning"
7246.676393	0.0009970000000976142	states										"        state_name
id                
30  clean_up_state"
7246.67789	9.765000000000327	trials	1.0	0.0	-1.0	1.3000000000001088	0.0	0.0	0.0	l	-1.0	
7246.67789	9.765000000000327	states										"   state_name
id           
0     state_0"
7246.67789	0.01599999999962165	states										"          state_name
id                  
1   sending_trialnum"
7246.69389	0.009504999999990105	states										"           state_name
id                   
3   clean_sound_state"
7246.703395	0.0010140000003957539	states										"   state_name
id           
4         iti"
7246.704409	1.6989970000004178	states										"         state_name
id                 
6   wait_for_cpoke1"
7248.403406	0.0014839999994364916	states										"             state_name
id                     
8   play_stimulus_sound"
7248.40489	2.0	states										"   state_name
id           
9      cpoke1"
7250.40489	0.011502000000291446	states										"           state_name
id                   
13  center_2_side_gap"
7250.416392	0.45249799999965035	states										"        state_name
id                
17  wait_for_spoke"
7250.86889	0.0005000000001018634	states										"     state_name
id             
22  left_reward"
7250.86939	2.000500000000102	states										"   state_name
id           
24  hit_state"
7252.86989	2.5709999999999127	states										"          state_name
id                  
29  soft_drink_state"
7255.44089	1.0010000000002037	states										"   state_name
id           
26    warning"
7256.44189	0.0010000000002037268	states										"        state_name
id                
30  clean_up_state"
7256.443405	13.584485000000313	trials	1.0	1.0	-2.0			0.0	0.0	l	-2.0	
7256.443405	13.584485000000313	states										"   state_name
id           
0     state_0"
7256.443405	0.015985000000000582	states										"          state_name
id                  
1   sending_trialnum"
7256.45939	0.009500000000116415	states										"           state_name
id                   
3   clean_sound_state"
7256.46889	0.0015009999997346313	states										"   state_name
id           
4         iti"
7256.470391	2.9360059999999066	states										"         state_name
id                 
6   wait_for_cpoke1"
7259.406397	0.001493000000664324	states										"             state_name
id                     
8   play_stimulus_sound"
7259.40789	0.19349999999940337	states										"   state_name
id           
9      cpoke1"
7259.60139	0.2010019999997894	states										"        state_name
id                
12  temp_violation"
7259.802392	0.0014980000005380134	states										"             state_name
id                     
8   play_stimulus_sound"
7259.80389	0.05900000000019645	states										"   state_name
id           
9      cpoke1"
7259.86289	0.20100000000002183	states										"        state_name
id                
12  temp_violation"
7260.06389	2.772513999999319	states										"         state_name
id                 
6   wait_for_cpoke1"
7262.836404	0.0014909999999872525	states										"             state_name
id                     
8   play_stimulus_sound"
7262.837895	0.4324990000004618	states										"   state_name
id           
9      cpoke1"
7263.270394	0.20099599999957718	states										"        state_name
id                
12  temp_violation"
7263.47139	0.0015000000003055902	states										"             state_name
id                     
8   play_stimulus_sound"
7263.47289	2.0	states										"   state_name
id           
9      cpoke1"
7265.47289	0.011505000000397558	states										"           state_name
id                   
13  center_2_side_gap"
7265.484395	0.5394949999999881	states										"        state_name
id                
17  wait_for_spoke"
7266.02389	0.0005069999997431296	states										"     state_name
id             
22  left_reward"
7266.024397	2.000492999999551	states										"   state_name
id           
24  hit_state"
7268.02489	1.0010000000002037	states										"          state_name
id                  
29  soft_drink_state"
7269.02589	1.0010000000002037	states										"   state_name
id           
26    warning"
7270.02689	0.0010000000002037268	states										"        state_name
id                
30  clean_up_state"
7270.028402	13.81648800000039	trials	0.0	1.0	2.0			0.0	0.0	r	2.0	
7270.028402	13.81648800000039	states										"   state_name
id           
0     state_0"
7270.028402	0.015996000000086497	states										"          state_name
id                  
1   sending_trialnum"
7270.044398	0.009492000000136613	states										"           state_name
id                   
3   clean_sound_state"
7270.05389	0.0010000000002037268	states										"   state_name
id           
4         iti"
7270.05489	5.689504999999372	states										"         state_name
id                 
6   wait_for_cpoke1"
7275.744395	0.0015000000003055902	states										"             state_name
id                     
8   play_stimulus_sound"
7275.745895	0.2559949999995297	states										"   state_name
id           
9      cpoke1"
7276.00189	0.20100000000002183	states										"        state_name
id                
12  temp_violation"
7276.20289	0.0015210000001388835	states										"             state_name
id                     
8   play_stimulus_sound"
7276.204411	1.829478999999992	states										"   state_name
id           
9      cpoke1"
7278.03389	0.20100000000002183	states										"        state_name
id                
12  temp_violation"
7278.23489	0.0015060000005178154	states										"             state_name
id                     
8   play_stimulus_sound"
7278.236396	2.000003000000106	states										"   state_name
id           
9      cpoke1"
7280.236399	0.011490999999296037	states										"           state_name
id                   
13  center_2_side_gap"
7280.24789	0.5930000000007567	states										"        state_name
id                
17  wait_for_spoke"
7280.84089	0.00151099999948201	states										"      state_name
id              
18  error_state1"
7280.842401	3.0015039999998407	states										"     state_name
id             
19  error_state"
7283.843905	0.0009850000005826587	states										"        state_name
id                
30  clean_up_state"
7283.84539	22.696514999999636	trials	1.0	0.0	-1.0	1.3004990000007817	0.0	0.0	0.0	l	-1.0	
7283.84539	22.696514999999636	states										"   state_name
id           
0     state_0"
7283.84539	0.01599999999962165	states										"          state_name
id                  
1   sending_trialnum"
7283.86139	0.009500000000116415	states										"           state_name
id                   
3   clean_sound_state"
7283.87089	0.0015080000002853922	states										"   state_name
id           
4         iti"
7283.872398	16.003992999999355	states										"         state_name
id                 
6   wait_for_cpoke1"
7299.876391	0.0015039999998407438	states										"             state_name
id                     
8   play_stimulus_sound"
7299.877895	2.000499000000673	states										"   state_name
id           
9      cpoke1"
7301.878394	0.01149600000007922	states										"           state_name
id                   
13  center_2_side_gap"
7301.88989	0.37101499999971566	states										"        state_name
id                
17  wait_for_spoke"
7302.260905	0.000495000000228174	states										"     state_name
id             
22  left_reward"
7302.2614	2.000489999999445	states										"   state_name
id           
24  hit_state"
7304.26189	1.2785030000004554	states										"          state_name
id                  
29  soft_drink_state"
7305.540393	1.0005000000001019	states										"   state_name
id           
26    warning"
7306.540893	0.0010119999997186824	states										"        state_name
id                
30  clean_up_state"
7306.542405	7.201500000000124	trials	1.0	0.0	-1.0	1.300494000000908	0.0	0.0	0.0	l	-1.0	
7306.542405	7.201500000000124	states										"   state_name
id           
0     state_0"
7306.542405	0.015991000000212807	states										"          state_name
id                  
1   sending_trialnum"
7306.558396	0.00949399999990419	states										"           state_name
id                   
3   clean_sound_state"
7306.56789	0.0009999999992942321	states										"   state_name
id           
4         iti"
7306.56889	0.6450000000004366	states										"         state_name
id                 
6   wait_for_cpoke1"
7307.21389	0.0015059999996083206	states										"             state_name
id                     
8   play_stimulus_sound"
7307.215396	2.000494000000799	states										"   state_name
id           
9      cpoke1"
7309.21589	0.011499999999614374	states										"           state_name
id                   
13  center_2_side_gap"
7309.22739	0.5130060000001322	states										"        state_name
id                
17  wait_for_spoke"
7309.740396	0.0004989999997633277	states										"     state_name
id             
22  left_reward"
7309.740895	2.000495000000228	states										"   state_name
id           
24  hit_state"
7311.74139	1.0005049999999756	states										"          state_name
id                  
29  soft_drink_state"
7312.741895	1.00099500000033	states										"   state_name
id           
26    warning"
7313.74289	0.001014999999824795	states										"        state_name
id                
30  clean_up_state"
7313.744396	5.873010000000249	trials	0.0	0.0	2.0	1.3000000000001088	0.0	0.0	0.0	r	2.0	
7313.744396	5.873010000000249	states										"   state_name
id           
0     state_0"
7313.744396	0.01599999999962165	states										"          state_name
id                  
1   sending_trialnum"
7313.760396	0.00949399999990419	states										"           state_name
id                   
3   clean_sound_state"
7313.76989	0.0010000000002037268	states										"   state_name
id           
4         iti"
7313.77089	0.17950199999995675	states										"         state_name
id                 
6   wait_for_cpoke1"
7313.950392	0.0014980000005380134	states										"             state_name
id                     
8   play_stimulus_sound"
7313.95189	2.0	states										"   state_name
id           
9      cpoke1"
7315.95189	0.01099999999951251	states										"           state_name
id                   
13  center_2_side_gap"
7315.96289	0.6509999999998399	states										"        state_name
id                
17  wait_for_spoke"
7316.61389	0.0015000000003055902	states										"      state_name
id              
18  error_state1"
7316.61539	3.0010119999997187	states										"     state_name
id             
19  error_state"
7319.616402	0.0010040000006483751	states										"        state_name
id                
30  clean_up_state"
7319.617905	8.596985000000132	trials	1.0	1.0	1.0			0.0	0.0	r	1.0	
7319.617905	8.596985000000132	states										"   state_name
id           
0     state_0"
7319.617905	0.015985000000000582	states										"          state_name
id                  
1   sending_trialnum"
7319.63389	0.009500000000116415	states										"           state_name
id                   
3   clean_sound_state"
7319.64339	0.0010029999994003447	states										"   state_name
id           
4         iti"
7319.644393	0.3829970000006142	states										"         state_name
id                 
6   wait_for_cpoke1"
7320.02739	0.0015139999995881226	states										"             state_name
id                     
8   play_stimulus_sound"
7320.028904	0.26149700000041776	states										"   state_name
id           
9      cpoke1"
7320.290401	0.2009889999999359	states										"        state_name
id                
12  temp_violation"
7320.49139	0.0015000000003055902	states										"             state_name
id                     
8   play_stimulus_sound"
7320.49289	2.0	states										"   state_name
id           
9      cpoke1"
7322.49289	0.011501999999381951	states										"           state_name
id                   
13  center_2_side_gap"
7322.504392	0.4884990000000471	states										"        state_name
id                
17  wait_for_spoke"
7322.992891	0.0005140000002938905	states										"      state_name
id              
23  right_reward"
7322.993405	2.000000999999429	states										"   state_name
id           
24  hit_state"
7324.993406	2.219984000000295	states										"          state_name
id                  
29  soft_drink_state"
7327.21339	1.000514999999723	states										"   state_name
id           
26    warning"
7328.213905	0.0009850000005826587	states										"        state_name
id                
30  clean_up_state"
7328.21539	8.917999999999665	trials	1.0	0.0	2.0	1.3000000000001088	0.0	0.0	0.0	r	2.0	
7328.21539	8.917999999999665	states										"   state_name
id           
0     state_0"
7328.21539	0.01599999999962165	states										"          state_name
id                  
1   sending_trialnum"
7328.23139	0.009501999999883992	states										"           state_name
id                   
3   clean_sound_state"
7328.240892	0.0010130000000572181	states										"   state_name
id           
4         iti"
7328.241905	0.2799850000001243	states										"         state_name
id                 
6   wait_for_cpoke1"
7328.52189	0.0015000000003055902	states										"             state_name
id                     
8   play_stimulus_sound"
7328.52339	2.0	states										"   state_name
id           
9      cpoke1"
7330.52339	0.011011999999936961	states										"           state_name
id                   
13  center_2_side_gap"
7330.534402	0.5959939999993367	states										"        state_name
id                
17  wait_for_spoke"
7331.130396	0.0004990000006728224	states										"      state_name
id              
23  right_reward"
7331.130895	2.0004949999993187	states										"   state_name
id           
24  hit_state"
7333.13139	3.000500000000102	states										"          state_name
id                  
29  soft_drink_state"
7336.13189	1.0005070000006526	states										"   state_name
id           
26    warning"
7337.132397	0.000992999999652966	states										"        state_name
id                
30  clean_up_state"
7337.133895	12.23250199999984	trials	1.0	0.0	2.0	1.3000019999998764	0.0	0.0	0.0	r	2.0	
7337.133895	12.23250199999984	states										"   state_name
id           
0     state_0"
7337.133895	0.01599499999974796	states										"          state_name
id                  
1   sending_trialnum"
7337.14989	0.009500000000116415	states										"           state_name
id                   
3   clean_sound_state"
7337.15939	0.001006999999844993	states										"   state_name
id           
4         iti"
7337.160397	4.008998000000247	states										"         state_name
id                 
6   wait_for_cpoke1"
7341.169395	0.0014950000004319008	states										"             state_name
id                     
8   play_stimulus_sound"
7341.17089	2.0000019999997676	states										"   state_name
id           
9      cpoke1"
7343.170892	0.011504000000059023	states										"           state_name
id                   
13  center_2_side_gap"
7343.182396	0.438003000000208	states										"        state_name
id                
17  wait_for_spoke"
7343.620399	0.0004909999997835257	states										"      state_name
id              
23  right_reward"
7343.62089	2.0	states										"   state_name
id           
24  hit_state"
7345.62089	2.743507999999565	states										"          state_name
id                  
29  soft_drink_state"
7348.364398	1.000992000000224	states										"   state_name
id           
26    warning"
7349.36539	0.001006999999844993	states										"        state_name
id                
30  clean_up_state"
7349.366905	7.042989999999918	trials	1.0	0.0	-2.0	1.30049299999966	0.0	0.0	0.0	l	-2.0	
7349.366905	7.042989999999918	states										"   state_name
id           
0     state_0"
7349.366905	0.015985000000000582	states										"          state_name
id                  
1   sending_trialnum"
7349.38289	0.00950600000032864	states										"           state_name
id                   
3   clean_sound_state"
7349.392396	0.001494000000093365	states										"   state_name
id           
4         iti"
7349.39389	0.14699999999993452	states										"         state_name
id                 
6   wait_for_cpoke1"
7349.54089	0.0015069999999468564	states										"             state_name
id                     
8   play_stimulus_sound"
7349.542397	2.000492999999551	states										"   state_name
id           
9      cpoke1"
7351.54289	0.011507000000165135	states										"           state_name
id                   
13  center_2_side_gap"
7351.554397	0.7354930000001332	states										"        state_name
id                
17  wait_for_spoke"
7352.28989	0.0005099999998492422	states										"     state_name
id             
22  left_reward"
7352.2904	2.0004900000003545	states										"   state_name
id           
24  hit_state"
7354.29089	1.1170149999998102	states										"          state_name
id                  
29  soft_drink_state"
7355.407905	1.0009849999996732	states										"   state_name
id           
26    warning"
7356.40889	0.0010050000000774162	states										"        state_name
id                
30  clean_up_state"
7356.410396	7.2509939999999915	trials	1.0	1.0	-2.0			0.0	0.0	l	-2.0	
7356.410396	7.2509939999999915	states										"   state_name
id           
0     state_0"
7356.410396	0.016001999999389227	states										"          state_name
id                  
1   sending_trialnum"
7356.426398	0.009492000000136613	states										"           state_name
id                   
3   clean_sound_state"
7356.43589	0.0010000000002037268	states										"   state_name
id           
4         iti"
7356.43689	0.25350299999990966	states										"         state_name
id                 
6   wait_for_cpoke1"
7356.690393	0.0014970000001994777	states										"             state_name
id                     
8   play_stimulus_sound"
7356.69189	0.051499999999577994	states										"   state_name
id           
9      cpoke1"
7356.74339	0.201005000000805	states										"        state_name
id                
12  temp_violation"
7356.944395	0.0404949999992823	states										"         state_name
id                 
6   wait_for_cpoke1"
7356.98489	0.0015080000002853922	states										"             state_name
id                     
8   play_stimulus_sound"
7356.986398	2.00000799999998	states										"   state_name
id           
9      cpoke1"
7358.986406	0.010989000000336091	states										"           state_name
id                   
13  center_2_side_gap"
7358.997395	0.5899949999993623	states										"        state_name
id                
17  wait_for_spoke"
7359.58739	0.0005000000001018634	states										"     state_name
id             
22  left_reward"
7359.58789	2.000506000000314	states										"   state_name
id           
24  hit_state"
7361.588396	1.0709939999997005	states										"          state_name
id                  
29  soft_drink_state"
7362.65939	1.0010040000006484	states										"   state_name
id           
26    warning"
7363.660394	0.0009959999997590785	states										"        state_name
id                
30  clean_up_state"
7363.66189	10.113999999999578	trials	1.0	0.0	1.0	1.3000000000001088	0.0	0.0	0.0	r	1.0	
7363.66189	10.113999999999578	states										"   state_name
id           
0     state_0"
7363.66189	0.01599999999962165	states										"          state_name
id                  
1   sending_trialnum"
7363.67789	0.00950600000032864	states										"           state_name
id                   
3   clean_sound_state"
7363.687396	0.0010109999993801466	states										"   state_name
id           
4         iti"
7363.688407	1.2894830000004731	states										"         state_name
id                 
6   wait_for_cpoke1"
7364.97789	0.0015000000003055902	states										"             state_name
id                     
8   play_stimulus_sound"
7364.97939	2.0	states										"   state_name
id           
9      cpoke1"
7366.97939	0.011006999999153777	states										"           state_name
id                   
13  center_2_side_gap"
7366.990397	0.7829930000007153	states										"        state_name
id                
17  wait_for_spoke"
7367.77339	0.0005000000001018634	states										"      state_name
id              
23  right_reward"
7367.77389	2.0000049999998737	states										"   state_name
id           
24  hit_state"
7369.773895	3.000500000000102	states										"          state_name
id                  
29  soft_drink_state"
7372.774395	1.0005099999998492	states										"   state_name
id           
26    warning"
7373.774905	0.000984999999673164	states										"        state_name
id                
30  clean_up_state"
7373.776395	11.318005000000085	trials	0.0	1.0	-1.0			0.0	0.0	l	-1.0	
7373.776395	11.318005000000085	states										"   state_name
id           
0     state_0"
7373.776395	0.016005000000404834	states										"          state_name
id                  
1   sending_trialnum"
7373.7924	0.009494999999333231	states										"           state_name
id                   
3   clean_sound_state"
7373.801895	0.0014950000004319008	states										"   state_name
id           
4         iti"
7373.80339	0.3125	states										"         state_name
id                 
6   wait_for_cpoke1"
7374.11589	0.0015000000003055902	states										"             state_name
id                     
8   play_stimulus_sound"
7374.11739	1.759499999999207	states										"   state_name
id           
9      cpoke1"
7375.87689	0.2010150000005524	states										"        state_name
id                
12  temp_violation"
7376.077905	0.0014849999997750274	states										"             state_name
id                     
8   play_stimulus_sound"
7376.07939	0.10400000000026921	states										"   state_name
id           
9      cpoke1"
7376.18339	0.2010099999997692	states										"        state_name
id                
12  temp_violation"
7376.3844	3.1014900000000125	states										"         state_name
id                 
6   wait_for_cpoke1"
7379.48589	0.0015000000003055902	states										"             state_name
id                     
8   play_stimulus_sound"
7379.48739	2.0	states										"   state_name
id           
9      cpoke1"
7381.48739	0.011007000000063272	states										"           state_name
id                   
13  center_2_side_gap"
7381.498397	0.5919979999998759	states										"        state_name
id                
17  wait_for_spoke"
7382.090395	0.001510000000052969	states										"      state_name
id              
18  error_state1"
7382.091905	3.001484999999775	states										"     state_name
id             
19  error_state"
7385.09339	0.0010099999999511056	states										"        state_name
id                
30  clean_up_state"
7385.094893	101.43400199999996	trials	1.0	1.0	2.0			0.0	0.0	r	2.0	
7385.094893	101.43400199999996	states										"   state_name
id           
0     state_0"
7385.094893	0.015996999999515538	states										"          state_name
id                  
1   sending_trialnum"
7385.11089	0.009508000000096217	states										"           state_name
id                   
3   clean_sound_state"
7385.120398	0.0014920000003257883	states										"   state_name
id           
4         iti"
7385.12189	24.15899999999965	states										"         state_name
id                 
6   wait_for_cpoke1"
7409.28089	0.0015130000001590815	states										"             state_name
id                     
8   play_stimulus_sound"
7409.282403	0.7799930000001041	states										"   state_name
id           
9      cpoke1"
7410.062396	0.2009939999998096	states										"        state_name
id                
12  temp_violation"
7410.26339	62.71950000000015	states										"         state_name
id                 
6   wait_for_cpoke1"
7472.98289	0.0015130000001590815	states										"             state_name
id                     
8   play_stimulus_sound"
7472.984403	1.8944899999996778	states										"   state_name
id           
9      cpoke1"
7474.878893	0.2010019999997894	states										"        state_name
id                
12  temp_violation"
7475.079895	0.5789949999998498	states										"         state_name
id                 
6   wait_for_cpoke1"
7475.65889	0.0015069999999468564	states										"             state_name
id                     
8   play_stimulus_sound"
7475.660397	0.2019960000006904	states										"   state_name
id           
9      cpoke1"
7475.862393	0.20099699999991572	states										"        state_name
id                
12  temp_violation"
7476.06339	1.9425000000001091	states										"         state_name
id                 
6   wait_for_cpoke1"
7478.00589	0.0014999999993960955	states										"             state_name
id                     
8   play_stimulus_sound"
7478.00739	2.0000060000002122	states										"   state_name
id           
9      cpoke1"
7480.007396	0.01150099999995291	states										"           state_name
id                   
13  center_2_side_gap"
7480.018897	0.506492999999864	states										"        state_name
id                
17  wait_for_spoke"
7480.52539	0.0005000000001018634	states										"      state_name
id              
23  right_reward"
7480.52589	2.000506999999743	states										"   state_name
id           
24  hit_state"
7482.526397	3.000503000000208	states										"          state_name
id                  
29  soft_drink_state"
7485.5269	1.0009900000004563	states										"   state_name
id           
26    warning"
7486.52789	0.0010050000000774162	states										"        state_name
id                
30  clean_up_state"
7486.529406	16.58848400000079	trials	1.0	1.0	1.0			0.0	0.0	r	1.0	
7486.529406	16.58848400000079	states										"   state_name
id           
0     state_0"
7486.529406	0.01598400000057154	states										"          state_name
id                  
1   sending_trialnum"
7486.54539	0.009500000000116415	states										"           state_name
id                   
3   clean_sound_state"
7486.55489	0.0015089999997144332	states										"   state_name
id           
4         iti"
7486.556399	2.9854910000003656	states										"         state_name
id                 
6   wait_for_cpoke1"
7489.54189	0.0014999999993960955	states										"             state_name
id                     
8   play_stimulus_sound"
7489.54339	1.9750080000003436	states										"   state_name
id           
9      cpoke1"
7491.518398	0.20100800000000163	states										"        state_name
id                
12  temp_violation"
7491.719406	0.5069899999998597	states										"         state_name
id                 
6   wait_for_cpoke1"
7492.226396	0.0014989999999670545	states										"             state_name
id                     
8   play_stimulus_sound"
7492.227895	1.7235099999998056	states										"   state_name
id           
9      cpoke1"
7493.951405	0.20099000000027445	states										"        state_name
id                
12  temp_violation"
7494.152395	0.4309949999997116	states										"         state_name
id                 
6   wait_for_cpoke1"
7494.58339	0.0015149999999266583	states										"             state_name
id                     
8   play_stimulus_sound"
7494.584905	2.000485000000481	states										"   state_name
id           
9      cpoke1"
7496.58539	0.011018999999578227	states										"           state_name
id                   
13  center_2_side_gap"
7496.596409	0.7464810000001307	states										"        state_name
id                
17  wait_for_spoke"
7497.34289	0.0005000000001018634	states										"      state_name
id              
23  right_reward"
7497.34339	2.0000090000003183	states										"   state_name
id           
24  hit_state"
7499.343399	2.772997999999461	states										"          state_name
id                  
29  soft_drink_state"
7502.116397	1.0005080000000817	states										"   state_name
id           
26    warning"
7503.116905	0.0009850000005826587	states										"        state_name
id                
30  clean_up_state"
7503.118397	58.42500899999959	trials	1.0	1.0	2.0			0.0	0.0	r	2.0	
7503.118397	58.42500899999959	states										"   state_name
id           
0     state_0"
7503.118397	0.015996999999515538	states										"          state_name
id                  
1   sending_trialnum"
7503.134394	0.009496000000581262	states										"           state_name
id                   
3   clean_sound_state"
7503.14389	0.0009999999992942321	states										"   state_name
id           
4         iti"
7503.14489	43.70300000000043	states										"         state_name
id                 
6   wait_for_cpoke1"
7546.84789	0.0015000000003055902	states										"             state_name
id                     
8   play_stimulus_sound"
7546.84939	0.14451499999995576	states										"   state_name
id           
9      cpoke1"
7546.993905	0.20100000000002183	states										"        state_name
id                
12  temp_violation"
7547.194905	0.00148799999988114	states										"             state_name
id                     
8   play_stimulus_sound"
7547.196393	0.41951199999948585	states										"   state_name
id           
9      cpoke1"
7547.615905	0.20098500000040076	states										"        state_name
id                
12  temp_violation"
7547.81689	0.0015149999999266583	states										"             state_name
id                     
8   play_stimulus_sound"
7547.818405	1.9234850000002552	states										"   state_name
id           
9      cpoke1"
7549.74189	0.20100000000002183	states										"        state_name
id                
12  temp_violation"
7549.94289	2.6875159999999596	states										"         state_name
id                 
6   wait_for_cpoke1"
7552.630406	0.0014839999994364916	states										"             state_name
id                     
8   play_stimulus_sound"
7552.63189	2.000005000000783	states										"   state_name
id           
9      cpoke1"
7554.631895	0.01100999999925989	states										"           state_name
id                   
13  center_2_side_gap"
7554.642905	0.91599000000042	states										"        state_name
id                
17  wait_for_spoke"
7555.558895	0.0005009999995309045	states										"      state_name
id              
23  right_reward"
7555.559396	2.0000090000003183	states										"   state_name
id           
24  hit_state"
7557.559405	2.98198500000035	states										"          state_name
id                  
29  soft_drink_state"
7560.54139	1.001006999999845	states										"   state_name
id           
26    warning"
7561.542397	0.0010089999996125698	states										"        state_name
id                
30  clean_up_state"
7561.543905	43.175490999999965	trials	1.0	0.0	1.0	1.2999989999997703	0.0	0.0	0.0	r	1.0	
7561.543905	43.175490999999965	states										"   state_name
id           
0     state_0"
7561.543905	0.01599999999962165	states										"          state_name
id                  
1   sending_trialnum"
7561.559905	0.009484999999585852	states										"           state_name
id                   
3   clean_sound_state"
7561.56939	0.0010090000005220645	states										"   state_name
id           
4         iti"
7561.570399	34.48149099999955	states										"         state_name
id                 
6   wait_for_cpoke1"
7596.05189	0.001516000000265194	states										"             state_name
id                     
8   play_stimulus_sound"
7596.053406	1.9999989999996615	states										"   state_name
id           
9      cpoke1"
7598.053405	0.011484999999993306	states										"           state_name
id                   
13  center_2_side_gap"
7598.06489	0.6515010000002803	states										"        state_name
id                
17  wait_for_spoke"
7598.716391	0.0004989999997633277	states										"      state_name
id              
23  right_reward"
7598.71689	2.0000049999998737	states										"   state_name
id           
24  hit_state"
7600.716895	3.000495000000228	states										"          state_name
id                  
29  soft_drink_state"
7603.71739	1.001006000000416	states										"   state_name
id           
26    warning"
7604.718396	0.0010000000002037268	states										"        state_name
id                
30  clean_up_state"
7604.71989	7.858516999999665	trials	0.0	1.0	-2.0			0.0	0.0	l	-2.0	
7604.71989	7.858516999999665	states										"   state_name
id           
0     state_0"
7604.71989	0.01601499999924272	states										"          state_name
id                  
1   sending_trialnum"
7604.735905	0.009485000000495347	states										"           state_name
id                   
3   clean_sound_state"
7604.74539	0.0010059999995064572	states										"   state_name
id           
4         iti"
7604.746396	0.019003000000338943	states										"         state_name
id                 
6   wait_for_cpoke1"
7604.765399	0.0014909999999872525	states										"             state_name
id                     
8   play_stimulus_sound"
7604.76689	1.8350000000000364	states										"   state_name
id           
9      cpoke1"
7606.60189	0.20100000000002183	states										"        state_name
id                
12  temp_violation"
7606.80289	0.1255060000003141	states										"         state_name
id                 
6   wait_for_cpoke1"
7606.928396	0.001494000000093365	states										"             state_name
id                     
8   play_stimulus_sound"
7606.92989	2.0	states										"   state_name
id           
9      cpoke1"
7608.92989	0.01099999999951251	states										"           state_name
id                   
13  center_2_side_gap"
7608.94089	0.6345000000001164	states										"        state_name
id                
17  wait_for_spoke"
7609.57539	0.0015000000003055902	states										"      state_name
id              
18  error_state1"
7609.57689	3.0005160000000615	states										"     state_name
id             
19  error_state"
7612.577406	0.0010009999996327679	states										"        state_name
id                
30  clean_up_state"
7612.57889	19.1225000000004	trials	1.0	1.0	-1.0			0.0	0.0	l	-1.0	
7612.57889	19.1225000000004	states										"   state_name
id           
0     state_0"
7612.57889	0.016000999999960186	states										"          state_name
id                  
1   sending_trialnum"
7612.594891	0.00950600000032864	states										"           state_name
id                   
3   clean_sound_state"
7612.604397	0.0014979999996285187	states										"   state_name
id           
4         iti"
7612.605895	11.307495000000017	states										"         state_name
id                 
6   wait_for_cpoke1"
7623.91339	0.0015000000003055902	states										"             state_name
id                     
8   play_stimulus_sound"
7623.91489	0.6019999999998618	states										"   state_name
id           
9      cpoke1"
7624.51689	0.20100000000002183	states										"        state_name
id                
12  temp_violation"
7624.71789	0.20950900000025285	states										"         state_name
id                 
6   wait_for_cpoke1"
7624.927399	0.0014909999999872525	states										"             state_name
id                     
8   play_stimulus_sound"
7624.92889	2.0	states										"   state_name
id           
9      cpoke1"
7626.92889	0.011504000000059023	states										"           state_name
id                   
13  center_2_side_gap"
7626.940394	0.6740169999993668	states										"        state_name
id                
17  wait_for_spoke"
7627.614411	0.00047900000026857015	states										"     state_name
id             
22  left_reward"
7627.61489	2.0	states										"   state_name
id           
24  hit_state"
7629.61489	1.0850000000000364	states										"          state_name
id                  
29  soft_drink_state"
7630.69989	1.0005040000005465	states										"   state_name
id           
26    warning"
7631.700394	0.0009959999997590785	states										"        state_name
id                
30  clean_up_state"
7631.701906	9.089484000000084	trials	1.0	0.0	2.0	1.3000000000001088	0.0	0.0	0.0	r	2.0	
7631.701906	9.089484000000084	states										"   state_name
id           
0     state_0"
7631.701906	0.015983999999662046	states										"          state_name
id                  
1   sending_trialnum"
7631.71789	0.009500000000116415	states										"           state_name
id                   
3   clean_sound_state"
7631.72739	0.0010039999997388804	states										"   state_name
id           
4         iti"
7631.728394	1.1594960000002175	states										"         state_name
id                 
6   wait_for_cpoke1"
7632.88789	0.0015000000003055902	states										"             state_name
id                     
8   play_stimulus_sound"
7632.88939	2.0	states										"   state_name
id           
9      cpoke1"
7634.88939	0.011013999999704538	states										"           state_name
id                   
13  center_2_side_gap"
7634.900404	0.7649860000001354	states										"        state_name
id                
17  wait_for_spoke"
7635.66539	0.0005000000001018634	states										"      state_name
id              
23  right_reward"
7635.66589	2.0005099999998492	states										"   state_name
id           
24  hit_state"
7637.6664	2.122989999999845	states										"          state_name
id                  
29  soft_drink_state"
7639.78939	1.0010080000001835	states										"   state_name
id           
26    warning"
7640.790398	0.0009920000002239249	states										"        state_name
id                
30  clean_up_state"
7640.79189	10.371004999999968	trials	1.0	1.0	-1.0			0.0	0.0	l	-1.0	
7640.79189	10.371004999999968	states										"   state_name
id           
0     state_0"
7640.79189	0.01599999999962165	states										"          state_name
id                  
1   sending_trialnum"
7640.80789	0.009509999999863794	states										"           state_name
id                   
3   clean_sound_state"
7640.8174	0.0014899999996487168	states										"   state_name
id           
4         iti"
7640.81889	0.05500000000029104	states										"         state_name
id                 
6   wait_for_cpoke1"
7640.87389	0.0015050000001792796	states										"             state_name
id                     
8   play_stimulus_sound"
7640.875395	0.02499900000020716	states										"   state_name
id           
9      cpoke1"
7640.900394	0.20099599999957718	states										"        state_name
id                
12  temp_violation"
7641.10139	0.0015149999999266583	states										"             state_name
id                     
8   play_stimulus_sound"
7641.102905	0.1394930000005843	states										"   state_name
id           
9      cpoke1"
7641.242398	0.20099200000004203	states										"        state_name
id                
12  temp_violation"
7641.44339	0.0014999999993960955	states										"             state_name
id                     
8   play_stimulus_sound"
7641.44489	2.0	states										"   state_name
id           
9      cpoke1"
7643.44489	0.011505000000397558	states										"           state_name
id                   
13  center_2_side_gap"
7643.456395	3.703494999999748	states										"        state_name
id                
17  wait_for_spoke"
7647.15989	0.0005019999998694402	states										"     state_name
id             
22  left_reward"
7647.160392	2.000010000000657	states										"   state_name
id           
24  hit_state"
7649.160402	1.0009879999997793	states										"          state_name
id                  
29  soft_drink_state"
7650.16139	1.000514999999723	states										"   state_name
id           
26    warning"
7651.161905	0.000990000000456348	states										"        state_name
id                
30  clean_up_state"
7651.163395	15.669495000000097	trials	0.0	0.0	1.0	1.3004890000001248	0.0	0.0	0.0	r	1.0	
7651.163395	15.669495000000097	states										"   state_name
id           
0     state_0"
7651.163395	0.015995000000657456	states										"          state_name
id                  
1   sending_trialnum"
7651.17939	0.009500000000116415	states										"           state_name
id                   
3   clean_sound_state"
7651.18889	0.001502999999502208	states										"   state_name
id           
4         iti"
7651.190393	10.276499999999942	states										"         state_name
id                 
6   wait_for_cpoke1"
7661.466893	0.0015149999999266583	states										"             state_name
id                     
8   play_stimulus_sound"
7661.468408	2.000489000000016	states										"   state_name
id           
9      cpoke1"
7663.468897	0.011499000000185333	states										"           state_name
id                   
13  center_2_side_gap"
7663.480396	0.3494989999999234	states										"        state_name
id                
17  wait_for_spoke"
7663.829895	0.0014950000004319008	states										"      state_name
id              
18  error_state1"
7663.83139	3.000514999999723	states										"     state_name
id             
19  error_state"
7666.831905	0.000984999999673164	states										"        state_name
id                
30  clean_up_state"
7666.83339	16.965500000000247	trials	1.0	1.0	1.0			0.0	0.0	r	1.0	
7666.83339	16.965500000000247	states										"   state_name
id           
0     state_0"
7666.83339	0.016000000000531145	states										"          state_name
id                  
1   sending_trialnum"
7666.84939	0.009500000000116415	states										"           state_name
id                   
3   clean_sound_state"
7666.85889	0.0015039999998407438	states										"   state_name
id           
4         iti"
7666.860394	7.712995999999293	states										"         state_name
id                 
6   wait_for_cpoke1"
7674.57339	0.0015000000003055902	states										"             state_name
id                     
8   play_stimulus_sound"
7674.57489	0.21500000000014552	states										"   state_name
id           
9      cpoke1"
7674.78989	0.20100000000002183	states										"        state_name
id                
12  temp_violation"
7674.99089	0.0015080000002853922	states										"             state_name
id                     
8   play_stimulus_sound"
7674.992398	2.000492000000122	states										"   state_name
id           
9      cpoke1"
7676.99289	0.011501999999381951	states										"           state_name
id                   
13  center_2_side_gap"
7677.004392	0.7909980000003998	states										"        state_name
id                
17  wait_for_spoke"
7677.79539	0.0005000000001018634	states										"      state_name
id              
23  right_reward"
7677.79589	2.000503999999637	states										"   state_name
id           
24  hit_state"
7679.796394	3.000495999999657	states										"          state_name
id                  
29  soft_drink_state"
7682.79689	1.0010000000002037	states										"   state_name
id           
26    warning"
7683.79789	0.0010000000002037268	states										"        state_name
id                
30  clean_up_state"
7683.79939	12.13799999999992	trials	1.0	1.0	-1.0			0.0	0.0	l	-1.0	
7683.79939	12.13799999999992	states										"   state_name
id           
0     state_0"
7683.79939	0.016015999999581254	states										"          state_name
id                  
1   sending_trialnum"
7683.815406	0.009484000000156811	states										"           state_name
id                   
3   clean_sound_state"
7683.82489	0.001014999999824795	states										"   state_name
id           
4         iti"
7683.825905	0.25398500000028434	states										"         state_name
id                 
6   wait_for_cpoke1"
7684.07989	0.0015000000003055902	states										"             state_name
id                     
8   play_stimulus_sound"
7684.08139	0.09851499999967928	states										"   state_name
id           
9      cpoke1"
7684.179905	0.20098500000040076	states										"        state_name
id                
12  temp_violation"
7684.38089	0.3535039999997025	states										"         state_name
id                 
6   wait_for_cpoke1"
7684.734394	0.001495999999860942	states										"             state_name
id                     
8   play_stimulus_sound"
7684.73589	0.5709999999999127	states										"   state_name
id           
9      cpoke1"
7685.30689	0.20100000000002183	states										"        state_name
id                
12  temp_violation"
7685.50789	2.612014999999701	states										"         state_name
id                 
6   wait_for_cpoke1"
7688.119905	0.001485000000684522	states										"             state_name
id                     
8   play_stimulus_sound"
7688.12139	2.0	states										"   state_name
id           
9      cpoke1"
7690.12139	0.011499999999614374	states										"           state_name
id                   
13  center_2_side_gap"
7690.13289	0.5875029999997423	states										"        state_name
id                
17  wait_for_spoke"
7690.720393	0.0004969999999957508	states										"     state_name
id             
22  left_reward"
7690.72089	2.0	states										"   state_name
id           
24  hit_state"
7692.72089	2.215015000000676	states										"          state_name
id                  
29  soft_drink_state"
7694.935905	1.000503999999637	states										"   state_name
id           
26    warning"
7695.936409	0.0009810000001380104	states										"        state_name
id                
30  clean_up_state"
