onset	duration	nwb_table	crosstalk_dir	crosstalk_freq	bup_width	bup_ramp	vol_low	vol_hi	vol	gamma_dir	gamma_freq	freq_lo	freq_hi	HistorySection_hit_history	HistorySection_side_history	HistorySection_task_history	HistorySection_incoh_history	HistorySection_gammadir_history	HistorySection_gammafreq_history	HistorySection_result_history	state_type
739.470303	123.02050100000008	trials	0.0	0.0	5.0	2.0	1.0	1.0	0.15	2.5	1.0	6500.0	14200.0		r	d	0.0	2.5	1.0	4.0	
739.470303	123.02050100000008	states																			"   state_name
id           
0     state_0"
739.470303	0.016000000000076398	states																			"          state_name
id                  
1   sending_trialnum"
739.486303	0.0005009999999856518	states																			"        state_name
id                
3   wait_for_cpoke"
739.486804	120.00001499999996	states																			"            state_name
id                    
4   wait_for_cpoke_dir"
859.486819	3.0004840000000286	states																			"       state_name
id               
17  timeout_state"
862.487303	0.003501000000028398	states																			"        state_name
id                
18  clean_up_state"
862.491304	123.02099999999996	trials	0.0	0.0	5.0	2.0	1.0	1.0	0.15	2.5	2.5	6500.0	14200.0		r	d	0.0	2.5	2.5	4.0	
862.491304	123.02099999999996	states																			"   state_name
id           
0     state_0"
862.491304	0.015998999999965235	states																			"          state_name
id                  
1   sending_trialnum"
862.507303	0.000515000000063992	states																			"        state_name
id                
3   wait_for_cpoke"
862.507818	120.000496	states																			"            state_name
id                    
4   wait_for_cpoke_dir"
982.508314	3.0004889999999023	states																			"       state_name
id               
17  timeout_state"
985.508803	0.003501000000028398	states																			"        state_name
id                
18  clean_up_state"
985.512803	76.75699999999995	trials	0.0	0.0	5.0	2.0	1.0	1.0	0.15	-4.0	1.0	6500.0	14200.0		l	d	1.0	-4.0	1.0	3.0	
985.512803	76.75699999999995	states																			"   state_name
id           
0     state_0"
985.512803	0.016001000000073873	states																			"          state_name
id                  
1   sending_trialnum"
985.528804	0.0005149999999503052	states																			"        state_name
id                
3   wait_for_cpoke"
985.529319	72.62098900000001	states																			"            state_name
id                    
4   wait_for_cpoke_dir"
1058.150308	0.0014960000000883156	states																			"     state_name
id             
6   nic_prestim"
1058.151804	0.0005139999998391431	states																			"   state_name
id           
7       cpoke"
1058.152318	0.013001000000031127	states																			"   state_name
id           
8    cpoke_in"
1058.165319	0.1004849999999351	states																			"   state_name
id           
9   cpoke_out"
1058.265804	4.000499000000218	states																			"         state_name
id                 
16  nic_error_state"
1062.266303	0.003499999999803549	states																			"        state_name
id                
18  clean_up_state"
1062.270304	9.423015000000078	trials	0.0	0.0	5.0	2.0	1.0	1.0	0.15	-4.0	4.0	6500.0	14200.0	0.0	l	d	1.0	-4.0	4.0	2.0	
1062.270304	9.423015000000078	states																			"   state_name
id           
0     state_0"
1062.270304	0.016000000000076398	states																			"          state_name
id                  
1   sending_trialnum"
1062.286304	0.0005000000001018634	states																			"        state_name
id                
3   wait_for_cpoke"
1062.286804	4.589999000000034	states																			"            state_name
id                    
4   wait_for_cpoke_dir"
1066.876803	0.0009999999999763531	states																			"     state_name
id             
6   nic_prestim"
1066.877803	0.0004999999998744897	states																			"   state_name
id           
7       cpoke"
1066.878303	1.3155150000000049	states																			"   state_name
id           
8    cpoke_in"
1068.193818	0.08448500000008607	states																			"   state_name
id           
9   cpoke_out"
1068.278303	0.0005009999999856518	states																			"       state_name
id               
10  wait_for_cout"
1068.278804	0.4110040000000481	states																			"        state_name
id                
11  wait_for_spoke"
1068.689808	3.0000099999999748	states																			"     state_name
id             
14  error_state"
1071.689818	0.0035009999999147112	states																			"        state_name
id                
18  clean_up_state"
1071.693818	7.258000000000038	trials	0.0	0.0	5.0	2.0	1.0	1.0	0.15	-4.0	1.0	6500.0	14200.0		l	d	1.0	-4.0	1.0	3.0	
1071.693818	7.258000000000038	states																			"   state_name
id           
0     state_0"
1071.693818	0.016000000000076398	states																			"          state_name
id                  
1   sending_trialnum"
1071.709818	0.00048500000002604793	states																			"        state_name
id                
3   wait_for_cpoke"
1071.710303	2.014500999999882	states																			"            state_name
id                    
4   wait_for_cpoke_dir"
1073.724804	0.0010039999999662541	states																			"     state_name
id             
6   nic_prestim"
1073.725808	0.0005009999999856518	states																			"   state_name
id           
7       cpoke"
1073.726309	1.1209949999999935	states																			"   state_name
id           
8    cpoke_in"
1074.847304	0.10051400000020294	states																			"   state_name
id           
9   cpoke_out"
1074.947818	4.00048599999991	states																			"         state_name
id                 
16  nic_error_state"
1078.948304	0.0035139999999955762	states																			"        state_name
id                
18  clean_up_state"
1078.952303	5.1254999999998745	trials	0.0	0.0	5.0	2.0	1.0	1.0	0.15	-2.5	2.5	6500.0	14200.0	0.0	l	d	1.0	-2.5	2.5	2.0	
1078.952303	5.1254999999998745	states																			"   state_name
id           
0     state_0"
1078.952303	0.016000999999960186	states																			"          state_name
id                  
1   sending_trialnum"
1078.968304	0.0004989999999907013	states																			"        state_name
id                
3   wait_for_cpoke"
1078.968803	0.39550099999996746	states																			"            state_name
id                    
4   wait_for_cpoke_dir"
1079.364304	0.0014989999999670545	states																			"     state_name
id             
6   nic_prestim"
1079.365803	0.0005009999999856518	states																			"   state_name
id           
7       cpoke"
1079.366304	1.3999990000002072	states																			"   state_name
id           
8    cpoke_in"
1080.766303	0.024499999999989086	states																			"       state_name
id               
10  wait_for_cout"
1080.790803	0.28350000000000364	states																			"        state_name
id                
11  wait_for_spoke"
1081.074303	3.0	states																			"     state_name
id             
14  error_state"
1084.074303	0.003499999999803549	states																			"        state_name
id                
18  clean_up_state"
1084.078304	12.591500000000224	trials	0.0	0.0	5.0	2.0	1.0	1.0	0.15	-2.5	2.5	6500.0	14200.0		l	d	1.0	-2.5	2.5	3.0	
1084.078304	12.591500000000224	states																			"   state_name
id           
0     state_0"
1084.078304	0.01599900000019261	states																			"          state_name
id                  
1   sending_trialnum"
1084.094303	0.0005009999999856518	states																			"        state_name
id                
3   wait_for_cpoke"
1084.094804	7.238509000000022	states																			"            state_name
id                    
4   wait_for_cpoke_dir"
1091.333313	0.0014909999999872525	states																			"     state_name
id             
6   nic_prestim"
1091.334804	0.0004999999998744897	states																			"   state_name
id           
7       cpoke"
1091.335304	1.230015000000094	states																			"   state_name
id           
8    cpoke_in"
1092.565319	0.10049899999989975	states																			"   state_name
id           
9   cpoke_out"
1092.665818	4.000485000000026	states																			"         state_name
id                 
16  nic_error_state"
1096.666303	0.003501000000142085	states																			"        state_name
id                
18  clean_up_state"
1096.670314	13.705989999999929	trials	0.0	0.0	5.0	2.0	1.0	1.0	0.15	-4.0	4.0	6500.0	14200.0		l	d	1.0	-4.0	4.0	3.0	
1096.670314	13.705989999999929	states																			"   state_name
id           
0     state_0"
1096.670314	0.016000000000076398	states																			"          state_name
id                  
1   sending_trialnum"
1096.686314	0.0005049999999755528	states																			"        state_name
id                
3   wait_for_cpoke"
1096.686819	9.526984999999968	states																			"            state_name
id                    
4   wait_for_cpoke_dir"
1106.213804	0.0015000000000782165	states																			"     state_name
id             
6   nic_prestim"
1106.215304	0.0005139999998391431	states																			"   state_name
id           
7       cpoke"
1106.215818	0.05600000000004002	states																			"   state_name
id           
8    cpoke_in"
1106.271818	0.10048600000004626	states																			"   state_name
id           
9   cpoke_out"
1106.372304	4.000500000000102	states																			"         state_name
id                 
16  nic_error_state"
1110.372804	0.003499999999803549	states																			"        state_name
id                
18  clean_up_state"
1110.376803	43.80099999999993	trials	0.0	0.0	5.0	2.0	1.0	1.0	0.15	-2.5	4.0	6500.0	14200.0	0.0	l	d	1.0	-2.5	4.0	2.0	
1110.376803	43.80099999999993	states																			"   state_name
id           
0     state_0"
1110.376803	0.015999999999849024	states																			"          state_name
id                  
1   sending_trialnum"
1110.392803	0.0005009999999856518	states																			"        state_name
id                
3   wait_for_cpoke"
1110.393304	39.05649900000003	states																			"            state_name
id                    
4   wait_for_cpoke_dir"
1149.449803	0.0015000000000782165	states																			"     state_name
id             
6   nic_prestim"
1149.451303	0.0004999999998744897	states																			"   state_name
id           
7       cpoke"
1149.451803	1.331000000000131	states																			"   state_name
id           
8    cpoke_in"
1150.782803	0.06899999999995998	states																			"   state_name
id           
9   cpoke_out"
1150.851803	0.0004999999998744897	states																			"       state_name
id               
10  wait_for_cout"
1150.852303	0.32200600000010127	states																			"        state_name
id                
11  wait_for_spoke"
1151.174309	3.00000399999999	states																			"     state_name
id             
14  error_state"
1154.174313	0.0034900000000561704	states																			"        state_name
id                
18  clean_up_state"
1154.178311	6.1459950000000845	trials	0.0	0.0	5.0	2.0	1.0	1.0	0.15	-4.0	1.0	6500.0	14200.0		l	d	1.0	-4.0	1.0	3.0	
1154.178311	6.1459950000000845	states																			"   state_name
id           
0     state_0"
1154.178311	0.016000000000076398	states																			"          state_name
id                  
1   sending_trialnum"
1154.194311	0.4814920000001166	states																			"        state_name
id                
3   wait_for_cpoke"
1154.675803	0.2424999999998363	states																			"            state_name
id                    
4   wait_for_cpoke_dir"
1154.918303	0.001515000000154032	states																			"     state_name
id             
6   nic_prestim"
1154.919818	0.0004879999999047868	states																			"   state_name
id           
7       cpoke"
1154.920306	1.2995120000000497	states																			"   state_name
id           
8    cpoke_in"
1156.219818	0.10048600000004626	states																			"   state_name
id           
9   cpoke_out"
1156.320304	4.000498999999991	states																			"         state_name
id                 
16  nic_error_state"
1160.320803	0.0035029999999096617	states																			"        state_name
id                
18  clean_up_state"
1160.324804	5.704498999999942	trials	0.0	0.0	5.0	2.0	1.0	1.0	0.15	-4.0	4.0	6500.0	14200.0	0.0	l	d	1.0	-4.0	4.0	2.0	
1160.324804	5.704498999999942	states																			"   state_name
id           
0     state_0"
1160.324804	0.015999999999849024	states																			"          state_name
id                  
1   sending_trialnum"
1160.340804	0.8635000000001583	states																			"        state_name
id                
3   wait_for_cpoke"
1161.204304	0.25149999999985084	states																			"            state_name
id                    
4   wait_for_cpoke_dir"
1161.455804	0.0009999999999763531	states																			"     state_name
id             
6   nic_prestim"
1161.456804	0.0005150000001776789	states																			"   state_name
id           
7       cpoke"
1161.457319	1.3594839999998385	states																			"   state_name
id           
8    cpoke_in"
1162.816803	0.040500000000065484	states																			"   state_name
id           
9   cpoke_out"
1162.857303	0.0005009999999856518	states																			"       state_name
id               
10  wait_for_cout"
1162.857804	0.1675000000000182	states																			"        state_name
id                
11  wait_for_spoke"
1163.025304	3.000500000000102	states																			"     state_name
id             
14  error_state"
1166.025804	0.0034989999999197607	states																			"        state_name
id                
18  clean_up_state"
1166.029809	6.488009000000147	trials	0.0	0.0	5.0	2.0	1.0	1.0	0.15	-4.0	4.0	6500.0	14200.0		l	d	1.0	-4.0	4.0	3.0	
1166.029809	6.488009000000147	states																			"   state_name
id           
0     state_0"
1166.029809	0.015994000000091546	states																			"          state_name
id                  
1   sending_trialnum"
1166.045803	1.2585010000000239	states																			"        state_name
id                
3   wait_for_cpoke"
1167.304304	0.12249900000006164	states																			"            state_name
id                    
4   wait_for_cpoke_dir"
1167.426803	0.001014999999824795	states																			"     state_name
id             
6   nic_prestim"
1167.427818	0.000494000000117012	states																			"   state_name
id           
7       cpoke"
1167.428312	0.4804919999999129	states																			"   state_name
id           
8    cpoke_in"
1167.908804	0.0965000000001055	states																			"   state_name
id           
9   cpoke_out"
1168.005304	0.4080059999998866	states																			"   state_name
id           
8    cpoke_in"
1168.41331	0.10049300000014227	states																			"   state_name
id           
9   cpoke_out"
1168.513803	4.0005069999999705	states																			"         state_name
id                 
16  nic_error_state"
1172.51431	0.0035080000000107248	states																			"        state_name
id                
18  clean_up_state"
1172.518313	3.6404909999998836	trials	0.0	0.0	5.0	2.0	1.0	1.0	0.15	-2.5	2.5	6500.0	14200.0	1.0	l	d	1.0	-2.5	2.5	1.0	
1172.518313	3.6404909999998836	states																			"   state_name
id           
0     state_0"
1172.518313	0.015998999999965235	states																			"          state_name
id                  
1   sending_trialnum"
1172.534312	0.0004919999998946878	states																			"        state_name
id                
3   wait_for_cpoke"
1172.534804	0.5180000000000291	states																			"            state_name
id                    
4   wait_for_cpoke_dir"
1173.052804	0.0009999999999763531	states																			"     state_name
id             
6   nic_prestim"
1173.053804	0.0005000000001018634	states																			"   state_name
id           
7       cpoke"
1173.054304	1.399503999999979	states																			"   state_name
id           
8    cpoke_in"
1174.453808	0.25101100000006227	states																			"       state_name
id               
10  wait_for_cout"
1174.704819	0.5514839999998458	states																			"        state_name
id                
11  wait_for_spoke"
1175.256303	0.0005010000002130255	states																			"   state_name
id           
12  hit_state"
1175.256804	0.0004989999999907013	states																			"    state_name
id            
13  hit_state2"
1175.257303	0.003499999999803549	states																			"        state_name
id                
18  clean_up_state"
1175.260803	0.898001000000022	states																			"                state_name
id                        
2   check_next_trial_ready"
1176.159303	5.435500000000047	trials	0.0	0.0	5.0	2.0	1.0	1.0	0.15	2.5	4.0	6500.0	14200.0		r	d	0.0	2.5	4.0	3.0	
1176.159303	5.435500000000047	states																			"   state_name
id           
0     state_0"
1176.159303	0.016000000000076398	states																			"          state_name
id                  
1   sending_trialnum"
1176.175303	0.0005149999999503052	states																			"        state_name
id                
3   wait_for_cpoke"
1176.175818	0.1404850000001261	states																			"            state_name
id                    
4   wait_for_cpoke_dir"
1176.316303	0.0010009999998601415	states																			"     state_name
id             
6   nic_prestim"
1176.317304	0.0004989999999907013	states																			"   state_name
id           
7       cpoke"
1176.317803	0.9885000000001583	states																			"   state_name
id           
8    cpoke_in"
1177.306303	0.024500999999872874	states																			"   state_name
id           
9   cpoke_out"
1177.330804	0.1599989999999707	states																			"   state_name
id           
8    cpoke_in"
1177.490803	0.10001600000009603	states																			"   state_name
id           
9   cpoke_out"
1177.590819	4.000485000000026	states																			"         state_name
id                 
16  nic_error_state"
1181.591304	0.0034989999999197607	states																			"        state_name
id                
18  clean_up_state"
1181.595304	4.15949999999998	trials	0.0	0.0	5.0	2.0	1.0	1.0	0.15	4.0	2.5	6500.0	14200.0		r	d	0.0	4.0	2.5	3.0	
1181.595304	4.15949999999998	states																			"   state_name
id           
0     state_0"
1181.595304	0.016000000000076398	states																			"          state_name
id                  
1   sending_trialnum"
1181.611304	0.0004989999999907013	states																			"        state_name
id                
3   wait_for_cpoke"
1181.611803	0.02900099999988015	states																			"            state_name
id                    
4   wait_for_cpoke_dir"
1181.640804	0.0010140000001683802	states																			"     state_name
id             
6   nic_prestim"
1181.641818	0.0004950000000008004	states																			"   state_name
id           
7       cpoke"
1181.642313	0.007996999999932086	states																			"   state_name
id           
8    cpoke_in"
1181.65031	0.10049400000002606	states																			"   state_name
id           
9   cpoke_out"
1181.750804	4.000498999999991	states																			"         state_name
id                 
16  nic_error_state"
1185.751303	0.0035009999999147112	states																			"        state_name
id                
18  clean_up_state"
1185.755303	5.650000000000091	trials	0.0	0.0	5.0	2.0	1.0	1.0	0.15	2.5	1.0	6500.0	14200.0		r	d	0.0	2.5	1.0	3.0	
1185.755303	5.650000000000091	states																			"   state_name
id           
0     state_0"
1185.755303	0.016000000000076398	states																			"          state_name
id                  
1   sending_trialnum"
1185.771303	0.0005000000001018634	states																			"        state_name
id                
3   wait_for_cpoke"
1185.771803	0.3505009999998947	states																			"            state_name
id                    
4   wait_for_cpoke_dir"
1186.122304	0.0015040000000681175	states																			"     state_name
id             
6   nic_prestim"
1186.123808	0.0005059999998593412	states																			"   state_name
id           
7       cpoke"
1186.124314	1.1764890000001742	states																			"   state_name
id           
8    cpoke_in"
1187.300803	0.10050599999999577	states																			"   state_name
id           
9   cpoke_out"
1187.401309	4.000498999999991	states																			"         state_name
id                 
16  nic_error_state"
1191.401808	0.0034949999999298598	states																			"        state_name
id                
18  clean_up_state"
1191.405818	4.1314850000001115	trials	0.0	0.0	5.0	2.0	1.0	1.0	0.15	2.5	1.0	6500.0	14200.0	1.0	r	d	0.0	2.5	1.0	1.0	
1191.405818	4.1314850000001115	states																			"   state_name
id           
0     state_0"
1191.405818	0.016000000000076398	states																			"          state_name
id                  
1   sending_trialnum"
1191.421818	1.064485999999988	states																			"        state_name
id                
3   wait_for_cpoke"
1192.486304	0.24299900000005437	states																			"            state_name
id                    
4   wait_for_cpoke_dir"
1192.729303	0.0009999999999763531	states																			"     state_name
id             
6   nic_prestim"
1192.730303	0.0004999999998744897	states																			"   state_name
id           
7       cpoke"
1192.730803	1.3995010000001002	states																			"   state_name
id           
8    cpoke_in"
1194.130304	0.18101499999988846	states																			"       state_name
id               
10  wait_for_cout"
1194.311319	0.2609939999999824	states																			"        state_name
id                
11  wait_for_spoke"
1194.572313	0.000490000000127111	states																			"   state_name
id           
12  hit_state"
1194.572803	0.3445010000000366	states																			"    state_name
id            
13  hit_state2"
1194.917304	0.0034989999999197607	states																			"        state_name
id                
18  clean_up_state"
1194.920803	0.6165000000000873	states																			"                state_name
id                        
2   check_next_trial_ready"
1195.537808	22.588494999999966	trials	0.0	0.0	5.0	2.0	1.0	1.0	0.15	2.5	-4.0	6500.0	14200.0	0.0	r	d	1.0	2.5	-4.0	2.0	
1195.537808	22.588494999999966	states																			"   state_name
id           
0     state_0"
1195.537808	0.015999999999849024	states																			"          state_name
id                  
1   sending_trialnum"
1195.553808	0.0005020000000968139	states																			"        state_name
id                
3   wait_for_cpoke"
1195.55431	15.805008999999927	states																			"            state_name
id                    
4   wait_for_cpoke_dir"
1211.359319	0.0014840000001186127	states																			"     state_name
id             
6   nic_prestim"
1211.360803	0.0005009999999856518	states																			"   state_name
id           
7       cpoke"
1211.361304	1.3539989999999307	states																			"   state_name
id           
8    cpoke_in"
1212.715303	0.04600000000004911	states																			"   state_name
id           
9   cpoke_out"
1212.761303	0.0005060000000867149	states																			"       state_name
id               
10  wait_for_cout"
1212.761809	0.2009939999998096	states																			"        state_name
id                
11  wait_for_spoke"
1212.962803	5.160000000000082	states																			"     state_name
id             
14  error_state"
1218.122803	0.003500000000030923	states																			"        state_name
id                
18  clean_up_state"
1218.126803	3.226500999999871	trials	0.0	0.0	5.0	2.0	1.0	1.0	0.15	-2.5	-1.0	6500.0	14200.0	1.0	l	d	0.0	-2.5	-1.0	1.0	
1218.126803	3.226500999999871	states																			"   state_name
id           
0     state_0"
1218.126803	0.016005999999833875	states																			"          state_name
id                  
1   sending_trialnum"
1218.142809	0.0004950000000008004	states																			"        state_name
id                
3   wait_for_cpoke"
1218.143304	0.6165000000000873	states																			"            state_name
id                    
4   wait_for_cpoke_dir"
1218.759804	0.0010150000000521686	states																			"     state_name
id             
6   nic_prestim"
1218.760819	0.0004899999998997373	states																			"   state_name
id           
7       cpoke"
1218.761309	1.399994000000106	states																			"   state_name
id           
8    cpoke_in"
1220.161303	0.07700599999998303	states																			"       state_name
id               
10  wait_for_cout"
1220.238309	0.2395089999999982	states																			"        state_name
id                
11  wait_for_spoke"
1220.477818	0.0004919999998946878	states																			"   state_name
id           
12  hit_state"
1220.47831	0.1904939999999442	states																			"    state_name
id            
13  hit_state2"
1220.668804	0.0035020000000258733	states																			"        state_name
id                
18  clean_up_state"
1220.672306	0.6809980000000451	states																			"                state_name
id                        
2   check_next_trial_ready"
1221.353803	8.532501000000138	trials	0.0	0.0	5.0	2.0	1.0	1.0	0.15	4.0	-1.0	6500.0	14200.0		r	d	1.0	4.0	-1.0	3.0	
1221.353803	8.532501000000138	states																			"   state_name
id           
0     state_0"
1221.353803	0.016000000000076398	states																			"          state_name
id                  
1   sending_trialnum"
1221.369803	0.0005009999999856518	states																			"        state_name
id                
3   wait_for_cpoke"
1221.370304	3.1829999999999927	states																			"            state_name
id                    
4   wait_for_cpoke_dir"
1224.553304	0.0010050000000774162	states																			"     state_name
id             
6   nic_prestim"
1224.554309	0.0004950000000008004	states																			"   state_name
id           
7       cpoke"
1224.554804	0.08249999999998181	states																			"   state_name
id           
8    cpoke_in"
1224.637304	0.03149999999982356	states																			"   state_name
id           
9   cpoke_out"
1224.668804	1.1135000000001583	states																			"   state_name
id           
8    cpoke_in"
1225.782304	0.100001999999904	states																			"   state_name
id           
9   cpoke_out"
1225.882306	4.000496999999996	states																			"         state_name
id                 
16  nic_error_state"
1229.882803	0.003501000000142085	states																			"        state_name
id                
18  clean_up_state"
1229.886803	4.721000000000004	trials	0.0	0.0	5.0	2.0	1.0	1.0	0.15	4.0	-1.0	6500.0	14200.0	1.0	r	d	1.0	4.0	-1.0	1.0	
1229.886803	4.721000000000004	states																			"   state_name
id           
0     state_0"
1229.886803	0.016015999999808628	states																			"          state_name
id                  
1   sending_trialnum"
1229.902819	1.1854970000001686	states																			"        state_name
id                
3   wait_for_cpoke"
1231.088316	0.9019869999999628	states																			"            state_name
id                    
4   wait_for_cpoke_dir"
1231.990303	0.0010059999999612046	states																			"     state_name
id             
6   nic_prestim"
1231.991309	0.0005089999999654538	states																			"   state_name
id           
7       cpoke"
1231.991818	1.2384859999999662	states																			"   state_name
id           
8    cpoke_in"
1233.230304	0.046499000000039814	states																			"   state_name
id           
9   cpoke_out"
1233.276803	0.11500500000011016	states																			"   state_name
id           
8    cpoke_in"
1233.391808	0.025494999999864376	states																			"       state_name
id               
10  wait_for_cout"
1233.417303	0.31151599999998325	states																			"        state_name
id                
11  wait_for_spoke"
1233.728819	0.000490000000127111	states																			"   state_name
id           
12  hit_state"
1233.729309	0.24050899999997455	states																			"    state_name
id            
13  hit_state2"
1233.969818	0.0035009999999147112	states																			"        state_name
id                
18  clean_up_state"
1233.973319	0.6344840000001568	states																			"                state_name
id                        
2   check_next_trial_ready"
1234.608304	5.874998999999889	trials	0.0	0.0	5.0	2.0	1.0	1.0	0.15	-2.5	1.0	6500.0	14200.0	1.0	l	d	1.0	-2.5	1.0	1.0	
1234.608304	5.874998999999889	states																			"   state_name
id           
0     state_0"
1234.608304	0.015998999999965235	states																			"          state_name
id                  
1   sending_trialnum"
1234.624303	0.0005009999999856518	states																			"        state_name
id                
3   wait_for_cpoke"
1234.624804	3.577013999999963	states																			"            state_name
id                    
4   wait_for_cpoke_dir"
1238.201818	0.001485000000002401	states																			"     state_name
id             
6   nic_prestim"
1238.203303	0.0005009999999856518	states																			"   state_name
id           
7       cpoke"
1238.203804	1.3309990000000198	states																			"   state_name
id           
8    cpoke_in"
1239.534803	0.06850099999996928	states																			"   state_name
id           
9   cpoke_out"
1239.603304	0.0004989999999907013	states																			"       state_name
id               
10  wait_for_cout"
1239.603803	0.18750100000011116	states																			"        state_name
id                
11  wait_for_spoke"
1239.791304	0.0004999999998744897	states																			"   state_name
id           
12  hit_state"
1239.791804	0.21199999999998909	states																			"    state_name
id            
13  hit_state2"
1240.003804	0.003500000000030923	states																			"        state_name
id                
18  clean_up_state"
1240.007304	0.4759990000000016	states																			"                state_name
id                        
2   check_next_trial_ready"
1240.483803	6.212004999999863	trials	0.0	0.0	5.0	2.0	1.0	1.0	0.15	-4.0	4.0	6500.0	14200.0	1.0	l	d	1.0	-4.0	4.0	1.0	
1240.483803	6.212004999999863	states																			"   state_name
id           
0     state_0"
1240.483803	0.016004999999950087	states																			"          state_name
id                  
1   sending_trialnum"
1240.499808	0.0005039999998643907	states																			"        state_name
id                
3   wait_for_cpoke"
1240.500312	3.67999500000019	states																			"            state_name
id                    
4   wait_for_cpoke_dir"
1244.180307	0.001011999999946056	states																			"     state_name
id             
6   nic_prestim"
1244.181319	0.0004890000000159489	states																			"   state_name
id           
7       cpoke"
1244.181808	1.3935010000000148	states																			"   state_name
id           
8    cpoke_in"
1245.575309	0.006493999999975131	states																			"   state_name
id           
9   cpoke_out"
1245.581803	0.0005079999998542917	states																			"       state_name
id               
10  wait_for_cout"
1245.582311	0.2924920000000384	states																			"        state_name
id                
11  wait_for_spoke"
1245.874803	0.0005060000000867149	states																			"   state_name
id           
12  hit_state"
1245.875309	0.1784940000000006	states																			"    state_name
id            
13  hit_state2"
1246.053803	0.0035009999999147112	states																			"        state_name
id                
18  clean_up_state"
1246.057304	0.6385040000000117	states																			"                state_name
id                        
2   check_next_trial_ready"
1246.696308	5.5599959999999555	trials	0.0	0.0	5.0	2.0	1.0	1.0	0.15	-4.0	4.0	6500.0	14200.0	1.0	l	d	1.0	-4.0	4.0	1.0	
1246.696308	5.5599959999999555	states																			"   state_name
id           
0     state_0"
1246.696308	0.015994999999975335	states																			"          state_name
id                  
1   sending_trialnum"
1246.712303	0.0004999999998744897	states																			"        state_name
id                
3   wait_for_cpoke"
1246.712803	2.867000000000189	states																			"            state_name
id                    
4   wait_for_cpoke_dir"
1249.579803	0.0010009999998601415	states																			"     state_name
id             
6   nic_prestim"
1249.580804	0.0005000000001018634	states																			"   state_name
id           
7       cpoke"
1249.581304	1.399499999999989	states																			"   state_name
id           
8    cpoke_in"
1250.980804	0.21699999999987085	states																			"       state_name
id               
10  wait_for_cout"
1251.197804	0.33100000000013097	states																			"        state_name
id                
11  wait_for_spoke"
1251.528804	0.0004989999999907013	states																			"   state_name
id           
12  hit_state"
1251.529303	0.15899999999987813	states																			"    state_name
id            
13  hit_state2"
1251.688303	0.003501000000142085	states																			"        state_name
id                
18  clean_up_state"
1251.691804	0.5644999999999527	states																			"                state_name
id                        
2   check_next_trial_ready"
1252.256803	4.123004999999921	trials	0.0	0.0	5.0	2.0	1.0	1.0	0.15	-4.0	-4.0	6500.0	14200.0	1.0	l	d	0.0	-4.0	-4.0	1.0	
1252.256803	4.123004999999921	states																			"   state_name
id           
0     state_0"
1252.256803	0.01600600000006125	states																			"          state_name
id                  
1   sending_trialnum"
1252.272809	0.0004999999998744897	states																			"        state_name
id                
3   wait_for_cpoke"
1252.273309	1.5760000000000218	states																			"            state_name
id                    
4   wait_for_cpoke_dir"
1253.849309	0.001494000000093365	states																			"     state_name
id             
6   nic_prestim"
1253.850803	0.0004999999998744897	states																			"   state_name
id           
7       cpoke"
1253.851303	1.2635000000000218	states																			"   state_name
id           
8    cpoke_in"
1255.114803	0.009015000000090367	states																			"   state_name
id           
9   cpoke_out"
1255.123818	0.12698599999998805	states																			"   state_name
id           
8    cpoke_in"
1255.250804	0.01499999999987267	states																			"       state_name
id               
10  wait_for_cout"
1255.265804	0.2909990000000562	states																			"        state_name
id                
11  wait_for_spoke"
1255.556803	0.0005000000001018634	states																			"   state_name
id           
12  hit_state"
1255.557303	0.14999999999986358	states																			"    state_name
id            
13  hit_state2"
1255.707303	0.003500000000030923	states																			"        state_name
id                
18  clean_up_state"
1255.710803	0.6690049999999701	states																			"                state_name
id                        
2   check_next_trial_ready"
1256.380303	6.248500000000149	trials	0.0	0.0	5.0	2.0	1.0	1.0	0.15	2.5	1.0	6500.0	14200.0		r	d	0.0	2.5	1.0	3.0	
1256.380303	6.248500000000149	states																			"   state_name
id           
0     state_0"
1256.380303	0.016000000000076398	states																			"          state_name
id                  
1   sending_trialnum"
1256.396303	0.0005000000001018634	states																			"        state_name
id                
3   wait_for_cpoke"
1256.396803	0.8934999999999036	states																			"            state_name
id                    
4   wait_for_cpoke_dir"
1257.290303	0.001017000000047119	states																			"     state_name
id             
6   nic_prestim"
1257.29132	0.0004979999998795392	states																			"   state_name
id           
7       cpoke"
1257.291818	0.11548500000003514	states																			"   state_name
id           
8    cpoke_in"
1257.407303	0.048516000000063286	states																			"   state_name
id           
9   cpoke_out"
1257.455819	1.0684839999998985	states																			"   state_name
id           
8    cpoke_in"
1258.524303	0.10050000000001091	states																			"   state_name
id           
9   cpoke_out"
1258.624803	4.000500000000102	states																			"         state_name
id                 
16  nic_error_state"
1262.625303	0.003500000000030923	states																			"        state_name
id                
18  clean_up_state"
1262.629303	5.239001000000144	trials	0.0	0.0	5.0	2.0	1.0	1.0	0.15	4.0	1.0	6500.0	14200.0	1.0	r	d	0.0	4.0	1.0	1.0	
1262.629303	5.239001000000144	states																			"   state_name
id           
0     state_0"
1262.629303	0.016000000000076398	states																			"          state_name
id                  
1   sending_trialnum"
1262.645303	1.7245000000000346	states																			"        state_name
id                
3   wait_for_cpoke"
1264.369803	0.8805009999998674	states																			"            state_name
id                    
4   wait_for_cpoke_dir"
1265.250304	0.0009999999999763531	states																			"     state_name
id             
6   nic_prestim"
1265.251304	0.0005000000001018634	states																			"   state_name
id           
7       cpoke"
1265.251804	1.098999000000049	states																			"   state_name
id           
8    cpoke_in"
1266.350803	0.01749999999992724	states																			"   state_name
id           
9   cpoke_out"
1266.368303	0.25	states																			"   state_name
id           
8    cpoke_in"
1266.618303	0.0335050000001047	states																			"   state_name
id           
9   cpoke_out"
1266.651808	0.0005029999999806023	states																			"       state_name
id               
10  wait_for_cout"
1266.652311	0.34199199999989105	states																			"        state_name
id                
11  wait_for_spoke"
1266.994303	0.0005009999999856518	states																			"   state_name
id           
12  hit_state"
1266.994804	0.2035070000001724	states																			"    state_name
id            
13  hit_state2"
1267.198311	0.003491999999823747	states																			"        state_name
id                
18  clean_up_state"
1267.201803	0.666501000000153	states																			"                state_name
id                        
2   check_next_trial_ready"
1267.868803	5.182506999999987	trials	0.0	0.0	5.0	2.0	1.0	1.0	0.15	4.0	-4.0	6500.0	14200.0	1.0	r	d	1.0	4.0	-4.0	1.0	
1267.868803	5.182506999999987	states																			"   state_name
id           
0     state_0"
1267.868803	0.015999999999849024	states																			"          state_name
id                  
1   sending_trialnum"
1267.884803	0.0005009999999856518	states																			"        state_name
id                
3   wait_for_cpoke"
1267.885304	2.4794990000000325	states																			"            state_name
id                    
4   wait_for_cpoke_dir"
1270.364803	0.0010150000000521686	states																			"     state_name
id             
6   nic_prestim"
1270.365818	0.00048599999990983633	states																			"   state_name
id           
7       cpoke"
1270.366304	1.3999990000002072	states																			"   state_name
id           
8    cpoke_in"
1271.766303	0.08999999999991815	states																			"       state_name
id               
10  wait_for_cout"
1271.856303	0.3385000000000673	states																			"        state_name
id                
11  wait_for_spoke"
1272.194803	0.0004999999998744897	states																			"   state_name
id           
12  hit_state"
1272.195303	0.20700000000010732	states																			"    state_name
id            
13  hit_state2"
1272.402303	0.0035009999999147112	states																			"        state_name
id                
18  clean_up_state"
1272.405804	0.6455060000000685	states																			"                state_name
id                        
2   check_next_trial_ready"
1273.051809	5.552494999999908	trials	0.0	0.0	5.0	2.0	1.0	1.0	0.15	4.0	-4.0	6500.0	14200.0	1.0	r	d	1.0	4.0	-4.0	1.0	
1273.051809	5.552494999999908	states																			"   state_name
id           
0     state_0"
1273.051809	0.015994999999975335	states																			"          state_name
id                  
1   sending_trialnum"
1273.067804	0.0004989999999907013	states																			"        state_name
id                
3   wait_for_cpoke"
1273.068303	2.820500000000038	states																			"            state_name
id                    
4   wait_for_cpoke_dir"
1275.888803	0.0014999999998508429	states																			"     state_name
id             
6   nic_prestim"
1275.890303	0.0005009999999856518	states																			"   state_name
id           
7       cpoke"
1275.890804	1.3999990000002072	states																			"   state_name
id           
8    cpoke_in"
1277.290803	0.055499999999938154	states																			"       state_name
id               
10  wait_for_cout"
1277.346303	0.3380059999999503	states																			"        state_name
id                
11  wait_for_spoke"
1277.684309	0.0005100000000766158	states																			"   state_name
id           
12  hit_state"
1277.684819	0.1894839999999931	states																			"    state_name
id            
13  hit_state2"
1277.874303	0.003504999999904612	states																			"        state_name
id                
18  clean_up_state"
1277.877808	0.7264959999999974	states																			"                state_name
id                        
2   check_next_trial_ready"
1278.604803	7.495014999999967	trials	0.0	0.0	5.0	2.0	1.0	1.0	0.15	-4.0	-1.0	6500.0	14200.0		l	d	0.0	-4.0	-1.0	3.0	
1278.604803	7.495014999999967	states																			"   state_name
id           
0     state_0"
1278.604803	0.016000000000076398	states																			"          state_name
id                  
1   sending_trialnum"
1278.620803	0.0004999999998744897	states																			"        state_name
id                
3   wait_for_cpoke"
1278.621303	2.173000000000002	states																			"            state_name
id                    
4   wait_for_cpoke_dir"
1280.794303	0.0010160000001633307	states																			"     state_name
id             
6   nic_prestim"
1280.795319	0.0004989999999907013	states																			"   state_name
id           
7       cpoke"
1280.795818	1.1999849999999697	states																			"   state_name
id           
8    cpoke_in"
1281.995803	0.10000500000001011	states																			"   state_name
id           
9   cpoke_out"
1282.095808	4.000500999999986	states																			"         state_name
id                 
16  nic_error_state"
1286.096309	0.003508999999894513	states																			"        state_name
id                
18  clean_up_state"
1286.100304	7.3329989999999725	trials	0.0	0.0	5.0	2.0	1.0	1.0	0.15	-2.5	-4.0	6500.0	14200.0		l	d	0.0	-2.5	-4.0	3.0	
1286.100304	7.3329989999999725	states																			"   state_name
id           
0     state_0"
1286.100304	0.015998999999965235	states																			"          state_name
id                  
1   sending_trialnum"
1286.116303	1.4165009999999256	states																			"        state_name
id                
3   wait_for_cpoke"
1287.532804	0.6745049999999537	states																			"            state_name
id                    
4   wait_for_cpoke_dir"
1288.207309	0.0014950000002045272	states																			"     state_name
id             
6   nic_prestim"
1288.208804	0.0004989999999907013	states																			"   state_name
id           
7       cpoke"
1288.209303	1.1195009999999002	states																			"   state_name
id           
8    cpoke_in"
1289.328804	0.10051500000008673	states																			"   state_name
id           
9   cpoke_out"
1289.429319	4.000483999999915	states																			"         state_name
id                 
16  nic_error_state"
1293.429803	0.003500000000030923	states																			"        state_name
id                
18  clean_up_state"
1293.433803	9.609001000000035	trials	0.0	0.0	5.0	2.0	1.0	1.0	0.15	2.5	-4.0	6500.0	14200.0		r	d	1.0	2.5	-4.0	3.0	
1293.433803	9.609001000000035	states																			"   state_name
id           
0     state_0"
1293.433803	0.01600100000018756	states																			"          state_name
id                  
1   sending_trialnum"
1293.449804	0.0004989999999907013	states																			"        state_name
id                
3   wait_for_cpoke"
1293.450303	4.233000999999831	states																			"            state_name
id                    
4   wait_for_cpoke_dir"
1297.683304	0.0015000000000782165	states																			"     state_name
id             
6   nic_prestim"
1297.684804	0.0005149999999503052	states																			"   state_name
id           
7       cpoke"
1297.685319	1.2529850000000806	states																			"   state_name
id           
8    cpoke_in"
1298.938304	0.10050000000001091	states																			"   state_name
id           
9   cpoke_out"
1299.038804	4.000498999999991	states																			"         state_name
id                 
16  nic_error_state"
1303.039303	0.0035009999999147112	states																			"        state_name
id                
18  clean_up_state"
1303.043304	4.456498999999894	trials	0.0	0.0	5.0	2.0	1.0	1.0	0.15	4.0	-1.0	6500.0	14200.0	1.0	r	d	1.0	4.0	-1.0	1.0	
1303.043304	4.456498999999894	states																			"   state_name
id           
0     state_0"
1303.043304	0.015998999999965235	states																			"          state_name
id                  
1   sending_trialnum"
1303.059303	1.0435010000001057	states																			"        state_name
id                
3   wait_for_cpoke"
1304.102804	0.7855109999998149	states																			"            state_name
id                    
4   wait_for_cpoke_dir"
1304.888315	0.0014880000001085136	states																			"     state_name
id             
6   nic_prestim"
1304.889803	0.0004999999998744897	states																			"   state_name
id           
7       cpoke"
1304.890303	1.1400000000001	states																			"   state_name
id           
8    cpoke_in"
1306.030303	0.049005999999963024	states																			"   state_name
id           
9   cpoke_out"
1306.079309	0.21049399999992602	states																			"   state_name
id           
8    cpoke_in"
1306.289803	0.02200000000016189	states																			"       state_name
id               
10  wait_for_cout"
1306.311803	0.2800009999998565	states																			"        state_name
id                
11  wait_for_spoke"
1306.591804	0.0004989999999907013	states																			"   state_name
id           
12  hit_state"
1306.592303	0.1685010000001057	states																			"    state_name
id            
13  hit_state2"
1306.760804	0.003500000000030923	states																			"        state_name
id                
18  clean_up_state"
1306.764304	0.7354989999998907	states																			"                state_name
id                        
2   check_next_trial_ready"
1307.500303	4.8920009999999365	trials	0.0	0.0	5.0	2.0	1.0	1.0	0.15	4.0	2.5	6500.0	14200.0	1.0	r	d	0.0	4.0	2.5	1.0	
1307.500303	4.8920009999999365	states																			"   state_name
id           
0     state_0"
1307.500303	0.01600600000006125	states																			"          state_name
id                  
1   sending_trialnum"
1307.516309	0.0004950000000008004	states																			"        state_name
id                
3   wait_for_cpoke"
1307.516804	2.211503999999877	states																			"            state_name
id                    
4   wait_for_cpoke_dir"
1309.728308	0.0014960000000883156	states																			"     state_name
id             
6   nic_prestim"
1309.729804	0.0004999999998744897	states																			"   state_name
id           
7       cpoke"
1309.730304	1.400000000000091	states																			"   state_name
id           
8    cpoke_in"
1311.130304	0.0994989999999234	states																			"       state_name
id               
10  wait_for_cout"
1311.229803	0.2799999999999727	states																			"        state_name
id                
11  wait_for_spoke"
1311.509803	0.0005009999999856518	states																			"   state_name
id           
12  hit_state"
1311.510304	0.17050000000017462	states																			"    state_name
id            
13  hit_state2"
1311.680804	0.0034989999999197607	states																			"        state_name
id                
18  clean_up_state"
1311.684303	0.7080009999999675	states																			"                state_name
id                        
2   check_next_trial_ready"
1312.392803	4.483005000000048	trials	0.0	0.0	5.0	2.0	1.0	1.0	0.15	2.5	1.0	6500.0	14200.0	1.0	r	d	0.0	2.5	1.0	1.0	
1312.392803	4.483005000000048	states																			"   state_name
id           
0     state_0"
1312.392803	0.016017000000147164	states																			"          state_name
id                  
1   sending_trialnum"
1312.40882	0.0004909999997835257	states																			"        state_name
id                
3   wait_for_cpoke"
1312.409311	1.7089920000000802	states																			"            state_name
id                    
4   wait_for_cpoke_dir"
1314.118303	0.0009999999999763531	states																			"     state_name
id             
6   nic_prestim"
1314.119303	0.0005009999999856518	states																			"   state_name
id           
7       cpoke"
1314.119804	1.3995050000000901	states																			"   state_name
id           
8    cpoke_in"
1315.519309	0.18900600000006307	states																			"       state_name
id               
10  wait_for_cout"
1315.708315	0.3139979999998559	states																			"        state_name
id                
11  wait_for_spoke"
1316.022313	0.0005060000000867149	states																			"   state_name
id           
12  hit_state"
1316.022819	0.16048499999988053	states																			"    state_name
id            
13  hit_state2"
1316.183304	0.003500000000030923	states																			"        state_name
id                
18  clean_up_state"
1316.186804	0.6890040000000681	states																			"                state_name
id                        
2   check_next_trial_ready"
1316.876307	6.464003999999932	trials	0.0	0.0	5.0	2.0	1.0	1.0	0.15	-2.5	-2.5	6500.0	14200.0		l	d	0.0	-2.5	-2.5	3.0	
1316.876307	6.464003999999932	states																			"   state_name
id           
0     state_0"
1316.876307	0.015996000000086497	states																			"          state_name
id                  
1   sending_trialnum"
1316.892303	0.0004999999998744897	states																			"        state_name
id                
3   wait_for_cpoke"
1316.892803	1.167511999999988	states																			"            state_name
id                    
4   wait_for_cpoke_dir"
1318.060315	0.0014880000001085136	states																			"     state_name
id             
6   nic_prestim"
1318.061803	0.0005009999999856518	states																			"   state_name
id           
7       cpoke"
1318.062304	0.09999999999990905	states																			"   state_name
id           
8    cpoke_in"
1318.162304	0.03499899999997069	states																			"   state_name
id           
9   cpoke_out"
1318.197303	1.0389999999999873	states																			"   state_name
id           
8    cpoke_in"
1319.236303	0.10000100000002021	states																			"   state_name
id           
9   cpoke_out"
1319.336304	4.000500000000102	states																			"         state_name
id                 
16  nic_error_state"
1323.336804	0.0035069999998995627	states																			"        state_name
id                
18  clean_up_state"
1323.340809	7.689501000000064	trials	0.0	0.0	5.0	2.0	1.0	1.0	0.15	-4.0	4.0	6500.0	14200.0	0.0	l	d	1.0	-4.0	4.0	2.0	
1323.340809	7.689501000000064	states																			"   state_name
id           
0     state_0"
1323.340809	0.015994999999975335	states																			"          state_name
id                  
1   sending_trialnum"
1323.356804	1.2009989999999107	states																			"        state_name
id                
3   wait_for_cpoke"
1324.557803	0.6085010000001603	states																			"            state_name
id                    
4   wait_for_cpoke_dir"
1325.166304	0.0014989999999670545	states																			"     state_name
id             
6   nic_prestim"
1325.167803	0.0004999999998744897	states																			"   state_name
id           
7       cpoke"
1325.168303	1.2835150000000795	states																			"   state_name
id           
8    cpoke_in"
1326.451818	0.02049200000010387	states																			"   state_name
id           
9   cpoke_out"
1326.47231	0.09549399999991692	states																			"   state_name
id           
8    cpoke_in"
1326.567804	0.10599899999988338	states																			"       state_name
id               
10  wait_for_cout"
1326.673803	0.32900000000017826	states																			"        state_name
id                
11  wait_for_spoke"
1327.002803	4.024000999999998	states																			"     state_name
id             
14  error_state"
1331.026804	0.0035060000000157743	states																			"        state_name
id                
18  clean_up_state"
1331.030819	7.168989999999894	trials	0.0	0.0	5.0	2.0	1.0	1.0	0.15	-4.0	-4.0	6500.0	14200.0	0.0	l	d	0.0	-4.0	-4.0	2.0	
1331.030819	7.168989999999894	states																			"   state_name
id           
0     state_0"
1331.030819	0.015985000000000582	states																			"          state_name
id                  
1   sending_trialnum"
1331.046804	0.0005009999999856518	states																			"        state_name
id                
3   wait_for_cpoke"
1331.047305	1.6390049999999974	states																			"            state_name
id                    
4   wait_for_cpoke_dir"
1332.68631	0.001492999999982203	states																			"     state_name
id             
6   nic_prestim"
1332.687803	0.0005009999999856518	states																			"   state_name
id           
7       cpoke"
1332.688304	1.3579990000000635	states																			"   state_name
id           
8    cpoke_in"
1334.046303	0.041504999999915526	states																			"   state_name
id           
9   cpoke_out"
1334.087808	0.0005069999999705033	states																			"       state_name
id               
10  wait_for_cout"
1334.088315	0.2439879999999448	states																			"        state_name
id                
11  wait_for_spoke"
1334.332303	3.8640100000000075	states																			"     state_name
id             
14  error_state"
1338.196313	0.003496000000041022	states																			"        state_name
id                
18  clean_up_state"
1338.200303	9.033514999999852	trials	0.0	0.0	5.0	2.0	1.0	1.0	0.15	4.0	-1.0	6500.0	14200.0	0.0	r	d	1.0	4.0	-1.0	2.0	
1338.200303	9.033514999999852	states																			"   state_name
id           
0     state_0"
1338.200303	0.015999999999849024	states																			"          state_name
id                  
1   sending_trialnum"
1338.216303	0.0005000000001018634	states																			"        state_name
id                
3   wait_for_cpoke"
1338.216803	3.177500999999893	states																			"            state_name
id                    
4   wait_for_cpoke_dir"
1341.394304	0.00151400000004287	states																			"     state_name
id             
6   nic_prestim"
1341.395818	0.0004880000001321605	states																			"   state_name
id           
7       cpoke"
1341.396306	1.3995119999999588	states																			"   state_name
id           
8    cpoke_in"
1342.795818	0.13949099999990722	states																			"       state_name
id               
10  wait_for_cout"
1342.935309	0.31100000000014916	states																			"        state_name
id                
11  wait_for_spoke"
1343.246309	3.9840099999998984	states																			"     state_name
id             
14  error_state"
1347.230319	0.0034989999999197607	states																			"        state_name
id                
18  clean_up_state"
1347.234314	7.09949000000006	trials	0.0	0.0	5.0	2.0	1.0	1.0	0.15	-2.5	2.5	6500.0	14200.0	0.0	l	d	1.0	-2.5	2.5	2.0	
1347.234314	7.09949000000006	states																			"   state_name
id           
0     state_0"
1347.234314	0.015995999999859123	states																			"          state_name
id                  
1   sending_trialnum"
1347.25031	0.0004989999999907013	states																			"        state_name
id                
3   wait_for_cpoke"
1347.250809	1.1499950000002173	states																			"            state_name
id                    
4   wait_for_cpoke_dir"
1348.400804	0.0014999999998508429	states																			"     state_name
id             
6   nic_prestim"
1348.402304	0.0005000000001018634	states																			"   state_name
id           
7       cpoke"
1348.402804	1.3999999999998636	states																			"   state_name
id           
8    cpoke_in"
1349.802804	0.2059990000000198	states																			"       state_name
id               
10  wait_for_cout"
1350.008803	0.2250010000000202	states																			"        state_name
id                
11  wait_for_spoke"
1350.233804	4.096498999999994	states																			"     state_name
id             
14  error_state"
1354.330303	0.003501000000142085	states																			"        state_name
id                
18  clean_up_state"
1354.334313	10.177490000000034	trials	0.0	0.0	5.0	2.0	1.0	1.0	0.15	-4.0	4.0	6500.0	14200.0	0.0	l	d	1.0	-4.0	4.0	2.0	
1354.334313	10.177490000000034	states																			"   state_name
id           
0     state_0"
1354.334313	0.015990999999985434	states																			"          state_name
id                  
1   sending_trialnum"
1354.350304	0.0004999999998744897	states																			"        state_name
id                
3   wait_for_cpoke"
1354.350804	4.228499000000056	states																			"            state_name
id                    
4   wait_for_cpoke_dir"
1358.579303	0.001500999999962005	states																			"     state_name
id             
6   nic_prestim"
1358.580804	0.0005000000001018634	states																			"   state_name
id           
7       cpoke"
1358.581304	1.3999989999999798	states																			"   state_name
id           
8    cpoke_in"
1359.981303	0.1345010000000002	states																			"       state_name
id               
10  wait_for_cout"
1360.115804	0.19249899999999798	states																			"        state_name
id                
11  wait_for_spoke"
1360.308303	4.2000000000000455	states																			"     state_name
id             
14  error_state"
1364.508303	0.003500000000030923	states																			"        state_name
id                
18  clean_up_state"
1364.512305	6.611513000000059	trials	0.0	0.0	5.0	2.0	1.0	1.0	0.15	-2.5	-4.0	6500.0	14200.0		l	d	0.0	-2.5	-4.0	3.0	
1364.512305	6.611513000000059	states																			"   state_name
id           
0     state_0"
1364.512305	0.015998999999965235	states																			"          state_name
id                  
1   sending_trialnum"
1364.528304	1.0749990000001617	states																			"        state_name
id                
3   wait_for_cpoke"
1365.603303	0.17650099999991653	states																			"            state_name
id                    
4   wait_for_cpoke_dir"
1365.779804	0.0015149999999266583	states																			"     state_name
id             
6   nic_prestim"
1365.781319	0.0004989999999907013	states																			"   state_name
id           
7       cpoke"
1365.781818	1.2379849999999806	states																			"   state_name
id           
8    cpoke_in"
1367.019803	0.10000100000002021	states																			"   state_name
id           
9   cpoke_out"
1367.119804	4.000508000000082	states																			"         state_name
id                 
16  nic_error_state"
1371.120312	0.0035060000000157743	states																			"        state_name
id                
18  clean_up_state"
1371.12431	5.4799930000001496	trials	0.0	0.0	5.0	2.0	1.0	1.0	0.15	4.0	2.5	6500.0	14200.0		r	d	0.0	4.0	2.5	3.0	
1371.12431	5.4799930000001496	states																			"   state_name
id           
0     state_0"
1371.12431	0.015998999999965235	states																			"          state_name
id                  
1   sending_trialnum"
1371.140309	0.7954990000000635	states																			"        state_name
id                
3   wait_for_cpoke"
1371.935808	0.013995000000022628	states																			"            state_name
id                    
4   wait_for_cpoke_dir"
1371.949803	0.0015000000000782165	states																			"     state_name
id             
6   nic_prestim"
1371.951303	0.0004999999998744897	states																			"   state_name
id           
7       cpoke"
1371.951803	0.5480050000001029	states																			"   state_name
id           
8    cpoke_in"
1372.499808	0.10049499999990985	states																			"   state_name
id           
9   cpoke_out"
1372.600303	4.000500000000102	states																			"         state_name
id                 
16  nic_error_state"
1376.600803	0.003500000000030923	states																			"        state_name
id                
18  clean_up_state"
1376.604804	5.571013999999877	trials	0.0	0.0	5.0	2.0	1.0	1.0	0.15	-4.0	4.0	6500.0	14200.0		l	d	1.0	-4.0	4.0	3.0	
1376.604804	5.571013999999877	states																			"   state_name
id           
0     state_0"
1376.604804	0.015999999999849024	states																			"          state_name
id                  
1   sending_trialnum"
1376.620804	0.009500000000116415	states																			"        state_name
id                
3   wait_for_cpoke"
1376.630304	0.1449999999999818	states																			"            state_name
id                    
4   wait_for_cpoke_dir"
1376.775304	0.001506000000063068	states																			"     state_name
id             
6   nic_prestim"
1376.77681	0.0004989999999907013	states																			"   state_name
id           
7       cpoke"
1376.777309	1.2944949999998698	states																			"   state_name
id           
8    cpoke_in"
1378.071804	0.10001400000010108	states																			"   state_name
id           
9   cpoke_out"
1378.171818	4.000491999999895	states																			"         state_name
id                 
16  nic_error_state"
1382.17231	0.0035080000000107248	states																			"        state_name
id                
18  clean_up_state"
1382.176305	6.608009000000038	trials	0.0	0.0	5.0	2.0	1.0	1.0	0.15	-4.0	4.0	6500.0	14200.0		l	d	1.0	-4.0	4.0	3.0	
1382.176305	6.608009000000038	states																			"   state_name
id           
0     state_0"
1382.176305	0.016000999999960186	states																			"          state_name
id                  
1   sending_trialnum"
1382.192306	2.0139970000000176	states																			"        state_name
id                
3   wait_for_cpoke"
1384.206303	0.09550000000012915	states																			"            state_name
id                    
4   wait_for_cpoke_dir"
1384.301803	0.0010009999998601415	states																			"     state_name
id             
6   nic_prestim"
1384.302804	0.0005049999999755528	states																			"   state_name
id           
7       cpoke"
1384.303309	0.37699400000019523	states																			"   state_name
id           
8    cpoke_in"
1384.680303	0.09999999999990905	states																			"   state_name
id           
9   cpoke_out"
1384.780303	4.000500000000102	states																			"         state_name
id                 
16  nic_error_state"
1388.780803	0.0035109999998894637	states																			"        state_name
id                
18  clean_up_state"
1388.784804	3.009999000000107	trials	0.0	0.0	5.0	2.0	1.0	1.0	0.15	-2.5	2.5	6500.0	14200.0	1.0	l	d	1.0	-2.5	2.5	1.0	
1388.784804	3.009999000000107	states																			"   state_name
id           
0     state_0"
1388.784804	0.016000000000076398	states																			"          state_name
id                  
1   sending_trialnum"
1388.800804	0.0004989999999907013	states																			"        state_name
id                
3   wait_for_cpoke"
1388.801303	0.24700000000007094	states																			"            state_name
id                    
4   wait_for_cpoke_dir"
1389.048303	0.0010009999998601415	states																			"     state_name
id             
6   nic_prestim"
1389.049304	0.0005000000001018634	states																			"   state_name
id           
7       cpoke"
1389.049804	1.400000000000091	states																			"   state_name
id           
8    cpoke_in"
1390.449804	0.15051299999981893	states																			"       state_name
id               
10  wait_for_cout"
1390.600317	0.3029870000000301	states																			"        state_name
id                
11  wait_for_spoke"
1390.903304	0.0005000000001018634	states																			"   state_name
id           
12  hit_state"
1390.903804	0.2139999999999418	states																			"    state_name
id            
13  hit_state2"
1391.117804	0.003500000000030923	states																			"        state_name
id                
18  clean_up_state"
1391.121304	0.6734989999999925	states																			"                state_name
id                        
2   check_next_trial_ready"
1391.795303	5.90099999999984	trials	0.0	0.0	5.0	2.0	1.0	1.0	0.15	-4.0	-4.0	6500.0	14200.0	1.0	l	d	0.0	-4.0	-4.0	1.0	
1391.795303	5.90099999999984	states																			"   state_name
id           
0     state_0"
1391.795303	0.016000999999960186	states																			"          state_name
id                  
1   sending_trialnum"
1391.811304	0.0005139999998391431	states																			"        state_name
id                
3   wait_for_cpoke"
1391.811818	3.062985000000026	states																			"            state_name
id                    
4   wait_for_cpoke_dir"
1394.874803	0.0015000000000782165	states																			"     state_name
id             
6   nic_prestim"
1394.876303	0.0005009999999856518	states																			"   state_name
id           
7       cpoke"
1394.876804	0.0709990000000289	states																			"   state_name
id           
8    cpoke_in"
1394.947803	0.0364999999999327	states																			"   state_name
id           
9   cpoke_out"
1394.984303	1.2070000000001073	states																			"   state_name
id           
8    cpoke_in"
1396.191303	0.03400599999986298	states																			"   state_name
id           
9   cpoke_out"
1396.225309	0.0509940000001734	states																			"   state_name
id           
8    cpoke_in"
1396.276303	0.05399999999985994	states																			"       state_name
id               
10  wait_for_cout"
1396.330303	0.39650000000006	states																			"        state_name
id                
11  wait_for_spoke"
1396.726803	0.0005009999999856518	states																			"   state_name
id           
12  hit_state"
1396.727304	0.20051399999988462	states																			"    state_name
id            
13  hit_state2"
1396.927818	0.0035020000000258733	states																			"        state_name
id                
18  clean_up_state"
1396.93132	0.7649830000000293	states																			"                state_name
id                        
2   check_next_trial_ready"
1397.696803	6.941000999999915	trials	0.0	0.0	5.0	2.0	1.0	1.0	0.15	-4.0	4.0	6500.0	14200.0	1.0	l	d	1.0	-4.0	4.0	1.0	
1397.696803	6.941000999999915	states																			"   state_name
id           
0     state_0"
1397.696803	0.01600600000006125	states																			"          state_name
id                  
1   sending_trialnum"
1397.712809	0.0004939999998896383	states																			"        state_name
id                
3   wait_for_cpoke"
1397.713303	4.020007999999962	states																			"            state_name
id                    
4   wait_for_cpoke_dir"
1401.733311	0.0014920000000984146	states																			"     state_name
id             
6   nic_prestim"
1401.734803	0.0004999999998744897	states																			"   state_name
id           
7       cpoke"
1401.735303	0.09550000000012915	states																			"   state_name
id           
8    cpoke_in"
1401.830803	0.02900499999987005	states																			"   state_name
id           
9   cpoke_out"
1401.859808	1.2749949999999899	states																			"   state_name
id           
8    cpoke_in"
1403.134803	0.11800000000016553	states																			"       state_name
id               
10  wait_for_cout"
1403.252803	0.42051599999990685	states																			"        state_name
id                
11  wait_for_spoke"
1403.673319	0.0004989999999907013	states																			"   state_name
id           
12  hit_state"
1403.673818	0.20048500000007152	states																			"    state_name
id            
13  hit_state2"
1403.874303	0.0035009999999147112	states																			"        state_name
id                
18  clean_up_state"
1403.877804	0.7599999999999909	states																			"                state_name
id                        
2   check_next_trial_ready"
1404.638303	10.462500000000091	trials	0.0	0.0	5.0	2.0	1.0	1.0	0.15	4.0	-1.0	6500.0	14200.0	0.0	r	d	1.0	4.0	-1.0	2.0	
1404.638303	10.462500000000091	states																			"   state_name
id           
0     state_0"
1404.638303	0.016000000000076398	states																			"          state_name
id                  
1   sending_trialnum"
1404.654303	0.0005009999999856518	states																			"        state_name
id                
3   wait_for_cpoke"
1404.654804	4.481498999999985	states																			"            state_name
id                    
4   wait_for_cpoke_dir"
1409.136303	0.0010059999999612046	states																			"     state_name
id             
6   nic_prestim"
1409.137309	0.0005089999999654538	states																			"   state_name
id           
7       cpoke"
1409.137818	1.3999850000000151	states																			"   state_name
id           
8    cpoke_in"
1410.537803	0.1690009999999802	states																			"       state_name
id               
10  wait_for_cout"
1410.706804	0.3025150000000849	states																			"        state_name
id                
11  wait_for_spoke"
1411.009319	4.087999999999965	states																			"     state_name
id             
14  error_state"
1415.097319	0.003484000000071319	states																			"        state_name
id                
18  clean_up_state"
1415.101319	4.8164889999998195	trials	0.0	0.0	5.0	2.0	1.0	1.0	0.15	2.5	1.0	6500.0	14200.0	1.0	r	d	0.0	2.5	1.0	1.0	
1415.101319	4.8164889999998195	states																			"   state_name
id           
0     state_0"
1415.101319	0.01598999999987427	states																			"          state_name
id                  
1   sending_trialnum"
1415.117309	0.0004950000000008004	states																			"        state_name
id                
3   wait_for_cpoke"
1415.117804	1.3619989999999689	states																			"            state_name
id                    
4   wait_for_cpoke_dir"
1416.479803	0.0015000000000782165	states																			"     state_name
id             
6   nic_prestim"
1416.481303	0.0004999999998744897	states																			"   state_name
id           
7       cpoke"
1416.481803	1.1680150000001959	states																			"   state_name
id           
8    cpoke_in"
1417.649818	0.07098599999994804	states																			"   state_name
id           
9   cpoke_out"
1417.720804	0.15249900000003436	states																			"   state_name
id           
8    cpoke_in"
1417.873303	0.007999999999810825	states																			"   state_name
id           
9   cpoke_out"
1417.881303	0.0005000000001018634	states																			"       state_name
id               
10  wait_for_cout"
1417.881803	1.1404999999999745	states																			"        state_name
id                
11  wait_for_spoke"
1419.022303	0.0005009999999856518	states																			"   state_name
id           
12  hit_state"
1419.022804	0.16049900000007256	states																			"    state_name
id            
13  hit_state2"
1419.183303	0.0035009999999147112	states																			"        state_name
id                
18  clean_up_state"
1419.186804	0.7310039999999844	states																			"                state_name
id                        
2   check_next_trial_ready"
1419.918303	6.730501000000004	trials	0.0	0.0	5.0	2.0	1.0	1.0	0.15	-4.0	2.5	6500.0	14200.0		l	d	1.0	-4.0	2.5	3.0	
1419.918303	6.730501000000004	states																			"   state_name
id           
0     state_0"
1419.918303	0.01600500000017746	states																			"          state_name
id                  
1   sending_trialnum"
1419.934308	0.0004950000000008004	states																			"        state_name
id                
3   wait_for_cpoke"
1419.934803	1.365000000000009	states																			"            state_name
id                    
4   wait_for_cpoke_dir"
1421.299803	0.0009999999999763531	states																			"     state_name
id             
6   nic_prestim"
1421.300803	0.0004999999998744897	states																			"   state_name
id           
7       cpoke"
1421.301303	1.24350000000004	states																			"   state_name
id           
8    cpoke_in"
1422.544803	0.10000100000002021	states																			"   state_name
id           
9   cpoke_out"
1422.644804	4.000498999999991	states																			"         state_name
id                 
16  nic_error_state"
1426.645303	0.0035009999999147112	states																			"        state_name
id                
18  clean_up_state"
1426.649303	2.6440000000000055	trials	0.0	0.0	5.0	2.0	1.0	1.0	0.15	-2.5	-4.0	6500.0	14200.0	1.0	l	d	0.0	-2.5	-4.0	1.0	
1426.649303	2.6440000000000055	states																			"   state_name
id           
0     state_0"
1426.649303	0.016011000000162312	states																			"          state_name
id                  
1   sending_trialnum"
1426.665314	0.0004899999998997373	states																			"        state_name
id                
3   wait_for_cpoke"
1426.665804	0.015014999999948486	states																			"            state_name
id                    
4   wait_for_cpoke_dir"
1426.680819	0.001485000000002401	states																			"     state_name
id             
6   nic_prestim"
1426.682304	0.0005000000001018634	states																			"   state_name
id           
7       cpoke"
1426.682804	0.8959990000000744	states																			"   state_name
id           
8    cpoke_in"
1427.578803	0.06300099999998565	states																			"   state_name
id           
9   cpoke_out"
1427.641804	0.1550049999998464	states																			"   state_name
id           
8    cpoke_in"
1427.796809	0.08849499999996624	states																			"   state_name
id           
9   cpoke_out"
1427.885304	0.13350000000014006	states																			"   state_name
id           
8    cpoke_in"
1428.018804	0.06399899999996705	states																			"   state_name
id           
9   cpoke_out"
1428.082803	0.0005060000000867149	states																			"       state_name
id               
10  wait_for_cout"
1428.083309	0.3549949999999171	states																			"        state_name
id                
11  wait_for_spoke"
1428.438304	0.0004989999999907013	states																			"   state_name
id           
12  hit_state"
1428.438803	0.18800099999998565	states																			"    state_name
id            
13  hit_state2"
1428.626804	0.0035110000001168373	states																			"        state_name
id                
18  clean_up_state"
1428.630315	0.6629879999998138	states																			"                state_name
id                        
2   check_next_trial_ready"
1429.293803	8.367999999999938	trials	0.0	0.0	5.0	2.0	1.0	1.0	0.15	2.5	2.5	6500.0	14200.0		r	d	0.0	2.5	2.5	3.0	
1429.293803	8.367999999999938	states																			"   state_name
id           
0     state_0"
1429.293803	0.01601499999992484	states																			"          state_name
id                  
1   sending_trialnum"
1429.309818	0.0004910000000108994	states																			"        state_name
id                
3   wait_for_cpoke"
1429.310309	2.9579949999999826	states																			"            state_name
id                    
4   wait_for_cpoke_dir"
1432.268304	0.0014989999999670545	states																			"     state_name
id             
6   nic_prestim"
1432.269803	0.0005000000001018634	states																			"   state_name
id           
7       cpoke"
1432.270303	1.287499999999909	states																			"   state_name
id           
8    cpoke_in"
1433.557803	0.10000100000002021	states																			"   state_name
id           
9   cpoke_out"
1433.657804	4.000498999999991	states																			"         state_name
id                 
16  nic_error_state"
1437.658303	0.003500000000030923	states																			"        state_name
id                
18  clean_up_state"
1437.662314	8.19649000000004	trials	0.0	0.0	5.0	2.0	1.0	1.0	0.15	2.5	1.0	6500.0	14200.0	0.0	r	d	0.0	2.5	1.0	2.0	
1437.662314	8.19649000000004	states																			"   state_name
id           
0     state_0"
1437.662314	0.015998999999965235	states																			"          state_name
id                  
1   sending_trialnum"
1437.678313	1.9409910000001673	states																			"        state_name
id                
3   wait_for_cpoke"
1439.619304	0.8469989999998688	states																			"            state_name
id                    
4   wait_for_cpoke_dir"
1440.466303	0.0010160000001633307	states																			"     state_name
id             
6   nic_prestim"
1440.467319	0.0004989999999907013	states																			"   state_name
id           
7       cpoke"
1440.467818	1.1399850000000242	states																			"   state_name
id           
8    cpoke_in"
1441.607803	0.03149999999982356	states																			"   state_name
id           
9   cpoke_out"
1441.639303	0.11599999999998545	states																			"   state_name
id           
8    cpoke_in"
1441.755303	0.04550000000017462	states																			"   state_name
id           
9   cpoke_out"
1441.800803	0.06700000000000728	states																			"   state_name
id           
8    cpoke_in"
1441.867803	0.04700600000001032	states																			"       state_name
id               
10  wait_for_cout"
1441.914809	0.42800999999985834	states																			"        state_name
id                
11  wait_for_spoke"
1442.342819	3.512484000000086	states																			"     state_name
id             
14  error_state"
1445.855303	0.0035009999999147112	states																			"        state_name
id                
18  clean_up_state"
1445.859303	4.37150100000008	trials	0.0	0.0	5.0	2.0	1.0	1.0	0.15	4.0	-4.0	6500.0	14200.0	1.0	r	d	1.0	4.0	-4.0	1.0	
1445.859303	4.37150100000008	states																			"   state_name
id           
0     state_0"
1445.859303	0.016000999999960186	states																			"          state_name
id                  
1   sending_trialnum"
1445.875304	0.0005000000001018634	states																			"        state_name
id                
3   wait_for_cpoke"
1445.875804	1.7010000000000218	states																			"            state_name
id                    
4   wait_for_cpoke_dir"
1447.576804	0.0010139999999410065	states																			"     state_name
id             
6   nic_prestim"
1447.577818	0.000490000000127111	states																			"   state_name
id           
7       cpoke"
1447.578308	1.3999959999998737	states																			"   state_name
id           
8    cpoke_in"
1448.978304	0.1750050000000556	states																			"       state_name
id               
10  wait_for_cout"
1449.153309	0.2774939999999333	states																			"        state_name
id                
11  wait_for_spoke"
1449.430803	0.0005060000000867149	states																			"   state_name
id           
12  hit_state"
1449.431309	0.17549399999984416	states																			"    state_name
id            
13  hit_state2"
1449.606803	0.003501000000142085	states																			"        state_name
id                
18  clean_up_state"
1449.610304	0.6204999999999927	states																			"                state_name
id                        
2   check_next_trial_ready"
1450.231303	5.876500999999962	trials	0.0	0.0	5.0	2.0	1.0	1.0	0.15	-2.5	4.0	6500.0	14200.0	1.0	l	d	1.0	-2.5	4.0	1.0	
1450.231303	5.876500999999962	states																			"   state_name
id           
0     state_0"
1450.231303	0.016000000000076398	states																			"          state_name
id                  
1   sending_trialnum"
1450.247303	0.0004999999998744897	states																			"        state_name
id                
3   wait_for_cpoke"
1450.247803	3.1159999999999854	states																			"            state_name
id                    
4   wait_for_cpoke_dir"
1453.363803	0.0015000000000782165	states																			"     state_name
id             
6   nic_prestim"
1453.365303	0.0005009999999856518	states																			"   state_name
id           
7       cpoke"
1453.365804	1.399515000000065	states																			"   state_name
id           
8    cpoke_in"
1454.765319	0.13199999999983447	states																			"       state_name
id               
10  wait_for_cout"
1454.897319	0.3549840000000586	states																			"        state_name
id                
11  wait_for_spoke"
1455.252303	0.0005009999999856518	states																			"   state_name
id           
12  hit_state"
1455.252804	0.18950599999993756	states																			"    state_name
id            
13  hit_state2"
1455.44231	0.003493000000162283	states																			"        state_name
id                
18  clean_up_state"
1455.445803	0.6620009999999183	states																			"                state_name
id                        
2   check_next_trial_ready"
1456.108303	5.551500000000033	trials	0.0	0.0	5.0	2.0	1.0	1.0	0.15	-2.5	2.5	6500.0	14200.0	1.0	l	d	1.0	-2.5	2.5	1.0	
1456.108303	5.551500000000033	states																			"   state_name
id           
0     state_0"
1456.108303	0.016000999999960186	states																			"          state_name
id                  
1   sending_trialnum"
1456.124304	0.0004989999999907013	states																			"        state_name
id                
3   wait_for_cpoke"
1456.124803	2.6080010000000584	states																			"            state_name
id                    
4   wait_for_cpoke_dir"
1458.732804	0.0010139999999410065	states																			"     state_name
id             
6   nic_prestim"
1458.733818	0.0004930000000058499	states																			"   state_name
id           
7       cpoke"
1458.734311	1.3779920000001766	states																			"   state_name
id           
8    cpoke_in"
1460.112303	0.021999999999934516	states																			"   state_name
id           
9   cpoke_out"
1460.134303	0.0004999999998744897	states																			"       state_name
id               
10  wait_for_cout"
1460.134803	0.5009999999999764	states																			"        state_name
id                
11  wait_for_spoke"
1460.635803	0.0005010000002130255	states																			"   state_name
id           
12  hit_state"
1460.636304	0.1819989999999052	states																			"    state_name
id            
13  hit_state2"
1460.818303	0.003500000000030923	states																			"        state_name
id                
18  clean_up_state"
1460.821803	0.8379999999999654	states																			"                state_name
id                        
2   check_next_trial_ready"
1461.660303	5.766500999999835	trials	0.0	0.0	5.0	2.0	1.0	1.0	0.15	4.0	1.0	6500.0	14200.0	1.0	r	d	0.0	4.0	1.0	1.0	
1461.660303	5.766500999999835	states																			"   state_name
id           
0     state_0"
1461.660303	0.01601499999992484	states																			"          state_name
id                  
1   sending_trialnum"
1461.676318	0.0004910000000108994	states																			"        state_name
id                
3   wait_for_cpoke"
1461.676809	2.193008999999847	states																			"            state_name
id                    
4   wait_for_cpoke_dir"
1463.869818	0.001485000000002401	states																			"     state_name
id             
6   nic_prestim"
1463.871303	0.0005000000001018634	states																			"   state_name
id           
7       cpoke"
1463.871803	1.400000000000091	states																			"   state_name
id           
8    cpoke_in"
1465.271803	0.21349999999983993	states																			"       state_name
id               
10  wait_for_cout"
1465.485303	0.35149999999998727	states																			"        state_name
id                
11  wait_for_spoke"
1465.836803	0.0005009999999856518	states																			"   state_name
id           
12  hit_state"
1465.837304	0.17349899999999252	states																			"    state_name
id            
13  hit_state2"
1466.010803	0.0035110000001168373	states																			"        state_name
id                
18  clean_up_state"
1466.014314	1.4124899999999343	states																			"                state_name
id                        
2   check_next_trial_ready"
1467.427309	4.534994000000097	trials	0.0	0.0	5.0	2.0	1.0	1.0	0.15	-2.5	4.0	6500.0	14200.0	1.0	l	d	1.0	-2.5	4.0	1.0	
1467.427309	4.534994000000097	states																			"   state_name
id           
0     state_0"
1467.427309	0.01601000000005115	states																			"          state_name
id                  
1   sending_trialnum"
1467.443319	0.0004910000000108994	states																			"        state_name
id                
3   wait_for_cpoke"
1467.44381	1.7014930000000277	states																			"            state_name
id                    
4   wait_for_cpoke_dir"
1469.145303	0.0010010000000875152	states																			"     state_name
id             
6   nic_prestim"
1469.146304	0.0004999999998744897	states																			"   state_name
id           
7       cpoke"
1469.146804	1.3999989999999798	states																			"   state_name
id           
8    cpoke_in"
1470.546803	0.0805000000000291	states																			"       state_name
id               
10  wait_for_cout"
1470.627303	0.31950000000006185	states																			"        state_name
id                
11  wait_for_spoke"
1470.946803	0.0005019999998694402	states																			"   state_name
id           
12  hit_state"
1470.947305	0.18299900000010894	states																			"    state_name
id            
13  hit_state2"
1471.130304	0.0034989999999197607	states																			"        state_name
id                
18  clean_up_state"
1471.133803	0.8285000000000764	states																			"                state_name
id                        
2   check_next_trial_ready"
1471.962803	8.899000999999998	trials	0.0	0.0	5.0	2.0	1.0	1.0	0.15	-4.0	2.5	6500.0	14200.0	0.0	l	d	1.0	-4.0	2.5	2.0	
1471.962803	8.899000999999998	states																			"   state_name
id           
0     state_0"
1471.962803	0.016016000000036	states																			"          state_name
id                  
1   sending_trialnum"
1471.978819	0.0004950000000008004	states																			"        state_name
id                
3   wait_for_cpoke"
1471.979314	2.990489000000025	states																			"            state_name
id                    
4   wait_for_cpoke_dir"
1474.969803	0.0009999999999763531	states																			"     state_name
id             
6   nic_prestim"
1474.970803	0.0005000000001018634	states																			"   state_name
id           
7       cpoke"
1474.971303	1.3505149999998594	states																			"   state_name
id           
8    cpoke_in"
1476.321818	0.04899100000011458	states																			"   state_name
id           
9   cpoke_out"
1476.370809	0.0004939999998896383	states																			"       state_name
id               
10  wait_for_cout"
1476.371303	0.47050000000012915	states																			"        state_name
id                
11  wait_for_spoke"
1476.841803	4.016501000000062	states																			"     state_name
id             
14  error_state"
1480.858304	0.003499999999803549	states																			"        state_name
id                
18  clean_up_state"
1480.862303	3.6714999999999236	trials	0.0	0.0	5.0	2.0	1.0	1.0	0.15	-4.0	2.5	6500.0	14200.0	1.0	l	d	1.0	-4.0	2.5	1.0	
1480.862303	3.6714999999999236	states																			"   state_name
id           
0     state_0"
1480.862303	0.016000999999960186	states																			"          state_name
id                  
1   sending_trialnum"
1480.878304	0.0004999999998744897	states																			"        state_name
id                
3   wait_for_cpoke"
1480.878804	0.8675080000000435	states																			"            state_name
id                    
4   wait_for_cpoke_dir"
1481.746312	0.0014920000000984146	states																			"     state_name
id             
6   nic_prestim"
1481.747804	0.0004989999999907013	states																			"   state_name
id           
7       cpoke"
1481.748303	1.3835149999999885	states																			"   state_name
id           
8    cpoke_in"
1483.131818	0.016484999999875072	states																			"   state_name
id           
9   cpoke_out"
1483.148303	0.0005009999999856518	states																			"       state_name
id               
10  wait_for_cout"
1483.148804	0.491999000000078	states																			"        state_name
id                
11  wait_for_spoke"
1483.640803	0.0005009999999856518	states																			"   state_name
id           
12  hit_state"
1483.641304	0.18149900000003072	states																			"    state_name
id            
13  hit_state2"
1483.822803	0.0035009999999147112	states																			"        state_name
id                
18  clean_up_state"
1483.826304	0.707499000000098	states																			"                state_name
id                        
2   check_next_trial_ready"
1484.534303	5.2000070000001415	trials	0.0	0.0	5.0	2.0	1.0	1.0	0.15	-2.5	-2.5	6500.0	14200.0	1.0	l	d	0.0	-2.5	-2.5	1.0	
1484.534303	5.2000070000001415	states																			"   state_name
id           
0     state_0"
1484.534303	0.01600500000017746	states																			"          state_name
id                  
1   sending_trialnum"
1484.550308	0.0004959999998845888	states																			"        state_name
id                
3   wait_for_cpoke"
1484.550804	2.5475000000001273	states																			"            state_name
id                    
4   wait_for_cpoke_dir"
1487.098304	0.0014999999998508429	states																			"     state_name
id             
6   nic_prestim"
1487.099804	0.0005080000000816653	states																			"   state_name
id           
7       cpoke"
1487.100312	1.3679919999999584	states																			"   state_name
id           
8    cpoke_in"
1488.468304	0.03150400000004083	states																			"   state_name
id           
9   cpoke_out"
1488.499808	0.0005049999999755528	states																			"       state_name
id               
10  wait_for_cout"
1488.500313	0.37249100000008184	states																			"        state_name
id                
11  wait_for_spoke"
1488.872804	0.0004999999998744897	states																			"   state_name
id           
12  hit_state"
1488.873304	0.17650000000003274	states																			"    state_name
id            
13  hit_state2"
1489.049804	0.0034989999999197607	states																			"        state_name
id                
18  clean_up_state"
1489.053303	0.681007000000136	states																			"                state_name
id                        
2   check_next_trial_ready"
1489.734803	8.52299999999991	trials	0.0	0.0	5.0	2.0	1.0	1.0	0.15	4.0	-4.0	6500.0	14200.0	0.0	r	d	1.0	4.0	-4.0	2.0	
1489.734803	8.52299999999991	states																			"   state_name
id           
0     state_0"
1489.734803	0.016000999999960186	states																			"          state_name
id                  
1   sending_trialnum"
1489.750804	0.0005049999999755528	states																			"        state_name
id                
3   wait_for_cpoke"
1489.751309	2.345994000000019	states																			"            state_name
id                    
4   wait_for_cpoke_dir"
1492.097303	0.0009999999999763531	states																			"     state_name
id             
6   nic_prestim"
1492.098303	0.0005009999999856518	states																			"   state_name
id           
7       cpoke"
1492.098804	1.399499999999989	states																			"   state_name
id           
8    cpoke_in"
1493.498304	0.07100000000014006	states																			"       state_name
id               
10  wait_for_cout"
1493.569304	0.5649989999999434	states																			"        state_name
id                
11  wait_for_spoke"
1494.134303	4.119999999999891	states																			"     state_name
id             
14  error_state"
1498.254303	0.003500000000030923	states																			"        state_name
id                
18  clean_up_state"
1498.258303	9.765000999999984	trials	0.0	0.0	5.0	2.0	1.0	1.0	0.15	2.5	4.0	6500.0	14200.0	0.0	r	d	0.0	2.5	4.0	2.0	
1498.258303	9.765000999999984	states																			"   state_name
id           
0     state_0"
1498.258303	0.016000999999960186	states																			"          state_name
id                  
1   sending_trialnum"
1498.274304	0.0004999999998744897	states																			"        state_name
id                
3   wait_for_cpoke"
1498.274804	4.012515000000121	states																			"            state_name
id                    
4   wait_for_cpoke_dir"
1502.287319	0.001485000000002401	states																			"     state_name
id             
6   nic_prestim"
1502.288804	0.0004999999998744897	states																			"   state_name
id           
7       cpoke"
1502.289304	1.3999990000002072	states																			"   state_name
id           
8    cpoke_in"
1503.689303	0.2424999999998363	states																			"       state_name
id               
10  wait_for_cout"
1503.931803	0.2799999999999727	states																			"        state_name
id                
11  wait_for_spoke"
1504.211803	3.808001000000104	states																			"     state_name
id             
14  error_state"
1508.019804	0.003500000000030923	states																			"        state_name
id                
18  clean_up_state"
1508.023803	17.158500000000004	trials	0.0	0.0	5.0	2.0	1.0	1.0	0.15	2.5	-2.5	6500.0	14200.0	0.0	r	d	1.0	2.5	-2.5	2.0	
1508.023803	17.158500000000004	states																			"   state_name
id           
0     state_0"
1508.023803	0.01601499999992484	states																			"          state_name
id                  
1   sending_trialnum"
1508.039818	0.0004910000000108994	states																			"        state_name
id                
3   wait_for_cpoke"
1508.040309	11.187000000000126	states																			"            state_name
id                    
4   wait_for_cpoke_dir"
1519.227309	0.0014939999998659914	states																			"     state_name
id             
6   nic_prestim"
1519.228803	0.0005000000001018634	states																			"   state_name
id           
7       cpoke"
1519.229303	1.3995009999998729	states																			"   state_name
id           
8    cpoke_in"
1520.628804	0.18699900000001435	states																			"       state_name
id               
10  wait_for_cout"
1520.815803	0.2745119999999588	states																			"        state_name
id                
11  wait_for_spoke"
1521.090315	4.0884990000001835	states																			"     state_name
id             
14  error_state"
1525.178814	0.0034889999999450083	states																			"        state_name
id                
18  clean_up_state"
1525.182803	4.835501000000022	trials	0.0	0.0	5.0	2.0	1.0	1.0	0.15	-2.5	4.0	6500.0	14200.0	1.0	l	d	1.0	-2.5	4.0	1.0	
1525.182803	4.835501000000022	states																			"   state_name
id           
0     state_0"
1525.182803	0.016000000000076398	states																			"          state_name
id                  
1   sending_trialnum"
1525.198803	0.0005009999999856518	states																			"        state_name
id                
3   wait_for_cpoke"
1525.199304	0.6985039999999572	states																			"            state_name
id                    
4   wait_for_cpoke_dir"
1525.897808	0.0010010000000875152	states																			"     state_name
id             
6   nic_prestim"
1525.898809	0.0004939999998896383	states																			"   state_name
id           
7       cpoke"
1525.899303	1.399505999999974	states																			"   state_name
id           
8    cpoke_in"
1527.298809	0.08699400000000423	states																			"       state_name
id               
10  wait_for_cout"
1527.385803	0.5105010000002039	states																			"        state_name
id                
11  wait_for_spoke"
1527.896304	0.0004999999998744897	states																			"   state_name
id           
12  hit_state"
1527.896804	0.16499900000007983	states																			"    state_name
id            
13  hit_state2"
1528.061803	0.0035009999999147112	states																			"        state_name
id                
18  clean_up_state"
1528.065304	1.9529999999999745	states																			"                state_name
id                        
2   check_next_trial_ready"
1530.018803	6.788506000000098	trials	0.0	0.0	5.0	2.0	1.0	1.0	0.15	-4.0	1.0	6500.0	14200.0	0.0	l	d	1.0	-4.0	1.0	2.0	
1530.018803	6.788506000000098	states																			"   state_name
id           
0     state_0"
1530.018803	0.016000999999960186	states																			"          state_name
id                  
1   sending_trialnum"
1530.034804	0.0005050000002029265	states																			"        state_name
id                
3   wait_for_cpoke"
1530.035309	0.6174999999998363	states																			"            state_name
id                    
4   wait_for_cpoke_dir"
1530.652809	0.0014949999999771535	states																			"     state_name
id             
6   nic_prestim"
1530.654304	0.0004989999999907013	states																			"   state_name
id           
7       cpoke"
1530.654803	0.03000000000020009	states																			"   state_name
id           
8    cpoke_in"
1530.684803	0.03850699999998142	states																			"   state_name
id           
9   cpoke_out"
1530.72331	1.3314929999999094	states																			"   state_name
id           
8    cpoke_in"
1532.054803	0.3550000000000182	states																			"       state_name
id               
10  wait_for_cout"
1532.409803	0.32999999999992724	states																			"        state_name
id                
11  wait_for_spoke"
1532.739803	4.064000000000078	states																			"     state_name
id             
14  error_state"
1536.803803	0.0035060000000157743	states																			"        state_name
id                
18  clean_up_state"
1536.807803	123.02050000000008	trials	0.0	0.0	5.0	2.0	1.0	1.0	0.15	2.5	1.0	6500.0	14200.0		r	d	0.0	2.5	1.0	4.0	
1536.807803	123.02050000000008	states																			"   state_name
id           
0     state_0"
1536.807803	0.01600100000018756	states																			"          state_name
id                  
1   sending_trialnum"
1536.823804	0.0004999999998744897	states																			"        state_name
id                
3   wait_for_cpoke"
1536.824304	120.00001399999996	states																			"            state_name
id                    
4   wait_for_cpoke_dir"
1656.824318	3.000485000000026	states																			"       state_name
id               
17  timeout_state"
1659.824803	0.003500000000030923	states																			"        state_name
id                
18  clean_up_state"
1659.828803	29.167500999999902	trials	0.0	0.0	5.0	2.0	1.0	1.0	0.15	-2.5	1.0	6500.0	14200.0	1.0	l	d	1.0	-2.5	1.0	1.0	
1659.828803	29.167500999999902	states																			"   state_name
id           
0     state_0"
1659.828803	0.016000999999960186	states																			"          state_name
id                  
1   sending_trialnum"
1659.844804	0.0005049999999755528	states																			"        state_name
id                
3   wait_for_cpoke"
1659.845309	26.471493999999893	states																			"            state_name
id                    
4   wait_for_cpoke_dir"
1686.316803	0.0010010000000875152	states																			"     state_name
id             
6   nic_prestim"
1686.317804	0.0005080000000816653	states																			"   state_name
id           
7       cpoke"
1686.318312	1.347490999999991	states																			"   state_name
id           
8    cpoke_in"
1687.665803	0.05201499999998305	states																			"   state_name
id           
9   cpoke_out"
1687.717818	0.0004939999998896383	states																			"       state_name
id               
10  wait_for_cout"
1687.718312	0.36449199999992743	states																			"        state_name
id                
11  wait_for_spoke"
1688.082804	0.0004989999999907013	states																			"   state_name
id           
12  hit_state"
1688.083303	0.1600060000000667	states																			"    state_name
id            
13  hit_state2"
1688.243309	0.0034950000001572334	states																			"        state_name
id                
18  clean_up_state"
1688.246804	0.7494999999998981	states																			"                state_name
id                        
2   check_next_trial_ready"
1688.996803	3.774499999999989	trials	0.0	0.0	5.0	2.0	1.0	1.0	0.15	-2.5	-1.0	6500.0	14200.0	1.0	l	d	0.0	-2.5	-1.0	1.0	
1688.996803	3.774499999999989	states																			"   state_name
id           
0     state_0"
1688.996803	0.016000000000076398	states																			"          state_name
id                  
1   sending_trialnum"
1689.012803	0.0004999999998744897	states																			"        state_name
id                
3   wait_for_cpoke"
1689.013303	1.3700000000001182	states																			"            state_name
id                    
4   wait_for_cpoke_dir"
1690.383303	0.0010009999998601415	states																			"     state_name
id             
6   nic_prestim"
1690.384304	0.0004989999999907013	states																			"   state_name
id           
7       cpoke"
1690.384803	1.3935010000000148	states																			"   state_name
id           
8    cpoke_in"
1691.778304	0.006010000000060245	states																			"   state_name
id           
9   cpoke_out"
1691.784314	0.0004899999998997373	states																			"       state_name
id               
10  wait_for_cout"
1691.784804	0.29349900000011075	states																			"        state_name
id                
11  wait_for_spoke"
1692.078303	0.0005009999999856518	states																			"   state_name
id           
12  hit_state"
1692.078804	0.15750000000002728	states																			"    state_name
id            
13  hit_state2"
1692.236304	0.0034989999999197607	states																			"        state_name
id                
18  clean_up_state"
1692.239803	0.5315000000000509	states																			"                state_name
id                        
2   check_next_trial_ready"
1692.771803	4.171499999999924	trials	0.0	0.0	5.0	2.0	1.0	1.0	0.15	4.0	-1.0	6500.0	14200.0	1.0	r	d	1.0	4.0	-1.0	1.0	
1692.771803	4.171499999999924	states																			"   state_name
id           
0     state_0"
1692.771803	0.015999999999849024	states																			"          state_name
id                  
1   sending_trialnum"
1692.787803	0.0005000000001018634	states																			"        state_name
id                
3   wait_for_cpoke"
1692.788303	1.4929999999999382	states																			"            state_name
id                    
4   wait_for_cpoke_dir"
1694.281303	0.0010010000000875152	states																			"     state_name
id             
6   nic_prestim"
1694.282304	0.0004999999998744897	states																			"   state_name
id           
7       cpoke"
1694.282804	1.3995099999999638	states																			"   state_name
id           
8    cpoke_in"
1695.682314	0.06550400000014633	states																			"       state_name
id               
10  wait_for_cout"
1695.747818	0.2719849999998587	states																			"        state_name
id                
11  wait_for_spoke"
1696.019803	0.0005000000001018634	states																			"   state_name
id           
12  hit_state"
1696.020303	0.19751500000006672	states																			"    state_name
id            
13  hit_state2"
1696.217818	0.0034849999999551073	states																			"        state_name
id                
18  clean_up_state"
1696.221303	0.72199999999998	states																			"                state_name
id                        
2   check_next_trial_ready"
1696.943803	11.42750100000012	trials	0.0	0.0	5.0	2.0	1.0	1.0	0.15	-4.0	2.5	6500.0	14200.0	1.0	l	d	1.0	-4.0	2.5	1.0	
1696.943803	11.42750100000012	states																			"   state_name
id           
0     state_0"
1696.943803	0.016015000000152213	states																			"          state_name
id                  
1   sending_trialnum"
1696.959818	0.0004950000000008004	states																			"        state_name
id                
3   wait_for_cpoke"
1696.960313	8.736989999999878	states																			"            state_name
id                    
4   wait_for_cpoke_dir"
1705.697303	0.0015000000000782165	states																			"     state_name
id             
6   nic_prestim"
1705.698803	0.0005009999999856518	states																			"   state_name
id           
7       cpoke"
1705.699304	1.399499999999989	states																			"   state_name
id           
8    cpoke_in"
1707.098804	0.17051500000002306	states																			"       state_name
id               
10  wait_for_cout"
1707.269319	0.3504840000000513	states																			"        state_name
id                
11  wait_for_spoke"
1707.619803	0.0005009999999856518	states																			"   state_name
id           
12  hit_state"
1707.620304	0.15949899999986883	states																			"    state_name
id            
13  hit_state2"
1707.779803	0.003501000000142085	states																			"        state_name
id                
18  clean_up_state"
1707.783304	0.5879999999999654	states																			"                state_name
id                        
2   check_next_trial_ready"
1708.371803	5.182499999999891	trials	0.0	0.0	5.0	2.0	1.0	1.0	0.15	2.5	4.0	6500.0	14200.0	1.0	r	d	0.0	2.5	4.0	1.0	
1708.371803	5.182499999999891	states																			"   state_name
id           
0     state_0"
1708.371803	0.016000000000076398	states																			"          state_name
id                  
1   sending_trialnum"
1708.387803	0.0005009999999856518	states																			"        state_name
id                
3   wait_for_cpoke"
1708.388304	2.7345060000000103	states																			"            state_name
id                    
4   wait_for_cpoke_dir"
1711.12281	0.001492999999982203	states																			"     state_name
id             
6   nic_prestim"
1711.124303	0.0004999999998744897	states																			"   state_name
id           
7       cpoke"
1711.124803	1.3134999999999764	states																			"   state_name
id           
8    cpoke_in"
1712.438303	0.08650099999999838	states																			"   state_name
id           
9   cpoke_out"
1712.524804	0.0005150000001776789	states																			"       state_name
id               
10  wait_for_cout"
1712.525319	0.2599999999999909	states																			"        state_name
id                
11  wait_for_spoke"
1712.785319	0.0004999999998744897	states																			"   state_name
id           
12  hit_state"
1712.785819	0.19448400000010224	states																			"    state_name
id            
13  hit_state2"
1712.980303	0.003500000000030923	states																			"        state_name
id                
18  clean_up_state"
1712.983803	0.5704999999998108	states																			"                state_name
id                        
2   check_next_trial_ready"
1713.554803	10.435015000000021	trials	0.0	0.0	5.0	2.0	1.0	1.0	0.15	-2.5	4.0	6500.0	14200.0	0.0	l	d	1.0	-2.5	4.0	2.0	
1713.554803	10.435015000000021	states																			"   state_name
id           
0     state_0"
1713.554803	0.016000000000076398	states																			"          state_name
id                  
1   sending_trialnum"
1713.570803	0.0004999999998744897	states																			"        state_name
id                
3   wait_for_cpoke"
1713.571303	4.426000000000158	states																			"            state_name
id                    
4   wait_for_cpoke_dir"
1717.997303	0.0009999999999763531	states																			"     state_name
id             
6   nic_prestim"
1717.998303	0.0005029999999806023	states																			"   state_name
id           
7       cpoke"
1717.998806	1.399496999999883	states																			"   state_name
id           
8    cpoke_in"
1719.398303	0.22250000000008185	states																			"       state_name
id               
10  wait_for_cout"
1719.620803	0.34149999999999636	states																			"        state_name
id                
11  wait_for_spoke"
1719.962303	4.024006999999983	states																			"     state_name
id             
14  error_state"
1723.98631	0.0035080000000107248	states																			"        state_name
id                
18  clean_up_state"
1723.990303	17.836000999999897	trials	0.0	0.0	5.0	2.0	1.0	1.0	0.15	2.5	2.5	6500.0	14200.0	1.0	r	d	0.0	2.5	2.5	1.0	
1723.990303	17.836000999999897	states																			"   state_name
id           
0     state_0"
1723.990303	0.015999999999849024	states																			"          state_name
id                  
1   sending_trialnum"
1724.006303	0.0005010000002130255	states																			"        state_name
id                
3   wait_for_cpoke"
1724.006804	15.154998999999862	states																			"            state_name
id                    
4   wait_for_cpoke_dir"
1739.161803	0.0009999999999763531	states																			"     state_name
id             
6   nic_prestim"
1739.162803	0.0005000000001018634	states																			"   state_name
id           
7       cpoke"
1739.163303	1.3995009999998729	states																			"   state_name
id           
8    cpoke_in"
1740.562804	0.1294990000001235	states																			"       state_name
id               
10  wait_for_cout"
1740.692303	0.31549999999992906	states																			"        state_name
id                
11  wait_for_spoke"
1741.007803	0.0005000000001018634	states																			"   state_name
id           
12  hit_state"
1741.008303	0.1834999999998672	states																			"    state_name
id            
13  hit_state2"
1741.191803	0.003501000000142085	states																			"        state_name
id                
18  clean_up_state"
1741.195304	0.6309999999998581	states																			"                state_name
id                        
2   check_next_trial_ready"
1741.826803	4.879501000000118	trials	0.0	0.0	5.0	2.0	1.0	1.0	0.15	4.0	-4.0	6500.0	14200.0	1.0	r	d	1.0	4.0	-4.0	1.0	
1741.826803	4.879501000000118	states																			"   state_name
id           
0     state_0"
1741.826803	0.016000999999960186	states																			"          state_name
id                  
1   sending_trialnum"
1741.842804	0.0005000000001018634	states																			"        state_name
id                
3   wait_for_cpoke"
1741.843304	2.2424989999999525	states																			"            state_name
id                    
4   wait_for_cpoke_dir"
1744.085803	0.001500999999962005	states																			"     state_name
id             
6   nic_prestim"
1744.087304	0.0005140000000665168	states																			"   state_name
id           
7       cpoke"
1744.087818	1.399501999999984	states																			"   state_name
id           
8    cpoke_in"
1745.48732	0.04998300000011113	states																			"       state_name
id               
10  wait_for_cout"
1745.537303	0.2295010000000275	states																			"        state_name
id                
11  wait_for_spoke"
1745.766804	0.0004999999998744897	states																			"   state_name
id           
12  hit_state"
1745.767304	0.1855000000000473	states																			"    state_name
id            
13  hit_state2"
1745.952804	0.003500000000030923	states																			"        state_name
id                
18  clean_up_state"
1745.956304	0.75	states																			"                state_name
id                        
2   check_next_trial_ready"
1746.706803	5.09150099999988	trials	0.0	0.0	5.0	2.0	1.0	1.0	0.15	-4.0	2.5	6500.0	14200.0	1.0	l	d	1.0	-4.0	2.5	1.0	
1746.706803	5.09150099999988	states																			"   state_name
id           
0     state_0"
1746.706803	0.01600600000006125	states																			"          state_name
id                  
1   sending_trialnum"
1746.722809	0.0004950000000008004	states																			"        state_name
id                
3   wait_for_cpoke"
1746.723304	1.853007999999818	states																			"            state_name
id                    
4   wait_for_cpoke_dir"
1748.576312	0.0014920000000984146	states																			"     state_name
id             
6   nic_prestim"
1748.577804	0.0004989999999907013	states																			"   state_name
id           
7       cpoke"
1748.578303	0.9764999999999873	states																			"   state_name
id           
8    cpoke_in"
1749.554803	0.019000000000005457	states																			"   state_name
id           
9   cpoke_out"
1749.573803	0.13550000000009277	states																			"   state_name
id           
8    cpoke_in"
1749.709303	0.022499999999809006	states																			"   state_name
id           
9   cpoke_out"
1749.731803	0.16000000000008185	states																			"   state_name
id           
8    cpoke_in"
1749.891803	0.0865000000001146	states																			"   state_name
id           
9   cpoke_out"
1749.978303	0.0004999999998744897	states																			"       state_name
id               
10  wait_for_cout"
1749.978803	0.24400100000002567	states																			"        state_name
id                
11  wait_for_spoke"
1750.222804	0.0004989999999907013	states																			"   state_name
id           
12  hit_state"
1750.223303	0.17400100000008933	states																			"    state_name
id            
13  hit_state2"
1750.397304	0.0034989999999197607	states																			"        state_name
id                
18  clean_up_state"
1750.400803	1.3975009999999202	states																			"                state_name
id                        
2   check_next_trial_ready"
1751.798803	4.457501000000093	trials	0.0	0.0	5.0	2.0	1.0	1.0	0.15	2.5	-1.0	6500.0	14200.0	1.0	r	d	1.0	2.5	-1.0	1.0	
1751.798803	4.457501000000093	states																			"   state_name
id           
0     state_0"
1751.798803	0.016000000000076398	states																			"          state_name
id                  
1   sending_trialnum"
1751.814803	0.0005000000001018634	states																			"        state_name
id                
3   wait_for_cpoke"
1751.815303	1.0035009999999147	states																			"            state_name
id                    
4   wait_for_cpoke_dir"
1752.818804	0.0014989999999670545	states																			"     state_name
id             
6   nic_prestim"
1752.820303	0.0005009999999856518	states																			"   state_name
id           
7       cpoke"
1752.820804	1.399499999999989	states																			"   state_name
id           
8    cpoke_in"
1754.220304	0.18400199999996403	states																			"       state_name
id               
10  wait_for_cout"
1754.404306	0.47649700000010853	states																			"        state_name
id                
11  wait_for_spoke"
1754.880803	0.0004999999998744897	states																			"   state_name
id           
12  hit_state"
1754.881303	0.18150100000002567	states																			"    state_name
id            
13  hit_state2"
1755.062804	0.003500000000030923	states																			"        state_name
id                
18  clean_up_state"
1755.066304	1.1900000000000546	states																			"                state_name
id                        
2   check_next_trial_ready"
1756.256803	4.88149999999996	trials	0.0	0.0	5.0	2.0	1.0	1.0	0.15	4.0	4.0	6500.0	14200.0	1.0	r	d	0.0	4.0	4.0	1.0	
1756.256803	4.88149999999996	states																			"   state_name
id           
0     state_0"
1756.256803	0.016000000000076398	states																			"          state_name
id                  
1   sending_trialnum"
1756.272803	0.0005009999999856518	states																			"        state_name
id                
3   wait_for_cpoke"
1756.273304	1.982998999999836	states																			"            state_name
id                    
4   wait_for_cpoke_dir"
1758.256303	0.0010010000000875152	states																			"     state_name
id             
6   nic_prestim"
1758.257304	0.0005040000000917644	states																			"   state_name
id           
7       cpoke"
1758.257808	1.3999949999999899	states																			"   state_name
id           
8    cpoke_in"
1759.657803	0.10299999999983811	states																			"       state_name
id               
10  wait_for_cout"
1759.760803	0.4320060000000012	states																			"        state_name
id                
11  wait_for_spoke"
1760.192809	0.000494000000117012	states																			"   state_name
id           
12  hit_state"
1760.193303	0.17801600000007056	states																			"    state_name
id            
13  hit_state2"
1760.371319	0.0034839999998439453	states																			"        state_name
id                
18  clean_up_state"
1760.374803	0.7635000000000218	states																			"                state_name
id                        
2   check_next_trial_ready"
1761.138803	5.210499999999911	trials	0.0	0.0	5.0	2.0	1.0	1.0	0.15	4.0	2.5	6500.0	14200.0	1.0	r	d	0.0	4.0	2.5	1.0	
1761.138803	5.210499999999911	states																			"   state_name
id           
0     state_0"
1761.138803	0.016000999999960186	states																			"          state_name
id                  
1   sending_trialnum"
1761.154804	0.0005149999999503052	states																			"        state_name
id                
3   wait_for_cpoke"
1761.155319	2.280993999999964	states																			"            state_name
id                    
4   wait_for_cpoke_dir"
1763.436313	0.0014900000001034641	states																			"     state_name
id             
6   nic_prestim"
1763.437803	0.0004999999998744897	states																			"   state_name
id           
7       cpoke"
1763.438303	1.159516000000167	states																			"   state_name
id           
8    cpoke_in"
1764.597819	0.011983999999984007	states																			"   state_name
id           
9   cpoke_out"
1764.609803	0.2279999999998381	states																			"   state_name
id           
8    cpoke_in"
1764.837803	0.4210000000000491	states																			"       state_name
id               
10  wait_for_cout"
1765.258803	0.17600000000015825	states																			"        state_name
id                
11  wait_for_spoke"
1765.434803	0.0004999999998744897	states																			"   state_name
id           
12  hit_state"
1765.435303	0.17350099999998747	states																			"    state_name
id            
13  hit_state2"
1765.608804	0.0034990000001471344	states																			"        state_name
id                
18  clean_up_state"
1765.612303	0.7369999999998527	states																			"                state_name
id                        
2   check_next_trial_ready"
1766.349803	8.065000999999938	trials	0.0	0.0	5.0	2.0	1.0	1.0	0.15	2.5	-4.0	6500.0	14200.0	0.0	r	d	1.0	2.5	-4.0	2.0	
1766.349803	8.065000999999938	states																			"   state_name
id           
0     state_0"
1766.349803	0.015999999999849024	states																			"          state_name
id                  
1   sending_trialnum"
1766.365803	0.0005009999999856518	states																			"        state_name
id                
3   wait_for_cpoke"
1766.366304	2.1240000000000236	states																			"            state_name
id                    
4   wait_for_cpoke_dir"
1768.490304	0.0014989999999670545	states																			"     state_name
id             
6   nic_prestim"
1768.491803	0.0005000000001018634	states																			"   state_name
id           
7       cpoke"
1768.492303	1.3995050000000901	states																			"   state_name
id           
8    cpoke_in"
1769.891808	0.08199500000000626	states																			"       state_name
id               
10  wait_for_cout"
1769.973803	0.27701600000000326	states																			"        state_name
id                
11  wait_for_spoke"
1770.250819	4.1604849999998805	states																			"     state_name
id             
14  error_state"
1774.411304	0.003500000000030923	states																			"        state_name
id                
18  clean_up_state"
1774.415319	3.3734850000000733	trials	0.0	0.0	5.0	2.0	1.0	1.0	0.15	-4.0	1.0	6500.0	14200.0	1.0	l	d	1.0	-4.0	1.0	1.0	
1774.415319	3.3734850000000733	states																			"   state_name
id           
0     state_0"
1774.415319	0.015984000000116794	states																			"          state_name
id                  
1   sending_trialnum"
1774.431303	0.0005049999999755528	states																			"        state_name
id                
3   wait_for_cpoke"
1774.431808	0.66599999999994	states																			"            state_name
id                    
4   wait_for_cpoke_dir"
1775.097808	0.0010110000000622676	states																			"     state_name
id             
6   nic_prestim"
1775.098819	0.0004919999998946878	states																			"   state_name
id           
7       cpoke"
1775.099311	1.3729920000000675	states																			"   state_name
id           
8    cpoke_in"
1776.472303	0.026515999999901396	states																			"   state_name
id           
9   cpoke_out"
1776.498819	0.0004920000001220615	states																			"       state_name
id               
10  wait_for_cout"
1776.499311	0.42449199999987286	states																			"        state_name
id                
11  wait_for_spoke"
1776.923803	0.0005000000001018634	states																			"   state_name
id           
12  hit_state"
1776.924303	0.17900600000007216	states																			"    state_name
id            
13  hit_state2"
1777.103309	0.003500000000030923	states																			"        state_name
id                
18  clean_up_state"
1777.106809	0.6819949999999153	states																			"                state_name
id                        
2   check_next_trial_ready"
1777.789303	4.8610009999999875	trials	0.0	0.0	5.0	2.0	1.0	1.0	0.15	2.5	4.0	6500.0	14200.0	1.0	r	d	0.0	2.5	4.0	1.0	
1777.789303	4.8610009999999875	states																			"   state_name
id           
0     state_0"
1777.789303	0.016016000000036	states																			"          state_name
id                  
1   sending_trialnum"
1777.805319	0.0004989999999907013	states																			"        state_name
id                
3   wait_for_cpoke"
1777.805818	1.9374849999999242	states																			"            state_name
id                    
4   wait_for_cpoke_dir"
1779.743303	0.0015000000000782165	states																			"     state_name
id             
6   nic_prestim"
1779.744803	0.0004999999998744897	states																			"   state_name
id           
7       cpoke"
1779.745303	1.399499999999989	states																			"   state_name
id           
8    cpoke_in"
1781.144803	0.19750100000010207	states																			"       state_name
id               
10  wait_for_cout"
1781.342304	0.3999989999999798	states																			"        state_name
id                
11  wait_for_spoke"
1781.742303	0.0005000000001018634	states																			"   state_name
id           
12  hit_state"
1781.742803	0.17499999999995453	states																			"    state_name
id            
13  hit_state2"
1781.917803	0.003500000000030923	states																			"        state_name
id                
18  clean_up_state"
1781.921303	0.7290009999999256	states																			"                state_name
id                        
2   check_next_trial_ready"
1782.650804	4.845499999999902	trials	0.0	0.0	5.0	2.0	1.0	1.0	0.15	-2.5	-2.5	6500.0	14200.0	1.0	l	d	0.0	-2.5	-2.5	1.0	
1782.650804	4.845499999999902	states																			"   state_name
id           
0     state_0"
1782.650804	0.015999999999849024	states																			"          state_name
id                  
1   sending_trialnum"
1782.666804	0.0004989999999907013	states																			"        state_name
id                
3   wait_for_cpoke"
1782.667303	2.0600010000000566	states																			"            state_name
id                    
4   wait_for_cpoke_dir"
1784.727304	0.0010059999999612046	states																			"     state_name
id             
6   nic_prestim"
1784.72831	0.0005089999999654538	states																			"   state_name
id           
7       cpoke"
1784.728819	1.3994950000001154	states																			"   state_name
id           
8    cpoke_in"
1786.128314	0.050989999999956126	states																			"       state_name
id               
10  wait_for_cout"
1786.179304	0.5919989999999871	states																			"        state_name
id                
11  wait_for_spoke"
1786.771303	0.0005009999999856518	states																			"   state_name
id           
12  hit_state"
1786.771804	0.17149900000003981	states																			"    state_name
id            
13  hit_state2"
1786.943303	0.003500000000030923	states																			"        state_name
id                
18  clean_up_state"
1786.946803	0.5495009999999638	states																			"                state_name
id                        
2   check_next_trial_ready"
1787.496803	7.567000999999891	trials	0.0	0.0	5.0	2.0	1.0	1.0	0.15	-4.0	-1.0	6500.0	14200.0		l	d	0.0	-4.0	-1.0	3.0	
1787.496803	7.567000999999891	states																			"   state_name
id           
0     state_0"
1787.496803	0.016016000000036	states																			"          state_name
id                  
1   sending_trialnum"
1787.512819	0.0004919999998946878	states																			"        state_name
id                
3   wait_for_cpoke"
1787.513311	2.1550019999999677	states																			"            state_name
id                    
4   wait_for_cpoke_dir"
1789.668313	0.0014900000001034641	states																			"     state_name
id             
6   nic_prestim"
1789.669803	0.0005129999999553547	states																			"   state_name
id           
7       cpoke"
1789.670316	1.289502000000084	states																			"   state_name
id           
8    cpoke_in"
1790.959818	0.09999999999990905	states																			"   state_name
id           
9   cpoke_out"
1791.059818	4.000485000000026	states																			"         state_name
id                 
16  nic_error_state"
1795.060303	0.0035009999999147112	states																			"        state_name
id                
18  clean_up_state"
1795.064303	2.8425009999998565	trials	0.0	0.0	5.0	2.0	1.0	1.0	0.15	-4.0	1.0	6500.0	14200.0	1.0	l	d	1.0	-4.0	1.0	1.0	
1795.064303	2.8425009999998565	states																			"   state_name
id           
0     state_0"
1795.064303	0.015999999999849024	states																			"          state_name
id                  
1   sending_trialnum"
1795.080303	0.0005009999999856518	states																			"        state_name
id                
3   wait_for_cpoke"
1795.080804	0.27450500000009015	states																			"            state_name
id                    
4   wait_for_cpoke_dir"
1795.355309	0.0014949999999771535	states																			"     state_name
id             
6   nic_prestim"
1795.356804	0.0005000000001018634	states																			"   state_name
id           
7       cpoke"
1795.357304	0.8169989999998961	states																			"   state_name
id           
8    cpoke_in"
1796.174303	0.010999999999967258	states																			"   state_name
id           
9   cpoke_out"
1796.185303	0.10000600000012128	states																			"   state_name
id           
8    cpoke_in"
1796.285309	0.06650899999999638	states																			"   state_name
id           
9   cpoke_out"
1796.351818	0.050985999999966225	states																			"   state_name
id           
8    cpoke_in"
1796.402804	0.058998999999857915	states																			"   state_name
id           
9   cpoke_out"
1796.461803	0.1065000000000964	states																			"   state_name
id           
8    cpoke_in"
1796.568303	0.08201000000008207	states																			"   state_name
id           
9   cpoke_out"
1796.650313	0.08048999999982698	states																			"   state_name
id           
8    cpoke_in"
1796.730803	0.026500000000169166	states																			"   state_name
id           
9   cpoke_out"
1796.757303	0.0004999999998744897	states																			"       state_name
id               
10  wait_for_cout"
1796.757803	0.4290160000000469	states																			"        state_name
id                
11  wait_for_spoke"
1797.186819	0.0004899999998997373	states																			"   state_name
id           
12  hit_state"
1797.187309	0.18000100000017483	states																			"    state_name
id            
13  hit_state2"
1797.36731	0.0034939999998186977	states																			"        state_name
id                
18  clean_up_state"
1797.370804	0.5360000000000582	states																			"                state_name
id                        
2   check_next_trial_ready"
1797.907303	7.765501000000086	trials	0.0	0.0	5.0	2.0	1.0	1.0	0.15	-2.5	4.0	6500.0	14200.0	0.0	l	d	1.0	-2.5	4.0	2.0	
1797.907303	7.765501000000086	states																			"   state_name
id           
0     state_0"
1797.907303	0.016000999999960186	states																			"          state_name
id                  
1   sending_trialnum"
1797.923304	0.0004989999999907013	states																			"        state_name
id                
3   wait_for_cpoke"
1797.923803	1.7425050000001647	states																			"            state_name
id                    
4   wait_for_cpoke_dir"
1799.666308	0.0014949999999771535	states																			"     state_name
id             
6   nic_prestim"
1799.667803	0.0004999999998744897	states																			"   state_name
id           
7       cpoke"
1799.668303	1.399499999999989	states																			"   state_name
id           
8    cpoke_in"
1801.067803	0.23099999999999454	states																			"       state_name
id               
10  wait_for_cout"
1801.298803	0.21850000000017644	states																			"        state_name
id                
11  wait_for_spoke"
1801.517303	4.1520009999999274	states																			"     state_name
id             
14  error_state"
1805.669304	0.003500000000030923	states																			"        state_name
id                
18  clean_up_state"
1805.673303	3.320504999999912	trials	0.0	0.0	5.0	2.0	1.0	1.0	0.15	4.0	2.5	6500.0	14200.0	1.0	r	d	0.0	4.0	2.5	1.0	
1805.673303	3.320504999999912	states																			"   state_name
id           
0     state_0"
1805.673303	0.016000999999960186	states																			"          state_name
id                  
1   sending_trialnum"
1805.689304	0.0004989999999907013	states																			"        state_name
id                
3   wait_for_cpoke"
1805.689803	0.46849999999994907	states																			"            state_name
id                    
4   wait_for_cpoke_dir"
1806.158303	0.0010059999999612046	states																			"     state_name
id             
6   nic_prestim"
1806.159309	0.0005090000001928274	states																			"   state_name
id           
7       cpoke"
1806.159818	1.3999850000000151	states																			"   state_name
id           
8    cpoke_in"
1807.559803	0.13150099999984377	states																			"       state_name
id               
10  wait_for_cout"
1807.691304	0.49749999999994543	states																			"        state_name
id                
11  wait_for_spoke"
1808.188804	0.0005000000001018634	states																			"   state_name
id           
12  hit_state"
1808.189304	0.17101200000001882	states																			"    state_name
id            
13  hit_state2"
1808.360316	0.00348800000006122	states																			"        state_name
id                
18  clean_up_state"
1808.363804	0.6300039999998717	states																			"                state_name
id                        
2   check_next_trial_ready"
1808.994305	7.724007000000029	trials	0.0	0.0	5.0	2.0	1.0	1.0	0.15	4.0	1.0	6500.0	14200.0	0.0	r	d	0.0	4.0	1.0	2.0	
1808.994305	7.724007000000029	states																			"   state_name
id           
0     state_0"
1808.994305	0.015998000000081447	states																			"          state_name
id                  
1   sending_trialnum"
1809.010303	0.0004999999998744897	states																			"        state_name
id                
3   wait_for_cpoke"
1809.010803	1.8530050000001665	states																			"            state_name
id                    
4   wait_for_cpoke_dir"
1810.863808	0.001495999999860942	states																			"     state_name
id             
6   nic_prestim"
1810.865304	0.0005000000001018634	states																			"   state_name
id           
7       cpoke"
1810.865804	1.3995049999998628	states																			"   state_name
id           
8    cpoke_in"
1812.265309	0.27850900000021284	states																			"       state_name
id               
10  wait_for_cout"
1812.543818	0.4429849999999078	states																			"        state_name
id                
11  wait_for_spoke"
1812.986803	3.7280000000000655	states																			"     state_name
id             
14  error_state"
1816.714803	0.003508999999894513	states																			"        state_name
id                
18  clean_up_state"
1816.718803	6.611014999999952	trials	0.0	0.0	5.0	2.0	1.0	1.0	0.15	-2.5	1.0	6500.0	14200.0	0.0	l	d	1.0	-2.5	1.0	2.0	
1816.718803	6.611014999999952	states																			"   state_name
id           
0     state_0"
1816.718803	0.016000999999960186	states																			"          state_name
id                  
1   sending_trialnum"
1816.734804	0.0005149999999503052	states																			"        state_name
id                
3   wait_for_cpoke"
1816.735319	0.39200000000005275	states																			"            state_name
id                    
4   wait_for_cpoke_dir"
1817.127319	0.0014840000001186127	states																			"     state_name
id             
6   nic_prestim"
1817.128803	0.0005009999999856518	states																			"   state_name
id           
7       cpoke"
1817.129304	1.399499999999989	states																			"   state_name
id           
8    cpoke_in"
1818.528804	0.39099899999996524	states																			"       state_name
id               
10  wait_for_cout"
1818.919803	0.2140150000000176	states																			"        state_name
id                
11  wait_for_spoke"
1819.133818	4.192491999999902	states																			"     state_name
id             
14  error_state"
1823.32631	0.0035080000000107248	states																			"        state_name
id                
18  clean_up_state"
1823.330303	3.7280009999999493	trials	0.0	0.0	5.0	2.0	1.0	1.0	0.15	-2.5	2.5	6500.0	14200.0	1.0	l	d	1.0	-2.5	2.5	1.0	
1823.330303	3.7280009999999493	states																			"   state_name
id           
0     state_0"
1823.330303	0.016000999999960186	states																			"          state_name
id                  
1   sending_trialnum"
1823.346304	0.0005000000001018634	states																			"        state_name
id                
3   wait_for_cpoke"
1823.346804	0.8525050000000647	states																			"            state_name
id                    
4   wait_for_cpoke_dir"
1824.199309	0.0014939999998659914	states																			"     state_name
id             
6   nic_prestim"
1824.200803	0.0005080000000816653	states																			"   state_name
id           
7       cpoke"
1824.201311	1.3994920000000093	states																			"   state_name
id           
8    cpoke_in"
1825.600803	0.3815079999999398	states																			"       state_name
id               
10  wait_for_cout"
1825.982311	0.3249980000000505	states																			"        state_name
id                
11  wait_for_spoke"
1826.307309	0.0004950000000008004	states																			"   state_name
id           
12  hit_state"
1826.307804	0.18350699999996323	states																			"    state_name
id            
13  hit_state2"
1826.491311	0.0035080000000107248	states																			"        state_name
id                
18  clean_up_state"
1826.494819	0.5634849999999005	states																			"                state_name
id                        
2   check_next_trial_ready"
1827.058803	5.174001000000089	trials	0.0	0.0	5.0	2.0	1.0	1.0	0.15	-2.5	-4.0	6500.0	14200.0	1.0	l	d	0.0	-2.5	-4.0	1.0	
1827.058803	5.174001000000089	states																			"   state_name
id           
0     state_0"
1827.058803	0.016000000000076398	states																			"          state_name
id                  
1   sending_trialnum"
1827.074803	0.0005009999999856518	states																			"        state_name
id                
3   wait_for_cpoke"
1827.075304	2.448513999999932	states																			"            state_name
id                    
4   wait_for_cpoke_dir"
1829.523818	0.001485000000002401	states																			"     state_name
id             
6   nic_prestim"
1829.525303	0.0005000000001018634	states																			"   state_name
id           
7       cpoke"
1829.525803	1.3630000000000564	states																			"   state_name
id           
8    cpoke_in"
1830.888803	0.03650100000004386	states																			"   state_name
id           
9   cpoke_out"
1830.925304	0.0005039999998643907	states																			"       state_name
id               
10  wait_for_cout"
1830.925808	0.4604990000000271	states																			"        state_name
id                
11  wait_for_spoke"
1831.386307	0.0004969999999957508	states																			"   state_name
id           
12  hit_state"
1831.386804	0.17299900000011803	states																			"    state_name
id            
13  hit_state2"
1831.559803	0.003499999999803549	states																			"        state_name
id                
18  clean_up_state"
1831.563303	0.6695010000000821	states																			"                state_name
id                        
2   check_next_trial_ready"
1832.233304	4.875999999999976	trials	0.0	0.0	5.0	2.0	1.0	1.0	0.15	2.5	4.0	6500.0	14200.0	1.0	r	d	0.0	2.5	4.0	1.0	
1832.233304	4.875999999999976	states																			"   state_name
id           
0     state_0"
1832.233304	0.016004999999950087	states																			"          state_name
id                  
1   sending_trialnum"
1832.249309	0.0004939999998896383	states																			"        state_name
id                
3   wait_for_cpoke"
1832.249803	1.962500000000091	states																			"            state_name
id                    
4   wait_for_cpoke_dir"
1834.212303	0.0009999999999763531	states																			"     state_name
id             
6   nic_prestim"
1834.213303	0.0005009999999856518	states																			"   state_name
id           
7       cpoke"
1834.213804	1.3994990000001053	states																			"   state_name
id           
8    cpoke_in"
1835.613303	0.30300099999999475	states																			"       state_name
id               
10  wait_for_cout"
1835.916304	0.2385150000000067	states																			"        state_name
id                
11  wait_for_spoke"
1836.154819	0.0004899999998997373	states																			"   state_name
id           
12  hit_state"
1836.155309	0.17299400000001697	states																			"    state_name
id            
13  hit_state2"
1836.328303	0.0035009999999147112	states																			"        state_name
id                
18  clean_up_state"
1836.331804	0.7775000000001455	states																			"                state_name
id                        
2   check_next_trial_ready"
1837.109803	8.471000000000004	trials	0.0	0.0	5.0	2.0	1.0	1.0	0.15	4.0	-2.5	6500.0	14200.0	0.0	r	d	1.0	4.0	-2.5	2.0	
1837.109803	8.471000000000004	states																			"   state_name
id           
0     state_0"
1837.109803	0.01601499999992484	states																			"          state_name
id                  
1   sending_trialnum"
1837.125818	0.00048599999990983633	states																			"        state_name
id                
3   wait_for_cpoke"
1837.126304	2.481000000000222	states																			"            state_name
id                    
4   wait_for_cpoke_dir"
1839.607304	0.0014989999999670545	states																			"     state_name
id             
6   nic_prestim"
1839.608803	0.0004999999998744897	states																			"   state_name
id           
7       cpoke"
1839.609303	1.3990000000001146	states																			"   state_name
id           
8    cpoke_in"
1841.008303	0.0009999999999763531	states																			"   state_name
id           
9   cpoke_out"
1841.009303	0.0005149999999503052	states																			"       state_name
id               
10  wait_for_cout"
1841.009818	0.2549859999999171	states																			"        state_name
id                
11  wait_for_spoke"
1841.264804	4.312499000000116	states																			"     state_name
id             
14  error_state"
1845.577303	0.003500000000030923	states																			"        state_name
id                
18  clean_up_state"
1845.581304	17.008503999999903	trials	0.0	0.0	5.0	2.0	1.0	1.0	0.15	-4.0	1.0	6500.0	14200.0	1.0	l	d	1.0	-4.0	1.0	1.0	
1845.581304	17.008503999999903	states																			"   state_name
id           
0     state_0"
1845.581304	0.01601499999992484	states																			"          state_name
id                  
1   sending_trialnum"
1845.597319	0.0004989999999907013	states																			"        state_name
id                
3   wait_for_cpoke"
1845.597818	14.241500999999971	states																			"            state_name
id                    
4   wait_for_cpoke_dir"
1859.839319	0.0014840000001186127	states																			"     state_name
id             
6   nic_prestim"
1859.840803	0.0005009999999856518	states																			"   state_name
id           
7       cpoke"
1859.841304	1.399498999999878	states																			"   state_name
id           
8    cpoke_in"
1861.240803	0.1525010000000293	states																			"       state_name
id               
10  wait_for_cout"
1861.393304	0.4610099999999875	states																			"        state_name
id                
11  wait_for_spoke"
1861.854314	0.000490000000127111	states																			"   state_name
id           
12  hit_state"
1861.854804	0.18051500000001397	states																			"    state_name
id            
13  hit_state2"
1862.035319	0.0034849999999551073	states																			"        state_name
id                
18  clean_up_state"
1862.038804	0.5510039999999208	states																			"                state_name
id                        
2   check_next_trial_ready"
1862.590308	4.845996000000014	trials	0.0	0.0	5.0	2.0	1.0	1.0	0.15	-2.5	-2.5	6500.0	14200.0	1.0	l	d	0.0	-2.5	-2.5	1.0	
1862.590308	4.845996000000014	states																			"   state_name
id           
0     state_0"
1862.590308	0.016003999999838925	states																			"          state_name
id                  
1   sending_trialnum"
1862.606312	0.0004910000000108994	states																			"        state_name
id                
3   wait_for_cpoke"
1862.606803	2.016506000000163	states																			"            state_name
id                    
4   wait_for_cpoke_dir"
1864.623309	0.0010009999998601415	states																			"     state_name
id             
6   nic_prestim"
1864.62431	0.0004930000000058499	states																			"   state_name
id           
7       cpoke"
1864.624803	1.4000009999999747	states																			"   state_name
id           
8    cpoke_in"
1866.024804	0.05599900000015623	states																			"       state_name
id               
10  wait_for_cout"
1866.080803	0.5289999999999964	states																			"        state_name
id                
11  wait_for_spoke"
1866.609803	0.0004999999998744897	states																			"   state_name
id           
12  hit_state"
1866.610303	0.1685059999999794	states																			"    state_name
id            
13  hit_state2"
1866.778809	0.0034940000000460714	states																			"        state_name
id                
18  clean_up_state"
1866.782303	0.6540010000001075	states																			"                state_name
id                        
2   check_next_trial_ready"
1867.436803	4.489499999999907	trials	0.0	0.0	5.0	2.0	1.0	1.0	0.15	-4.0	2.5	6500.0	14200.0	1.0	l	d	1.0	-4.0	2.5	1.0	
1867.436803	4.489499999999907	states																			"   state_name
id           
0     state_0"
1867.436803	0.016000999999960186	states																			"          state_name
id                  
1   sending_trialnum"
1867.452804	0.0005149999999503052	states																			"        state_name
id                
3   wait_for_cpoke"
1867.453319	1.533484000000044	states																			"            state_name
id                    
4   wait_for_cpoke_dir"
1868.986803	0.0015000000000782165	states																			"     state_name
id             
6   nic_prestim"
1868.988303	0.0004999999998744897	states																			"   state_name
id           
7       cpoke"
1868.988803	1.3995010000001002	states																			"   state_name
id           
8    cpoke_in"
1870.388304	0.3650049999998828	states																			"       state_name
id               
10  wait_for_cout"
1870.753309	0.2664950000000772	states																			"        state_name
id                
11  wait_for_spoke"
1871.019804	0.0004999999998744897	states																			"   state_name
id           
12  hit_state"
1871.020304	0.1770050000000083	states																			"    state_name
id            
13  hit_state2"
1871.197309	0.0034940000000460714	states																			"        state_name
id                
18  clean_up_state"
1871.200803	0.7255000000000109	states																			"                state_name
id                        
2   check_next_trial_ready"
1871.926803	6.011999999999944	trials	0.0	0.0	5.0	2.0	1.0	1.0	0.15	4.0	1.0	6500.0	14200.0	1.0	r	d	0.0	4.0	1.0	1.0	
1871.926803	6.011999999999944	states																			"   state_name
id           
0     state_0"
1871.926803	0.016016000000036	states																			"          state_name
id                  
1   sending_trialnum"
1871.942819	0.0004919999998946878	states																			"        state_name
id                
3   wait_for_cpoke"
1871.943311	1.6040029999999206	states																			"            state_name
id                    
4   wait_for_cpoke_dir"
1873.547314	0.0014900000001034641	states																			"     state_name
id             
6   nic_prestim"
1873.548804	0.0004999999998744897	states																			"   state_name
id           
7       cpoke"
1873.549304	1.4000010000002021	states																			"   state_name
id           
8    cpoke_in"
1874.949305	0.8984989999999016	states																			"       state_name
id               
10  wait_for_cout"
1875.847804	0.32500899999990907	states																			"        state_name
id                
11  wait_for_spoke"
1876.172813	0.0004910000000108994	states																			"   state_name
id           
12  hit_state"
1876.173304	0.17851400000017748	states																			"    state_name
id            
13  hit_state2"
1876.351818	0.0034949999999298598	states																			"        state_name
id                
18  clean_up_state"
1876.355313	1.5834899999999834	states																			"                state_name
id                        
2   check_next_trial_ready"
1877.939303	3.791001999999935	trials	0.0	0.0	5.0	2.0	1.0	1.0	0.15	-4.0	2.5	6500.0	14200.0	1.0	l	d	1.0	-4.0	2.5	1.0	
1877.939303	3.791001999999935	states																			"   state_name
id           
0     state_0"
1877.939303	0.015999999999849024	states																			"          state_name
id                  
1   sending_trialnum"
1877.955303	0.0005000000001018634	states																			"        state_name
id                
3   wait_for_cpoke"
1877.955803	0.886004999999841	states																			"            state_name
id                    
4   wait_for_cpoke_dir"
1878.841808	0.0010010000000875152	states																			"     state_name
id             
6   nic_prestim"
1878.842809	0.0004950000000008004	states																			"   state_name
id           
7       cpoke"
1878.843304	1.4000149999999394	states																			"   state_name
id           
8    cpoke_in"
1880.243319	0.15848400000004403	states																			"       state_name
id               
10  wait_for_cout"
1880.401803	0.5235010000001239	states																			"        state_name
id                
11  wait_for_spoke"
1880.925304	0.0004999999998744897	states																			"   state_name
id           
12  hit_state"
1880.925804	0.1779989999999998	states																			"    state_name
id            
13  hit_state2"
1881.103803	0.003500000000030923	states																			"        state_name
id                
18  clean_up_state"
1881.107303	0.6230020000000422	states																			"                state_name
id                        
2   check_next_trial_ready"
1881.730804	4.515498999999863	trials	0.0	0.0	5.0	2.0	1.0	1.0	0.15	-2.5	-1.0	6500.0	14200.0	1.0	l	d	0.0	-2.5	-1.0	1.0	
1881.730804	4.515498999999863	states																			"   state_name
id           
0     state_0"
1881.730804	0.015998999999965235	states																			"          state_name
id                  
1   sending_trialnum"
1881.746803	0.0005069999999705033	states																			"        state_name
id                
3   wait_for_cpoke"
1881.74731	1.7094930000000659	states																			"            state_name
id                    
4   wait_for_cpoke_dir"
1883.456803	0.0010009999998601415	states																			"     state_name
id             
6   nic_prestim"
1883.457804	0.0005000000001018634	states																			"   state_name
id           
7       cpoke"
1883.458304	1.2274990000000798	states																			"   state_name
id           
8    cpoke_in"
1884.685803	0.04149999999981446	states																			"   state_name
id           
9   cpoke_out"
1884.727303	0.11701000000016393	states																			"   state_name
id           
8    cpoke_in"
1884.844313	0.013504999999895517	states																			"   state_name
id           
9   cpoke_out"
1884.857818	0.0004960000001119624	states																			"       state_name
id               
10  wait_for_cout"
1884.858314	0.48398999999994885	states																			"        state_name
id                
11  wait_for_spoke"
1885.342304	0.0004999999998744897	states																			"   state_name
id           
12  hit_state"
1885.342804	0.16650000000004184	states																			"    state_name
id            
13  hit_state2"
1885.509304	0.0034990000001471344	states																			"        state_name
id                
18  clean_up_state"
1885.512803	0.7334999999998217	states																			"                state_name
id                        
2   check_next_trial_ready"
1886.246803	4.532500000000027	trials	0.0	0.0	5.0	2.0	1.0	1.0	0.15	-4.0	-1.0	6500.0	14200.0	1.0	l	d	0.0	-4.0	-1.0	1.0	
1886.246803	4.532500000000027	states																			"   state_name
id           
0     state_0"
1886.246803	0.016000999999960186	states																			"          state_name
id                  
1   sending_trialnum"
1886.262804	0.0005149999999503052	states																			"        state_name
id                
3   wait_for_cpoke"
1886.263319	1.7234840000000986	states																			"            state_name
id                    
4   wait_for_cpoke_dir"
1887.986803	0.0015000000000782165	states																			"     state_name
id             
6   nic_prestim"
1887.988303	0.0004999999998744897	states																			"   state_name
id           
7       cpoke"
1887.988803	1.399499999999989	states																			"   state_name
id           
8    cpoke_in"
1889.388303	0.11450600000011946	states																			"       state_name
id               
10  wait_for_cout"
1889.502809	0.5164999999999509	states																			"        state_name
id                
11  wait_for_spoke"
1890.019309	0.0005089999999654538	states																			"   state_name
id           
12  hit_state"
1890.019818	0.16550099999994927	states																			"    state_name
id            
13  hit_state2"
1890.185319	0.0034849999999551073	states																			"        state_name
id                
18  clean_up_state"
1890.188804	0.5904990000001362	states																			"                state_name
id                        
2   check_next_trial_ready"
1890.779803	4.844001000000162	trials	0.0	0.0	5.0	2.0	1.0	1.0	0.15	4.0	-2.5	6500.0	14200.0	1.0	r	d	1.0	4.0	-2.5	1.0	
1890.779803	4.844001000000162	states																			"   state_name
id           
0     state_0"
1890.779803	0.01600500000017746	states																			"          state_name
id                  
1   sending_trialnum"
1890.795808	0.0004950000000008004	states																			"        state_name
id                
3   wait_for_cpoke"
1890.796303	1.75	states																			"            state_name
id                    
4   wait_for_cpoke_dir"
1892.546303	0.0010009999998601415	states																			"     state_name
id             
6   nic_prestim"
1892.547304	0.0005000000001018634	states																			"   state_name
id           
7       cpoke"
1892.547804	1.4000039999998535	states																			"   state_name
id           
8    cpoke_in"
1893.947808	0.6049960000000283	states																			"       state_name
id               
10  wait_for_cout"
1894.552804	0.22549900000012713	states																			"        state_name
id                
11  wait_for_spoke"
1894.778303	0.0004999999998744897	states																			"   state_name
id           
12  hit_state"
1894.778803	0.19299999999998363	states																			"    state_name
id            
13  hit_state2"
1894.971803	0.003500000000030923	states																			"        state_name
id                
18  clean_up_state"
1894.975303	0.6485010000001239	states																			"                state_name
id                        
2   check_next_trial_ready"
1895.624303	5.187005999999883	trials	0.0	0.0	5.0	2.0	1.0	1.0	0.15	-2.5	-1.0	6500.0	14200.0	1.0	l	d	0.0	-2.5	-1.0	1.0	
1895.624303	5.187005999999883	states																			"   state_name
id           
0     state_0"
1895.624303	0.01601099999993494	states																			"          state_name
id                  
1   sending_trialnum"
1895.640314	0.0004899999998997373	states																			"        state_name
id                
3   wait_for_cpoke"
1895.640804	2.6709990000001653	states																			"            state_name
id                    
4   wait_for_cpoke_dir"
1898.311803	0.0014999999998508429	states																			"     state_name
id             
6   nic_prestim"
1898.313303	0.0005000000001018634	states																			"   state_name
id           
7       cpoke"
1898.313803	0.026000000000067303	states																			"   state_name
id           
8    cpoke_in"
1898.339803	0.037501999999904	states																			"   state_name
id           
9   cpoke_out"
1898.377305	0.025998000000072352	states																			"   state_name
id           
8    cpoke_in"
1898.403303	0.025000999999974738	states																			"   state_name
id           
9   cpoke_out"
1898.428304	1.2849989999999707	states																			"   state_name
id           
8    cpoke_in"
1899.713303	0.08699999999998909	states																			"       state_name
id               
10  wait_for_cout"
1899.800303	0.27000100000009297	states																			"        state_name
id                
11  wait_for_spoke"
1900.070304	0.0004999999998744897	states																			"   state_name
id           
12  hit_state"
1900.070804	0.16649900000015805	states																			"    state_name
id            
13  hit_state2"
1900.237303	0.0035059999997884006	states																			"        state_name
id                
18  clean_up_state"
1900.240809	0.5705000000000382	states																			"                state_name
id                        
2   check_next_trial_ready"
1900.811808	6.93449499999997	trials	0.0	0.0	5.0	2.0	1.0	1.0	0.15	2.5	2.5	6500.0	14200.0		r	d	0.0	2.5	2.5	3.0	
1900.811808	6.93449499999997	states																			"   state_name
id           
0     state_0"
1900.811808	0.01601000000005115	states																			"          state_name
id                  
1   sending_trialnum"
1900.827818	0.00048500000002604793	states																			"        state_name
id                
3   wait_for_cpoke"
1900.828303	1.5795009999999365	states																			"            state_name
id                    
4   wait_for_cpoke_dir"
1902.407804	0.0014989999999670545	states																			"     state_name
id             
6   nic_prestim"
1902.409303	0.0005150000001776789	states																			"   state_name
id           
7       cpoke"
1902.409818	1.231999999999971	states																			"   state_name
id           
8    cpoke_in"
1903.641818	0.10048600000004626	states																			"   state_name
id           
9   cpoke_out"
1903.742304	4.000498999999991	states																			"         state_name
id                 
16  nic_error_state"
1907.742803	0.003499999999803549	states																			"        state_name
id                
18  clean_up_state"
1907.746803	5.683510999999953	trials	0.0	0.0	5.0	2.0	1.0	1.0	0.15	-2.5	-4.0	6500.0	14200.0		l	d	0.0	-2.5	-4.0	3.0	
1907.746803	5.683510999999953	states																			"   state_name
id           
0     state_0"
1907.746803	0.016000000000076398	states																			"          state_name
id                  
1   sending_trialnum"
1907.762803	0.0005009999999856518	states																			"        state_name
id                
3   wait_for_cpoke"
1907.763304	0.3120049999999992	states																			"            state_name
id                    
4   wait_for_cpoke_dir"
1908.075309	0.0010059999999612046	states																			"     state_name
id             
6   nic_prestim"
1908.076315	0.0004879999999047868	states																			"   state_name
id           
7       cpoke"
1908.076803	0.9710000000000036	states																			"   state_name
id           
8    cpoke_in"
1909.047803	0.05899999999996908	states																			"   state_name
id           
9   cpoke_out"
1909.106803	0.06950100000017301	states																			"   state_name
id           
8    cpoke_in"
1909.176304	0.06949999999983447	states																			"   state_name
id           
9   cpoke_out"
1909.245804	0.08000000000015461	states																			"   state_name
id           
8    cpoke_in"
1909.325804	0.10049899999989975	states																			"   state_name
id           
9   cpoke_out"
1909.426303	4.000506000000087	states																			"         state_name
id                 
16  nic_error_state"
1913.426809	0.003504999999904612	states																			"        state_name
id                
18  clean_up_state"
1913.430814	3.279989999999998	trials	0.0	0.0	5.0	2.0	1.0	1.0	0.15	4.0	-4.0	6500.0	14200.0	1.0	r	d	1.0	4.0	-4.0	1.0	
1913.430814	3.279989999999998	states																			"   state_name
id           
0     state_0"
1913.430814	0.015988999999990483	states																			"          state_name
id                  
1   sending_trialnum"
1913.446803	0.0004999999998744897	states																			"        state_name
id                
3   wait_for_cpoke"
1913.447303	0.09700600000019222	states																			"            state_name
id                    
4   wait_for_cpoke_dir"
1913.544309	0.0014999999998508429	states																			"     state_name
id             
6   nic_prestim"
1913.545809	0.0005009999999856518	states																			"   state_name
id           
7       cpoke"
1913.54631	1.399992999999995	states																			"   state_name
id           
8    cpoke_in"
1914.946303	0.24701600000003054	states																			"       state_name
id               
10  wait_for_cout"
1915.193319	0.49698400000011134	states																			"        state_name
id                
11  wait_for_spoke"
1915.690303	0.0004999999998744897	states																			"   state_name
id           
12  hit_state"
1915.690803	0.18950100000006387	states																			"    state_name
id            
13  hit_state2"
1915.880304	0.003504000000020824	states																			"        state_name
id                
18  clean_up_state"
1915.883808	0.8269960000000083	states																			"                state_name
id                        
2   check_next_trial_ready"
1916.711309	5.57249899999988	trials	0.0	0.0	5.0	2.0	1.0	1.0	0.15	2.5	-4.0	6500.0	14200.0	1.0	l	f	1.0	2.5	-4.0	1.0	
1916.711309	5.57249899999988	states																			"   state_name
id           
0     state_0"
1916.711309	0.01601000000005115	states																			"          state_name
id                  
1   sending_trialnum"
1916.727319	0.0004989999999907013	states																			"        state_name
id                
3   wait_for_cpoke"
1916.727818	2.404986000000008	states																			"             state_name
id                     
5   wait_for_cpoke_freq"
1919.132804	0.0009999999999763531	states																			"     state_name
id             
6   nic_prestim"
1919.133804	0.0004999999998744897	states																			"   state_name
id           
7       cpoke"
1919.134304	1.3999989999999798	states																			"   state_name
id           
8    cpoke_in"
1920.534303	0.26850000000013097	states																			"       state_name
id               
10  wait_for_cout"
1920.802803	0.5815000000000055	states																			"        state_name
id                
11  wait_for_spoke"
1921.384303	0.0004999999998744897	states																			"   state_name
id           
12  hit_state"
1921.384803	0.17399999999997817	states																			"    state_name
id            
13  hit_state2"
1921.558803	0.003501000000142085	states																			"        state_name
id                
18  clean_up_state"
1921.562304	0.721503999999868	states																			"                state_name
id                        
2   check_next_trial_ready"
1922.284303	4.514499999999998	trials	0.0	0.0	5.0	2.0	1.0	1.0	0.15	2.5	-4.0	6500.0	14200.0	1.0	l	f	1.0	2.5	-4.0	1.0	
1922.284303	4.514499999999998	states																			"   state_name
id           
0     state_0"
1922.284303	0.01600100000018756	states																			"          state_name
id                  
1   sending_trialnum"
1922.300304	0.0004989999999907013	states																			"        state_name
id                
3   wait_for_cpoke"
1922.300803	1.9260009999998147	states																			"             state_name
id                     
5   wait_for_cpoke_freq"
1924.226804	0.0014990000001944281	states																			"     state_name
id             
6   nic_prestim"
1924.228303	0.0004999999998744897	states																			"   state_name
id           
7       cpoke"
1924.228803	1.3894999999999982	states																			"   state_name
id           
8    cpoke_in"
1925.618303	0.010500000000092768	states																			"   state_name
id           
9   cpoke_out"
1925.628803	0.0004999999998744897	states																			"       state_name
id               
10  wait_for_cout"
1925.629303	0.36400000000003274	states																			"        state_name
id                
11  wait_for_spoke"
1925.993303	0.0005000000001018634	states																			"   state_name
id           
12  hit_state"
1925.993803	0.16849999999999454	states																			"    state_name
id            
13  hit_state2"
1926.162303	0.003500000000030923	states																			"        state_name
id                
18  clean_up_state"
1926.165803	0.6329999999998108	states																			"                state_name
id                        
2   check_next_trial_ready"
1926.799304	6.985500000000002	trials	0.0	0.0	5.0	2.0	1.0	1.0	0.15	-4.0	-2.5	6500.0	14200.0		l	f	0.0	-4.0	-2.5	3.0	
1926.799304	6.985500000000002	states																			"   state_name
id           
0     state_0"
1926.799304	0.016015000000152213	states																			"          state_name
id                  
1   sending_trialnum"
1926.815319	0.0004890000000159489	states																			"        state_name
id                
3   wait_for_cpoke"
1926.815808	1.578995999999961	states																			"             state_name
id                     
5   wait_for_cpoke_freq"
1928.394804	0.0015000000000782165	states																			"     state_name
id             
6   nic_prestim"
1928.396304	0.0004999999998744897	states																			"   state_name
id           
7       cpoke"
1928.396804	1.2835000000000036	states																			"   state_name
id           
8    cpoke_in"
1929.680304	0.10049900000012713	states																			"   state_name
id           
9   cpoke_out"
1929.780803	4.000515999999834	states																			"         state_name
id                 
16  nic_error_state"
1933.781319	0.0034849999999551073	states																			"        state_name
id                
18  clean_up_state"
1933.785309	5.930993999999828	trials	0.0	0.0	5.0	2.0	1.0	1.0	0.15	1.0	2.5	6500.0	14200.0		r	f	0.0	1.0	2.5	3.0	
1933.785309	5.930993999999828	states																			"   state_name
id           
0     state_0"
1933.785309	0.015993999999864172	states																			"          state_name
id                  
1   sending_trialnum"
1933.801303	0.5005000000001019	states																			"        state_name
id                
3   wait_for_cpoke"
1934.301803	0.1530009999999038	states																			"             state_name
id                     
5   wait_for_cpoke_freq"
1934.454804	0.0010150000000521686	states																			"     state_name
id             
6   nic_prestim"
1934.455819	0.0004899999998997373	states																			"   state_name
id           
7       cpoke"
1934.456309	0.8834940000001552	states																			"   state_name
id           
8    cpoke_in"
1935.339803	0.05100099999981467	states																			"   state_name
id           
9   cpoke_out"
1935.390804	0.06251000000020213	states																			"   state_name
id           
8    cpoke_in"
1935.453314	0.0759899999998197	states																			"   state_name
id           
9   cpoke_out"
1935.529304	0.08251400000017384	states																			"   state_name
id           
8    cpoke_in"
1935.611818	0.10049199999980374	states																			"   state_name
id           
9   cpoke_out"
1935.71231	4.000494000000117	states																			"         state_name
id                 
16  nic_error_state"
1939.712804	0.0034989999999197607	states																			"        state_name
id                
18  clean_up_state"
1939.716804	7.2035050000001775	trials	0.0	0.0	5.0	2.0	1.0	1.0	0.15	4.0	-2.5	6500.0	14200.0	1.0	l	f	1.0	4.0	-2.5	1.0	
1939.716804	7.2035050000001775	states																			"   state_name
id           
0     state_0"
1939.716804	0.01599900000019261	states																			"          state_name
id                  
1   sending_trialnum"
1939.732803	0.0005159999998340936	states																			"        state_name
id                
3   wait_for_cpoke"
1939.733319	4.264484000000039	states																			"             state_name
id                     
5   wait_for_cpoke_freq"
1943.997803	0.0009999999999763531	states																			"     state_name
id             
6   nic_prestim"
1943.998803	0.0005009999999856518	states																			"   state_name
id           
7       cpoke"
1943.999304	1.399499999999989	states																			"   state_name
id           
8    cpoke_in"
1945.398804	0.19099900000014713	states																			"       state_name
id               
10  wait_for_cout"
1945.589803	0.5115009999999529	states																			"        state_name
id                
11  wait_for_spoke"
1946.101304	0.0004989999999907013	states																			"   state_name
id           
12  hit_state"
1946.101803	0.1710009999999329	states																			"    state_name
id            
13  hit_state2"
1946.272804	0.0034990000001471344	states																			"        state_name
id                
18  clean_up_state"
1946.276303	0.6440059999999903	states																			"                state_name
id                        
2   check_next_trial_ready"
1946.920809	7.157995000000028	trials	0.0	0.0	5.0	2.0	1.0	1.0	0.15	2.5	-2.5	6500.0	14200.0	0.0	l	f	1.0	2.5	-2.5	2.0	
1946.920809	7.157995000000028	states																			"   state_name
id           
0     state_0"
1946.920809	0.015994000000091546	states																			"          state_name
id                  
1   sending_trialnum"
1946.936803	0.0004999999998744897	states																			"        state_name
id                
3   wait_for_cpoke"
1946.937303	1.5435010000001057	states																			"             state_name
id                     
5   wait_for_cpoke_freq"
1948.480804	0.0010139999999410065	states																			"     state_name
id             
6   nic_prestim"
1948.481818	0.0004969999999957508	states																			"   state_name
id           
7       cpoke"
1948.482315	1.4000029999999697	states																			"   state_name
id           
8    cpoke_in"
1949.882318	0.007489999999961583	states																			"       state_name
id               
10  wait_for_cout"
1949.889808	0.24149499999998625	states																			"        state_name
id                
11  wait_for_spoke"
1950.131303	3.9440000000001874	states																			"     state_name
id             
14  error_state"
1954.075303	0.0035009999999147112	states																			"        state_name
id                
18  clean_up_state"
1954.079304	3.578499999999849	trials	0.0	0.0	5.0	2.0	1.0	1.0	0.15	-2.5	-2.5	6500.0	14200.0	1.0	l	f	0.0	-2.5	-2.5	1.0	
1954.079304	3.578499999999849	states																			"   state_name
id           
0     state_0"
1954.079304	0.016004999999950087	states																			"          state_name
id                  
1   sending_trialnum"
1954.095309	0.0005089999999654538	states																			"        state_name
id                
3   wait_for_cpoke"
1954.095818	0.8699999999998909	states																			"             state_name
id                     
5   wait_for_cpoke_freq"
1954.965818	0.0014860000001135631	states																			"     state_name
id             
6   nic_prestim"
1954.967304	0.0004989999999907013	states																			"   state_name
id           
7       cpoke"
1954.967803	1.400000000000091	states																			"   state_name
id           
8    cpoke_in"
1956.367803	0.0625	states																			"       state_name
id               
10  wait_for_cout"
1956.430303	0.47751499999981206	states																			"        state_name
id                
11  wait_for_spoke"
1956.907818	0.0004870000000209984	states																			"   state_name
id           
12  hit_state"
1956.908305	0.17249800000013238	states																			"    state_name
id            
13  hit_state2"
1957.080803	0.0035060000000157743	states																			"        state_name
id                
18  clean_up_state"
1957.084309	0.5734949999998662	states																			"                state_name
id                        
2   check_next_trial_ready"
1957.658303	5.245000000000118	trials	0.0	0.0	5.0	2.0	1.0	1.0	0.15	4.0	4.0	6500.0	14200.0	1.0	r	f	0.0	4.0	4.0	1.0	
1957.658303	5.245000000000118	states																			"   state_name
id           
0     state_0"
1957.658303	0.016000999999960186	states																			"          state_name
id                  
1   sending_trialnum"
1957.674304	0.0005000000001018634	states																			"        state_name
id                
3   wait_for_cpoke"
1957.674804	1.9134990000000016	states																			"             state_name
id                     
5   wait_for_cpoke_freq"
1959.588303	0.0009999999999763531	states																			"     state_name
id             
6   nic_prestim"
1959.589303	0.0005000000001018634	states																			"   state_name
id           
7       cpoke"
1959.589803	1.3995159999999487	states																			"   state_name
id           
8    cpoke_in"
1960.989319	0.659985000000006	states																			"       state_name
id               
10  wait_for_cout"
1961.649304	0.2339999999999236	states																			"        state_name
id                
11  wait_for_spoke"
1961.883304	0.0005040000000917644	states																			"   state_name
id           
12  hit_state"
1961.883808	0.18699500000002445	states																			"    state_name
id            
13  hit_state2"
1962.070803	0.0035029999999096617	states																			"        state_name
id                
18  clean_up_state"
1962.074306	0.8289970000000721	states																			"                state_name
id                        
2   check_next_trial_ready"
1962.903803	4.887002000000166	trials	0.0	0.0	5.0	2.0	1.0	1.0	0.15	1.0	2.5	6500.0	14200.0	1.0	r	f	0.0	1.0	2.5	1.0	
1962.903803	4.887002000000166	states																			"   state_name
id           
0     state_0"
1962.903803	0.016000000000076398	states																			"          state_name
id                  
1   sending_trialnum"
1962.919803	0.0005009999999856518	states																			"        state_name
id                
3   wait_for_cpoke"
1962.920304	2.162499999999909	states																			"             state_name
id                     
5   wait_for_cpoke_freq"
1965.082804	0.0010140000001683802	states																			"     state_name
id             
6   nic_prestim"
1965.083818	0.0004939999998896383	states																			"   state_name
id           
7       cpoke"
1965.084312	1.2249920000001566	states																			"   state_name
id           
8    cpoke_in"
1966.309304	0.04050399999982801	states																			"   state_name
id           
9   cpoke_out"
1966.349808	0.13449500000001535	states																			"   state_name
id           
8    cpoke_in"
1966.484303	0.10550100000000384	states																			"       state_name
id               
10  wait_for_cout"
1966.589804	0.3185089999999491	states																			"        state_name
id                
11  wait_for_spoke"
1966.908313	0.0004910000000108994	states																			"   state_name
id           
12  hit_state"
1966.908804	0.1820150000000922	states																			"    state_name
id            
13  hit_state2"
1967.090819	0.0034900000000561704	states																			"        state_name
id                
18  clean_up_state"
1967.094309	0.6964960000000247	states																			"                state_name
id                        
2   check_next_trial_ready"
1967.791303	6.558514999999943	trials	0.0	0.0	5.0	2.0	1.0	1.0	0.15	-1.0	4.0	6500.0	14200.0		r	f	1.0	-1.0	4.0	3.0	
1967.791303	6.558514999999943	states																			"   state_name
id           
0     state_0"
1967.791303	0.016000000000076398	states																			"          state_name
id                  
1   sending_trialnum"
1967.807303	0.0005009999999856518	states																			"        state_name
id                
3   wait_for_cpoke"
1967.807804	2.417014999999992	states																			"             state_name
id                     
5   wait_for_cpoke_freq"
1970.224819	0.001483999999891239	states																			"     state_name
id             
6   nic_prestim"
1970.226303	0.0005009999999856518	states																			"   state_name
id           
7       cpoke"
1970.226804	0.01899900000012167	states																			"   state_name
id           
8    cpoke_in"
1970.245803	0.10000100000002021	states																			"   state_name
id           
9   cpoke_out"
1970.345804	4.000507999999854	states																			"         state_name
id                 
16  nic_error_state"
1974.346312	0.0035060000000157743	states																			"        state_name
id                
18  clean_up_state"
1974.350303	2.7850009999999656	trials	0.0	0.0	5.0	2.0	1.0	1.0	0.15	1.0	2.5	6500.0	14200.0	1.0	r	f	0.0	1.0	2.5	1.0	
1974.350303	2.7850009999999656	states																			"   state_name
id           
0     state_0"
1974.350303	0.01601000000005115	states																			"          state_name
id                  
1   sending_trialnum"
1974.366313	0.08999100000005456	states																			"        state_name
id                
3   wait_for_cpoke"
1974.456304	0.11599899999987429	states																			"             state_name
id                     
5   wait_for_cpoke_freq"
1974.572303	0.0015000000000782165	states																			"     state_name
id             
6   nic_prestim"
1974.573803	0.0005000000001018634	states																			"   state_name
id           
7       cpoke"
1974.574303	1.399499999999989	states																			"   state_name
id           
8    cpoke_in"
1975.973803	0.044508999999834487	states																			"       state_name
id               
10  wait_for_cout"
1976.018312	0.23599100000001272	states																			"        state_name
id                
11  wait_for_spoke"
1976.254303	0.0005000000001018634	states																			"   state_name
id           
12  hit_state"
1976.254803	0.1814999999999145	states																			"    state_name
id            
13  hit_state2"
1976.436303	0.003500000000030923	states																			"        state_name
id                
18  clean_up_state"
1976.439803	0.695500999999922	states																			"                state_name
id                        
2   check_next_trial_ready"
1977.135803	7.604005000000143	trials	0.0	0.0	5.0	2.0	1.0	1.0	0.15	-2.5	-2.5	6500.0	14200.0		l	f	0.0	-2.5	-2.5	3.0	
1977.135803	7.604005000000143	states																			"   state_name
id           
0     state_0"
1977.135803	0.01600500000017746	states																			"          state_name
id                  
1   sending_trialnum"
1977.151808	0.0004950000000008004	states																			"        state_name
id                
3   wait_for_cpoke"
1977.152303	2.3799999999998818	states																			"             state_name
id                     
5   wait_for_cpoke_freq"
1979.532303	0.0009999999999763531	states																			"     state_name
id             
6   nic_prestim"
1979.533303	0.0005000000001018634	states																			"   state_name
id           
7       cpoke"
1979.533803	1.1019999999998618	states																			"   state_name
id           
8    cpoke_in"
1980.635803	0.10001500000021224	states																			"   state_name
id           
9   cpoke_out"
1980.735818	4.000491999999895	states																			"         state_name
id                 
16  nic_error_state"
1984.73631	0.0034980000000359723	states																			"        state_name
id                
18  clean_up_state"
1984.740317	5.5159869999999955	trials	0.0	0.0	5.0	2.0	1.0	1.0	0.15	-2.5	2.5	6500.0	14200.0		r	f	1.0	-2.5	2.5	3.0	
1984.740317	5.5159869999999955	states																			"   state_name
id           
0     state_0"
1984.740317	0.016000000000076398	states																			"          state_name
id                  
1   sending_trialnum"
1984.756317	0.5659859999998389	states																			"        state_name
id                
3   wait_for_cpoke"
1985.322303	0.040500000000065484	states																			"             state_name
id                     
5   wait_for_cpoke_freq"
1985.362803	0.0009999999999763531	states																			"     state_name
id             
6   nic_prestim"
1985.363803	0.0005009999999856518	states																			"   state_name
id           
7       cpoke"
1985.364304	0.597007000000076	states																			"   state_name
id           
8    cpoke_in"
1985.961311	0.08199199999990014	states																			"   state_name
id           
9   cpoke_out"
1986.043303	0.10850000000004911	states																			"   state_name
id           
8    cpoke_in"
1986.151803	0.10050100000012208	states																			"   state_name
id           
9   cpoke_out"
1986.252304	4.0004999999998745	states																			"         state_name
id                 
16  nic_error_state"
1990.252804	0.003500000000030923	states																			"        state_name
id                
18  clean_up_state"
1990.256803	6.541999999999916	trials	0.0	0.0	5.0	2.0	1.0	1.0	0.15	-4.0	4.0	6500.0	14200.0	0.0	r	f	1.0	-4.0	4.0	2.0	
1990.256803	6.541999999999916	states																			"   state_name
id           
0     state_0"
1990.256803	0.016000000000076398	states																			"          state_name
id                  
1   sending_trialnum"
1990.272803	0.0005009999999856518	states																			"        state_name
id                
3   wait_for_cpoke"
1990.273304	0.39449899999999616	states																			"             state_name
id                     
5   wait_for_cpoke_freq"
1990.667803	0.0009999999999763531	states																			"     state_name
id             
6   nic_prestim"
1990.668803	0.0005160000000614673	states																			"   state_name
id           
7       cpoke"
1990.669319	1.399483999999802	states																			"   state_name
id           
8    cpoke_in"
1992.068803	0.042016000000103304	states																			"       state_name
id               
10  wait_for_cout"
1992.110819	0.4679900000000998	states																			"        state_name
id                
11  wait_for_spoke"
1992.578809	4.2164940000000115	states																			"     state_name
id             
14  error_state"
1996.795303	0.003499999999803549	states																			"        state_name
id                
18  clean_up_state"
1996.799319	16.177484999999933	trials	0.0	0.0	5.0	2.0	1.0	1.0	0.15	-4.0	-4.0	6500.0	14200.0	1.0	l	f	0.0	-4.0	-4.0	1.0	
1996.799319	16.177484999999933	states																			"   state_name
id           
0     state_0"
1996.799319	0.015992000000096596	states																			"          state_name
id                  
1   sending_trialnum"
1996.815311	0.0004919999998946878	states																			"        state_name
id                
3   wait_for_cpoke"
1996.815803	13.80050099999994	states																			"             state_name
id                     
5   wait_for_cpoke_freq"
2010.616304	0.0014990000001944281	states																			"     state_name
id             
6   nic_prestim"
2010.617803	0.0005069999999705033	states																			"   state_name
id           
7       cpoke"
2010.61831	1.3229939999998805	states																			"   state_name
id           
8    cpoke_in"
2011.941304	0.07699900000011439	states																			"   state_name
id           
9   cpoke_out"
2012.018303	0.0004999999998744897	states																			"       state_name
id               
10  wait_for_cout"
2012.018803	0.21600000000012187	states																			"        state_name
id                
11  wait_for_spoke"
2012.234803	0.0004999999998744897	states																			"   state_name
id           
12  hit_state"
2012.235303	0.16851500000007036	states																			"    state_name
id            
13  hit_state2"
2012.403818	0.003490999999939959	states																			"        state_name
id                
18  clean_up_state"
2012.407309	0.5694949999999608	states																			"                state_name
id                        
2   check_next_trial_ready"
2012.977303	4.149000999999998	trials	0.0	0.0	5.0	2.0	1.0	1.0	0.15	4.0	-4.0	6500.0	14200.0	1.0	l	f	1.0	4.0	-4.0	1.0	
2012.977303	4.149000999999998	states																			"   state_name
id           
0     state_0"
2012.977303	0.01600100000018756	states																			"          state_name
id                  
1   sending_trialnum"
2012.993304	0.0004999999998744897	states																			"        state_name
id                
3   wait_for_cpoke"
2012.993804	1.582014000000072	states																			"             state_name
id                     
5   wait_for_cpoke_freq"
2014.575818	0.0014909999999872525	states																			"     state_name
id             
6   nic_prestim"
2014.577309	0.0005089999999654538	states																			"   state_name
id           
7       cpoke"
2014.577818	1.3999850000000151	states																			"   state_name
id           
8    cpoke_in"
2015.977803	0.03150000000005093	states																			"       state_name
id               
10  wait_for_cout"
2016.009303	0.28449999999998	states																			"        state_name
id                
11  wait_for_spoke"
2016.293803	0.0004999999998744897	states																			"   state_name
id           
12  hit_state"
2016.294303	0.17450000000008004	states																			"    state_name
id            
13  hit_state2"
2016.468803	0.003500000000030923	states																			"        state_name
id                
18  clean_up_state"
2016.472303	0.6540009999998802	states																			"                state_name
id                        
2   check_next_trial_ready"
2017.126803	4.509000999999898	trials	0.0	0.0	5.0	2.0	1.0	1.0	0.15	4.0	2.5	6500.0	14200.0	1.0	r	f	0.0	4.0	2.5	1.0	
2017.126803	4.509000999999898	states																			"   state_name
id           
0     state_0"
2017.126803	0.016005999999833875	states																			"          state_name
id                  
1   sending_trialnum"
2017.142809	0.000494000000117012	states																			"        state_name
id                
3   wait_for_cpoke"
2017.143303	1.9370010000000093	states																			"             state_name
id                     
5   wait_for_cpoke_freq"
2019.080304	0.00151400000004287	states																			"     state_name
id             
6   nic_prestim"
2019.081818	0.0004959999998845888	states																			"   state_name
id           
7       cpoke"
2019.082314	1.3999949999999899	states																			"   state_name
id           
8    cpoke_in"
2020.482309	0.14899399999990237	states																			"       state_name
id               
10  wait_for_cout"
2020.631303	0.2905000000000655	states																			"        state_name
id                
11  wait_for_spoke"
2020.921803	0.0005000000001018634	states																			"   state_name
id           
12  hit_state"
2020.922303	0.18650099999990744	states																			"    state_name
id            
13  hit_state2"
2021.108804	0.0034990000001471344	states																			"        state_name
id                
18  clean_up_state"
2021.112303	0.5235009999998965	states																			"                state_name
id                        
2   check_next_trial_ready"
2021.636303	6.5815050000001065	trials	0.0	0.0	5.0	2.0	1.0	1.0	0.15	-2.5	-4.0	6500.0	14200.0	1.0	l	f	0.0	-2.5	-4.0	1.0	
2021.636303	6.5815050000001065	states																			"   state_name
id           
0     state_0"
2021.636303	0.016006999999945037	states																			"          state_name
id                  
1   sending_trialnum"
2021.65231	0.000494000000117012	states																			"        state_name
id                
3   wait_for_cpoke"
2021.652804	3.8834999999999127	states																			"             state_name
id                     
5   wait_for_cpoke_freq"
2025.536304	0.0015000000000782165	states																			"     state_name
id             
6   nic_prestim"
2025.537804	0.0005139999998391431	states																			"   state_name
id           
7       cpoke"
2025.538318	0.1499930000002223	states																			"   state_name
id           
8    cpoke_in"
2025.688311	0.023491999999805557	states																			"   state_name
id           
9   cpoke_out"
2025.711803	1.2265130000000681	states																			"   state_name
id           
8    cpoke_in"
2026.938316	0.03548700000010285	states																			"       state_name
id               
10  wait_for_cout"
2026.973803	0.39000099999998383	states																			"        state_name
id                
11  wait_for_spoke"
2027.363804	0.0004999999998744897	states																			"   state_name
id           
12  hit_state"
2027.364304	0.16499900000007983	states																			"    state_name
id            
13  hit_state2"
2027.529303	0.0035009999999147112	states																			"        state_name
id                
18  clean_up_state"
2027.532804	0.6850040000001627	states																			"                state_name
id                        
2   check_next_trial_ready"
2028.218303	4.112999999999829	trials	0.0	0.0	5.0	2.0	1.0	1.0	0.15	4.0	2.5	6500.0	14200.0	1.0	r	f	0.0	4.0	2.5	1.0	
2028.218303	4.112999999999829	states																			"   state_name
id           
0     state_0"
2028.218303	0.015999999999849024	states																			"          state_name
id                  
1   sending_trialnum"
2028.234303	0.0005009999999856518	states																			"        state_name
id                
3   wait_for_cpoke"
2028.234804	1.348999000000049	states																			"             state_name
id                     
5   wait_for_cpoke_freq"
2029.583803	0.0010010000000875152	states																			"     state_name
id             
6   nic_prestim"
2029.584804	0.0004989999999907013	states																			"   state_name
id           
7       cpoke"
2029.585303	1.2115009999999984	states																			"   state_name
id           
8    cpoke_in"
2030.796804	0.018499000000019805	states																			"   state_name
id           
9   cpoke_out"
2030.815303	0.1695159999999305	states																			"   state_name
id           
8    cpoke_in"
2030.984819	0.21499900000003436	states																			"       state_name
id               
10  wait_for_cout"
2031.199818	0.3134909999998854	states																			"        state_name
id                
11  wait_for_spoke"
2031.513309	0.000494000000117012	states																			"   state_name
id           
12  hit_state"
2031.513803	0.18350099999997838	states																			"    state_name
id            
13  hit_state2"
2031.697304	0.003500000000030923	states																			"        state_name
id                
18  clean_up_state"
2031.700804	0.6304989999998725	states																			"                state_name
id                        
2   check_next_trial_ready"
2032.331803	5.240500999999995	trials	0.0	0.0	5.0	2.0	1.0	1.0	0.15	-1.0	2.5	6500.0	14200.0	1.0	r	f	1.0	-1.0	2.5	1.0	
2032.331803	5.240500999999995	states																			"   state_name
id           
0     state_0"
2032.331803	0.016000999999960186	states																			"          state_name
id                  
1   sending_trialnum"
2032.347804	0.0004989999999907013	states																			"        state_name
id                
3   wait_for_cpoke"
2032.348303	2.298000000000002	states																			"             state_name
id                     
5   wait_for_cpoke_freq"
2034.646303	0.0009999999999763531	states																			"     state_name
id             
6   nic_prestim"
2034.647303	0.0005009999999856518	states																			"   state_name
id           
7       cpoke"
2034.647804	1.3995050000000901	states																			"   state_name
id           
8    cpoke_in"
2036.047309	0.03050899999993817	states																			"       state_name
id               
10  wait_for_cout"
2036.077818	0.4709849999999278	states																			"        state_name
id                
11  wait_for_spoke"
2036.548803	0.0005009999999856518	states																			"   state_name
id           
12  hit_state"
2036.549304	0.193000000000211	states																			"    state_name
id            
13  hit_state2"
2036.742304	0.0034989999999197607	states																			"        state_name
id                
18  clean_up_state"
2036.745803	0.8265010000000075	states																			"                state_name
id                        
2   check_next_trial_ready"
2037.572803	6.6605010000000675	trials	0.0	0.0	5.0	2.0	1.0	1.0	0.15	2.5	2.5	6500.0	14200.0	1.0	r	f	0.0	2.5	2.5	1.0	
2037.572803	6.6605010000000675	states																			"   state_name
id           
0     state_0"
2037.572803	0.016000999999960186	states																			"          state_name
id                  
1   sending_trialnum"
2037.588804	0.0004989999999907013	states																			"        state_name
id                
3   wait_for_cpoke"
2037.589303	3.7360000000001037	states																			"             state_name
id                     
5   wait_for_cpoke_freq"
2041.325303	0.0010059999999612046	states																			"     state_name
id             
6   nic_prestim"
2041.326309	0.0005099999998492422	states																			"   state_name
id           
7       cpoke"
2041.326819	0.7809990000000653	states																			"   state_name
id           
8    cpoke_in"
2042.107818	0.01798499999995329	states																			"   state_name
id           
9   cpoke_out"
2042.125803	0.2770010000001548	states																			"   state_name
id           
8    cpoke_in"
2042.402804	0.07349999999996726	states																			"   state_name
id           
9   cpoke_out"
2042.476304	0.21100000000001273	states																			"   state_name
id           
8    cpoke_in"
2042.687304	0.03949999999986176	states																			"   state_name
id           
9   cpoke_out"
2042.726804	0.0005150000001776789	states																			"       state_name
id               
10  wait_for_cout"
2042.727319	0.5009849999999005	states																			"        state_name
id                
11  wait_for_spoke"
2043.228304	0.0005000000001018634	states																			"   state_name
id           
12  hit_state"
2043.228804	0.17849899999987429	states																			"    state_name
id            
13  hit_state2"
2043.407303	0.003501000000142085	states																			"        state_name
id                
18  clean_up_state"
2043.410804	0.8224999999999909	states																			"                state_name
id                        
2   check_next_trial_ready"
2044.233803	8.241516000000047	trials	0.0	0.0	5.0	2.0	1.0	1.0	0.15	2.5	-2.5	6500.0	14200.0	0.0	l	f	1.0	2.5	-2.5	2.0	
2044.233803	8.241516000000047	states																			"   state_name
id           
0     state_0"
2044.233803	0.01601499999992484	states																			"          state_name
id                  
1   sending_trialnum"
2044.249818	0.00048500000002604793	states																			"        state_name
id                
3   wait_for_cpoke"
2044.250303	2.2190009999999347	states																			"             state_name
id                     
5   wait_for_cpoke_freq"
2046.469304	0.0015000000000782165	states																			"     state_name
id             
6   nic_prestim"
2046.470804	0.0005149999999503052	states																			"   state_name
id           
7       cpoke"
2046.471319	1.3999850000000151	states																			"   state_name
id           
8    cpoke_in"
2047.871304	0.004998999999997977	states																			"       state_name
id               
10  wait_for_cout"
2047.876303	0.2435089999999036	states																			"        state_name
id                
11  wait_for_spoke"
2048.119812	4.352006000000074	states																			"     state_name
id             
14  error_state"
2052.471818	0.003501000000142085	states																			"        state_name
id                
18  clean_up_state"
2052.475818	3.912485000000288	trials	0.0	0.0	5.0	2.0	1.0	1.0	0.15	-4.0	2.5	6500.0	14200.0	1.0	r	f	1.0	-4.0	2.5	1.0	
2052.475818	3.912485000000288	states																			"   state_name
id           
0     state_0"
2052.475818	0.01598599999988437	states																			"          state_name
id                  
1   sending_trialnum"
2052.491804	0.0005000000001018634	states																			"        state_name
id                
3   wait_for_cpoke"
2052.492304	1.1934989999999743	states																			"             state_name
id                     
5   wait_for_cpoke_freq"
2053.685803	0.0015000000003055902	states																			"     state_name
id             
6   nic_prestim"
2053.687303	0.0005049999999755528	states																			"   state_name
id           
7       cpoke"
2053.687808	1.3329960000000938	states																			"   state_name
id           
8    cpoke_in"
2055.020804	0.038998999999876105	states																			"   state_name
id           
9   cpoke_out"
2055.059803	0.013000999999803753	states																			"   state_name
id           
8    cpoke_in"
2055.072804	0.014498999999887019	states																			"   state_name
id           
9   cpoke_out"
2055.087303	0.0005000000001018634	states																			"       state_name
id               
10  wait_for_cout"
2055.087803	0.5990000000001601	states																			"        state_name
id                
11  wait_for_spoke"
2055.686803	0.0005000000001018634	states																			"   state_name
id           
12  hit_state"
2055.687303	0.18700099999978192	states																			"    state_name
id            
13  hit_state2"
2055.874304	0.0035000000002582965	states																			"        state_name
id                
18  clean_up_state"
2055.877804	0.5104989999999816	states																			"                state_name
id                        
2   check_next_trial_ready"
2056.388803	8.25300100000004	trials	0.0	0.0	5.0	2.0	1.0	1.0	0.15	-2.5	-4.0	6500.0	14200.0	0.0	l	f	0.0	-2.5	-4.0	2.0	
2056.388803	8.25300100000004	states																			"   state_name
id           
0     state_0"
2056.388803	0.016000999999960186	states																			"          state_name
id                  
1   sending_trialnum"
2056.404804	0.0005000000001018634	states																			"        state_name
id                
3   wait_for_cpoke"
2056.405304	2.4414990000000216	states																			"             state_name
id                     
5   wait_for_cpoke_freq"
2058.846803	0.0010150000002795423	states																			"     state_name
id             
6   nic_prestim"
2058.847818	0.0004959999996572151	states																			"   state_name
id           
7       cpoke"
2058.848314	1.3999900000003436	states																			"   state_name
id           
8    cpoke_in"
2060.248304	0.270998999999847	states																			"       state_name
id               
10  wait_for_cout"
2060.519303	0.4785149999997884	states																			"        state_name
id                
11  wait_for_spoke"
2060.997818	3.6404860000002373	states																			"     state_name
id             
14  error_state"
2064.638304	0.003499999999803549	states																			"        state_name
id                
18  clean_up_state"
2064.642304	33.63049899999987	trials	0.0	0.0	5.0	2.0	1.0	1.0	0.15	1.0	-4.0	6500.0	14200.0		l	f	1.0	1.0	-4.0	3.0	
2064.642304	33.63049899999987	states																			"   state_name
id           
0     state_0"
2064.642304	0.01599900000019261	states																			"          state_name
id                  
1   sending_trialnum"
2064.658303	0.0005009999999856518	states																			"        state_name
id                
3   wait_for_cpoke"
2064.658804	28.26649899999984	states																			"             state_name
id                     
5   wait_for_cpoke_freq"
2092.925303	0.001010999999834894	states																			"     state_name
id             
6   nic_prestim"
2092.926314	0.000495000000228174	states																			"   state_name
id           
7       cpoke"
2092.926809	1.241993999999977	states																			"   state_name
id           
8    cpoke_in"
2094.168803	0.09999999999990905	states																			"   state_name
id           
9   cpoke_out"
2094.268803	4.000500000000102	states																			"         state_name
id                 
16  nic_error_state"
2098.269303	0.003499999999803549	states																			"        state_name
id                
18  clean_up_state"
2098.273304	3.2600000000002183	trials	0.0	0.0	5.0	2.0	1.0	1.0	0.15	1.0	-2.5	6500.0	14200.0	1.0	l	f	1.0	1.0	-2.5	1.0	
2098.273304	3.2600000000002183	states																			"   state_name
id           
0     state_0"
2098.273304	0.016004999999950087	states																			"          state_name
id                  
1   sending_trialnum"
2098.289309	0.000495000000228174	states																			"        state_name
id                
3   wait_for_cpoke"
2098.289804	0.6260000000002037	states																			"             state_name
id                     
5   wait_for_cpoke_freq"
2098.915804	0.0014989999999670545	states																			"     state_name
id             
6   nic_prestim"
2098.917303	0.0004999999996471161	states																			"   state_name
id           
7       cpoke"
2098.917803	1.2220000000002074	states																			"   state_name
id           
8    cpoke_in"
2100.139803	0.028999999999996362	states																			"   state_name
id           
9   cpoke_out"
2100.168803	0.1485160000001997	states																			"   state_name
id           
8    cpoke_in"
2100.317319	0.14748399999962203	states																			"       state_name
id               
10  wait_for_cout"
2100.464803	0.3760010000000875	states																			"        state_name
id                
11  wait_for_spoke"
2100.840804	0.0005000000001018634	states																			"   state_name
id           
12  hit_state"
2100.841304	0.18850399999973888	states																			"    state_name
id            
13  hit_state2"
2101.029808	0.003511000000344211	states																			"        state_name
id                
18  clean_up_state"
2101.033319	0.4999849999999242	states																			"                state_name
id                        
2   check_next_trial_ready"
2101.533803	8.294000000000324	trials	0.0	0.0	5.0	2.0	1.0	1.0	0.15	-2.5	2.5	6500.0	14200.0	0.0	r	f	1.0	-2.5	2.5	2.0	
2101.533803	8.294000000000324	states																			"   state_name
id           
0     state_0"
2101.533803	0.016005000000404834	states																			"          state_name
id                  
1   sending_trialnum"
2101.549808	0.0005049999999755528	states																			"        state_name
id                
3   wait_for_cpoke"
2101.550313	1.9694949999998244	states																			"             state_name
id                     
5   wait_for_cpoke_freq"
2103.519808	0.0014949999999771535	states																			"     state_name
id             
6   nic_prestim"
2103.521303	0.0005000000001018634	states																			"   state_name
id           
7       cpoke"
2103.521803	1.3995159999999487	states																			"   state_name
id           
8    cpoke_in"
2104.921319	0.22898399999985486	states																			"       state_name
id               
10  wait_for_cout"
2105.150303	0.361515000000054	states																			"        state_name
id                
11  wait_for_spoke"
2105.511818	4.312484999999924	states																			"     state_name
id             
14  error_state"
2109.824303	0.0035000000002582965	states																			"        state_name
id                
18  clean_up_state"
2109.828304	3.1965000000000146	trials	0.0	0.0	5.0	2.0	1.0	1.0	0.15	-2.5	4.0	6500.0	14200.0	1.0	r	f	1.0	-2.5	4.0	1.0	
2109.828304	3.1965000000000146	states																			"   state_name
id           
0     state_0"
2109.828304	0.015998999999737862	states																			"          state_name
id                  
1   sending_trialnum"
2109.844303	0.0005000000001018634	states																			"        state_name
id                
3   wait_for_cpoke"
2109.844803	0.5464999999999236	states																			"             state_name
id                     
5   wait_for_cpoke_freq"
2110.391303	0.0010010000000875152	states																			"     state_name
id             
6   nic_prestim"
2110.392304	0.000499000000218075	states																			"   state_name
id           
7       cpoke"
2110.392803	1.4000009999999747	states																			"   state_name
id           
8    cpoke_in"
2111.792804	0.1479989999997997	states																			"       state_name
id               
10  wait_for_cout"
2111.940803	0.21450000000004366	states																			"        state_name
id                
11  wait_for_spoke"
2112.155303	0.0005000000001018634	states																			"   state_name
id           
12  hit_state"
2112.155803	0.18649999999979627	states																			"    state_name
id            
13  hit_state2"
2112.342303	0.0035000000002582965	states																			"        state_name
id                
18  clean_up_state"
2112.345803	0.6790009999999711	states																			"                state_name
id                        
2   check_next_trial_ready"
2113.025303	8.001999999999953	trials	0.0	0.0	5.0	2.0	1.0	1.0	0.15	-4.0	2.5	6500.0	14200.0	0.0	r	f	1.0	-4.0	2.5	2.0	
2113.025303	8.001999999999953	states																			"   state_name
id           
0     state_0"
2113.025303	0.016000000000076398	states																			"          state_name
id                  
1   sending_trialnum"
2113.041303	0.0005059999998593412	states																			"        state_name
id                
3   wait_for_cpoke"
2113.041809	2.028994000000239	states																			"             state_name
id                     
5   wait_for_cpoke_freq"
2115.070803	0.0015079999998306448	states																			"     state_name
id             
6   nic_prestim"
2115.072311	0.0004930000000058499	states																			"   state_name
id           
7       cpoke"
2115.072804	1.301014000000123	states																			"   state_name
id           
8    cpoke_in"
2116.373818	0.09898599999996804	states																			"   state_name
id           
9   cpoke_out"
2116.472804	0.0005160000000614673	states																			"       state_name
id               
10  wait_for_cout"
2116.47332	0.22998299999972005	states																			"        state_name
id                
11  wait_for_spoke"
2116.703303	4.320500000000266	states																			"     state_name
id             
14  error_state"
2121.023803	0.003499999999803549	states																			"        state_name
id                
18  clean_up_state"
2121.027803	14.437001000000237	trials	0.0	0.0	5.0	2.0	1.0	1.0	0.15	-1.0	-2.5	6500.0	14200.0	1.0	l	f	0.0	-1.0	-2.5	1.0	
2121.027803	14.437001000000237	states																			"   state_name
id           
0     state_0"
2121.027803	0.016000000000076398	states																			"          state_name
id                  
1   sending_trialnum"
2121.043803	0.0005000000001018634	states																			"        state_name
id                
3   wait_for_cpoke"
2121.044303	11.600999999999658	states																			"             state_name
id                     
5   wait_for_cpoke_freq"
2132.645303	0.0010000000002037268	states																			"     state_name
id             
6   nic_prestim"
2132.646303	0.0005009999999856518	states																			"   state_name
id           
7       cpoke"
2132.646804	1.3995119999999588	states																			"   state_name
id           
8    cpoke_in"
2134.046316	0.2604879999998957	states																			"       state_name
id               
10  wait_for_cout"
2134.306804	0.24101400000017748	states																			"        state_name
id                
11  wait_for_spoke"
2134.547818	0.00048599999990983633	states																			"   state_name
id           
12  hit_state"
2134.548304	0.17349899999999252	states																			"    state_name
id            
13  hit_state2"
2134.721803	0.0035080000002380984	states																			"        state_name
id                
18  clean_up_state"
2134.725311	0.7394930000000386	states																			"                state_name
id                        
2   check_next_trial_ready"
2135.465303	4.82850499999995	trials	0.0	0.0	5.0	2.0	1.0	1.0	0.15	2.5	2.5	6500.0	14200.0	1.0	r	f	0.0	2.5	2.5	1.0	
2135.465303	4.82850499999995	states																			"   state_name
id           
0     state_0"
2135.465303	0.016000000000076398	states																			"          state_name
id                  
1   sending_trialnum"
2135.481303	0.0005009999999856518	states																			"        state_name
id                
3   wait_for_cpoke"
2135.481804	1.738499000000047	states																			"             state_name
id                     
5   wait_for_cpoke_freq"
2137.220303	0.0014999999998508429	states																			"     state_name
id             
6   nic_prestim"
2137.221803	0.0005009999999856518	states																			"   state_name
id           
7       cpoke"
2137.222304	1.399515000000065	states																			"   state_name
id           
8    cpoke_in"
2138.621819	0.370984000000135	states																			"       state_name
id               
10  wait_for_cout"
2138.992803	0.5635019999999713	states																			"        state_name
id                
11  wait_for_spoke"
2139.556305	0.0004989999997633277	states																			"   state_name
id           
12  hit_state"
2139.556804	0.17750400000022637	states																			"    state_name
id            
13  hit_state2"
2139.734308	0.0034949999999298598	states																			"        state_name
id                
18  clean_up_state"
2139.737803	0.5560049999999137	states																			"                state_name
id                        
2   check_next_trial_ready"
2140.294303	6.862000999999964	trials	0.0	0.0	5.0	2.0	1.0	1.0	0.15	4.0	-2.5	6500.0	14200.0	1.0	l	f	1.0	4.0	-2.5	1.0	
2140.294303	6.862000999999964	states																			"   state_name
id           
0     state_0"
2140.294303	0.016002999999727763	states																			"          state_name
id                  
1   sending_trialnum"
2140.310306	0.0004969999999957508	states																			"        state_name
id                
3   wait_for_cpoke"
2140.310803	2.380011000000195	states																			"             state_name
id                     
5   wait_for_cpoke_freq"
2142.690814	0.0014900000001034641	states																			"     state_name
id             
6   nic_prestim"
2142.692304	0.0004989999997633277	states																			"   state_name
id           
7       cpoke"
2142.692803	1.4000009999999747	states																			"   state_name
id           
8    cpoke_in"
2144.092804	0.21200500000031752	states																			"       state_name
id               
10  wait_for_cout"
2144.304809	0.22999399999980596	states																			"        state_name
id                
11  wait_for_spoke"
2144.534803	0.0005000000001018634	states																			"   state_name
id           
12  hit_state"
2144.535303	0.18450099999972736	states																			"    state_name
id            
13  hit_state2"
2144.719804	0.003499000000374508	states																			"        state_name
id                
18  clean_up_state"
2144.723303	2.4330009999998765	states																			"                state_name
id                        
2   check_next_trial_ready"
2147.156803	6.231506999999965	trials	0.0	0.0	5.0	2.0	1.0	1.0	0.15	-2.5	-4.0	6500.0	14200.0	0.0	l	f	0.0	-2.5	-4.0	2.0	
2147.156803	6.231506999999965	states																			"   state_name
id           
0     state_0"
2147.156803	0.016000000000076398	states																			"          state_name
id                  
1   sending_trialnum"
2147.172803	0.0005009999999856518	states																			"        state_name
id                
3   wait_for_cpoke"
2147.173304	0.4779990000001817	states																			"             state_name
id                     
5   wait_for_cpoke_freq"
2147.651303	0.0010010000000875152	states																			"     state_name
id             
6   nic_prestim"
2147.652304	0.0004999999996471161	states																			"   state_name
id           
7       cpoke"
2147.652804	1.3999990000002072	states																			"   state_name
id           
8    cpoke_in"
2149.052803	0.4904999999998836	states																			"       state_name
id               
10  wait_for_cout"
2149.543303	0.2335000000002765	states																			"        state_name
id                
11  wait_for_spoke"
2149.776803	3.60799999999972	states																			"     state_name
id             
14  error_state"
2153.384803	0.0035069999998995627	states																			"        state_name
id                
18  clean_up_state"
2153.388803	8.164000000000215	trials	0.0	0.0	5.0	2.0	1.0	1.0	0.15	1.0	-2.5	6500.0	14200.0	0.0	l	f	1.0	1.0	-2.5	2.0	
2153.388803	8.164000000000215	states																			"   state_name
id           
0     state_0"
2153.388803	0.016000000000076398	states																			"          state_name
id                  
1   sending_trialnum"
2153.404803	0.0005009999999856518	states																			"        state_name
id                
3   wait_for_cpoke"
2153.405304	1.8599990000002435	states																			"             state_name
id                     
5   wait_for_cpoke_freq"
2155.265303	0.0015009999997346313	states																			"     state_name
id             
6   nic_prestim"
2155.266804	0.0005150000001776789	states																			"   state_name
id           
7       cpoke"
2155.267319	1.399489999999787	states																			"   state_name
id           
8    cpoke_in"
2156.666809	0.32700900000008915	states																			"       state_name
id               
10  wait_for_cout"
2156.993818	0.2269850000002407	states																			"        state_name
id                
11  wait_for_spoke"
2157.220803	4.328505999999834	states																			"     state_name
id             
14  error_state"
2161.549309	0.0034940000000460714	states																			"        state_name
id                
18  clean_up_state"
2161.553303	8.647011999999904	trials	0.0	0.0	5.0	2.0	1.0	1.0	0.15	1.0	4.0	6500.0	14200.0		r	f	0.0	1.0	4.0	3.0	
2161.553303	8.647011999999904	states																			"   state_name
id           
0     state_0"
2161.553303	0.016000000000076398	states																			"          state_name
id                  
1   sending_trialnum"
2161.569303	0.0004999999996471161	states																			"        state_name
id                
3   wait_for_cpoke"
2161.569803	3.5844999999999345	states																			"             state_name
id                     
5   wait_for_cpoke_freq"
2165.154303	0.0010000000002037268	states																			"     state_name
id             
6   nic_prestim"
2165.155303	0.0005000000001018634	states																			"   state_name
id           
7       cpoke"
2165.155803	0.509005999999772	states																			"   state_name
id           
8    cpoke_in"
2165.664809	0.003994000000147935	states																			"   state_name
id           
9   cpoke_out"
2165.668803	0.4274999999997817	states																			"   state_name
id           
8    cpoke_in"
2166.096303	0.10000900000022739	states																			"   state_name
id           
9   cpoke_out"
2166.196312	4.0004909999997835	states																			"         state_name
id                 
16  nic_error_state"
2170.196803	0.0035120000002279994	states																			"        state_name
id                
18  clean_up_state"
2170.200809	4.0204939999998714	trials	0.0	0.0	5.0	2.0	1.0	1.0	0.15	1.0	-2.5	6500.0	14200.0	1.0	l	f	1.0	1.0	-2.5	1.0	
2170.200809	4.0204939999998714	states																			"   state_name
id           
0     state_0"
2170.200809	0.015993999999864172	states																			"          state_name
id                  
1   sending_trialnum"
2170.216803	1.0855110000002242	states																			"        state_name
id                
3   wait_for_cpoke"
2171.302314	0.17648899999994683	states																			"             state_name
id                     
5   wait_for_cpoke_freq"
2171.478803	0.0010050000000774162	states																			"     state_name
id             
6   nic_prestim"
2171.479808	0.0004949999997734267	states																			"   state_name
id           
7       cpoke"
2171.480303	1.1140000000000327	states																			"   state_name
id           
8    cpoke_in"
2172.594303	0.02300600000035047	states																			"   state_name
id           
9   cpoke_out"
2172.617309	0.05449499999986074	states																			"   state_name
id           
8    cpoke_in"
2172.671804	0.05249999999978172	states																			"   state_name
id           
9   cpoke_out"
2172.724304	0.13951399999996283	states																			"   state_name
id           
8    cpoke_in"
2172.863818	0.016485000000102445	states																			"   state_name
id           
9   cpoke_out"
2172.880303	0.0005009999999856518	states																			"       state_name
id               
10  wait_for_cout"
2172.880804	0.5644990000000689	states																			"        state_name
id                
11  wait_for_spoke"
2173.445303	0.0005009999999856518	states																			"   state_name
id           
12  hit_state"
2173.445804	0.18499999999994543	states																			"    state_name
id            
13  hit_state2"
2173.630804	0.003505000000131986	states																			"        state_name
id                
18  clean_up_state"
2173.634309	0.5869939999997769	states																			"                state_name
id                        
2   check_next_trial_ready"
2174.221803	6.291001000000051	trials	0.0	0.0	5.0	2.0	1.0	1.0	0.15	2.5	4.0	6500.0	14200.0	1.0	r	f	0.0	2.5	4.0	1.0	
2174.221803	6.291001000000051	states																			"   state_name
id           
0     state_0"
2174.221803	0.016015000000152213	states																			"          state_name
id                  
1   sending_trialnum"
2174.237818	0.0004960000001119624	states																			"        state_name
id                
3   wait_for_cpoke"
2174.238314	3.0450049999999464	states																			"             state_name
id                     
5   wait_for_cpoke_freq"
2177.283319	0.0014849999997750274	states																			"     state_name
id             
6   nic_prestim"
2177.284804	0.000499000000218075	states																			"   state_name
id           
7       cpoke"
2177.285303	0.02500000000009095	states																			"   state_name
id           
8    cpoke_in"
2177.310303	0.0900099999998929	states																			"   state_name
id           
9   cpoke_out"
2177.400313	1.2844959999997627	states																			"   state_name
id           
8    cpoke_in"
2178.684809	0.6499950000002173	states																			"       state_name
id               
10  wait_for_cout"
2179.334804	0.3515109999998458	states																			"        state_name
id                
11  wait_for_spoke"
2179.686315	0.0004890000000159489	states																			"   state_name
id           
12  hit_state"
2179.686804	0.17749899999989793	states																			"    state_name
id            
13  hit_state2"
2179.864303	0.003505000000131986	states																			"        state_name
id                
18  clean_up_state"
2179.867808	0.6449959999999919	states																			"                state_name
id                        
2   check_next_trial_ready"
2180.513303	4.866500999999971	trials	0.0	0.0	5.0	2.0	1.0	1.0	0.15	-2.5	4.0	6500.0	14200.0	1.0	r	f	1.0	-2.5	4.0	1.0	
2180.513303	4.866500999999971	states																			"   state_name
id           
0     state_0"
2180.513303	0.01599999999962165	states																			"          state_name
id                  
1   sending_trialnum"
2180.529303	0.0005000000001018634	states																			"        state_name
id                
3   wait_for_cpoke"
2180.529803	2.061500000000251	states																			"             state_name
id                     
5   wait_for_cpoke_freq"
2182.591303	0.0009999999997489795	states																			"     state_name
id             
6   nic_prestim"
2182.592303	0.0005009999999856518	states																			"   state_name
id           
7       cpoke"
2182.592804	1.3999990000002072	states																			"   state_name
id           
8    cpoke_in"
2183.992803	0.2849999999998545	states																			"       state_name
id               
10  wait_for_cout"
2184.277803	0.41700100000025486	states																			"        state_name
id                
11  wait_for_spoke"
2184.694804	0.0004999999996471161	states																			"   state_name
id           
12  hit_state"
2184.695304	0.1854990000001635	states																			"    state_name
id            
13  hit_state2"
2184.880803	0.0035109999998894637	states																			"        state_name
id                
18  clean_up_state"
2184.884314	0.49549000000024535	states																			"                state_name
id                        
2   check_next_trial_ready"
2185.380303	8.97751500000004	trials	0.0	0.0	5.0	2.0	1.0	1.0	0.15	1.0	-4.0	6500.0	14200.0	0.0	l	f	1.0	1.0	-4.0	2.0	
2185.380303	8.97751500000004	states																			"   state_name
id           
0     state_0"
2185.380303	0.016008999999939988	states																			"          state_name
id                  
1   sending_trialnum"
2185.396312	0.0004920000001220615	states																			"        state_name
id                
3   wait_for_cpoke"
2185.396804	2.4940150000002177	states																			"             state_name
id                     
5   wait_for_cpoke_freq"
2187.890819	0.001483999999891239	states																			"     state_name
id             
6   nic_prestim"
2187.892303	0.0005009999999856518	states																			"   state_name
id           
7       cpoke"
2187.892804	0.145998999999847	states																			"   state_name
id           
8    cpoke_in"
2188.038803	0.026499999999941792	states																			"   state_name
id           
9   cpoke_out"
2188.065303	1.2270050000001902	states																			"   state_name
id           
8    cpoke_in"
2189.292308	0.28599499999972977	states																			"       state_name
id               
10  wait_for_cout"
2189.578303	0.5035000000002583	states																			"        state_name
id                
11  wait_for_spoke"
2190.081803	4.272500000000036	states																			"     state_name
id             
14  error_state"
2194.354303	0.0035149999998793646	states																			"        state_name
id                
18  clean_up_state"
2194.358304	3.356999000000087	trials	0.0	0.0	5.0	2.0	1.0	1.0	0.15	4.0	2.5	6500.0	14200.0	1.0	r	f	0.0	4.0	2.5	1.0	
2194.358304	3.356999000000087	states																			"   state_name
id           
0     state_0"
2194.358304	0.016006000000288623	states																			"          state_name
id                  
1   sending_trialnum"
2194.37431	0.0004939999998896383	states																			"        state_name
id                
3   wait_for_cpoke"
2194.374804	0.6280000000001564	states																			"             state_name
id                     
5   wait_for_cpoke_freq"
2195.002804	0.0010039999997388804	states																			"     state_name
id             
6   nic_prestim"
2195.003808	0.0004960000001119624	states																			"   state_name
id           
7       cpoke"
2195.004304	1.4000059999998484	states																			"   state_name
id           
8    cpoke_in"
2196.40431	0.2364940000002207	states																			"       state_name
id               
10  wait_for_cout"
2196.640804	0.3649999999997817	states																			"        state_name
id                
11  wait_for_spoke"
2197.005804	0.000499000000218075	states																			"   state_name
id           
12  hit_state"
2197.006303	0.17201099999965663	states																			"    state_name
id            
13  hit_state2"
2197.178314	0.0035040000002481975	states																			"        state_name
id                
18  clean_up_state"
2197.181818	0.5334849999999278	states																			"                state_name
id                        
2   check_next_trial_ready"
2197.715803	4.46650099999988	trials	0.0	0.0	5.0	2.0	1.0	1.0	0.15	1.0	4.0	6500.0	14200.0	1.0	r	f	0.0	1.0	4.0	1.0	
2197.715803	4.46650099999988	states																			"   state_name
id           
0     state_0"
2197.715803	0.016016000000036	states																			"          state_name
id                  
1   sending_trialnum"
2197.731819	0.00048699999979362474	states																			"        state_name
id                
3   wait_for_cpoke"
2197.732306	1.798497000000225	states																			"             state_name
id                     
5   wait_for_cpoke_freq"
2199.530803	0.0010010000000875152	states																			"     state_name
id             
6   nic_prestim"
2199.531804	0.0004989999997633277	states																			"   state_name
id           
7       cpoke"
2199.532303	1.400000000000091	states																			"   state_name
id           
8    cpoke_in"
2200.932303	0.1305010000000948	states																			"       state_name
id               
10  wait_for_cout"
2201.062804	0.2699989999996433	states																			"        state_name
id                
11  wait_for_spoke"
2201.332803	0.0005000000001018634	states																			"   state_name
id           
12  hit_state"
2201.333303	0.17000000000007276	states																			"    state_name
id            
13  hit_state2"
2201.503303	0.0035000000002582965	states																			"        state_name
id                
18  clean_up_state"
2201.506803	0.6755009999997128	states																			"                state_name
id                        
2   check_next_trial_ready"
2202.182803	8.296505999999681	trials	0.0	0.0	5.0	2.0	1.0	1.0	0.15	-4.0	2.5	6500.0	14200.0	0.0	r	f	1.0	-4.0	2.5	2.0	
2202.182803	8.296505999999681	states																			"   state_name
id           
0     state_0"
2202.182803	0.016000000000076398	states																			"          state_name
id                  
1   sending_trialnum"
2202.198803	0.0005009999999856518	states																			"        state_name
id                
3   wait_for_cpoke"
2202.199304	2.0264989999996033	states																			"             state_name
id                     
5   wait_for_cpoke_freq"
2204.225803	0.0010010000000875152	states																			"     state_name
id             
6   nic_prestim"
2204.226804	0.0005000000001018634	states																			"   state_name
id           
7       cpoke"
2204.227304	1.3999990000002072	states																			"   state_name
id           
8    cpoke_in"
2205.627303	0.1365009999999529	states																			"       state_name
id               
10  wait_for_cout"
2205.763804	0.327998999999636	states																			"        state_name
id                
11  wait_for_spoke"
2206.091803	4.384001000000353	states																			"     state_name
id             
14  error_state"
2210.475804	0.0035049999996772385	states																			"        state_name
id                
18  clean_up_state"
2210.479803	5.306501000000026	trials	0.0	0.0	5.0	2.0	1.0	1.0	0.15	2.5	4.0	6500.0	14200.0	1.0	r	f	0.0	2.5	4.0	1.0	
2210.479803	5.306501000000026	states																			"   state_name
id           
0     state_0"
2210.479803	0.016000999999960186	states																			"          state_name
id                  
1   sending_trialnum"
2210.495804	0.0004989999997633277	states																			"        state_name
id                
3   wait_for_cpoke"
2210.496303	2.3575000000000728	states																			"             state_name
id                     
5   wait_for_cpoke_freq"
2212.853803	0.0010000000002037268	states																			"     state_name
id             
6   nic_prestim"
2212.854803	0.0004999999996471161	states																			"   state_name
id           
7       cpoke"
2212.855303	1.3995060000002013	states																			"   state_name
id           
8    cpoke_in"
2214.254809	0.12099399999988236	states																			"       state_name
id               
10  wait_for_cout"
2214.375803	0.380500000000211	states																			"        state_name
id                
11  wait_for_spoke"
2214.756303	0.0005000000001018634	states																			"   state_name
id           
12  hit_state"
2214.756803	0.17150299999957497	states																			"    state_name
id            
13  hit_state2"
2214.928306	0.0034980000000359723	states																			"        state_name
id                
18  clean_up_state"
2214.931804	0.8545000000003711	states																			"                state_name
id                        
2   check_next_trial_ready"
2215.786803	5.228000999999949	trials	0.0	0.0	5.0	2.0	1.0	1.0	0.15	-2.5	4.0	6500.0	14200.0	1.0	r	f	1.0	-2.5	4.0	1.0	
2215.786803	5.228000999999949	states																			"   state_name
id           
0     state_0"
2215.786803	0.016000000000076398	states																			"          state_name
id                  
1   sending_trialnum"
2215.802803	0.0005009999999856518	states																			"        state_name
id                
3   wait_for_cpoke"
2215.803304	2.594998999999916	states																			"             state_name
id                     
5   wait_for_cpoke_freq"
2218.398303	0.0010000000002037268	states																			"     state_name
id             
6   nic_prestim"
2218.399303	0.0004999999996471161	states																			"   state_name
id           
7       cpoke"
2218.399803	1.3995100000001912	states																			"   state_name
id           
8    cpoke_in"
2219.799313	0.19850499999984095	states																			"       state_name
id               
10  wait_for_cout"
2219.997818	0.22550100000034945	states																			"        state_name
id                
11  wait_for_spoke"
2220.223319	0.0004989999997633277	states																			"   state_name
id           
12  hit_state"
2220.223818	0.18200000000024374	states																			"    state_name
id            
13  hit_state2"
2220.405818	0.0034849999997277337	states																			"        state_name
id                
18  clean_up_state"
2220.409303	0.6055010000000038	states																			"                state_name
id                        
2   check_next_trial_ready"
2221.015303	4.85900300000003	trials	0.0	0.0	5.0	2.0	1.0	1.0	0.15	-2.5	-2.5	6500.0	14200.0	1.0	l	f	0.0	-2.5	-2.5	1.0	
2221.015303	4.85900300000003	states																			"   state_name
id           
0     state_0"
2221.015303	0.016000000000076398	states																			"          state_name
id                  
1   sending_trialnum"
2221.031303	0.0005149999997229315	states																			"        state_name
id                
3   wait_for_cpoke"
2221.031818	1.9804850000000442	states																			"             state_name
id                     
5   wait_for_cpoke_freq"
2223.012303	0.0010160000001633307	states																			"     state_name
id             
6   nic_prestim"
2223.013319	0.0004989999997633277	states																			"   state_name
id           
7       cpoke"
2223.013818	1.2544849999999315	states																			"   state_name
id           
8    cpoke_in"
2224.268303	0.02700100000038219	states																			"   state_name
id           
9   cpoke_out"
2224.295304	0.08199899999999616	states																			"   state_name
id           
8    cpoke_in"
2224.377303	0.036499999999705324	states																			"   state_name
id           
9   cpoke_out"
2224.413803	0.0005000000001018634	states																			"       state_name
id               
10  wait_for_cout"
2224.414303	0.5430010000000038	states																			"        state_name
id                
11  wait_for_spoke"
2224.957304	0.0005000000001018634	states																			"   state_name
id           
12  hit_state"
2224.957804	0.1799989999999525	states																			"    state_name
id            
13  hit_state2"
2225.137803	0.003499999999803549	states																			"        state_name
id                
18  clean_up_state"
2225.141303	0.7330030000002807	states																			"                state_name
id                        
2   check_next_trial_ready"
2225.874803	6.965500999999676	trials	0.0	0.0	5.0	2.0	1.0	1.0	0.15	-4.0	-4.0	6500.0	14200.0	1.0	l	f	0.0	-4.0	-4.0	1.0	
2225.874803	6.965500999999676	states																			"   state_name
id           
0     state_0"
2225.874803	0.016000999999960186	states																			"          state_name
id                  
1   sending_trialnum"
2225.890804	0.0005149999997229315	states																			"        state_name
id                
3   wait_for_cpoke"
2225.891319	3.931485000000066	states																			"             state_name
id                     
5   wait_for_cpoke_freq"
2229.822804	0.0015000000003055902	states																			"     state_name
id             
6   nic_prestim"
2229.824304	0.0005049999999755528	states																			"   state_name
id           
7       cpoke"
2229.824809	1.3440099999997983	states																			"   state_name
id           
8    cpoke_in"
2231.168819	0.055984000000080414	states																			"   state_name
id           
9   cpoke_out"
2231.224803	0.0005000000001018634	states																			"       state_name
id               
10  wait_for_cout"
2231.225303	0.688499999999749	states																			"        state_name
id                
11  wait_for_spoke"
2231.913803	0.0005009999999856518	states																			"   state_name
id           
12  hit_state"
2231.914304	0.1780020000001059	states																			"    state_name
id            
13  hit_state2"
2232.092306	0.0034980000000359723	states																			"        state_name
id                
18  clean_up_state"
2232.095804	0.744499999999789	states																			"                state_name
id                        
2   check_next_trial_ready"
2232.840803	7.167500999999902	trials	0.0	0.0	5.0	2.0	1.0	1.0	0.15	1.0	2.5	6500.0	14200.0	0.0	r	f	0.0	1.0	2.5	2.0	
2232.840803	7.167500999999902	states																			"   state_name
id           
0     state_0"
2232.840803	0.016000000000076398	states																			"          state_name
id                  
1   sending_trialnum"
2232.856803	0.0005059999998593412	states																			"        state_name
id                
3   wait_for_cpoke"
2232.857309	1.8624939999999697	states																			"             state_name
id                     
5   wait_for_cpoke_freq"
2234.719803	0.0010000000002037268	states																			"     state_name
id             
6   nic_prestim"
2234.720803	0.0004999999996471161	states																			"   state_name
id           
7       cpoke"
2234.721303	1.3995060000002013	states																			"   state_name
id           
8    cpoke_in"
2236.120809	0.010499999999865395	states																			"       state_name
id               
10  wait_for_cout"
2236.131309	0.34499400000004243	states																			"        state_name
id                
11  wait_for_spoke"
2236.476303	3.5284999999998945	states																			"     state_name
id             
14  error_state"
2240.004803	0.003501000000142085	states																			"        state_name
id                
18  clean_up_state"
2240.008803	10.576501000000007	trials	0.0	0.0	5.0	2.0	1.0	1.0	0.15	-4.0	2.5	6500.0	14200.0	0.0	r	f	1.0	-4.0	2.5	2.0	
2240.008803	10.576501000000007	states																			"   state_name
id           
0     state_0"
2240.008803	0.01599999999962165	states																			"          state_name
id                  
1   sending_trialnum"
2240.024803	0.0005000000001018634	states																			"        state_name
id                
3   wait_for_cpoke"
2240.025303	4.141000000000076	states																			"             state_name
id                     
5   wait_for_cpoke_freq"
2244.166303	0.0010000000002037268	states																			"     state_name
id             
6   nic_prestim"
2244.167303	0.0005009999999856518	states																			"   state_name
id           
7       cpoke"
2244.167804	1.3994989999996506	states																			"   state_name
id           
8    cpoke_in"
2245.567303	0.25600600000007034	states																			"       state_name
id               
10  wait_for_cout"
2245.823309	0.34249399999998786	states																			"        state_name
id                
11  wait_for_spoke"
2246.165803	4.416000000000167	states																			"     state_name
id             
14  error_state"
2250.581803	0.003501000000142085	states																			"        state_name
id                
18  clean_up_state"
2250.585808	15.805995000000166	trials	0.0	0.0	5.0	2.0	1.0	1.0	0.15	-4.0	4.0	6500.0	14200.0	1.0	r	f	1.0	-4.0	4.0	1.0	
2250.585808	15.805995000000166	states																			"   state_name
id           
0     state_0"
2250.585808	0.016000000000076398	states																			"          state_name
id                  
1   sending_trialnum"
2250.601808	0.0005049999999755528	states																			"        state_name
id                
3   wait_for_cpoke"
2250.602313	12.81999900000028	states																			"             state_name
id                     
5   wait_for_cpoke_freq"
2263.422312	0.0009999999997489795	states																			"     state_name
id             
6   nic_prestim"
2263.423312	0.0004920000001220615	states																			"   state_name
id           
7       cpoke"
2263.423804	1.3999990000002072	states																			"   state_name
id           
8    cpoke_in"
2264.823803	0.5124999999998181	states																			"       state_name
id               
10  wait_for_cout"
2265.336303	0.283006000000114	states																			"        state_name
id                
11  wait_for_spoke"
2265.619309	0.0004939999998896383	states																			"   state_name
id           
12  hit_state"
2265.619803	0.19000000000005457	states																			"    state_name
id            
13  hit_state2"
2265.809803	0.0035009999996873375	states																			"        state_name
id                
18  clean_up_state"
2265.813304	0.5784990000001926	states																			"                state_name
id                        
2   check_next_trial_ready"
2266.392303	7.350000999999793	trials	0.0	0.0	5.0	2.0	1.0	1.0	0.15	-2.5	-4.0	6500.0	14200.0	1.0	l	f	0.0	-2.5	-4.0	1.0	
2266.392303	7.350000999999793	states																			"   state_name
id           
0     state_0"
2266.392303	0.0160080000000562	states																			"          state_name
id                  
1   sending_trialnum"
2266.408311	0.0004979999998795392	states																			"        state_name
id                
3   wait_for_cpoke"
2266.408809	4.358494000000064	states																			"             state_name
id                     
5   wait_for_cpoke_freq"
2270.767303	0.001010999999834894	states																			"     state_name
id             
6   nic_prestim"
2270.768314	0.0005049999999755528	states																			"   state_name
id           
7       cpoke"
2270.768819	1.399985999999899	states																			"   state_name
id           
8    cpoke_in"
2272.168805	0.2519990000000689	states																			"       state_name
id               
10  wait_for_cout"
2272.420804	0.2904990000001817	states																			"        state_name
id                
11  wait_for_spoke"
2272.711303	0.0005059999998593412	states																			"   state_name
id           
12  hit_state"
2272.711809	0.17449400000032256	states																			"    state_name
id            
13  hit_state2"
2272.886303	0.0035009999996873375	states																			"        state_name
id                
18  clean_up_state"
2272.889804	0.8524999999999636	states																			"                state_name
id                        
2   check_next_trial_ready"
2273.742803	4.185999999999694	trials	0.0	0.0	5.0	2.0	1.0	1.0	0.15	-4.0	-2.5	6500.0	14200.0	1.0	l	f	0.0	-4.0	-2.5	1.0	
2273.742803	4.185999999999694	states																			"   state_name
id           
0     state_0"
2273.742803	0.016000999999960186	states																			"          state_name
id                  
1   sending_trialnum"
2273.758804	0.0005049999999755528	states																			"        state_name
id                
3   wait_for_cpoke"
2273.759309	1.5884940000000825	states																			"             state_name
id                     
5   wait_for_cpoke_freq"
2275.347803	0.0010159999997085833	states																			"     state_name
id             
6   nic_prestim"
2275.348819	0.0004900000003544847	states																			"   state_name
id           
7       cpoke"
2275.349309	1.4000019999998585	states																			"   state_name
id           
8    cpoke_in"
2276.749311	0.08349300000008952	states																			"       state_name
id               
10  wait_for_cout"
2276.832804	0.3180050000000847	states																			"        state_name
id                
11  wait_for_spoke"
2277.150809	0.0004949999997734267	states																			"   state_name
id           
12  hit_state"
2277.151304	0.17249900000024354	states																			"    state_name
id            
13  hit_state2"
2277.323803	0.0035009999996873375	states																			"        state_name
id                
18  clean_up_state"
2277.327304	0.6014989999998761	states																			"                state_name
id                        
2   check_next_trial_ready"
2277.929303	5.663000999999895	trials	0.0	0.0	5.0	2.0	1.0	1.0	0.15	2.5	4.0	6500.0	14200.0	1.0	r	f	0.0	2.5	4.0	1.0	
2277.929303	5.663000999999895	states																			"   state_name
id           
0     state_0"
2277.929303	0.016006000000288623	states																			"          state_name
id                  
1   sending_trialnum"
2277.945309	0.0004939999998896383	states																			"        state_name
id                
3   wait_for_cpoke"
2277.945803	1.7605140000000574	states																			"             state_name
id                     
5   wait_for_cpoke_freq"
2279.706317	0.0014859999996588158	states																			"     state_name
id             
6   nic_prestim"
2279.707803	0.0005000000001018634	states																			"   state_name
id           
7       cpoke"
2279.708303	1.399515000000065	states																			"   state_name
id           
8    cpoke_in"
2281.107818	0.3059849999999642	states																			"       state_name
id               
10  wait_for_cout"
2281.413803	0.30650100000002567	states																			"        state_name
id                
11  wait_for_spoke"
2281.720304	0.0005000000001018634	states																			"   state_name
id           
12  hit_state"
2281.720804	0.1770040000001245	states																			"    state_name
id            
13  hit_state2"
2281.897808	0.0034949999999298598	states																			"        state_name
id                
18  clean_up_state"
2281.901303	1.6910009999996873	states																			"                state_name
id                        
2   check_next_trial_ready"
2283.592803	6.702499999999873	trials	0.0	0.0	5.0	2.0	1.0	1.0	0.15	2.5	2.5	6500.0	14200.0	1.0	r	f	0.0	2.5	2.5	1.0	
2283.592803	6.702499999999873	states																			"   state_name
id           
0     state_0"
2283.592803	0.016016000000036	states																			"          state_name
id                  
1   sending_trialnum"
2283.608819	0.0004930000000058499	states																			"        state_name
id                
3   wait_for_cpoke"
2283.609312	3.728490999999849	states																			"             state_name
id                     
5   wait_for_cpoke_freq"
2287.337803	0.0010000000002037268	states																			"     state_name
id             
6   nic_prestim"
2287.338803	0.0005000000001018634	states																			"   state_name
id           
7       cpoke"
2287.339303	1.4000009999999747	states																			"   state_name
id           
8    cpoke_in"
2288.739304	0.17699899999979607	states																			"       state_name
id               
10  wait_for_cout"
2288.916303	0.3654999999998836	states																			"        state_name
id                
11  wait_for_spoke"
2289.281803	0.0005000000001018634	states																			"   state_name
id           
12  hit_state"
2289.282303	0.17551499999990483	states																			"    state_name
id            
13  hit_state2"
2289.457818	0.003490999999939959	states																			"        state_name
id                
18  clean_up_state"
2289.461309	0.8339940000000752	states																			"                state_name
id                        
2   check_next_trial_ready"
2290.295803	4.847000000000207	trials	0.0	0.0	5.0	2.0	1.0	1.0	0.15	-1.0	2.5	6500.0	14200.0	1.0	r	f	1.0	-1.0	2.5	1.0	
2290.295803	4.847000000000207	states																			"   state_name
id           
0     state_0"
2290.295803	0.016000000000076398	states																			"          state_name
id                  
1   sending_trialnum"
2290.311803	0.0005009999999856518	states																			"        state_name
id                
3   wait_for_cpoke"
2290.312304	2.1305050000000847	states																			"             state_name
id                     
5   wait_for_cpoke_freq"
2292.442809	0.001494000000093365	states																			"     state_name
id             
6   nic_prestim"
2292.444303	0.0005009999999856518	states																			"   state_name
id           
7       cpoke"
2292.444804	1.3994989999996506	states																			"   state_name
id           
8    cpoke_in"
2293.844303	0.17651599999999235	states																			"       state_name
id               
10  wait_for_cout"
2294.020819	0.29948400000012043	states																			"        state_name
id                
11  wait_for_spoke"
2294.320303	0.0005000000001018634	states																			"   state_name
id           
12  hit_state"
2294.320803	0.18800000000010186	states																			"    state_name
id            
13  hit_state2"
2294.508803	0.0035009999996873375	states																			"        state_name
id                
18  clean_up_state"
2294.512304	0.6304990000003272	states																			"                state_name
id                        
2   check_next_trial_ready"
2295.143303	5.593506000000161	trials	0.0	0.0	5.0	2.0	1.0	1.0	0.15	1.0	-4.0	6500.0	14200.0	1.0	l	f	1.0	1.0	-4.0	1.0	
2295.143303	5.593506000000161	states																			"   state_name
id           
0     state_0"
2295.143303	0.016000000000076398	states																			"          state_name
id                  
1   sending_trialnum"
2295.159303	0.0005150000001776789	states																			"        state_name
id                
3   wait_for_cpoke"
2295.159818	2.8549849999999424	states																			"             state_name
id                     
5   wait_for_cpoke_freq"
2298.014803	0.0009999999997489795	states																			"     state_name
id             
6   nic_prestim"
2298.015803	0.0005010000004403992	states																			"   state_name
id           
7       cpoke"
2298.016304	1.3995139999997264	states																			"   state_name
id           
8    cpoke_in"
2299.415818	0.1164850000000115	states																			"       state_name
id               
10  wait_for_cout"
2299.532303	0.354001000000153	states																			"        state_name
id                
11  wait_for_spoke"
2299.886304	0.0005000000001018634	states																			"   state_name
id           
12  hit_state"
2299.886804	0.18649999999979627	states																			"    state_name
id            
13  hit_state2"
2300.073304	0.0034989999999197607	states																			"        state_name
id                
18  clean_up_state"
2300.076803	0.6600060000000667	states																			"                state_name
id                        
2   check_next_trial_ready"
2300.737309	5.541494999999941	trials	0.0	0.0	5.0	2.0	1.0	1.0	0.15	-2.5	-2.5	6500.0	14200.0	1.0	l	f	0.0	-2.5	-2.5	1.0	
2300.737309	5.541494999999941	states																			"   state_name
id           
0     state_0"
2300.737309	0.016000000000076398	states																			"          state_name
id                  
1   sending_trialnum"
2300.753309	0.0004949999997734267	states																			"        state_name
id                
3   wait_for_cpoke"
2300.753804	2.9974999999999454	states																			"             state_name
id                     
5   wait_for_cpoke_freq"
2303.751304	0.0010120000001734297	states																			"     state_name
id             
6   nic_prestim"
2303.752316	0.0005029999997532286	states																			"   state_name
id           
7       cpoke"
2303.752819	1.1399840000003678	states																			"   state_name
id           
8    cpoke_in"
2304.892803	0.04800599999998667	states																			"   state_name
id           
9   cpoke_out"
2304.940809	0.1515070000000378	states																			"   state_name
id           
8    cpoke_in"
2305.092316	0.06049299999995128	states																			"   state_name
id           
9   cpoke_out"
2305.152809	0.0004939999998896383	states																			"       state_name
id               
10  wait_for_cout"
2305.153303	0.3044999999997344	states																			"        state_name
id                
11  wait_for_spoke"
2305.457803	0.0005010000004403992	states																			"   state_name
id           
12  hit_state"
2305.458304	0.17199899999968693	states																			"    state_name
id            
13  hit_state2"
2305.630303	0.003501000000142085	states																			"        state_name
id                
18  clean_up_state"
2305.633804	0.6449999999999818	states																			"                state_name
id                        
2   check_next_trial_ready"
2306.279303	7.8595000000000255	trials	0.0	0.0	5.0	2.0	1.0	1.0	0.15	-4.0	4.0	6500.0	14200.0		r	f	1.0	-4.0	4.0	3.0	
2306.279303	7.8595000000000255	states																			"   state_name
id           
0     state_0"
2306.279303	0.016000000000076398	states																			"          state_name
id                  
1   sending_trialnum"
2306.295303	0.0005009999999856518	states																			"        state_name
id                
3   wait_for_cpoke"
2306.295804	2.5049990000002254	states																			"             state_name
id                     
5   wait_for_cpoke_freq"
2308.800803	0.0009999999997489795	states																			"     state_name
id             
6   nic_prestim"
2308.801803	0.0005020000003241876	states																			"   state_name
id           
7       cpoke"
2308.802305	1.148997999999665	states																			"   state_name
id           
8    cpoke_in"
2309.951303	0.05200600000034683	states																			"   state_name
id           
9   cpoke_out"
2310.003309	0.031494999999722495	states																			"   state_name
id           
8    cpoke_in"
2310.034804	0.10001499999998487	states																			"   state_name
id           
9   cpoke_out"
2310.134819	4.000484000000142	states																			"         state_name
id                 
16  nic_error_state"
2314.135303	0.003499999999803549	states																			"        state_name
id                
18  clean_up_state"
2314.139304	7.616005000000314	trials	0.0	0.0	5.0	2.0	1.0	1.0	0.15	-1.0	4.0	6500.0	14200.0	0.0	r	f	1.0	-1.0	4.0	2.0	
2314.139304	7.616005000000314	states																			"   state_name
id           
0     state_0"
2314.139304	0.016000000000076398	states																			"          state_name
id                  
1   sending_trialnum"
2314.155304	0.98050400000011	states																			"        state_name
id                
3   wait_for_cpoke"
2315.135808	0.14800999999988562	states																			"             state_name
id                     
5   wait_for_cpoke_freq"
2315.283818	0.0014850000002297747	states																			"     state_name
id             
6   nic_prestim"
2315.285303	0.0005000000001018634	states																			"   state_name
id           
7       cpoke"
2315.285803	0.6055159999996249	states																			"   state_name
id           
8    cpoke_in"
2315.891319	0.034984000000349624	states																			"   state_name
id           
9   cpoke_out"
2315.926303	0.5570060000000012	states																			"   state_name
id           
8    cpoke_in"
2316.483309	0.025494999999864376	states																			"   state_name
id           
9   cpoke_out"
2316.508804	0.16849899999988338	states																			"   state_name
id           
8    cpoke_in"
2316.677303	0.00800100000014936	states																			"   state_name
id           
9   cpoke_out"
2316.685304	0.0004989999997633277	states																			"       state_name
id               
10  wait_for_cout"
2316.685803	0.553501000000324	states																			"        state_name
id                
11  wait_for_spoke"
2317.239304	4.51251400000001	states																			"     state_name
id             
14  error_state"
2321.751818	0.003490999999939959	states																			"        state_name
id                
18  clean_up_state"
2321.755818	5.155484999999771	trials	0.0	0.0	5.0	2.0	1.0	1.0	0.15	-4.0	2.5	6500.0	14200.0	1.0	r	f	1.0	-4.0	2.5	1.0	
2321.755818	5.155484999999771	states																			"   state_name
id           
0     state_0"
2321.755818	0.01598999999987427	states																			"          state_name
id                  
1   sending_trialnum"
2321.771808	0.000503000000207976	states																			"        state_name
id                
3   wait_for_cpoke"
2321.772311	2.2015079999996487	states																			"             state_name
id                     
5   wait_for_cpoke_freq"
2323.973819	0.0014850000002297747	states																			"     state_name
id             
6   nic_prestim"
2323.975304	0.0005040000000917644	states																			"   state_name
id           
7       cpoke"
2323.975808	1.399496999999883	states																			"   state_name
id           
8    cpoke_in"
2325.375305	0.3324979999997595	states																			"       state_name
id               
10  wait_for_cout"
2325.707803	0.2235000000000582	states																			"        state_name
id                
11  wait_for_spoke"
2325.931303	0.0005000000001018634	states																			"   state_name
id           
12  hit_state"
2325.931803	0.19600100000025122	states																			"    state_name
id            
13  hit_state2"
2326.127804	0.0034989999999197607	states																			"        state_name
id                
18  clean_up_state"
2326.131303	0.7799999999997453	states																			"                state_name
id                        
2   check_next_trial_ready"
2326.911803	8.917015999999876	trials	0.0	0.0	5.0	2.0	1.0	1.0	0.15	-1.0	2.5	6500.0	14200.0	0.0	r	f	1.0	-1.0	2.5	2.0	
2326.911803	8.917015999999876	states																			"   state_name
id           
0     state_0"
2326.911803	0.016015000000152213	states																			"          state_name
id                  
1   sending_trialnum"
2326.927818	0.0004919999996673141	states																			"        state_name
id                
3   wait_for_cpoke"
2326.92831	2.4460010000002512	states																			"             state_name
id                     
5   wait_for_cpoke_freq"
2329.374311	0.0014929999997548293	states																			"     state_name
id             
6   nic_prestim"
2329.375804	0.000499000000218075	states																			"   state_name
id           
7       cpoke"
2329.376303	1.4000019999998585	states																			"   state_name
id           
8    cpoke_in"
2330.776305	0.13249900000027992	states																			"       state_name
id               
10  wait_for_cout"
2330.908804	0.4044999999996435	states																			"        state_name
id                
11  wait_for_spoke"
2331.313304	4.512009000000035	states																			"     state_name
id             
14  error_state"
2335.825313	0.0035060000000157743	states																			"        state_name
id                
18  clean_up_state"
2335.829313	8.844490999999834	trials	0.0	0.0	5.0	2.0	1.0	1.0	0.15	1.0	2.5	6500.0	14200.0	1.0	r	f	0.0	1.0	2.5	1.0	
2335.829313	8.844490999999834	states																			"   state_name
id           
0     state_0"
2335.829313	0.01599099999975806	states																			"          state_name
id                  
1   sending_trialnum"
2335.845304	0.0005000000001018634	states																			"        state_name
id                
3   wait_for_cpoke"
2335.845804	6.109504999999899	states																			"             state_name
id                     
5   wait_for_cpoke_freq"
2341.955309	0.001494000000093365	states																			"     state_name
id             
6   nic_prestim"
2341.956803	0.0005009999999856518	states																			"   state_name
id           
7       cpoke"
2341.957304	1.1745139999998173	states																			"   state_name
id           
8    cpoke_in"
2343.131818	0.025486000000000786	states																			"   state_name
id           
9   cpoke_out"
2343.157304	0.012498999999934313	states																			"   state_name
id           
8    cpoke_in"
2343.169803	0.005001000000447675	states																			"   state_name
id           
9   cpoke_out"
2343.174804	0.005013999999846419	states																			"   state_name
id           
8    cpoke_in"
2343.179818	0.033985999999913474	states																			"   state_name
id           
9   cpoke_out"
2343.213804	0.1154989999999998	states																			"   state_name
id           
8    cpoke_in"
2343.329303	0.02750000000014552	states																			"   state_name
id           
9   cpoke_out"
2343.356803	0.0004999999996471161	states																			"       state_name
id               
10  wait_for_cout"
2343.357303	0.5990000000001601	states																			"        state_name
id                
11  wait_for_spoke"
2343.956303	0.0005000000001018634	states																			"   state_name
id           
12  hit_state"
2343.956803	0.18150999999988926	states																			"    state_name
id            
13  hit_state2"
2344.138313	0.003505000000131986	states																			"        state_name
id                
18  clean_up_state"
2344.141818	0.5319859999999608	states																			"                state_name
id                        
2   check_next_trial_ready"
2344.674303	9.331505000000107	trials	0.0	0.0	5.0	2.0	1.0	1.0	0.15	4.0	-4.0	6500.0	14200.0	0.0	l	f	1.0	4.0	-4.0	2.0	
2344.674303	9.331505000000107	states																			"   state_name
id           
0     state_0"
2344.674303	0.016000000000076398	states																			"          state_name
id                  
1   sending_trialnum"
2344.690303	0.0005000000001018634	states																			"        state_name
id                
3   wait_for_cpoke"
2344.690803	2.254001000000244	states																			"             state_name
id                     
5   wait_for_cpoke_freq"
2346.944804	0.0009999999997489795	states																			"     state_name
id             
6   nic_prestim"
2346.945804	0.0005019999998694402	states																			"   state_name
id           
7       cpoke"
2346.946306	1.400010000000293	states																			"   state_name
id           
8    cpoke_in"
2348.346316	0.10848799999985204	states																			"       state_name
id               
10  wait_for_cout"
2348.454804	0.9634989999999561	states																			"        state_name
id                
11  wait_for_spoke"
2349.418303	4.584002999999939	states																			"     state_name
id             
14  error_state"
2354.002306	0.0035020000000258733	states																			"        state_name
id                
18  clean_up_state"
2354.006303	25.315005999999812	trials	0.0	0.0	5.0	2.0	1.0	1.0	0.15	4.0	-4.0	6500.0	14200.0		l	f	1.0	4.0	-4.0	3.0	
2354.006303	25.315005999999812	states																			"   state_name
id           
0     state_0"
2354.006303	0.016000999999960186	states																			"          state_name
id                  
1   sending_trialnum"
2354.022304	0.0005000000001018634	states																			"        state_name
id                
3   wait_for_cpoke"
2354.022804	21.157506999999896	states																			"             state_name
id                     
5   wait_for_cpoke_freq"
2375.180311	0.0014929999997548293	states																			"     state_name
id             
6   nic_prestim"
2375.181804	0.000499000000218075	states																			"   state_name
id           
7       cpoke"
2375.182303	0.03451600000016697	states																			"   state_name
id           
8    cpoke_in"
2375.216819	0.1004849999999351	states																			"   state_name
id           
9   cpoke_out"
2375.317304	4.000513999999839	states																			"         state_name
id                 
16  nic_error_state"
2379.317818	0.003490999999939959	states																			"        state_name
id                
18  clean_up_state"
2379.321804	3.2334999999998217	trials	0.0	0.0	5.0	2.0	1.0	1.0	0.15	1.0	-2.5	6500.0	14200.0	1.0	l	f	1.0	1.0	-2.5	1.0	
2379.321804	3.2334999999998217	states																			"   state_name
id           
0     state_0"
2379.321804	0.01599999999962165	states																			"          state_name
id                  
1   sending_trialnum"
2379.337804	0.000499000000218075	states																			"        state_name
id                
3   wait_for_cpoke"
2379.338303	0.6180100000001403	states																			"             state_name
id                     
5   wait_for_cpoke_freq"
2379.956313	0.0014909999999872525	states																			"     state_name
id             
6   nic_prestim"
2379.957804	0.0004989999997633277	states																			"   state_name
id           
7       cpoke"
2379.958303	1.400000000000091	states																			"   state_name
id           
8    cpoke_in"
2381.358303	0.18700600000011036	states																			"       state_name
id               
10  wait_for_cout"
2381.545309	0.278494000000137	states																			"        state_name
id                
11  wait_for_spoke"
2381.823803	0.0004999999996471161	states																			"   state_name
id           
12  hit_state"
2381.824303	0.19151499999998123	states																			"    state_name
id            
13  hit_state2"
2382.015818	0.003490999999939959	states																			"        state_name
id                
18  clean_up_state"
2382.019309	0.5359950000001845	states																			"                state_name
id                        
2   check_next_trial_ready"
2382.555803	5.876500999999735	trials	0.0	0.0	5.0	2.0	1.0	1.0	0.15	-1.0	-2.5	6500.0	14200.0	1.0	l	f	0.0	-1.0	-2.5	1.0	
2382.555803	5.876500999999735	states																			"   state_name
id           
0     state_0"
2382.555803	0.01599999999962165	states																			"          state_name
id                  
1   sending_trialnum"
2382.571803	0.0005000000001018634	states																			"        state_name
id                
3   wait_for_cpoke"
2382.572303	3.2740010000002258	states																			"             state_name
id                     
5   wait_for_cpoke_freq"
2385.846304	0.0010050000000774162	states																			"     state_name
id             
6   nic_prestim"
2385.847309	0.0004949999997734267	states																			"   state_name
id           
7       cpoke"
2385.847804	1.4000139999998282	states																			"   state_name
id           
8    cpoke_in"
2387.247818	0.018985000000157015	states																			"       state_name
id               
10  wait_for_cout"
2387.266803	0.4185000000002219	states																			"        state_name
id                
11  wait_for_spoke"
2387.685303	0.0004999999996471161	states																			"   state_name
id           
12  hit_state"
2387.685803	0.17300100000011298	states																			"    state_name
id            
13  hit_state2"
2387.858804	0.0035109999998894637	states																			"        state_name
id                
18  clean_up_state"
2387.862315	0.5699890000000778	states																			"                state_name
id                        
2   check_next_trial_ready"
2388.432803	4.509005999999772	trials	0.0	0.0	5.0	2.0	1.0	1.0	0.15	2.5	-2.5	6500.0	14200.0	1.0	l	f	1.0	2.5	-2.5	1.0	
2388.432803	4.509005999999772	states																			"   state_name
id           
0     state_0"
2388.432803	0.016005999999833875	states																			"          state_name
id                  
1   sending_trialnum"
2388.448809	0.000495000000228174	states																			"        state_name
id                
3   wait_for_cpoke"
2388.449304	2.0004989999997633	states																			"             state_name
id                     
5   wait_for_cpoke_freq"
2390.449803	0.0015010000001893786	states																			"     state_name
id             
6   nic_prestim"
2390.451304	0.0004999999996471161	states																			"   state_name
id           
7       cpoke"
2390.451804	1.3885050000003503	states																			"   state_name
id           
8    cpoke_in"
2391.840309	0.011508999999932712	states																			"   state_name
id           
9   cpoke_out"
2391.851818	0.0004939999998896383	states																			"       state_name
id               
10  wait_for_cout"
2391.852312	0.3894909999999072	states																			"        state_name
id                
11  wait_for_spoke"
2392.241803	0.0005000000001018634	states																			"   state_name
id           
12  hit_state"
2392.242303	0.18699999999989814	states																			"    state_name
id            
13  hit_state2"
2392.429303	0.003501000000142085	states																			"        state_name
id                
18  clean_up_state"
2392.432804	0.5090049999998882	states																			"                state_name
id                        
2   check_next_trial_ready"
2392.942303	7.437001000000237	trials	0.0	0.0	5.0	2.0	1.0	1.0	0.15	1.0	-2.5	6500.0	14200.0		l	f	1.0	1.0	-2.5	3.0	
2392.942303	7.437001000000237	states																			"   state_name
id           
0     state_0"
2392.942303	0.016006000000288623	states																			"          state_name
id                  
1   sending_trialnum"
2392.958309	0.0005099999998492422	states																			"        state_name
id                
3   wait_for_cpoke"
2392.958819	2.0169850000002043	states																			"             state_name
id                     
5   wait_for_cpoke_freq"
2394.975804	0.0015049999997245322	states																			"     state_name
id             
6   nic_prestim"
2394.977309	0.0004940000003443856	states																			"   state_name
id           
7       cpoke"
2394.977803	1.2970009999999093	states																			"   state_name
id           
8    cpoke_in"
2396.274804	0.10049899999967238	states																			"   state_name
id           
9   cpoke_out"
2396.375303	4.000500000000102	states																			"         state_name
id                 
16  nic_error_state"
2400.375803	0.003501000000142085	states																			"        state_name
id                
18  clean_up_state"
2400.379808	9.678994999999759	trials	0.0	0.0	5.0	2.0	1.0	1.0	0.15	2.5	2.5	6500.0	14200.0		r	f	0.0	2.5	2.5	3.0	
2400.379808	9.678994999999759	states																			"   state_name
id           
0     state_0"
2400.379808	0.01599499999974796	states																			"          state_name
id                  
1   sending_trialnum"
2400.395803	0.0005009999999856518	states																			"        state_name
id                
3   wait_for_cpoke"
2400.396304	4.302000000000135	states																			"             state_name
id                     
5   wait_for_cpoke_freq"
2404.698304	0.0014989999999670545	states																			"     state_name
id             
6   nic_prestim"
2404.699803	0.0005009999999856518	states																			"   state_name
id           
7       cpoke"
2404.700304	1.2545000000000073	states																			"   state_name
id           
8    cpoke_in"
2405.954804	0.09999999999990905	states																			"   state_name
id           
9   cpoke_out"
2406.054804	4.000500000000102	states																			"         state_name
id                 
16  nic_error_state"
2410.055304	0.0034989999999197607	states																			"        state_name
id                
18  clean_up_state"
2410.059319	8.189495000000079	trials	0.0	0.0	5.0	2.0	1.0	1.0	0.15	1.0	-4.0	6500.0	14200.0	0.0	l	f	1.0	1.0	-4.0	2.0	
2410.059319	8.189495000000079	states																			"   state_name
id           
0     state_0"
2410.059319	0.015992000000096596	states																			"          state_name
id                  
1   sending_trialnum"
2410.075311	0.0004920000001220615	states																			"        state_name
id                
3   wait_for_cpoke"
2410.075803	1.5715159999999742	states																			"             state_name
id                     
5   wait_for_cpoke_freq"
2411.647319	0.0014849999997750274	states																			"     state_name
id             
6   nic_prestim"
2411.648804	0.000499000000218075	states																			"   state_name
id           
7       cpoke"
2411.649303	0.7535159999997632	states																			"   state_name
id           
8    cpoke_in"
2412.402819	0.054500000000189175	states																			"   state_name
id           
9   cpoke_out"
2412.457319	0.5919850000000224	states																			"   state_name
id           
8    cpoke_in"
2413.049304	0.21999899999991612	states																			"       state_name
id               
10  wait_for_cout"
2413.269303	0.37551600000006147	states																			"        state_name
id                
11  wait_for_spoke"
2413.644819	4.600484000000051	states																			"     state_name
id             
14  error_state"
2418.245303	0.0035109999998894637	states																			"        state_name
id                
18  clean_up_state"
2418.249304	9.201500000000124	trials	0.0	0.0	5.0	2.0	1.0	1.0	0.15	-4.0	-2.5	6500.0	14200.0	1.0	l	f	0.0	-4.0	-2.5	1.0	
2418.249304	9.201500000000124	states																			"   state_name
id           
0     state_0"
2418.249304	0.01599900000019261	states																			"          state_name
id                  
1   sending_trialnum"
2418.265303	0.0004999999996471161	states																			"        state_name
id                
3   wait_for_cpoke"
2418.265803	6.651000000000295	states																			"             state_name
id                     
5   wait_for_cpoke_freq"
2424.916803	0.0010010000000875152	states																			"     state_name
id             
6   nic_prestim"
2424.917804	0.000507999999626918	states																			"   state_name
id           
7       cpoke"
2424.918312	0.16149200000018027	states																			"   state_name
id           
8    cpoke_in"
2425.079804	0.04800000000022919	states																			"   state_name
id           
9   cpoke_out"
2425.127804	1.1900049999999283	states																			"   state_name
id           
8    cpoke_in"
2426.317809	0.022994999999809806	states																			"       state_name
id               
10  wait_for_cout"
2426.340804	0.3265049999999974	states																			"        state_name
id                
11  wait_for_spoke"
2426.667309	0.0005089999999654538	states																			"   state_name
id           
12  hit_state"
2426.667818	0.17348500000025524	states																			"    state_name
id            
13  hit_state2"
2426.841303	0.0035009999996873375	states																			"        state_name
id                
18  clean_up_state"
2426.844804	0.6060000000002219	states																			"                state_name
id                        
2   check_next_trial_ready"
2427.451303	8.912500000000364	trials	0.0	0.0	5.0	2.0	1.0	1.0	0.15	-4.0	4.0	6500.0	14200.0	0.0	r	f	1.0	-4.0	4.0	2.0	
2427.451303	8.912500000000364	states																			"   state_name
id           
0     state_0"
2427.451303	0.016016000000036	states																			"          state_name
id                  
1   sending_trialnum"
2427.467319	0.000499000000218075	states																			"        state_name
id                
3   wait_for_cpoke"
2427.467818	2.413485000000037	states																			"             state_name
id                     
5   wait_for_cpoke_freq"
2429.881303	0.0014999999998508429	states																			"     state_name
id             
6   nic_prestim"
2429.882803	0.0005009999999856518	states																			"   state_name
id           
7       cpoke"
2429.883304	1.2830069999999978	states																			"   state_name
id           
8    cpoke_in"
2431.166311	0.05300799999986339	states																			"   state_name
id           
9   cpoke_out"
2431.219319	0.06348500000012791	states																			"   state_name
id           
8    cpoke_in"
2431.282804	0.09899900000027628	states																			"       state_name
id               
10  wait_for_cout"
2431.381803	0.3144999999999527	states																			"        state_name
id                
11  wait_for_spoke"
2431.696303	4.664000999999644	states																			"     state_name
id             
14  error_state"
2436.360304	0.003499000000374508	states																			"        state_name
id                
18  clean_up_state"
2436.364304	8.096999999999753	trials	0.0	0.0	5.0	2.0	1.0	1.0	0.15	4.0	4.0	6500.0	14200.0	1.0	r	f	0.0	4.0	4.0	1.0	
2436.364304	8.096999999999753	states																			"   state_name
id           
0     state_0"
2436.364304	0.016004999999950087	states																			"          state_name
id                  
1   sending_trialnum"
2436.380309	0.0005000000001018634	states																			"        state_name
id                
3   wait_for_cpoke"
2436.380809	4.128993999999693	states																			"             state_name
id                     
5   wait_for_cpoke_freq"
2440.509803	0.0015010000001893786	states																			"     state_name
id             
6   nic_prestim"
2440.511304	0.0004989999997633277	states																			"   state_name
id           
7       cpoke"
2440.511803	1.3995159999999487	states																			"   state_name
id           
8    cpoke_in"
2441.911319	0.188984000000346	states																			"       state_name
id               
10  wait_for_cout"
2442.100303	0.24951599999985774	states																			"        state_name
id                
11  wait_for_spoke"
2442.349819	0.0004949999997734267	states																			"   state_name
id           
12  hit_state"
2442.350314	0.1825000000003456	states																			"    state_name
id            
13  hit_state2"
2442.532814	0.0034900000000561704	states																			"        state_name
id                
18  clean_up_state"
2442.536304	1.9249999999997272	states																			"                state_name
id                        
2   check_next_trial_ready"
2444.461803	7.51600099999996	trials	0.0	0.0	5.0	2.0	1.0	1.0	0.15	4.0	-4.0	6500.0	14200.0	0.0	l	f	1.0	4.0	-4.0	2.0	
2444.461803	7.51600099999996	states																			"   state_name
id           
0     state_0"
2444.461803	0.016014999999697466	states																			"          state_name
id                  
1   sending_trialnum"
2444.477818	0.00048500000002604793	states																			"        state_name
id                
3   wait_for_cpoke"
2444.478303	0.8815010000002985	states																			"             state_name
id                     
5   wait_for_cpoke_freq"
2445.359804	0.001014999999824795	states																			"     state_name
id             
6   nic_prestim"
2445.360819	0.0004899999998997373	states																			"   state_name
id           
7       cpoke"
2445.361309	1.3999940000003335	states																			"   state_name
id           
8    cpoke_in"
2446.761303	0.1715159999998832	states																			"       state_name
id               
10  wait_for_cout"
2446.932819	0.3134839999997894	states																			"        state_name
id                
11  wait_for_spoke"
2447.246303	4.728000999999949	states																			"     state_name
id             
14  error_state"
2451.974304	0.0035000000002582965	states																			"        state_name
id                
18  clean_up_state"
2451.978303	10.262001000000055	trials	0.0	0.0	5.0	2.0	1.0	1.0	0.15	-1.0	4.0	6500.0	14200.0	1.0	r	f	1.0	-1.0	4.0	1.0	
2451.978303	10.262001000000055	states																			"   state_name
id           
0     state_0"
2451.978303	0.016000000000076398	states																			"          state_name
id                  
1   sending_trialnum"
2451.994303	0.0005009999999856518	states																			"        state_name
id                
3   wait_for_cpoke"
2451.994804	6.939014000000043	states																			"             state_name
id                     
5   wait_for_cpoke_freq"
2458.933818	0.0014850000002297747	states																			"     state_name
id             
6   nic_prestim"
2458.935303	0.0004999999996471161	states																			"   state_name
id           
7       cpoke"
2458.935803	1.399499999999989	states																			"   state_name
id           
8    cpoke_in"
2460.335303	0.5325060000000121	states																			"       state_name
id               
10  wait_for_cout"
2460.867809	0.41300500000033935	states																			"        state_name
id                
11  wait_for_spoke"
2461.280814	0.0004890000000159489	states																			"   state_name
id           
12  hit_state"
2461.281303	0.19800099999974918	states																			"    state_name
id            
13  hit_state2"
2461.479304	0.0034989999999197607	states																			"        state_name
id                
18  clean_up_state"
2461.482803	0.7575010000000475	states																			"                state_name
id                        
2   check_next_trial_ready"
2462.240809	8.932999000000109	trials	0.0	0.0	5.0	2.0	1.0	1.0	0.15	2.5	-2.5	6500.0	14200.0	0.0	l	f	1.0	2.5	-2.5	2.0	
2462.240809	8.932999000000109	states																			"   state_name
id           
0     state_0"
2462.240809	0.015995000000202708	states																			"          state_name
id                  
1   sending_trialnum"
2462.256804	0.0004989999997633277	states																			"        state_name
id                
3   wait_for_cpoke"
2462.257303	2.16800000000012	states																			"             state_name
id                     
5   wait_for_cpoke_freq"
2464.425303	0.0010000000002037268	states																			"     state_name
id             
6   nic_prestim"
2464.426303	0.0004999999996471161	states																			"   state_name
id           
7       cpoke"
2464.426803	1.399507000000085	states																			"   state_name
id           
8    cpoke_in"
2465.82631	0.3174939999998969	states																			"       state_name
id               
10  wait_for_cout"
2466.143804	0.29850500000020475	states																			"        state_name
id                
11  wait_for_spoke"
2466.442309	4.728008000000045	states																			"     state_name
id             
14  error_state"
2471.170317	0.003490999999939959	states																			"        state_name
id                
18  clean_up_state"
2471.174309	123.02049500000021	trials	0.0	0.0	5.0	2.0	1.0	1.0	0.15	1.0	-4.0	6500.0	14200.0		l	f	1.0	1.0	-4.0	4.0	
2471.174309	123.02049500000021	states																			"   state_name
id           
0     state_0"
2471.174309	0.016000000000076398	states																			"          state_name
id                  
1   sending_trialnum"
2471.190309	0.0005000000001018634	states																			"        state_name
id                
3   wait_for_cpoke"
2471.190809	120.00049499999977	states																			"             state_name
id                     
5   wait_for_cpoke_freq"
2591.191304	3.000015000000076	states																			"       state_name
id               
17  timeout_state"
2594.191319	0.003485000000182481	states																			"        state_name
id                
18  clean_up_state"
2594.195304	9.088999999999942	trials	0.0	0.0	5.0	2.0	1.0	1.0	0.15	4.0	2.5	6500.0	14200.0	1.0	r	f	0.0	4.0	2.5	1.0	
2594.195304	9.088999999999942	states																			"   state_name
id           
0     state_0"
2594.195304	0.016000000000076398	states																			"          state_name
id                  
1   sending_trialnum"
2594.211304	0.0005140000002938905	states																			"        state_name
id                
3   wait_for_cpoke"
2594.211818	6.640985000000001	states																			"             state_name
id                     
5   wait_for_cpoke_freq"
2600.852803	0.0010049999996226688	states																			"     state_name
id             
6   nic_prestim"
2600.853808	0.000495000000228174	states																			"   state_name
id           
7       cpoke"
2600.854303	1.399515000000065	states																			"   state_name
id           
8    cpoke_in"
2602.253818	0.15498499999966953	states																			"       state_name
id               
10  wait_for_cout"
2602.408803	0.18100000000004002	states																			"        state_name
id                
11  wait_for_spoke"
2602.589803	0.0005000000001018634	states																			"   state_name
id           
12  hit_state"
2602.590303	0.1730000000002292	states																			"    state_name
id            
13  hit_state2"
2602.763303	0.003499999999803549	states																			"        state_name
id                
18  clean_up_state"
2602.766803	0.517500999999811	states																			"                state_name
id                        
2   check_next_trial_ready"
2603.284803	9.812506000000212	trials	0.0	0.0	5.0	2.0	1.0	1.0	0.15	4.0	2.5	6500.0	14200.0	1.0	r	f	0.0	4.0	2.5	1.0	
2603.284803	9.812506000000212	states																			"   state_name
id           
0     state_0"
2603.284803	0.016000000000076398	states																			"          state_name
id                  
1   sending_trialnum"
2603.300803	0.0005059999998593412	states																			"        state_name
id                
3   wait_for_cpoke"
2603.301309	6.955003999999917	states																			"             state_name
id                     
5   wait_for_cpoke_freq"
2610.256313	0.0014909999999872525	states																			"     state_name
id             
6   nic_prestim"
2610.257804	0.0005080000000816653	states																			"   state_name
id           
7       cpoke"
2610.258312	1.3999910000002274	states																			"   state_name
id           
8    cpoke_in"
2611.658303	0.11150099999986196	states																			"       state_name
id               
10  wait_for_cout"
2611.769804	0.49349900000015623	states																			"        state_name
id                
11  wait_for_spoke"
2612.263303	0.0004999999996471161	states																			"   state_name
id           
12  hit_state"
2612.263803	0.1710000000002765	states																			"    state_name
id            
13  hit_state2"
2612.434803	0.003499999999803549	states																			"        state_name
id                
18  clean_up_state"
2612.438303	0.6590060000003177	states																			"                state_name
id                        
2   check_next_trial_ready"
2613.097808	4.527994999999919	trials	0.0	0.0	5.0	2.0	1.0	1.0	0.15	-4.0	-4.0	6500.0	14200.0	1.0	l	f	0.0	-4.0	-4.0	1.0	
2613.097808	4.527994999999919	states																			"   state_name
id           
0     state_0"
2613.097808	0.015995000000202708	states																			"          state_name
id                  
1   sending_trialnum"
2613.113803	0.0004999999996471161	states																			"        state_name
id                
3   wait_for_cpoke"
2613.114303	1.8755000000001019	states																			"             state_name
id                     
5   wait_for_cpoke_freq"
2614.989803	0.0010160000001633307	states																			"     state_name
id             
6   nic_prestim"
2614.990819	0.0004899999998997373	states																			"   state_name
id           
7       cpoke"
2614.991309	1.3999950000002173	states																			"   state_name
id           
8    cpoke_in"
2616.391304	0.020499999999628926	states																			"       state_name
id               
10  wait_for_cout"
2616.411804	0.33999900000026173	states																			"        state_name
id                
11  wait_for_spoke"
2616.751803	0.0005149999997229315	states																			"   state_name
id           
12  hit_state"
2616.752318	0.18299200000001292	states																			"    state_name
id            
13  hit_state2"
2616.93531	0.003493000000162283	states																			"        state_name
id                
18  clean_up_state"
2616.938803	0.6869999999998981	states																			"                state_name
id                        
2   check_next_trial_ready"
2617.626303	9.449000999999953	trials	0.0	0.0	5.0	2.0	1.0	1.0	0.15	-2.5	2.5	6500.0	14200.0	0.0	r	f	1.0	-2.5	2.5	2.0	
2617.626303	9.449000999999953	states																			"   state_name
id           
0     state_0"
2617.626303	0.016000000000076398	states																			"          state_name
id                  
1   sending_trialnum"
2617.642303	0.0005000000001018634	states																			"        state_name
id                
3   wait_for_cpoke"
2617.642803	2.8044999999997344	states																			"             state_name
id                     
5   wait_for_cpoke_freq"
2620.447303	0.0010010000000875152	states																			"     state_name
id             
6   nic_prestim"
2620.448304	0.000499000000218075	states																			"   state_name
id           
7       cpoke"
2620.448803	1.1645159999998214	states																			"   state_name
id           
8    cpoke_in"
2621.613319	0.07748499999979686	states																			"   state_name
id           
9   cpoke_out"
2621.690804	0.15750900000011825	states																			"   state_name
id           
8    cpoke_in"
2621.848313	0.006991000000198255	states																			"       state_name
id               
10  wait_for_cout"
2621.855304	0.36049899999989066	states																			"        state_name
id                
11  wait_for_spoke"
2622.215803	4.855999999999767	states																			"     state_name
id             
14  error_state"
2627.071803	0.003501000000142085	states																			"        state_name
id                
18  clean_up_state"
2627.075803	3.362999999999829	trials	0.0	0.0	5.0	2.0	1.0	1.0	0.15	-2.5	-4.0	6500.0	14200.0	1.0	l	f	0.0	-2.5	-4.0	1.0	
2627.075803	3.362999999999829	states																			"   state_name
id           
0     state_0"
2627.075803	0.01599999999962165	states																			"          state_name
id                  
1   sending_trialnum"
2627.091803	0.0005000000001018634	states																			"        state_name
id                
3   wait_for_cpoke"
2627.092303	0.4575150000000576	states																			"             state_name
id                     
5   wait_for_cpoke_freq"
2627.549818	0.0014850000002297747	states																			"     state_name
id             
6   nic_prestim"
2627.551303	0.0004999999996471161	states																			"   state_name
id           
7       cpoke"
2627.551803	1.3995060000002013	states																			"   state_name
id           
8    cpoke_in"
2628.951309	0.22300600000016857	states																			"       state_name
id               
10  wait_for_cout"
2629.174315	0.3999879999996665	states																			"        state_name
id                
11  wait_for_spoke"
2629.574303	0.0005009999999856518	states																			"   state_name
id           
12  hit_state"
2629.574804	0.1794990000003054	states																			"    state_name
id            
13  hit_state2"
2629.754303	0.0035009999996873375	states																			"        state_name
id                
18  clean_up_state"
2629.757804	0.6809990000001562	states																			"                state_name
id                        
2   check_next_trial_ready"
2630.439303	7.242005999999947	trials	0.0	0.0	5.0	2.0	1.0	1.0	0.15	-4.0	2.5	6500.0	14200.0		r	f	1.0	-4.0	2.5	3.0	
2630.439303	7.242005999999947	states																			"   state_name
id           
0     state_0"
2630.439303	0.016000000000076398	states																			"          state_name
id                  
1   sending_trialnum"
2630.455303	0.0004999999996471161	states																			"        state_name
id                
3   wait_for_cpoke"
2630.455803	1.8550159999999778	states																			"             state_name
id                     
5   wait_for_cpoke_freq"
2632.310819	0.0014840000003459863	states																			"     state_name
id             
6   nic_prestim"
2632.312303	0.0005009999999856518	states																			"   state_name
id           
7       cpoke"
2632.312804	1.2639989999997852	states																			"   state_name
id           
8    cpoke_in"
2633.576803	0.10050000000001091	states																			"   state_name
id           
9   cpoke_out"
2633.677303	4.000507000000198	states																			"         state_name
id                 
16  nic_error_state"
2637.67781	0.0034989999999197607	states																			"        state_name
id                
18  clean_up_state"
2637.681804	3.4535000000000764	trials	0.0	0.0	5.0	2.0	1.0	1.0	0.15	1.0	-2.5	6500.0	14200.0	1.0	l	f	1.0	1.0	-2.5	1.0	
2637.681804	3.4535000000000764	states																			"   state_name
id           
0     state_0"
2637.681804	0.01599900000019261	states																			"          state_name
id                  
1   sending_trialnum"
2637.697803	0.2880000000000109	states																			"        state_name
id                
3   wait_for_cpoke"
2637.985803	0.11149999999997817	states																			"             state_name
id                     
5   wait_for_cpoke_freq"
2638.097303	0.001006999999844993	states																			"     state_name
id             
6   nic_prestim"
2638.09831	0.000499000000218075	states																			"   state_name
id           
7       cpoke"
2638.098809	0.08251100000006772	states																			"   state_name
id           
8    cpoke_in"
2638.18132	0.05799899999965419	states																			"   state_name
id           
9   cpoke_out"
2638.239319	1.019484000000375	states																			"   state_name
id           
8    cpoke_in"
2639.258803	0.07699999999977081	states																			"   state_name
id           
9   cpoke_out"
2639.335803	0.061005999999906635	states																			"   state_name
id           
8    cpoke_in"
2639.396809	0.08849400000008245	states																			"   state_name
id           
9   cpoke_out"
2639.485303	0.013011000000005879	states																			"   state_name
id           
8    cpoke_in"
2639.498314	0.08748900000000503	states																			"       state_name
id               
10  wait_for_cout"
2639.585803	0.6105120000001989	states																			"        state_name
id                
11  wait_for_spoke"
2640.196315	0.000503999999637017	states																			"   state_name
id           
12  hit_state"
2640.196819	0.19798400000036054	states																			"    state_name
id            
13  hit_state2"
2640.394803	0.003499999999803549	states																			"        state_name
id                
18  clean_up_state"
2640.398303	0.7370009999999638	states																			"                state_name
id                        
2   check_next_trial_ready"
2641.135803	8.937511000000086	trials	0.0	0.0	5.0	2.0	1.0	1.0	0.15	-4.0	4.0	6500.0	14200.0	0.0	r	f	1.0	-4.0	4.0	2.0	
2641.135803	8.937511000000086	states																			"   state_name
id           
0     state_0"
2641.135803	0.016014999999697466	states																			"          state_name
id                  
1   sending_trialnum"
2641.151818	0.0004920000001220615	states																			"        state_name
id                
3   wait_for_cpoke"
2641.15231	2.0699930000000677	states																			"             state_name
id                     
5   wait_for_cpoke_freq"
2643.222303	0.001006999999844993	states																			"     state_name
id             
6   nic_prestim"
2643.22331	0.0004980000003342866	states																			"   state_name
id           
7       cpoke"
2643.223808	1.3830009999996946	states																			"   state_name
id           
8    cpoke_in"
2644.606809	0.0169940000000679	states																			"   state_name
id           
9   cpoke_out"
2644.623803	0.0005000000001018634	states																			"       state_name
id               
10  wait_for_cout"
2644.624303	0.5414999999998145	states																			"        state_name
id                
11  wait_for_spoke"
2645.165803	4.903999999999996	states																			"     state_name
id             
14  error_state"
2650.069803	0.003511000000344211	states																			"        state_name
id                
18  clean_up_state"
2650.073803	3.626499999999851	trials	0.0	0.0	5.0	2.0	1.0	1.0	0.15	-1.0	-2.5	6500.0	14200.0	1.0	l	f	0.0	-1.0	-2.5	1.0	
2650.073803	3.626499999999851	states																			"   state_name
id           
0     state_0"
2650.073803	0.01599999999962165	states																			"          state_name
id                  
1   sending_trialnum"
2650.089803	0.0005009999999856518	states																			"        state_name
id                
3   wait_for_cpoke"
2650.090304	0.71750400000019	states																			"             state_name
id                     
5   wait_for_cpoke_freq"
2650.807808	0.0014949999999771535	states																			"     state_name
id             
6   nic_prestim"
2650.809303	0.0005000000001018634	states																			"   state_name
id           
7       cpoke"
2650.809803	1.3995059999997466	states																			"   state_name
id           
8    cpoke_in"
2652.209309	0.30999400000018795	states																			"       state_name
id               
10  wait_for_cout"
2652.519303	0.3445050000000265	states																			"        state_name
id                
11  wait_for_spoke"
2652.863808	0.0005089999999654538	states																			"   state_name
id           
12  hit_state"
2652.864317	0.17198599999983344	states																			"    state_name
id            
13  hit_state2"
2653.036303	0.0035000000002582965	states																			"        state_name
id                
18  clean_up_state"
2653.039803	0.6604999999999563	states																			"                state_name
id                        
2   check_next_trial_ready"
2653.700803	4.493500999999924	trials	0.0	0.0	5.0	2.0	1.0	1.0	0.15	-4.0	2.5	6500.0	14200.0	1.0	r	f	1.0	-4.0	2.5	1.0	
2653.700803	4.493500999999924	states																			"   state_name
id           
0     state_0"
2653.700803	0.016016000000036	states																			"          state_name
id                  
1   sending_trialnum"
2653.716819	0.0004899999998997373	states																			"        state_name
id                
3   wait_for_cpoke"
2653.717309	1.4159939999999551	states																			"             state_name
id                     
5   wait_for_cpoke_freq"
2655.133303	0.0010019999999713036	states																			"     state_name
id             
6   nic_prestim"
2655.134305	0.0004979999998795392	states																			"   state_name
id           
7       cpoke"
2655.134803	1.3995089999998527	states																			"   state_name
id           
8    cpoke_in"
2656.5343119999998	0.5535070000000815	states																			"       state_name
id               
10  wait_for_cout"
2657.087819	0.24648600000000442	states																			"        state_name
id                
11  wait_for_spoke"
2657.334305	0.0004980000003342866	states																			"   state_name
id           
12  hit_state"
2657.334803	0.2084999999997308	states																			"    state_name
id            
13  hit_state2"
2657.543303	0.003501000000142085	states																			"        state_name
id                
18  clean_up_state"
2657.546804	0.6475000000000364	states																			"                state_name
id                        
2   check_next_trial_ready"
2658.194803	6.291999999999916	trials	0.0	0.0	5.0	2.0	1.0	1.0	0.15	-4.0	-2.5	6500.0	14200.0	1.0	l	f	0.0	-4.0	-2.5	1.0	
2658.194803	6.291999999999916	states																			"   state_name
id           
0     state_0"
2658.194803	0.016000000000076398	states																			"          state_name
id                  
1   sending_trialnum"
2658.210803	0.0005009999999856518	states																			"        state_name
id                
3   wait_for_cpoke"
2658.211304	3.6174989999999525	states																			"             state_name
id                     
5   wait_for_cpoke_freq"
2661.828803	0.0010010000000875152	states																			"     state_name
id             
6   nic_prestim"
2661.829804	0.0005070000001978769	states																			"   state_name
id           
7       cpoke"
2661.830311	1.3789929999998094	states																			"   state_name
id           
8    cpoke_in"
2663.209304	0.020504000000073574	states																			"   state_name
id           
9   cpoke_out"
2663.229808	0.0004949999997734267	states																			"       state_name
id               
10  wait_for_cout"
2663.230303	0.36201100000016595	states																			"        state_name
id                
11  wait_for_spoke"
2663.592314	0.0004890000000159489	states																			"   state_name
id           
12  hit_state"
2663.592803	0.1714999999999236	states																			"    state_name
id            
13  hit_state2"
2663.764303	0.0035149999998793646	states																			"        state_name
id                
18  clean_up_state"
2663.767818	0.7189849999999751	states																			"                state_name
id                        
2   check_next_trial_ready"
2664.487303	4.5010010000000875	trials	0.0	0.0	5.0	2.0	1.0	1.0	0.15	-4.0	4.0	6500.0	14200.0	1.0	r	f	1.0	-4.0	4.0	1.0	
2664.487303	4.5010010000000875	states																			"   state_name
id           
0     state_0"
2664.487303	0.016016000000036	states																			"          state_name
id                  
1   sending_trialnum"
2664.503319	0.0004910000002382731	states																			"        state_name
id                
3   wait_for_cpoke"
2664.50381	1.6714929999998276	states																			"             state_name
id                     
5   wait_for_cpoke_freq"
2666.175303	0.0010000000002037268	states																			"     state_name
id             
6   nic_prestim"
2666.176303	0.0004999999996471161	states																			"   state_name
id           
7       cpoke"
2666.176803	1.399499999999989	states																			"   state_name
id           
8    cpoke_in"
2667.576303	0.17100100000016027	states																			"       state_name
id               
10  wait_for_cout"
2667.747304	0.36399900000014895	states																			"        state_name
id                
11  wait_for_spoke"
2668.111303	0.0005049999999755528	states																			"   state_name
id           
12  hit_state"
2668.111808	0.20699599999989005	states																			"    state_name
id            
13  hit_state2"
2668.318804	0.003499999999803549	states																			"        state_name
id                
18  clean_up_state"
2668.322304	0.6660000000001673	states																			"                state_name
id                        
2   check_next_trial_ready"
2668.988804	6.29950000000008	trials	0.0	0.0	5.0	2.0	1.0	1.0	0.15	-2.5	2.5	6500.0	14200.0	1.0	r	f	1.0	-2.5	2.5	1.0	
2668.988804	6.29950000000008	states																			"   state_name
id           
0     state_0"
2668.988804	0.015998999999737862	states																			"          state_name
id                  
1   sending_trialnum"
2669.004803	0.0005000000001018634	states																			"        state_name
id                
3   wait_for_cpoke"
2669.005303	2.889505999999983	states																			"             state_name
id                     
5   wait_for_cpoke_freq"
2671.894809	0.0014949999999771535	states																			"     state_name
id             
6   nic_prestim"
2671.896304	0.000499000000218075	states																			"   state_name
id           
7       cpoke"
2671.896803	1.3995059999997466	states																			"   state_name
id           
8    cpoke_in"
2673.296309	0.3825000000001637	states																			"       state_name
id               
10  wait_for_cout"
2673.678809	0.6579940000001443	states																			"        state_name
id                
11  wait_for_spoke"
2674.336803	0.0005009999999856518	states																			"   state_name
id           
12  hit_state"
2674.337304	0.2035000000000764	states																			"    state_name
id            
13  hit_state2"
2674.540804	0.0034989999999197607	states																			"        state_name
id                
18  clean_up_state"
2674.544303	0.7440010000000257	states																			"                state_name
id                        
2   check_next_trial_ready"
2675.288803	9.718501000000288	trials	0.0	0.0	5.0	2.0	1.0	1.0	0.15	1.0	-2.5	6500.0	14200.0	0.0	l	f	1.0	1.0	-2.5	2.0	
2675.288803	9.718501000000288	states																			"   state_name
id           
0     state_0"
2675.288803	0.016000000000076398	states																			"          state_name
id                  
1   sending_trialnum"
2675.304803	0.0005009999999856518	states																			"        state_name
id                
3   wait_for_cpoke"
2675.305304	2.894498999999996	states																			"             state_name
id                     
5   wait_for_cpoke_freq"
2678.199803	0.0010000000002037268	states																			"     state_name
id             
6   nic_prestim"
2678.200803	0.0005009999999856518	states																			"   state_name
id           
7       cpoke"
2678.201304	1.3999999999996362	states																			"   state_name
id           
8    cpoke_in"
2679.601304	0.22550000000001091	states																			"       state_name
id               
10  wait_for_cout"
2679.826804	0.3290140000003703	states																			"        state_name
id                
11  wait_for_spoke"
2680.155818	4.847999999999956	states																			"     state_name
id             
14  error_state"
2685.003818	0.0034860000000662694	states																			"        state_name
id                
18  clean_up_state"
2685.007818	3.180985999999848	trials	0.0	0.0	5.0	2.0	1.0	1.0	0.15	4.0	-4.0	6500.0	14200.0	1.0	l	f	1.0	4.0	-4.0	1.0	
2685.007818	3.180985999999848	states																			"   state_name
id           
0     state_0"
2685.007818	0.015985000000000582	states																			"          state_name
id                  
1   sending_trialnum"
2685.023803	0.0005000000001018634	states																			"        state_name
id                
3   wait_for_cpoke"
2685.024303	0.2815009999999347	states																			"             state_name
id                     
5   wait_for_cpoke_freq"
2685.305804	0.0014999999998508429	states																			"     state_name
id             
6   nic_prestim"
2685.307304	0.0005040000000917644	states																			"   state_name
id           
7       cpoke"
2685.307808	1.4000099999998383	states																			"   state_name
id           
8    cpoke_in"
2686.707818	0.18998499999997875	states																			"       state_name
id               
10  wait_for_cout"
2686.897803	0.3040009999999711	states																			"        state_name
id                
11  wait_for_spoke"
2687.201804	0.0005000000001018634	states																			"   state_name
id           
12  hit_state"
2687.202304	0.19650000000001455	states																			"    state_name
id            
13  hit_state2"
2687.398804	0.0035000000002582965	states																			"        state_name
id                
18  clean_up_state"
2687.402304	0.7864999999997053	states																			"                state_name
id                        
2   check_next_trial_ready"
2688.189303	6.648500999999669	trials	0.0	0.0	5.0	2.0	1.0	1.0	0.15	-2.5	-4.0	6500.0	14200.0	1.0	l	f	0.0	-2.5	-4.0	1.0	
2688.189303	6.648500999999669	states																			"   state_name
id           
0     state_0"
2688.189303	0.016005999999833875	states																			"          state_name
id                  
1   sending_trialnum"
2688.205309	0.000495000000228174	states																			"        state_name
id                
3   wait_for_cpoke"
2688.205804	2.314998999999716	states																			"             state_name
id                     
5   wait_for_cpoke_freq"
2690.520803	0.0010150000002795423	states																			"     state_name
id             
6   nic_prestim"
2690.521818	0.0004899999998997373	states																			"   state_name
id           
7       cpoke"
2690.522308	1.3710009999999784	states																			"   state_name
id           
8    cpoke_in"
2691.893309	0.028993999999784137	states																			"   state_name
id           
9   cpoke_out"
2691.922303	0.0005000000001018634	states																			"       state_name
id               
10  wait_for_cout"
2691.922803	0.5530010000002221	states																			"        state_name
id                
11  wait_for_spoke"
2692.475804	0.0004989999997633277	states																			"   state_name
id           
12  hit_state"
2692.476303	0.17399999999997817	states																			"    state_name
id            
13  hit_state2"
2692.650303	0.003501000000142085	states																			"        state_name
id                
18  clean_up_state"
2692.653804	2.1839999999997417	states																			"                state_name
id                        
2   check_next_trial_ready"
2694.838303	4.2085000000001855	trials	0.0	0.0	5.0	2.0	1.0	1.0	0.15	1.0	4.0	6500.0	14200.0	1.0	r	f	0.0	1.0	4.0	1.0	
2694.838303	4.2085000000001855	states																			"   state_name
id           
0     state_0"
2694.838303	0.016000000000076398	states																			"          state_name
id                  
1   sending_trialnum"
2694.854303	0.0005000000001018634	states																			"        state_name
id                
3   wait_for_cpoke"
2694.854803	0.9320009999996728	states																			"             state_name
id                     
5   wait_for_cpoke_freq"
2695.786804	0.0010139999999410065	states																			"     state_name
id             
6   nic_prestim"
2695.787818	0.0004860000003645837	states																			"   state_name
id           
7       cpoke"
2695.788304	1.3999999999996362	states																			"   state_name
id           
8    cpoke_in"
2697.188304	0.03499900000042544	states																			"       state_name
id               
10  wait_for_cout"
2697.223303	0.8599999999996726	states																			"        state_name
id                
11  wait_for_spoke"
2698.083303	0.0005009999999856518	states																			"   state_name
id           
12  hit_state"
2698.083804	0.1790000000000873	states																			"    state_name
id            
13  hit_state2"
2698.262804	0.0035000000002582965	states																			"        state_name
id                
18  clean_up_state"
2698.266304	0.7804989999999634	states																			"                state_name
id                        
2   check_next_trial_ready"
2699.047303	7.315000000000055	trials	0.0	0.0	5.0	2.0	1.0	1.0	0.15	1.0	-4.0	6500.0	14200.0		l	f	1.0	1.0	-4.0	3.0	
2699.047303	7.315000000000055	states																			"   state_name
id           
0     state_0"
2699.047303	0.016017000000374537	states																			"          state_name
id                  
1   sending_trialnum"
2699.06332	0.0004899999998997373	states																			"        state_name
id                
3   wait_for_cpoke"
2699.06381	1.989498999999796	states																			"             state_name
id                     
5   wait_for_cpoke_freq"
2701.053309	0.001494000000093365	states																			"     state_name
id             
6   nic_prestim"
2701.054803	0.0005009999999856518	states																			"   state_name
id           
7       cpoke"
2701.055304	0.10999900000024354	states																			"   state_name
id           
8    cpoke_in"
2701.165303	0.06849999999985812	states																			"   state_name
id           
9   cpoke_out"
2701.233803	1.024499999999989	states																			"   state_name
id           
8    cpoke_in"
2702.258303	0.10001499999998487	states																			"   state_name
id           
9   cpoke_out"
2702.358318	4.000485000000026	states																			"         state_name
id                 
16  nic_error_state"
2706.358803	0.003499999999803549	states																			"        state_name
id                
18  clean_up_state"
2706.362803	123.01999999999998	trials	0.0	0.0	5.0	2.0	1.0	1.0	0.15	4.0	4.0	6500.0	14200.0		r	f	0.0	4.0	4.0	4.0	
2706.362803	123.01999999999998	states																			"   state_name
id           
0     state_0"
2706.362803	0.016005999999833875	states																			"          state_name
id                  
1   sending_trialnum"
2706.378809	0.000495000000228174	states																			"        state_name
id                
3   wait_for_cpoke"
2706.379304	120.0	states																			"             state_name
id                     
5   wait_for_cpoke_freq"
2826.379304	3.0000049999998737	states																			"       state_name
id               
17  timeout_state"
2829.379309	0.0034940000000460714	states																			"        state_name
id                
18  clean_up_state"
2829.383304	94.38700000000017	trials	0.0	0.0	5.0	2.0	1.0	1.0	0.15	4.0	-4.0	6500.0	14200.0	1.0	l	f	1.0	4.0	-4.0	1.0	
2829.383304	94.38700000000017	states																			"   state_name
id           
0     state_0"
2829.383304	0.01599900000019261	states																			"          state_name
id                  
1   sending_trialnum"
2829.399303	0.0005009999999856518	states																			"        state_name
id                
3   wait_for_cpoke"
2829.399804	91.72349899999972	states																			"             state_name
id                     
5   wait_for_cpoke_freq"
2921.123303	0.0010010000000875152	states																			"     state_name
id             
6   nic_prestim"
2921.124304	0.0005000000001018634	states																			"   state_name
id           
7       cpoke"
2921.124804	1.3040000000000873	states																			"   state_name
id           
8    cpoke_in"
2922.428804	0.04899999999997817	states																			"   state_name
id           
9   cpoke_out"
2922.477804	0.04650199999969118	states																			"   state_name
id           
8    cpoke_in"
2922.524306	0.14899800000011965	states																			"       state_name
id               
10  wait_for_cout"
2922.673304	0.21250400000008085	states																			"        state_name
id                
11  wait_for_spoke"
2922.885808	0.0005110000001877779	states																			"   state_name
id           
12  hit_state"
2922.886319	0.19499099999984537	states																			"    state_name
id            
13  hit_state2"
2923.08131	0.0034989999999197607	states																			"        state_name
id                
18  clean_up_state"
2923.084809	0.6854950000001736	states																			"                state_name
id                        
2   check_next_trial_ready"
2923.770803	15.735005000000001	trials	0.0	0.0	5.0	2.0	1.0	1.0	0.15	2.5	4.0	6500.0	14200.0	1.0	r	f	0.0	2.5	4.0	1.0	
2923.770803	15.735005000000001	states																			"   state_name
id           
0     state_0"
2923.770803	0.016000000000076398	states																			"          state_name
id                  
1   sending_trialnum"
2923.786803	0.0005160000000614673	states																			"        state_name
id                
3   wait_for_cpoke"
2923.787319	12.69399999999996	states																			"             state_name
id                     
5   wait_for_cpoke_freq"
2936.481319	0.001483999999891239	states																			"     state_name
id             
6   nic_prestim"
2936.482803	0.0005000000001018634	states																			"   state_name
id           
7       cpoke"
2936.483303	1.3995060000002013	states																			"   state_name
id           
8    cpoke_in"
2937.882809	0.056494999999813444	states																			"       state_name
id               
10  wait_for_cout"
2937.939304	0.29301299999997354	states																			"        state_name
id                
11  wait_for_spoke"
2938.232317	0.0005019999998694402	states																			"   state_name
id           
12  hit_state"
2938.232819	0.17998400000033143	states																			"    state_name
id            
13  hit_state2"
2938.412803	0.0035009999996873375	states																			"        state_name
id                
18  clean_up_state"
2938.416304	1.0895040000000336	states																			"                state_name
id                        
2   check_next_trial_ready"
2939.506305	13.268499000000247	trials	0.0	0.0	5.0	2.0	1.0	1.0	0.15	2.5	-4.0	6500.0	14200.0	1.0	l	f	1.0	2.5	-4.0	1.0	
2939.506305	13.268499000000247	states																			"   state_name
id           
0     state_0"
2939.506305	0.0160040000000663	states																			"          state_name
id                  
1   sending_trialnum"
2939.522309	0.000495000000228174	states																			"        state_name
id                
3   wait_for_cpoke"
2939.522804	10.509499999999662	states																			"             state_name
id                     
5   wait_for_cpoke_freq"
2950.032304	0.0015040000002954912	states																			"     state_name
id             
6   nic_prestim"
2950.033808	0.0005029999997532286	states																			"   state_name
id           
7       cpoke"
2950.034311	1.3369920000000093	states																			"   state_name
id           
8    cpoke_in"
2951.371303	0.06300099999998565	states																			"   state_name
id           
9   cpoke_out"
2951.434304	0.000499000000218075	states																			"       state_name
id               
10  wait_for_cout"
2951.434803	0.44051600000011604	states																			"        state_name
id                
11  wait_for_spoke"
2951.875319	0.0004989999997633277	states																			"   state_name
id           
12  hit_state"
2951.875818	0.19398499999988417	states																			"    state_name
id            
13  hit_state2"
2952.069803	0.0035000000002582965	states																			"        state_name
id                
18  clean_up_state"
2952.073303	0.7015010000000075	states																			"                state_name
id                        
2   check_next_trial_ready"
2952.775303	8.322000000000116	trials	0.0	0.0	5.0	2.0	1.0	1.0	0.15	2.5	2.5	6500.0	14200.0		r	f	0.0	2.5	2.5	3.0	
2952.775303	8.322000000000116	states																			"   state_name
id           
0     state_0"
2952.775303	0.016000999999960186	states																			"          state_name
id                  
1   sending_trialnum"
2952.791304	0.0005040000000917644	states																			"        state_name
id                
3   wait_for_cpoke"
2952.791808	3.08800999999994	states																			"             state_name
id                     
5   wait_for_cpoke_freq"
2955.879818	0.0014850000002297747	states																			"     state_name
id             
6   nic_prestim"
2955.881303	0.0005009999999856518	states																			"   state_name
id           
7       cpoke"
2955.881804	1.1114990000000944	states																			"   state_name
id           
8    cpoke_in"
2956.993303	0.09999999999990905	states																			"   state_name
id           
9   cpoke_out"
2957.093303	4.000500999999986	states																			"         state_name
id                 
16  nic_error_state"
2961.093804	0.0034989999999197607	states																			"        state_name
id                
18  clean_up_state"
2961.097808	10.414494999999988	trials	0.0	0.0	5.0	2.0	1.0	1.0	0.15	-2.5	2.5	6500.0	14200.0	0.0	r	f	1.0	-2.5	2.5	2.0	
2961.097808	10.414494999999988	states																			"   state_name
id           
0     state_0"
2961.097808	0.016009999999823776	states																			"          state_name
id                  
1   sending_trialnum"
2961.113818	0.00048500000002604793	states																			"        state_name
id                
3   wait_for_cpoke"
2961.114303	3.742000000000189	states																			"             state_name
id                     
5   wait_for_cpoke_freq"
2964.856303	0.0009999999997489795	states																			"     state_name
id             
6   nic_prestim"
2964.857303	0.0005000000001018634	states																			"   state_name
id           
7       cpoke"
2964.857803	1.3995159999999487	states																			"   state_name
id           
8    cpoke_in"
2966.257319	0.11848400000008041	states																			"       state_name
id               
10  wait_for_cout"
2966.375803	0.37250100000028397	states																			"        state_name
id                
11  wait_for_spoke"
2966.748304	4.760499999999865	states																			"     state_name
id             
14  error_state"
2971.508804	0.0034989999999197607	states																			"        state_name
id                
18  clean_up_state"
2971.512805	5.7230030000000625	trials	0.0	0.0	5.0	2.0	1.0	1.0	0.15	-4.0	4.0	6500.0	14200.0	1.0	r	f	1.0	-4.0	4.0	1.0	
2971.512805	5.7230030000000625	states																			"   state_name
id           
0     state_0"
2971.512805	0.01599900000019261	states																			"          state_name
id                  
1   sending_trialnum"
2971.528804	0.0005000000001018634	states																			"        state_name
id                
3   wait_for_cpoke"
2971.529304	3.218499999999949	states																			"             state_name
id                     
5   wait_for_cpoke_freq"
2974.747804	0.001014999999824795	states																			"     state_name
id             
6   nic_prestim"
2974.748819	0.0004899999998997373	states																			"   state_name
id           
7       cpoke"
2974.749309	1.3734950000002755	states																			"   state_name
id           
8    cpoke_in"
2976.122804	0.026499000000058004	states																			"   state_name
id           
9   cpoke_out"
2976.149303	0.0005009999999856518	states																			"       state_name
id               
10  wait_for_cout"
2976.149804	0.1855000000000473	states																			"        state_name
id                
11  wait_for_spoke"
2976.335304	0.0004989999997633277	states																			"   state_name
id           
12  hit_state"
2976.335803	0.20650000000023283	states																			"    state_name
id            
13  hit_state2"
2976.542303	0.0035049999996772385	states																			"        state_name
id                
18  clean_up_state"
2976.545808	0.6900000000000546	states																			"                state_name
id                        
2   check_next_trial_ready"
2977.236309	6.237994999999955	trials	0.0	0.0	5.0	2.0	1.0	1.0	0.15	4.0	-2.5	6500.0	14200.0	1.0	l	f	1.0	4.0	-2.5	1.0	
2977.236309	6.237994999999955	states																			"   state_name
id           
0     state_0"
2977.236309	0.01599400000031892	states																			"          state_name
id                  
1   sending_trialnum"
2977.252303	0.0004999999996471161	states																			"        state_name
id                
3   wait_for_cpoke"
2977.252803	3.688000000000102	states																			"             state_name
id                     
5   wait_for_cpoke_freq"
2980.940803	0.001014999999824795	states																			"     state_name
id             
6   nic_prestim"
2980.941818	0.0004900000003544847	states																			"   state_name
id           
7       cpoke"
2980.942308	1.3400050000000192	states																			"   state_name
id           
8    cpoke_in"
2982.282313	0.059997999999723106	states																			"   state_name
id           
9   cpoke_out"
2982.342311	0.0004980000003342866	states																			"       state_name
id               
10  wait_for_cout"
2982.342809	0.3049989999999525	states																			"        state_name
id                
11  wait_for_spoke"
2982.647808	0.000507999999626918	states																			"   state_name
id           
12  hit_state"
2982.648316	0.18798700000024837	states																			"    state_name
id            
13  hit_state2"
2982.836303	0.003499999999803549	states																			"        state_name
id                
18  clean_up_state"
2982.839803	0.6345010000000002	states																			"                state_name
id                        
2   check_next_trial_ready"
2983.474803	7.972500999999738	trials	0.0	0.0	5.0	2.0	1.0	1.0	0.15	2.5	4.0	6500.0	14200.0		r	f	0.0	2.5	4.0	3.0	
2983.474803	7.972500999999738	states																			"   state_name
id           
0     state_0"
2983.474803	0.016000999999960186	states																			"          state_name
id                  
1   sending_trialnum"
2983.490804	0.0004989999997633277	states																			"        state_name
id                
3   wait_for_cpoke"
2983.491303	2.612500000000182	states																			"             state_name
id                     
5   wait_for_cpoke_freq"
2986.103803	0.0010000000002037268	states																			"     state_name
id             
6   nic_prestim"
2986.104803	0.0004999999996471161	states																			"   state_name
id           
7       cpoke"
2986.105303	1.237500000000182	states																			"   state_name
id           
8    cpoke_in"
2987.342803	0.10050000000001091	states																			"   state_name
id           
9   cpoke_out"
2987.443303	4.000500000000102	states																			"         state_name
id                 
16  nic_error_state"
2991.443803	0.0035009999996873375	states																			"        state_name
id                
18  clean_up_state"
2991.447804	6.28349900000012	trials	0.0	0.0	5.0	2.0	1.0	1.0	0.15	-2.5	-4.0	6500.0	14200.0		l	f	0.0	-2.5	-4.0	3.0	
2991.447804	6.28349900000012	states																			"   state_name
id           
0     state_0"
2991.447804	0.01599900000019261	states																			"          state_name
id                  
1   sending_trialnum"
2991.463803	0.736500999999862	states																			"        state_name
id                
3   wait_for_cpoke"
2992.200304	0.14901499999996304	states																			"             state_name
id                     
5   wait_for_cpoke_freq"
2992.349319	0.001483999999891239	states																			"     state_name
id             
6   nic_prestim"
2992.350803	0.0005000000001018634	states																			"   state_name
id           
7       cpoke"
2992.351303	0.8585149999998976	states																			"   state_name
id           
8    cpoke_in"
2993.209818	0.03749100000004546	states																			"   state_name
id           
9   cpoke_out"
2993.247309	0.04300000000012005	states																			"   state_name
id           
8    cpoke_in"
2993.290309	0.06699500000013359	states																			"   state_name
id           
9   cpoke_out"
2993.357304	0.12299899999970876	states																			"   state_name
id           
8    cpoke_in"
2993.480303	0.07400500000039756	states																			"   state_name
id           
9   cpoke_out"
2993.554308	0.0729949999999917	states																			"   state_name
id           
8    cpoke_in"
2993.627303	0.09999999999990905	states																			"   state_name
id           
9   cpoke_out"
2993.727303	4.000500999999986	states																			"         state_name
id                 
16  nic_error_state"
2997.727804	0.0034989999999197607	states																			"        state_name
id                
18  clean_up_state"
2997.731803	3.4965010000000802	trials	0.0	0.0	5.0	2.0	1.0	1.0	0.15	-4.0	4.0	6500.0	14200.0	1.0	r	f	1.0	-4.0	4.0	1.0	
2997.731803	3.4965010000000802	states																			"   state_name
id           
0     state_0"
2997.731803	0.016000000000076398	states																			"          state_name
id                  
1   sending_trialnum"
2997.747803	0.33799999999973807	states																			"        state_name
id                
3   wait_for_cpoke"
2998.085803	0.2159999999998945	states																			"             state_name
id                     
5   wait_for_cpoke_freq"
2998.301803	0.0010010000000875152	states																			"     state_name
id             
6   nic_prestim"
2998.302804	0.0005049999999755528	states																			"   state_name
id           
7       cpoke"
2998.303309	1.3994950000001154	states																			"   state_name
id           
8    cpoke_in"
2999.702804	0.013998999999785156	states																			"       state_name
id               
10  wait_for_cout"
2999.716803	0.5910150000004251	states																			"        state_name
id                
11  wait_for_spoke"
3000.307818	0.0004969999999957508	states																			"   state_name
id           
12  hit_state"
3000.308315	0.20298800000000483	states																			"    state_name
id            
13  hit_state2"
3000.511303	0.003499999999803549	states																			"        state_name
id                
18  clean_up_state"
3000.514803	0.7135010000001785	states																			"                state_name
id                        
2   check_next_trial_ready"
3001.228803	8.338001000000077	trials	0.0	0.0	5.0	2.0	1.0	1.0	0.15	-4.0	-2.5	6500.0	14200.0	1.0	l	f	0.0	-4.0	-2.5	1.0	
3001.228803	8.338001000000077	states																			"   state_name
id           
0     state_0"
3001.228803	0.016000000000076398	states																			"          state_name
id                  
1   sending_trialnum"
3001.244803	0.0005000000001018634	states																			"        state_name
id                
3   wait_for_cpoke"
3001.245303	5.534499999999753	states																			"             state_name
id                     
5   wait_for_cpoke_freq"
3006.779803	0.0015010000001893786	states																			"     state_name
id             
6   nic_prestim"
3006.781304	0.0004989999997633277	states																			"   state_name
id           
7       cpoke"
3006.781803	1.3485000000000582	states																			"   state_name
id           
8    cpoke_in"
3008.130303	0.023999999999887223	states																			"   state_name
id           
9   cpoke_out"
3008.154303	0.02750000000014552	states																			"   state_name
id           
8    cpoke_in"
3008.181803	0.12051299999984622	states																			"       state_name
id               
10  wait_for_cout"
3008.302316	0.5344880000002377	states																			"        state_name
id                
11  wait_for_spoke"
3008.836804	0.0004989999997633277	states																			"   state_name
id           
12  hit_state"
3008.837303	0.17100600000003396	states																			"    state_name
id            
13  hit_state2"
3009.008309	0.003509000000121887	states																			"        state_name
id                
18  clean_up_state"
3009.011818	0.554986000000099	states																			"                state_name
id                        
2   check_next_trial_ready"
3009.567303	8.455001000000266	trials	0.0	0.0	5.0	2.0	1.0	1.0	0.15	-1.0	2.5	6500.0	14200.0	0.0	r	f	1.0	-1.0	2.5	2.0	
3009.567303	8.455001000000266	states																			"   state_name
id           
0     state_0"
3009.567303	0.016000000000076398	states																			"          state_name
id                  
1   sending_trialnum"
3009.583303	0.0005000000001018634	states																			"        state_name
id                
3   wait_for_cpoke"
3009.583803	2.0565010000000257	states																			"             state_name
id                     
5   wait_for_cpoke_freq"
3011.640304	0.00151400000004287	states																			"     state_name
id             
6   nic_prestim"
3011.641818	0.0004890000000159489	states																			"   state_name
id           
7       cpoke"
3011.642307	1.4000069999997322	states																			"   state_name
id           
8    cpoke_in"
3013.042314	0.04300600000033228	states																			"       state_name
id               
10  wait_for_cout"
3013.08532	0.3249959999998282	states																			"        state_name
id                
11  wait_for_spoke"
3013.410316	4.608486999999968	states																			"     state_name
id             
14  error_state"
3018.018803	0.003501000000142085	states																			"        state_name
id                
18  clean_up_state"
3018.022803	7.2270000000003165	trials	0.0	0.0	5.0	2.0	1.0	1.0	0.15	-2.5	4.0	6500.0	14200.0	0.0	r	f	1.0	-2.5	4.0	2.0	
3018.022803	7.2270000000003165	states																			"   state_name
id           
0     state_0"
3018.022803	0.016000999999960186	states																			"          state_name
id                  
1   sending_trialnum"
3018.038804	0.000499000000218075	states																			"        state_name
id                
3   wait_for_cpoke"
3018.039303	0.5970080000001872	states																			"             state_name
id                     
5   wait_for_cpoke_freq"
3018.636311	0.001491999999871041	states																			"     state_name
id             
6   nic_prestim"
3018.637803	0.0005000000001018634	states																			"   state_name
id           
7       cpoke"
3018.638303	1.2025009999997565	states																			"   state_name
id           
8    cpoke_in"
3019.840804	0.05449899999985064	states																			"   state_name
id           
9   cpoke_out"
3019.895303	0.1430000000000291	states																			"   state_name
id           
8    cpoke_in"
3020.038303	0.012500000000272848	states																			"       state_name
id               
10  wait_for_cout"
3020.050803	0.5470009999999093	states																			"        state_name
id                
11  wait_for_spoke"
3020.597804	4.648498999999902	states																			"     state_name
id             
14  error_state"
3025.246303	0.0035000000002582965	states																			"        state_name
id                
18  clean_up_state"
3025.250304	3.1524999999996908	trials	0.0	0.0	5.0	2.0	1.0	1.0	0.15	1.0	-2.5	6500.0	14200.0	1.0	l	f	1.0	1.0	-2.5	1.0	
3025.250304	3.1524999999996908	states																			"   state_name
id           
0     state_0"
3025.250304	0.016005999999833875	states																			"          state_name
id                  
1   sending_trialnum"
3025.26631	0.0004930000000058499	states																			"        state_name
id                
3   wait_for_cpoke"
3025.266803	0.3855100000000675	states																			"             state_name
id                     
5   wait_for_cpoke_freq"
3025.652313	0.0014909999999872525	states																			"     state_name
id             
6   nic_prestim"
3025.653804	0.0005000000001018634	states																			"   state_name
id           
7       cpoke"
3025.654304	1.3999989999997524	states																			"   state_name
id           
8    cpoke_in"
3027.054303	0.014500000000225555	states																			"       state_name
id               
10  wait_for_cout"
3027.068803	0.5189999999997781	states																			"        state_name
id                
11  wait_for_spoke"
3027.587803	0.0005009999999856518	states																			"   state_name
id           
12  hit_state"
3027.588304	0.18150000000014188	states																			"    state_name
id            
13  hit_state2"
3027.769804	0.003505000000131986	states																			"        state_name
id                
18  clean_up_state"
3027.773309	0.6294949999996788	states																			"                state_name
id                        
2   check_next_trial_ready"
3028.403309	4.476998999999978	trials	0.0	0.0	5.0	2.0	1.0	1.0	0.15	-1.0	-2.5	6500.0	14200.0	1.0	l	f	0.0	-1.0	-2.5	1.0	
3028.403309	4.476998999999978	states																			"   state_name
id           
0     state_0"
3028.403309	0.016010000000278524	states																			"          state_name
id                  
1   sending_trialnum"
3028.419319	0.0004989999997633277	states																			"        state_name
id                
3   wait_for_cpoke"
3028.419818	1.591486000000259	states																			"             state_name
id                     
5   wait_for_cpoke_freq"
3030.011304	0.001014999999824795	states																			"     state_name
id             
6   nic_prestim"
3030.012319	0.0004840000001422595	states																			"   state_name
id           
7       cpoke"
3030.012803	1.4000009999999747	states																			"   state_name
id           
8    cpoke_in"
3031.412804	0.11249899999984336	states																			"       state_name
id               
10  wait_for_cout"
3031.525303	0.3324999999999818	states																			"        state_name
id                
11  wait_for_spoke"
3031.857803	0.000503000000207976	states																			"   state_name
id           
12  hit_state"
3031.858306	0.16500300000006973	states																			"    state_name
id            
13  hit_state2"
3032.023309	0.003499999999803549	states																			"        state_name
id                
18  clean_up_state"
3032.026809	0.8534989999998288	states																			"                state_name
id                        
2   check_next_trial_ready"
3032.880809	5.235994999999548	trials	0.0	0.0	5.0	2.0	1.0	1.0	0.15	-1.0	2.5	6500.0	14200.0	1.0	r	f	1.0	-1.0	2.5	1.0	
3032.880809	5.235994999999548	states																			"   state_name
id           
0     state_0"
3032.880809	0.01599499999974796	states																			"          state_name
id                  
1   sending_trialnum"
3032.896804	0.0005000000001018634	states																			"        state_name
id                
3   wait_for_cpoke"
3032.897304	1.6519989999997051	states																			"             state_name
id                     
5   wait_for_cpoke_freq"
3034.549303	0.0010150000002795423	states																			"     state_name
id             
6   nic_prestim"
3034.550318	0.0004909999997835257	states																			"   state_name
id           
7       cpoke"
3034.550809	1.3999950000002173	states																			"   state_name
id           
8    cpoke_in"
3035.950804	0.4385050000000774	states																			"       state_name
id               
10  wait_for_cout"
3036.389309	0.8540100000000166	states																			"        state_name
id                
11  wait_for_spoke"
3037.243319	0.0004989999997633277	states																			"   state_name
id           
12  hit_state"
3037.243818	0.21148600000014994	states																			"    state_name
id            
13  hit_state2"
3037.455304	0.0034989999999197607	states																			"        state_name
id                
18  clean_up_state"
3037.458803	0.6580009999997856	states																			"                state_name
id                        
2   check_next_trial_ready"
3038.117303	8.099999999999909	trials	0.0	0.0	5.0	2.0	1.0	1.0	0.15	2.5	-4.0	6500.0	14200.0		r	d	1.0	2.5	-4.0	3.0	
3038.117303	8.099999999999909	states																			"   state_name
id           
0     state_0"
3038.117303	0.016005999999833875	states																			"          state_name
id                  
1   sending_trialnum"
3038.133309	0.0004940000003443856	states																			"        state_name
id                
3   wait_for_cpoke"
3038.133803	2.770509999999831	states																			"            state_name
id                    
4   wait_for_cpoke_dir"
3040.904313	0.0014900000001034641	states																			"     state_name
id             
6   nic_prestim"
3040.905803	0.0005009999999856518	states																			"   state_name
id           
7       cpoke"
3040.906304	1.2069989999999962	states																			"   state_name
id           
8    cpoke_in"
3042.113303	0.10000600000012128	states																			"   state_name
id           
9   cpoke_out"
3042.213309	4.000494999999773	states																			"         state_name
id                 
16  nic_error_state"
3046.213804	0.0034989999999197607	states																			"        state_name
id                
18  clean_up_state"
3046.217803	3.23900599999979	trials	0.0	0.0	5.0	2.0	1.0	1.0	0.15	-2.5	-2.5	6500.0	14200.0	1.0	l	d	0.0	-2.5	-2.5	1.0	
3046.217803	3.23900599999979	states																			"   state_name
id           
0     state_0"
3046.217803	0.016000999999960186	states																			"          state_name
id                  
1   sending_trialnum"
3046.233804	0.3250060000000303	states																			"        state_name
id                
3   wait_for_cpoke"
3046.55881	0.1344930000000204	states																			"            state_name
id                    
4   wait_for_cpoke_dir"
3046.693303	0.0010010000000875152	states																			"     state_name
id             
6   nic_prestim"
3046.694304	0.0005000000001018634	states																			"   state_name
id           
7       cpoke"
3046.694804	1.0489999999999782	states																			"   state_name
id           
8    cpoke_in"
3047.743804	0.031499999999596184	states																			"   state_name
id           
9   cpoke_out"
3047.775304	0.12899900000002162	states																			"   state_name
id           
8    cpoke_in"
3047.904303	0.06050600000025952	states																			"   state_name
id           
9   cpoke_out"
3047.964809	0.1110089999997399	states																			"   state_name
id           
8    cpoke_in"
3048.075818	0.018985000000157015	states																			"   state_name
id           
9   cpoke_out"
3048.094803	0.0005000000001018634	states																			"       state_name
id               
10  wait_for_cout"
3048.095303	0.43301100000007864	states																			"        state_name
id                
11  wait_for_spoke"
3048.528314	0.0004890000000159489	states																			"   state_name
id           
12  hit_state"
3048.528803	0.16550599999982296	states																			"    state_name
id            
13  hit_state2"
3048.694309	0.003509000000121887	states																			"        state_name
id                
18  clean_up_state"
3048.697818	0.7589909999996962	states																			"                state_name
id                        
2   check_next_trial_ready"
3049.457309	4.140995000000203	trials	0.0	0.0	5.0	2.0	1.0	1.0	0.15	2.5	-1.0	6500.0	14200.0	1.0	r	d	1.0	2.5	-1.0	1.0	
3049.457309	4.140995000000203	states																			"   state_name
id           
0     state_0"
3049.457309	0.016000000000076398	states																			"          state_name
id                  
1   sending_trialnum"
3049.473309	0.000495000000228174	states																			"        state_name
id                
3   wait_for_cpoke"
3049.473804	1.2840139999998428	states																			"            state_name
id                    
4   wait_for_cpoke_dir"
3050.757818	0.0014849999997750274	states																			"     state_name
id             
6   nic_prestim"
3050.759303	0.0005000000001018634	states																			"   state_name
id           
7       cpoke"
3050.759803	1.399499999999989	states																			"   state_name
id           
8    cpoke_in"
3052.159303	0.1714999999999236	states																			"       state_name
id               
10  wait_for_cout"
3052.330803	0.2640000000001237	states																			"        state_name
id                
11  wait_for_spoke"
3052.594803	0.0005000000001018634	states																			"   state_name
id           
12  hit_state"
3052.595303	0.2139999999999418	states																			"    state_name
id            
13  hit_state2"
3052.809303	0.003501000000142085	states																			"        state_name
id                
18  clean_up_state"
3052.812804	0.7854999999999563	states																			"                state_name
id                        
2   check_next_trial_ready"
3053.598803	4.821507000000111	trials	0.0	0.0	5.0	2.0	1.0	1.0	0.15	2.5	-4.0	6500.0	14200.0	1.0	r	d	1.0	2.5	-4.0	1.0	
3053.598803	4.821507000000111	states																			"   state_name
id           
0     state_0"
3053.598803	0.016000000000076398	states																			"          state_name
id                  
1   sending_trialnum"
3053.614803	0.0005009999999856518	states																			"        state_name
id                
3   wait_for_cpoke"
3053.615304	2.3364990000000034	states																			"            state_name
id                    
4   wait_for_cpoke_dir"
3055.951803	0.0014999999998508429	states																			"     state_name
id             
6   nic_prestim"
3055.953303	0.0005150000001776789	states																			"   state_name
id           
7       cpoke"
3055.953818	1.3995009999998729	states																			"   state_name
id           
8    cpoke_in"
3057.353319	0.1029900000003181	states																			"       state_name
id               
10  wait_for_cout"
3057.456309	0.2609949999996388	states																			"        state_name
id                
11  wait_for_spoke"
3057.717304	0.0005150000001776789	states																			"   state_name
id           
12  hit_state"
3057.717819	0.20848500000010972	states																			"    state_name
id            
13  hit_state2"
3057.926304	0.0034989999999197607	states																			"        state_name
id                
18  clean_up_state"
3057.929803	0.4905069999999796	states																			"                state_name
id                        
2   check_next_trial_ready"
3058.420803	5.2094999999999345	trials	0.0	0.0	5.0	2.0	1.0	1.0	0.15	2.5	4.0	6500.0	14200.0	1.0	r	d	0.0	2.5	4.0	1.0	
3058.420803	5.2094999999999345	states																			"   state_name
id           
0     state_0"
3058.420803	0.016016000000036	states																			"          state_name
id                  
1   sending_trialnum"
3058.436819	0.0004899999998997373	states																			"        state_name
id                
3   wait_for_cpoke"
3058.437309	2.6529970000001413	states																			"            state_name
id                    
4   wait_for_cpoke_dir"
3061.090306	0.001498000000083266	states																			"     state_name
id             
6   nic_prestim"
3061.091804	0.0004999999996471161	states																			"   state_name
id           
7       cpoke"
3061.092304	1.1184990000001562	states																			"   state_name
id           
8    cpoke_in"
3062.210803	0.048501000000214844	states																			"   state_name
id           
9   cpoke_out"
3062.259304	0.2329989999998361	states																			"   state_name
id           
8    cpoke_in"
3062.492303	0.0010160000001633307	states																			"       state_name
id               
10  wait_for_cout"
3062.493319	0.4374840000000404	states																			"        state_name
id                
11  wait_for_spoke"
3062.930803	0.0005059999998593412	states																			"   state_name
id           
12  hit_state"
3062.931309	0.18600999999989654	states																			"    state_name
id            
13  hit_state2"
3063.117319	0.003485000000182481	states																			"        state_name
id                
18  clean_up_state"
3063.120804	0.5094989999997779	states																			"                state_name
id                        
2   check_next_trial_ready"
3063.630803	5.190000000000055	trials	0.0	0.0	5.0	2.0	1.0	1.0	0.15	2.5	4.0	6500.0	14200.0	1.0	r	d	0.0	2.5	4.0	1.0	
3063.630803	5.190000000000055	states																			"   state_name
id           
0     state_0"
3063.630803	0.016005999999833875	states																			"          state_name
id                  
1   sending_trialnum"
3063.646809	0.000495000000228174	states																			"        state_name
id                
3   wait_for_cpoke"
3063.647304	2.5724999999997635	states																			"            state_name
id                    
4   wait_for_cpoke_dir"
3066.219804	0.0010000000002037268	states																			"     state_name
id             
6   nic_prestim"
3066.220804	0.0005150000001776789	states																			"   state_name
id           
7       cpoke"
3066.221319	1.3379839999997785	states																			"   state_name
id           
8    cpoke_in"
3067.559303	0.043505999999979394	states																			"   state_name
id           
9   cpoke_out"
3067.602809	0.01801000000023123	states																			"   state_name
id           
8    cpoke_in"
3067.620819	0.09649999999965075	states																			"       state_name
id               
10  wait_for_cout"
3067.717319	0.3684840000000804	states																			"        state_name
id                
11  wait_for_spoke"
3068.085803	0.0005009999999856518	states																			"   state_name
id           
12  hit_state"
3068.086304	0.1834990000002108	states																			"    state_name
id            
13  hit_state2"
3068.269803	0.0035009999996873375	states																			"        state_name
id                
18  clean_up_state"
3068.273304	0.5474990000002435	states																			"                state_name
id                        
2   check_next_trial_ready"
3068.821303	8.699501000000055	trials	0.0	0.0	5.0	2.0	1.0	1.0	0.15	-4.0	2.5	6500.0	14200.0	0.0	l	d	1.0	-4.0	2.5	2.0	
3068.821303	8.699501000000055	states																			"   state_name
id           
0     state_0"
3068.821303	0.016000999999960186	states																			"          state_name
id                  
1   sending_trialnum"
3068.837304	0.0004989999997633277	states																			"        state_name
id                
3   wait_for_cpoke"
3068.837803	2.2140010000002803	states																			"            state_name
id                    
4   wait_for_cpoke_dir"
3071.051804	0.0009999999997489795	states																			"     state_name
id             
6   nic_prestim"
3071.052804	0.0005000000001018634	states																			"   state_name
id           
7       cpoke"
3071.053304	0.1230000000000473	states																			"   state_name
id           
8    cpoke_in"
3071.176304	0.019514000000071974	states																			"   state_name
id           
9   cpoke_out"
3071.195818	1.0859909999999218	states																			"   state_name
id           
8    cpoke_in"
3072.281809	0.04500000000007276	states																			"   state_name
id           
9   cpoke_out"
3072.326809	0.12650200000007317	states																			"   state_name
id           
8    cpoke_in"
3072.453311	0.09499199999982011	states																			"       state_name
id               
10  wait_for_cout"
3072.548303	0.31300099999998565	states																			"        state_name
id                
11  wait_for_spoke"
3072.861304	4.655999999999949	states																			"     state_name
id             
14  error_state"
3077.517304	0.0035000000002582965	states																			"        state_name
id                
18  clean_up_state"
3077.521304	24.81100000000015	trials	0.0	0.0	5.0	2.0	1.0	1.0	0.15	4.0	-4.0	6500.0	14200.0	0.0	r	d	1.0	4.0	-4.0	2.0	
3077.521304	24.81100000000015	states																			"   state_name
id           
0     state_0"
3077.521304	0.016000000000076398	states																			"          state_name
id                  
1   sending_trialnum"
3077.537304	0.0005049999999755528	states																			"        state_name
id                
3   wait_for_cpoke"
3077.537809	18.39000900000019	states																			"            state_name
id                    
4   wait_for_cpoke_dir"
3095.927818	0.0014849999997750274	states																			"     state_name
id             
6   nic_prestim"
3095.929303	0.0005009999999856518	states																			"   state_name
id           
7       cpoke"
3095.929804	1.3995050000003175	states																			"   state_name
id           
8    cpoke_in"
3097.329309	0.0010049999996226688	states																			"       state_name
id               
10  wait_for_cout"
3097.330314	0.30999000000019805	states																			"        state_name
id                
11  wait_for_spoke"
3097.640304	4.688500000000204	states																			"     state_name
id             
14  error_state"
3102.328804	0.003499999999803549	states																			"        state_name
id                
18  clean_up_state"
3102.332803	15.80050700000038	trials	0.0	0.0	5.0	2.0	1.0	1.0	0.15	2.5	-1.0	6500.0	14200.0	1.0	r	d	1.0	2.5	-1.0	1.0	
3102.332803	15.80050700000038	states																			"   state_name
id           
0     state_0"
3102.332803	0.016001000000414933	states																			"          state_name
id                  
1   sending_trialnum"
3102.348804	0.0005149999997229315	states																			"        state_name
id                
3   wait_for_cpoke"
3102.349319	12.835485000000062	states																			"            state_name
id                    
4   wait_for_cpoke_dir"
3115.184804	0.0014989999999670545	states																			"     state_name
id             
6   nic_prestim"
3115.186303	0.0005000000001018634	states																			"   state_name
id           
7       cpoke"
3115.186803	1.400000000000091	states																			"   state_name
id           
8    cpoke_in"
3116.586803	0.3830009999996946	states																			"       state_name
id               
10  wait_for_cout"
3116.969804	0.37649899999996705	states																			"        state_name
id                
11  wait_for_spoke"
3117.346303	0.0005000000001018634	states																			"   state_name
id           
12  hit_state"
3117.346803	0.2055009999999129	states																			"    state_name
id            
13  hit_state2"
3117.552304	0.003499000000374508	states																			"        state_name
id                
18  clean_up_state"
3117.555803	0.5775069999999687	states																			"                state_name
id                        
2   check_next_trial_ready"
3118.133808	5.250994999999875	trials	0.0	0.0	5.0	2.0	1.0	1.0	0.15	4.0	2.5	6500.0	14200.0	1.0	r	d	0.0	4.0	2.5	1.0	
3118.133808	5.250994999999875	states																			"   state_name
id           
0     state_0"
3118.133808	0.01599499999974796	states																			"          state_name
id                  
1   sending_trialnum"
3118.149803	0.0005009999999856518	states																			"        state_name
id                
3   wait_for_cpoke"
3118.150304	2.200499000000036	states																			"            state_name
id                    
4   wait_for_cpoke_dir"
3120.350803	0.0015010000001893786	states																			"     state_name
id             
6   nic_prestim"
3120.352304	0.0005049999999755528	states																			"   state_name
id           
7       cpoke"
3120.352809	1.3999939999998787	states																			"   state_name
id           
8    cpoke_in"
3121.752803	0.08050100000036764	states																			"       state_name
id               
10  wait_for_cout"
3121.833304	0.5489989999996396	states																			"        state_name
id                
11  wait_for_spoke"
3122.382303	0.0005009999999856518	states																			"   state_name
id           
12  hit_state"
3122.382804	0.18249900000000707	states																			"    state_name
id            
13  hit_state2"
3122.565303	0.0035160000002179004	states																			"        state_name
id                
18  clean_up_state"
3122.568819	0.815983999999844	states																			"                state_name
id                        
2   check_next_trial_ready"
3123.385303	4.166501000000153	trials	0.0	0.0	5.0	2.0	1.0	1.0	0.15	2.5	4.0	6500.0	14200.0	1.0	r	d	0.0	2.5	4.0	1.0	
3123.385303	4.166501000000153	states																			"   state_name
id           
0     state_0"
3123.385303	0.016000000000076398	states																			"          state_name
id                  
1   sending_trialnum"
3123.401303	0.0005009999999856518	states																			"        state_name
id                
3   wait_for_cpoke"
3123.401804	1.575999000000138	states																			"            state_name
id                    
4   wait_for_cpoke_dir"
3124.977803	0.0010009999996327679	states																			"     state_name
id             
6   nic_prestim"
3124.978804	0.000499000000218075	states																			"   state_name
id           
7       cpoke"
3124.979303	0.12851599999976315	states																			"   state_name
id           
8    cpoke_in"
3125.107819	0.03448500000013155	states																			"   state_name
id           
9   cpoke_out"
3125.142304	1.2364999999999782	states																			"   state_name
id           
8    cpoke_in"
3126.378804	0.14899900000000343	states																			"       state_name
id               
10  wait_for_cout"
3126.527803	0.2240150000002359	states																			"        state_name
id                
11  wait_for_spoke"
3126.751818	0.00048500000002604793	states																			"   state_name
id           
12  hit_state"
3126.752303	0.18049999999993815	states																			"    state_name
id            
13  hit_state2"
3126.932803	0.003499999999803549	states																			"        state_name
id                
18  clean_up_state"
3126.936303	0.6155010000002221	states																			"                state_name
id                        
2   check_next_trial_ready"
3127.552303	5.24350000000004	trials	0.0	0.0	5.0	2.0	1.0	1.0	0.15	-2.5	1.0	6500.0	14200.0	1.0	l	d	1.0	-2.5	1.0	1.0	
3127.552303	5.24350000000004	states																			"   state_name
id           
0     state_0"
3127.552303	0.016000999999960186	states																			"          state_name
id                  
1   sending_trialnum"
3127.568304	0.000499000000218075	states																			"        state_name
id                
3   wait_for_cpoke"
3127.568803	2.0969999999997526	states																			"            state_name
id                    
4   wait_for_cpoke_dir"
3129.665803	0.0010000000002037268	states																			"     state_name
id             
6   nic_prestim"
3129.666803	0.0005000000001018634	states																			"   state_name
id           
7       cpoke"
3129.667303	1.3995009999998729	states																			"   state_name
id           
8    cpoke_in"
3131.066804	0.25649999999996	states																			"       state_name
id               
10  wait_for_cout"
3131.323304	0.401499000000058	states																			"        state_name
id                
11  wait_for_spoke"
3131.724803	0.0005009999999856518	states																			"   state_name
id           
12  hit_state"
3131.725304	0.18699999999989814	states																			"    state_name
id            
13  hit_state2"
3131.912304	0.0035000000002582965	states																			"        state_name
id                
18  clean_up_state"
3131.915804	0.8799989999997706	states																			"                state_name
id                        
2   check_next_trial_ready"
3132.796303	4.841499999999996	trials	0.0	0.0	5.0	2.0	1.0	1.0	0.15	4.0	4.0	6500.0	14200.0	1.0	r	d	0.0	4.0	4.0	1.0	
3132.796303	4.841499999999996	states																			"   state_name
id           
0     state_0"
3132.796303	0.016000000000076398	states																			"          state_name
id                  
1   sending_trialnum"
3132.812303	0.0005009999999856518	states																			"        state_name
id                
3   wait_for_cpoke"
3132.812804	2.077498999999989	states																			"            state_name
id                    
4   wait_for_cpoke_dir"
3134.890303	0.0010059999999612046	states																			"     state_name
id             
6   nic_prestim"
3134.891309	0.0005089999999654538	states																			"   state_name
id           
7       cpoke"
3134.891818	1.3995019999997567	states																			"   state_name
id           
8    cpoke_in"
3136.29132	0.05998300000010204	states																			"       state_name
id               
10  wait_for_cout"
3136.351303	0.43401600000015605	states																			"        state_name
id                
11  wait_for_spoke"
3136.785319	0.0004890000000159489	states																			"   state_name
id           
12  hit_state"
3136.785808	0.17949499999986074	states																			"    state_name
id            
13  hit_state2"
3136.965303	0.003501000000142085	states																			"        state_name
id                
18  clean_up_state"
3136.968804	0.6689989999999852	states																			"                state_name
id                        
2   check_next_trial_ready"
3137.638303	5.275000999999975	trials	0.0	0.0	5.0	2.0	1.0	1.0	0.15	-4.0	1.0	6500.0	14200.0	1.0	l	d	1.0	-4.0	1.0	1.0	
3137.638303	5.275000999999975	states																			"   state_name
id           
0     state_0"
3137.638303	0.01599999999962165	states																			"          state_name
id                  
1   sending_trialnum"
3137.654303	0.0005000000001018634	states																			"        state_name
id                
3   wait_for_cpoke"
3137.654803	2.354001000000153	states																			"            state_name
id                    
4   wait_for_cpoke_dir"
3140.008804	0.0014989999999670545	states																			"     state_name
id             
6   nic_prestim"
3140.010303	0.0005009999999856518	states																			"   state_name
id           
7       cpoke"
3140.010804	1.400000000000091	states																			"   state_name
id           
8    cpoke_in"
3141.410804	0.21400499999981548	states																			"       state_name
id               
10  wait_for_cout"
3141.624809	0.40150100000028033	states																			"        state_name
id                
11  wait_for_spoke"
3142.02631	0.0004930000000058499	states																			"   state_name
id           
12  hit_state"
3142.026803	0.185512000000017	states																			"    state_name
id            
13  hit_state2"
3142.212315	0.0034879999998338462	states																			"        state_name
id                
18  clean_up_state"
3142.215803	0.6975010000001021	states																			"                state_name
id                        
2   check_next_trial_ready"
3142.913803	4.822005999999874	trials	0.0	0.0	5.0	2.0	1.0	1.0	0.15	-2.5	4.0	6500.0	14200.0	1.0	l	d	1.0	-2.5	4.0	1.0	
3142.913803	4.822005999999874	states																			"   state_name
id           
0     state_0"
3142.913803	0.016000000000076398	states																			"          state_name
id                  
1   sending_trialnum"
3142.929803	0.0005000000001018634	states																			"        state_name
id                
3   wait_for_cpoke"
3142.930303	2.3655149999999594	states																			"            state_name
id                    
4   wait_for_cpoke_dir"
3145.295818	0.0014849999997750274	states																			"     state_name
id             
6   nic_prestim"
3145.297303	0.0005000000001018634	states																			"   state_name
id           
7       cpoke"
3145.297803	1.3995009999998729	states																			"   state_name
id           
8    cpoke_in"
3146.697304	0.07401500000014494	states																			"       state_name
id               
10  wait_for_cout"
3146.771319	0.2744990000001053	states																			"        state_name
id                
11  wait_for_spoke"
3147.045818	0.00048599999990983633	states																			"   state_name
id           
12  hit_state"
3147.046304	0.18299900000010894	states																			"    state_name
id            
13  hit_state2"
3147.229303	0.003499999999803549	states																			"        state_name
id                
18  clean_up_state"
3147.232803	0.5030059999999139	states																			"                state_name
id                        
2   check_next_trial_ready"
3147.736308	5.524495999999999	trials	0.0	0.0	5.0	2.0	1.0	1.0	0.15	2.5	-2.5	6500.0	14200.0	1.0	r	d	1.0	2.5	-2.5	1.0	
3147.736308	5.524495999999999	states																			"   state_name
id           
0     state_0"
3147.736308	0.016004999999950087	states																			"          state_name
id                  
1   sending_trialnum"
3147.752313	0.0004910000002382731	states																			"        state_name
id                
3   wait_for_cpoke"
3147.752804	2.8179989999998725	states																			"            state_name
id                    
4   wait_for_cpoke_dir"
3150.570803	0.001014999999824795	states																			"     state_name
id             
6   nic_prestim"
3150.571818	0.0004880000001321605	states																			"   state_name
id           
7       cpoke"
3150.572306	1.3999969999999848	states																			"   state_name
id           
8    cpoke_in"
3151.972303	0.0720010000000002	states																			"       state_name
id               
10  wait_for_cout"
3152.044304	0.3465000000001055	states																			"        state_name
id                
11  wait_for_spoke"
3152.390804	0.0005049999999755528	states																			"   state_name
id           
12  hit_state"
3152.391309	0.1969939999999042	states																			"    state_name
id            
13  hit_state2"
3152.588303	0.003499999999803549	states																			"        state_name
id                
18  clean_up_state"
3152.591803	0.6690010000002076	states																			"                state_name
id                        
2   check_next_trial_ready"
3153.261303	5.936505999999554	trials	0.0	0.0	5.0	2.0	1.0	1.0	0.15	2.5	1.0	6500.0	14200.0	1.0	r	d	0.0	2.5	1.0	1.0	
3153.261303	5.936505999999554	states																			"   state_name
id           
0     state_0"
3153.261303	0.016005999999833875	states																			"          state_name
id                  
1   sending_trialnum"
3153.277309	0.0004939999998896383	states																			"        state_name
id                
3   wait_for_cpoke"
3153.277803	3.293999999999869	states																			"            state_name
id                    
4   wait_for_cpoke_dir"
3156.571803	0.0015000000003055902	states																			"     state_name
id             
6   nic_prestim"
3156.573303	0.0005000000001018634	states																			"   state_name
id           
7       cpoke"
3156.573803	1.3995009999998729	states																			"   state_name
id           
8    cpoke_in"
3157.973304	0.07300299999997151	states																			"       state_name
id               
10  wait_for_cout"
3158.046307	0.2464959999997518	states																			"        state_name
id                
11  wait_for_spoke"
3158.292803	0.0005000000001018634	states																			"   state_name
id           
12  hit_state"
3158.293303	0.17849999999998545	states																			"    state_name
id            
13  hit_state2"
3158.471803	0.0035000000002582965	states																			"        state_name
id                
18  clean_up_state"
3158.475303	0.722505999999612	states																			"                state_name
id                        
2   check_next_trial_ready"
3159.198309	4.860494999999901	trials	0.0	0.0	5.0	2.0	1.0	1.0	0.15	2.5	4.0	6500.0	14200.0	1.0	r	d	0.0	2.5	4.0	1.0	
3159.198309	4.860494999999901	states																			"   state_name
id           
0     state_0"
3159.198309	0.016008999999939988	states																			"          state_name
id                  
1   sending_trialnum"
3159.214318	0.0004910000002382731	states																			"        state_name
id                
3   wait_for_cpoke"
3159.214809	1.90849500000013	states																			"            state_name
id                    
4   wait_for_cpoke_dir"
3161.123304	0.0014999999998508429	states																			"     state_name
id             
6   nic_prestim"
3161.124804	0.0005000000001018634	states																			"   state_name
id           
7       cpoke"
3161.125304	1.4000049999999646	states																			"   state_name
id           
8    cpoke_in"
3162.525309	0.24199399999997695	states																			"       state_name
id               
10  wait_for_cout"
3162.767303	0.3510000000001128	states																			"        state_name
id                
11  wait_for_spoke"
3163.118303	0.0004999999996471161	states																			"   state_name
id           
12  hit_state"
3163.118803	0.17750000000023647	states																			"    state_name
id            
13  hit_state2"
3163.296303	0.003499999999803549	states																			"        state_name
id                
18  clean_up_state"
3163.299803	0.7590009999998983	states																			"                state_name
id                        
2   check_next_trial_ready"
3164.059303	5.193000000000211	trials	0.0	0.0	5.0	2.0	1.0	1.0	0.15	-4.0	1.0	6500.0	14200.0	1.0	l	d	1.0	-4.0	1.0	1.0	
3164.059303	5.193000000000211	states																			"   state_name
id           
0     state_0"
3164.059303	0.016000000000076398	states																			"          state_name
id                  
1   sending_trialnum"
3164.075303	0.0005009999999856518	states																			"        state_name
id                
3   wait_for_cpoke"
3164.075804	2.1075000000000728	states																			"            state_name
id                    
4   wait_for_cpoke_dir"
3166.183304	0.001002999999855092	states																			"     state_name
id             
6   nic_prestim"
3166.184307	0.0004960000001119624	states																			"   state_name
id           
7       cpoke"
3166.184803	1.3995099999997365	states																			"   state_name
id           
8    cpoke_in"
3167.584313	0.2245060000000194	states																			"       state_name
id               
10  wait_for_cout"
3167.808819	0.6759850000003098	states																			"        state_name
id                
11  wait_for_spoke"
3168.484804	0.0005149999997229315	states																			"   state_name
id           
12  hit_state"
3168.485319	0.1854840000000877	states																			"    state_name
id            
13  hit_state2"
3168.670803	0.003499999999803549	states																			"        state_name
id                
18  clean_up_state"
3168.674303	0.5780000000004293	states																			"                state_name
id                        
2   check_next_trial_ready"
3169.252803	7.572000000000116	trials	0.0	0.0	5.0	2.0	1.0	1.0	0.15	-4.0	2.5	6500.0	14200.0		l	d	1.0	-4.0	2.5	3.0	
3169.252803	7.572000000000116	states																			"   state_name
id           
0     state_0"
3169.252803	0.016000000000076398	states																			"          state_name
id                  
1   sending_trialnum"
3169.268803	0.0005009999999856518	states																			"        state_name
id                
3   wait_for_cpoke"
3169.269304	2.150000000000091	states																			"            state_name
id                    
4   wait_for_cpoke_dir"
3171.419304	0.0010099999999511056	states																			"     state_name
id             
6   nic_prestim"
3171.420314	0.000495000000228174	states																			"   state_name
id           
7       cpoke"
3171.420809	1.1384939999998096	states																			"   state_name
id           
8    cpoke_in"
3172.559303	0.07200000000011642	states																			"   state_name
id           
9   cpoke_out"
3172.631303	0.08950000000004366	states																			"   state_name
id           
8    cpoke_in"
3172.720803	0.10000099999979284	states																			"   state_name
id           
9   cpoke_out"
3172.820804	4.000499000000218	states																			"         state_name
id                 
16  nic_error_state"
3176.821303	0.003499999999803549	states																			"        state_name
id                
18  clean_up_state"
3176.825303	5.233499999999822	trials	0.0	0.0	5.0	2.0	1.0	1.0	0.15	2.5	2.5	6500.0	14200.0	1.0	r	d	0.0	2.5	2.5	1.0	
3176.825303	5.233499999999822	states																			"   state_name
id           
0     state_0"
3176.825303	0.016000999999960186	states																			"          state_name
id                  
1   sending_trialnum"
3176.841304	0.4234989999999925	states																			"        state_name
id                
3   wait_for_cpoke"
3177.264803	0.24201600000014878	states																			"            state_name
id                    
4   wait_for_cpoke_dir"
3177.506819	0.0014899999996487168	states																			"     state_name
id             
6   nic_prestim"
3177.508309	0.0005100000003039895	states																			"   state_name
id           
7       cpoke"
3177.508819	1.3999839999996766	states																			"   state_name
id           
8    cpoke_in"
3178.908803	0.25700000000006185	states																			"       state_name
id               
10  wait_for_cout"
3179.165803	0.2925100000002203	states																			"        state_name
id                
11  wait_for_spoke"
3179.458313	0.0005059999998593412	states																			"   state_name
id           
12  hit_state"
3179.458819	0.17549300000018775	states																			"    state_name
id            
13  hit_state2"
3179.634312	0.003490999999939959	states																			"        state_name
id                
18  clean_up_state"
3179.637803	2.4209999999998217	states																			"                state_name
id                        
2   check_next_trial_ready"
3182.059303	3.818000000000211	trials	0.0	0.0	5.0	2.0	1.0	1.0	0.15	-4.0	-2.5	6500.0	14200.0	1.0	l	d	0.0	-4.0	-2.5	1.0	
3182.059303	3.818000000000211	states																			"   state_name
id           
0     state_0"
3182.059303	0.016005999999833875	states																			"          state_name
id                  
1   sending_trialnum"
3182.075309	0.000495000000228174	states																			"        state_name
id                
3   wait_for_cpoke"
3182.075804	0.970506000000114	states																			"            state_name
id                    
4   wait_for_cpoke_dir"
3183.04631	0.0014929999997548293	states																			"     state_name
id             
6   nic_prestim"
3183.047803	0.0005009999999856518	states																			"   state_name
id           
7       cpoke"
3183.048304	1.3994990000001053	states																			"   state_name
id           
8    cpoke_in"
3184.447803	0.1400149999999485	states																			"       state_name
id               
10  wait_for_cout"
3184.587818	0.3344849999998587	states																			"        state_name
id                
11  wait_for_spoke"
3184.922303	0.0005009999999856518	states																			"   state_name
id           
12  hit_state"
3184.922804	0.17249900000024354	states																			"    state_name
id            
13  hit_state2"
3185.095303	0.003501000000142085	states																			"        state_name
id                
18  clean_up_state"
3185.098804	0.7784990000000107	states																			"                state_name
id                        
2   check_next_trial_ready"
3185.877803	4.185500000000047	trials	0.0	0.0	5.0	2.0	1.0	1.0	0.15	4.0	-4.0	6500.0	14200.0	1.0	r	d	1.0	4.0	-4.0	1.0	
3185.877803	4.185500000000047	states																			"   state_name
id           
0     state_0"
3185.877803	0.016000999999960186	states																			"          state_name
id                  
1   sending_trialnum"
3185.893804	0.0005129999999553547	states																			"        state_name
id                
3   wait_for_cpoke"
3185.894317	1.2609870000001138	states																			"            state_name
id                    
4   wait_for_cpoke_dir"
3187.155304	0.0010070000002997403	states																			"     state_name
id             
6   nic_prestim"
3187.156311	0.000507999999626918	states																			"   state_name
id           
7       cpoke"
3187.156819	0.08798400000023321	states																			"   state_name
id           
8    cpoke_in"
3187.244803	0.03850000000011278	states																			"   state_name
id           
9   cpoke_out"
3187.283303	1.2730109999997694	states																			"   state_name
id           
8    cpoke_in"
3188.556314	0.049504000000069937	states																			"       state_name
id               
10  wait_for_cout"
3188.605818	0.5534859999997934	states																			"        state_name
id                
11  wait_for_spoke"
3189.159304	0.000499000000218075	states																			"   state_name
id           
12  hit_state"
3189.159803	0.1930010000000948	states																			"    state_name
id            
13  hit_state2"
3189.352804	0.003499999999803549	states																			"        state_name
id                
18  clean_up_state"
3189.356304	0.7069989999999962	states																			"                state_name
id                        
2   check_next_trial_ready"
3190.063803	7.123000000000047	trials	0.0	0.0	5.0	2.0	1.0	1.0	0.15	-2.5	-4.0	6500.0	14200.0	1.0	l	d	0.0	-2.5	-4.0	1.0	
3190.063803	7.123000000000047	states																			"   state_name
id           
0     state_0"
3190.063803	0.016000000000076398	states																			"          state_name
id                  
1   sending_trialnum"
3190.079803	0.0005080000000816653	states																			"        state_name
id                
3   wait_for_cpoke"
3190.080311	3.3830089999996744	states																			"            state_name
id                    
4   wait_for_cpoke_dir"
3193.46332	0.0014830000000074506	states																			"     state_name
id             
6   nic_prestim"
3193.464803	0.0005000000001018634	states																			"   state_name
id           
7       cpoke"
3193.465303	1.3995009999998729	states																			"   state_name
id           
8    cpoke_in"
3194.864804	0.028000000000247383	states																			"       state_name
id               
10  wait_for_cout"
3194.892804	0.6374989999999343	states																			"        state_name
id                
11  wait_for_spoke"
3195.530303	0.0005000000001018634	states																			"   state_name
id           
12  hit_state"
3195.530803	0.1725059999998848	states																			"    state_name
id            
13  hit_state2"
3195.703309	0.0035100000000056752	states																			"        state_name
id                
18  clean_up_state"
3195.706819	1.4799840000000586	states																			"                state_name
id                        
2   check_next_trial_ready"
3197.187303	3.0954999999999018	trials	0.0	0.0	5.0	2.0	1.0	1.0	0.15	4.0	-1.0	6500.0	14200.0	1.0	r	d	1.0	4.0	-1.0	1.0	
3197.187303	3.0954999999999018	states																			"   state_name
id           
0     state_0"
3197.187303	0.016000999999960186	states																			"          state_name
id                  
1   sending_trialnum"
3197.203304	0.0005000000001018634	states																			"        state_name
id                
3   wait_for_cpoke"
3197.203804	0.6735149999999521	states																			"            state_name
id                    
4   wait_for_cpoke_dir"
3197.877319	0.001483999999891239	states																			"     state_name
id             
6   nic_prestim"
3197.878803	0.0005009999999856518	states																			"   state_name
id           
7       cpoke"
3197.879304	1.3394990000001599	states																			"   state_name
id           
8    cpoke_in"
3199.218803	0.060499999999592546	states																			"   state_name
id           
9   cpoke_out"
3199.279303	0.0005049999999755528	states																			"       state_name
id               
10  wait_for_cout"
3199.279808	0.19800000000032014	states																			"        state_name
id                
11  wait_for_spoke"
3199.477808	0.0005029999997532286	states																			"   state_name
id           
12  hit_state"
3199.478311	0.19249300000001313	states																			"    state_name
id            
13  hit_state2"
3199.670804	0.0035000000002582965	states																			"        state_name
id                
18  clean_up_state"
3199.674304	0.608498999999938	states																			"                state_name
id                        
2   check_next_trial_ready"
3200.283303	8.139999999999873	trials	0.0	0.0	5.0	2.0	1.0	1.0	0.15	-4.0	-4.0	6500.0	14200.0		l	d	0.0	-4.0	-4.0	3.0	
3200.283303	8.139999999999873	states																			"   state_name
id           
0     state_0"
3200.283303	0.016000999999960186	states																			"          state_name
id                  
1   sending_trialnum"
3200.299304	0.0005000000001018634	states																			"        state_name
id                
3   wait_for_cpoke"
3200.299804	2.721998999999869	states																			"            state_name
id                    
4   wait_for_cpoke_dir"
3203.021803	0.0010010000000875152	states																			"     state_name
id             
6   nic_prestim"
3203.022804	0.0004989999997633277	states																			"   state_name
id           
7       cpoke"
3203.023303	1.2960000000002765	states																			"   state_name
id           
8    cpoke_in"
3204.319303	0.09999999999990905	states																			"   state_name
id           
9   cpoke_out"
3204.419303	4.000499999999647	states																			"         state_name
id                 
16  nic_error_state"
3208.419803	0.0035000000002582965	states																			"        state_name
id                
18  clean_up_state"
3208.423803	15.697001	trials	0.0	0.0	5.0	2.0	1.0	1.0	0.15	4.0	-2.5	6500.0	14200.0	0.0	r	d	1.0	4.0	-2.5	2.0	
3208.423803	15.697001	states																			"   state_name
id           
0     state_0"
3208.423803	0.016000000000076398	states																			"          state_name
id                  
1   sending_trialnum"
3208.439803	0.0005009999999856518	states																			"        state_name
id                
3   wait_for_cpoke"
3208.440304	9.29801099999986	states																			"            state_name
id                    
4   wait_for_cpoke_dir"
3217.738315	0.0014889999997649284	states																			"     state_name
id             
6   nic_prestim"
3217.739804	0.0005000000001018634	states																			"   state_name
id           
7       cpoke"
3217.740304	1.400000000000091	states																			"   state_name
id           
8    cpoke_in"
3219.140304	0.10899900000003981	states																			"       state_name
id               
10  wait_for_cout"
3219.249303	0.2840000000001055	states																			"        state_name
id                
11  wait_for_spoke"
3219.533303	4.584006999999929	states																			"     state_name
id             
14  error_state"
3224.11731	0.0034940000000460714	states																			"        state_name
id                
18  clean_up_state"
3224.121304	44.453999000000294	trials	0.0	0.0	5.0	2.0	1.0	1.0	0.15	4.0	-1.0	6500.0	14200.0	1.0	r	d	1.0	4.0	-1.0	1.0	
3224.121304	44.453999000000294	states																			"   state_name
id           
0     state_0"
3224.121304	0.016000000000076398	states																			"          state_name
id                  
1   sending_trialnum"
3224.137304	0.0005140000002938905	states																			"        state_name
id                
3   wait_for_cpoke"
3224.137818	41.518495999999686	states																			"            state_name
id                    
4   wait_for_cpoke_dir"
3265.656314	0.0014890000002196757	states																			"     state_name
id             
6   nic_prestim"
3265.657803	0.0005089999999654538	states																			"   state_name
id           
7       cpoke"
3265.658312	1.3995060000002013	states																			"   state_name
id           
8    cpoke_in"
3267.057818	0.36898599999994985	states																			"       state_name
id               
10  wait_for_cout"
3267.426804	0.3554989999997815	states																			"        state_name
id                
11  wait_for_spoke"
3267.782303	0.0005009999999856518	states																			"   state_name
id           
12  hit_state"
3267.782804	0.19049900000027264	states																			"    state_name
id            
13  hit_state2"
3267.973303	0.0035009999996873375	states																			"        state_name
id                
18  clean_up_state"
3267.976804	0.5984990000001744	states																			"                state_name
id                        
2   check_next_trial_ready"
3268.575803	5.272004999999808	trials	0.0	0.0	5.0	2.0	1.0	1.0	0.15	-4.0	-2.5	6500.0	14200.0	1.0	l	d	0.0	-4.0	-2.5	1.0	
3268.575803	5.272004999999808	states																			"   state_name
id           
0     state_0"
3268.575803	0.016000999999960186	states																			"          state_name
id                  
1   sending_trialnum"
3268.591804	0.0004999999996471161	states																			"        state_name
id                
3   wait_for_cpoke"
3268.592304	2.49449900000036	states																			"            state_name
id                    
4   wait_for_cpoke_dir"
3271.086803	0.0010059999999612046	states																			"     state_name
id             
6   nic_prestim"
3271.087809	0.0004949999997734267	states																			"   state_name
id           
7       cpoke"
3271.088304	1.3999990000002072	states																			"   state_name
id           
8    cpoke_in"
3272.488303	0.3410009999997783	states																			"       state_name
id               
10  wait_for_cout"
3272.829304	0.27699900000015987	states																			"        state_name
id                
11  wait_for_spoke"
3273.106303	0.0005000000001018634	states																			"   state_name
id           
12  hit_state"
3273.106803	0.1735079999998561	states																			"    state_name
id            
13  hit_state2"
3273.280311	0.003493000000162283	states																			"        state_name
id                
18  clean_up_state"
3273.283804	0.5640039999998407	states																			"                state_name
id                        
2   check_next_trial_ready"
3273.848303	4.199000999999953	trials	0.0	0.0	5.0	2.0	1.0	1.0	0.15	-4.0	-2.5	6500.0	14200.0	1.0	l	d	0.0	-4.0	-2.5	1.0	
3273.848303	4.199000999999953	states																			"   state_name
id           
0     state_0"
3273.848303	0.01599999999962165	states																			"          state_name
id                  
1   sending_trialnum"
3273.864303	0.0005000000001018634	states																			"        state_name
id                
3   wait_for_cpoke"
3273.864803	1.5300000000002	states																			"            state_name
id                    
4   wait_for_cpoke_dir"
3275.394803	0.001014999999824795	states																			"     state_name
id             
6   nic_prestim"
3275.395818	0.0004930000000058499	states																			"   state_name
id           
7       cpoke"
3275.396311	1.3959970000000794	states																			"   state_name
id           
8    cpoke_in"
3276.792308	0.0035100000000056752	states																			"   state_name
id           
9   cpoke_out"
3276.795818	0.00048500000002604793	states																			"       state_name
id               
10  wait_for_cout"
3276.796303	0.35849999999982174	states																			"        state_name
id                
11  wait_for_spoke"
3277.154803	0.0005009999999856518	states																			"   state_name
id           
12  hit_state"
3277.155304	0.17251400000031936	states																			"    state_name
id            
13  hit_state2"
3277.327818	0.0034849999997277337	states																			"        state_name
id                
18  clean_up_state"
3277.331303	0.716001000000233	states																			"                state_name
id                        
2   check_next_trial_ready"
3278.047803	4.181501000000026	trials	0.0	0.0	5.0	2.0	1.0	1.0	0.15	-2.5	-4.0	6500.0	14200.0	1.0	l	d	0.0	-2.5	-4.0	1.0	
3278.047803	4.181501000000026	states																			"   state_name
id           
0     state_0"
3278.047803	0.016000000000076398	states																			"          state_name
id                  
1   sending_trialnum"
3278.063803	0.0005000000001018634	states																			"        state_name
id                
3   wait_for_cpoke"
3278.064303	1.6585000000000036	states																			"            state_name
id                    
4   wait_for_cpoke_dir"
3279.722803	0.0009999999997489795	states																			"     state_name
id             
6   nic_prestim"
3279.723803	0.0005009999999856518	states																			"   state_name
id           
7       cpoke"
3279.724304	1.3344990000000507	states																			"   state_name
id           
8    cpoke_in"
3281.058803	0.06500000000005457	states																			"   state_name
id           
9   cpoke_out"
3281.123803	0.0005000000001018634	states																			"       state_name
id               
10  wait_for_cout"
3281.124303	0.3065000000001419	states																			"        state_name
id                
11  wait_for_spoke"
3281.430803	0.0005069999997431296	states																			"   state_name
id           
12  hit_state"
3281.43131	0.17149900000003981	states																			"    state_name
id            
13  hit_state2"
3281.602809	0.0035029999999096617	states																			"        state_name
id                
18  clean_up_state"
3281.606312	0.6229920000000675	states																			"                state_name
id                        
2   check_next_trial_ready"
3282.229808	6.984996000000137	trials	0.0	0.0	5.0	2.0	1.0	1.0	0.15	4.0	-4.0	6500.0	14200.0		r	d	1.0	4.0	-4.0	3.0	
3282.229808	6.984996000000137	states																			"   state_name
id           
0     state_0"
3282.229808	0.016009999999823776	states																			"          state_name
id                  
1   sending_trialnum"
3282.245818	0.0004880000001321605	states																			"        state_name
id                
3   wait_for_cpoke"
3282.246306	1.584002000000055	states																			"            state_name
id                    
4   wait_for_cpoke_dir"
3283.830308	0.001495999999860942	states																			"     state_name
id             
6   nic_prestim"
3283.831804	0.000499000000218075	states																			"   state_name
id           
7       cpoke"
3283.832303	1.2784999999998945	states																			"   state_name
id           
8    cpoke_in"
3285.110803	0.09999999999990905	states																			"   state_name
id           
9   cpoke_out"
3285.210803	4.0005160000000615	states																			"         state_name
id                 
16  nic_error_state"
3289.211319	0.003485000000182481	states																			"        state_name
id                
18  clean_up_state"
3289.215319	3.806485000000066	trials	0.0	0.0	5.0	2.0	1.0	1.0	0.15	4.0	-1.0	6500.0	14200.0	1.0	r	d	1.0	4.0	-1.0	1.0	
3289.215319	3.806485000000066	states																			"   state_name
id           
0     state_0"
3289.215319	0.015985000000000582	states																			"          state_name
id                  
1   sending_trialnum"
3289.231304	0.8634999999999309	states																			"        state_name
id                
3   wait_for_cpoke"
3290.094804	0.0745150000002468	states																			"            state_name
id                    
4   wait_for_cpoke_dir"
3290.169319	0.001483999999891239	states																			"     state_name
id             
6   nic_prestim"
3290.170803	0.0005009999999856518	states																			"   state_name
id           
7       cpoke"
3290.171304	1.399515000000065	states																			"   state_name
id           
8    cpoke_in"
3291.570819	0.06498400000009497	states																			"       state_name
id               
10  wait_for_cout"
3291.635803	0.3760010000000875	states																			"        state_name
id                
11  wait_for_spoke"
3292.011804	0.0004999999996471161	states																			"   state_name
id           
12  hit_state"
3292.012304	0.19699900000023263	states																			"    state_name
id            
13  hit_state2"
3292.209303	0.0035009999996873375	states																			"        state_name
id                
18  clean_up_state"
3292.212804	0.8090000000001965	states																			"                state_name
id                        
2   check_next_trial_ready"
3293.022303	4.867505999999594	trials	0.0	0.0	5.0	2.0	1.0	1.0	0.15	4.0	1.0	6500.0	14200.0	1.0	r	d	0.0	4.0	1.0	1.0	
3293.022303	4.867505999999594	states																			"   state_name
id           
0     state_0"
3293.022303	0.016000999999960186	states																			"          state_name
id                  
1   sending_trialnum"
3293.038304	0.0004989999997633277	states																			"        state_name
id                
3   wait_for_cpoke"
3293.038803	1.8840009999998983	states																			"            state_name
id                    
4   wait_for_cpoke_dir"
3294.922804	0.0015000000003055902	states																			"     state_name
id             
6   nic_prestim"
3294.924304	0.0005000000001018634	states																			"   state_name
id           
7       cpoke"
3294.924804	1.3999989999997524	states																			"   state_name
id           
8    cpoke_in"
3296.324803	0.37249999999994543	states																			"       state_name
id               
10  wait_for_cout"
3296.697303	0.37249999999994543	states																			"        state_name
id                
11  wait_for_spoke"
3297.069803	0.0005000000001018634	states																			"   state_name
id           
12  hit_state"
3297.070303	0.17800500000021202	states																			"    state_name
id            
13  hit_state2"
3297.248308	0.0035100000000056752	states																			"        state_name
id                
18  clean_up_state"
3297.251818	0.6379909999996016	states																			"                state_name
id                        
2   check_next_trial_ready"
3297.890304	4.827498999999989	trials	0.0	0.0	5.0	2.0	1.0	1.0	0.15	-1.0	4.0	6500.0	14200.0	1.0	r	f	1.0	-1.0	4.0	1.0	
3297.890304	4.827498999999989	states																			"   state_name
id           
0     state_0"
3297.890304	0.01599900000019261	states																			"          state_name
id                  
1   sending_trialnum"
3297.906303	0.0005009999999856518	states																			"        state_name
id                
3   wait_for_cpoke"
3297.906804	1.927498999999898	states																			"             state_name
id                     
5   wait_for_cpoke_freq"
3299.834303	0.0015049999997245322	states																			"     state_name
id             
6   nic_prestim"
3299.835808	0.000503000000207976	states																			"   state_name
id           
7       cpoke"
3299.836311	1.399507000000085	states																			"   state_name
id           
8    cpoke_in"
3301.235818	0.24898499999972046	states																			"       state_name
id               
10  wait_for_cout"
3301.484803	0.2335000000002765	states																			"        state_name
id                
11  wait_for_spoke"
3301.718303	0.0005000000001018634	states																			"   state_name
id           
12  hit_state"
3301.718803	0.20500099999981103	states																			"    state_name
id            
13  hit_state2"
3301.923804	0.003499999999803549	states																			"        state_name
id                
18  clean_up_state"
3301.927304	0.7904990000001817	states																			"                state_name
id                        
2   check_next_trial_ready"
3302.718303	5.938499999999749	trials	0.0	0.0	5.0	2.0	1.0	1.0	0.15	1.0	2.5	6500.0	14200.0	1.0	r	f	0.0	1.0	2.5	1.0	
3302.718303	5.938499999999749	states																			"   state_name
id           
0     state_0"
3302.718303	0.016008999999939988	states																			"          state_name
id                  
1   sending_trialnum"
3302.734312	0.0004909999997835257	states																			"        state_name
id                
3   wait_for_cpoke"
3302.734803	2.9700160000002143	states																			"             state_name
id                     
5   wait_for_cpoke_freq"
3305.704819	0.001483999999891239	states																			"     state_name
id             
6   nic_prestim"
3305.706303	0.0005000000001018634	states																			"   state_name
id           
7       cpoke"
3305.706803	0.13700000000017099	states																			"   state_name
id           
8    cpoke_in"
3305.843803	0.028500999999778287	states																			"   state_name
id           
9   cpoke_out"
3305.872304	1.2344990000001417	states																			"   state_name
id           
8    cpoke_in"
3307.106803	0.15450000000009823	states																			"       state_name
id               
10  wait_for_cout"
3307.261303	0.39550099999996746	states																			"        state_name
id                
11  wait_for_spoke"
3307.656804	0.0005159999996067199	states																			"   state_name
id           
12  hit_state"
3307.65732	0.184498000000076	states																			"    state_name
id            
13  hit_state2"
3307.841818	0.003490999999939959	states																			"        state_name
id                
18  clean_up_state"
3307.845309	0.8114940000000388	states																			"                state_name
id                        
2   check_next_trial_ready"
3308.657303	5.222505000000183	trials	0.0	0.0	5.0	2.0	1.0	1.0	0.15	-1.0	2.5	6500.0	14200.0	1.0	r	f	1.0	-1.0	2.5	1.0	
3308.657303	5.222505000000183	states																			"   state_name
id           
0     state_0"
3308.657303	0.016000000000076398	states																			"          state_name
id                  
1   sending_trialnum"
3308.673303	0.0005150000001776789	states																			"        state_name
id                
3   wait_for_cpoke"
3308.673818	2.331500999999662	states																			"             state_name
id                     
5   wait_for_cpoke_freq"
3311.005319	0.0014860000001135631	states																			"     state_name
id             
6   nic_prestim"
3311.006805	0.0005040000000917644	states																			"   state_name
id           
7       cpoke"
3311.007309	1.3999939999998787	states																			"   state_name
id           
8    cpoke_in"
3312.407303	0.3324999999999818	states																			"       state_name
id               
10  wait_for_cout"
3312.739803	0.3870010000000548	states																			"        state_name
id                
11  wait_for_spoke"
3313.126804	0.0005000000001018634	states																			"   state_name
id           
12  hit_state"
3313.127304	0.20149899999978516	states																			"    state_name
id            
13  hit_state2"
3313.328803	0.0035000000002582965	states																			"        state_name
id                
18  clean_up_state"
3313.332303	0.547505000000001	states																			"                state_name
id                        
2   check_next_trial_ready"
3313.880304	5.581000000000131	trials	0.0	0.0	5.0	2.0	1.0	1.0	0.15	-2.5	4.0	6500.0	14200.0	1.0	r	f	1.0	-2.5	4.0	1.0	
3313.880304	5.581000000000131	states																			"   state_name
id           
0     state_0"
3313.880304	0.01599900000019261	states																			"          state_name
id                  
1   sending_trialnum"
3313.896303	0.0005000000001018634	states																			"        state_name
id                
3   wait_for_cpoke"
3313.896803	3.0210010000000693	states																			"             state_name
id                     
5   wait_for_cpoke_freq"
3316.917804	0.0009999999997489795	states																			"     state_name
id             
6   nic_prestim"
3316.918804	0.0005150000001776789	states																			"   state_name
id           
7       cpoke"
3316.919319	0.4574840000000222	states																			"   state_name
id           
8    cpoke_in"
3317.376803	0.07200000000011642	states																			"   state_name
id           
9   cpoke_out"
3317.448803	0.8704999999999927	states																			"   state_name
id           
8    cpoke_in"
3318.319303	0.09501099999988583	states																			"       state_name
id               
10  wait_for_cout"
3318.414314	0.26449000000002343	states																			"        state_name
id                
11  wait_for_spoke"
3318.678804	0.0004999999996471161	states																			"   state_name
id           
12  hit_state"
3318.679304	0.1994990000002872	states																			"    state_name
id            
13  hit_state2"
3318.878803	0.003509000000121887	states																			"        state_name
id                
18  clean_up_state"
3318.882312	0.5789919999997437	states																			"                state_name
id                        
2   check_next_trial_ready"
3319.461803	6.247000999999727	trials	0.0	0.0	5.0	2.0	1.0	1.0	0.15	-2.5	2.5	6500.0	14200.0	1.0	r	f	1.0	-2.5	2.5	1.0	
3319.461803	6.247000999999727	states																			"   state_name
id           
0     state_0"
3319.461803	0.016000999999960186	states																			"          state_name
id                  
1   sending_trialnum"
3319.477804	0.0005000000001018634	states																			"        state_name
id                
3   wait_for_cpoke"
3319.478304	3.0620059999996556	states																			"             state_name
id                     
5   wait_for_cpoke_freq"
3322.54031	0.001494000000093365	states																			"     state_name
id             
6   nic_prestim"
3322.541804	0.0005000000001018634	states																			"   state_name
id           
7       cpoke"
3322.542304	0.3549990000001344	states																			"   state_name
id           
8    cpoke_in"
3322.897303	0.06299999999964712	states																			"   state_name
id           
9   cpoke_out"
3322.960303	0.9820010000003094	states																			"   state_name
id           
8    cpoke_in"
3323.942304	0.39249999999992724	states																			"       state_name
id               
10  wait_for_cout"
3324.334804	0.39249900000004345	states																			"        state_name
id                
11  wait_for_spoke"
3324.727303	0.0005009999999856518	states																			"   state_name
id           
12  hit_state"
3324.727804	0.19749899999987974	states																			"    state_name
id            
13  hit_state2"
3324.925303	0.003501000000142085	states																			"        state_name
id                
18  clean_up_state"
3324.928804	0.7799999999997453	states																			"                state_name
id                        
2   check_next_trial_ready"
3325.709303	8.35701599999993	trials	0.0	0.0	5.0	2.0	1.0	1.0	0.15	4.0	4.0	6500.0	14200.0		r	f	0.0	4.0	4.0	3.0	
3325.709303	8.35701599999993	states																			"   state_name
id           
0     state_0"
3325.709303	0.016000999999960186	states																			"          state_name
id                  
1   sending_trialnum"
3325.725304	0.0004989999997633277	states																			"        state_name
id                
3   wait_for_cpoke"
3325.725803	3.1280000000001564	states																			"             state_name
id                     
5   wait_for_cpoke_freq"
3328.853803	0.0010000000002037268	states																			"     state_name
id             
6   nic_prestim"
3328.854803	0.0004999999996471161	states																			"   state_name
id           
7       cpoke"
3328.855303	1.106999999999971	states																			"   state_name
id           
8    cpoke_in"
3329.962303	0.1000000000003638	states																			"   state_name
id           
9   cpoke_out"
3330.062303	4.0005160000000615	states																			"         state_name
id                 
16  nic_error_state"
3334.062819	0.003499999999803549	states																			"        state_name
id                
18  clean_up_state"
3334.066809	11.151994000000286	trials	0.0	0.0	5.0	2.0	1.0	1.0	0.15	-1.0	4.0	6500.0	14200.0		r	f	1.0	-1.0	4.0	3.0	
3334.066809	11.151994000000286	states																			"   state_name
id           
0     state_0"
3334.066809	0.015993999999864172	states																			"          state_name
id                  
1   sending_trialnum"
3334.082803	0.0005010000004403992	states																			"        state_name
id                
3   wait_for_cpoke"
3334.083304	6.575998999999683	states																			"             state_name
id                     
5   wait_for_cpoke_freq"
3340.659303	0.0015069999999468564	states																			"     state_name
id             
6   nic_prestim"
3340.66081	0.000499000000218075	states																			"   state_name
id           
7       cpoke"
3340.661309	0.45349499999974796	states																			"   state_name
id           
8    cpoke_in"
3341.114804	0.1000000000003638	states																			"   state_name
id           
9   cpoke_out"
3341.214804	4.0005049999999756	states																			"         state_name
id                 
16  nic_error_state"
3345.215309	0.0034940000000460714	states																			"        state_name
id                
18  clean_up_state"
3345.219303	36.02649999999994	trials	0.0	0.0	5.0	2.0	1.0	1.0	0.15	-4.0	2.5	6500.0	14200.0	0.0	r	f	1.0	-4.0	2.5	2.0	
3345.219303	36.02649999999994	states																			"   state_name
id           
0     state_0"
3345.219303	0.016000999999960186	states																			"          state_name
id                  
1   sending_trialnum"
3345.235304	0.000499000000218075	states																			"        state_name
id                
3   wait_for_cpoke"
3345.235803	29.443499999999858	states																			"             state_name
id                     
5   wait_for_cpoke_freq"
3374.679303	0.0010019999999713036	states																			"     state_name
id             
6   nic_prestim"
3374.680305	0.0004980000003342866	states																			"   state_name
id           
7       cpoke"
3374.680803	1.3995129999998426	states																			"   state_name
id           
8    cpoke_in"
3376.080316	0.3739940000000388	states																			"       state_name
id               
10  wait_for_cout"
3376.45431	0.23550799999975425	states																			"        state_name
id                
11  wait_for_spoke"
3376.689818	4.552486000000044	states																			"     state_name
id             
14  error_state"
3381.242304	0.0034989999999197607	states																			"        state_name
id                
18  clean_up_state"
3381.246304	5.315499000000273	trials	0.0	0.0	5.0	2.0	1.0	1.0	0.15	-2.5	-4.0	6500.0	14200.0	1.0	l	f	0.0	-2.5	-4.0	1.0	
3381.246304	5.315499000000273	states																			"   state_name
id           
0     state_0"
3381.246304	0.016000000000076398	states																			"          state_name
id                  
1   sending_trialnum"
3381.262304	0.0005000000001018634	states																			"        state_name
id                
3   wait_for_cpoke"
3381.262804	2.727014000000054	states																			"             state_name
id                     
5   wait_for_cpoke_freq"
3383.989818	0.0014860000001135631	states																			"     state_name
id             
6   nic_prestim"
3383.991304	0.0004989999997633277	states																			"   state_name
id           
7       cpoke"
3383.991803	1.400000000000091	states																			"   state_name
id           
8    cpoke_in"
3385.391803	0.11900000000014188	states																			"       state_name
id               
10  wait_for_cout"
3385.510803	0.22950799999989613	states																			"        state_name
id                
11  wait_for_spoke"
3385.740311	0.0004930000000058499	states																			"   state_name
id           
12  hit_state"
3385.740804	0.17749899999989793	states																			"    state_name
id            
13  hit_state2"
3385.918303	0.0035000000002582965	states																			"        state_name
id                
18  clean_up_state"
3385.921803	0.6399999999998727	states																			"                state_name
id                        
2   check_next_trial_ready"
3386.562303	7.106004999999641	trials	0.0	0.0	5.0	2.0	1.0	1.0	0.15	-2.5	2.5	6500.0	14200.0		r	f	1.0	-2.5	2.5	3.0	
3386.562303	7.106004999999641	states																			"   state_name
id           
0     state_0"
3386.562303	0.016006999999717664	states																			"          state_name
id                  
1   sending_trialnum"
3386.57831	0.000499000000218075	states																			"        state_name
id                
3   wait_for_cpoke"
3386.578809	1.6869950000000244	states																			"             state_name
id                     
5   wait_for_cpoke_freq"
3388.265804	0.0014989999999670545	states																			"     state_name
id             
6   nic_prestim"
3388.267303	0.0005000000001018634	states																			"   state_name
id           
7       cpoke"
3388.267803	1.2964999999999236	states																			"   state_name
id           
8    cpoke_in"
3389.564303	0.09999999999990905	states																			"   state_name
id           
9   cpoke_out"
3389.664303	4.000500000000102	states																			"         state_name
id                 
16  nic_error_state"
3393.664803	0.0035049999996772385	states																			"        state_name
id                
18  clean_up_state"
3393.668804	5.043004999999994	trials	0.0	0.0	5.0	2.0	1.0	1.0	0.15	-4.0	-2.5	6500.0	14200.0	1.0	l	f	0.0	-4.0	-2.5	1.0	
3393.668804	5.043004999999994	states																			"   state_name
id           
0     state_0"
3393.668804	0.01599900000019261	states																			"          state_name
id                  
1   sending_trialnum"
3393.684803	0.0005009999999856518	states																			"        state_name
id                
3   wait_for_cpoke"
3393.685304	2.3919989999999416	states																			"             state_name
id                     
5   wait_for_cpoke_freq"
3396.077303	0.0015010000001893786	states																			"     state_name
id             
6   nic_prestim"
3396.078804	0.0005049999999755528	states																			"   state_name
id           
7       cpoke"
3396.079309	0.9169939999997041	states																			"   state_name
id           
8    cpoke_in"
3396.996303	0.0540009999999711	states																			"   state_name
id           
9   cpoke_out"
3397.050304	0.1825000000003456	states																			"   state_name
id           
8    cpoke_in"
3397.232804	0.03501399999959176	states																			"   state_name
id           
9   cpoke_out"
3397.267818	0.055485000000317086	states																			"   state_name
id           
8    cpoke_in"
3397.323303	0.06950599999981932	states																			"   state_name
id           
9   cpoke_out"
3397.392809	0.08649400000012974	states																			"   state_name
id           
8    cpoke_in"
3397.479303	0.05949999999984357	states																			"       state_name
id               
10  wait_for_cout"
3397.538803	0.45701499999995576	states																			"        state_name
id                
11  wait_for_spoke"
3397.995818	0.00048599999990983633	states																			"   state_name
id           
12  hit_state"
3397.996304	0.17450000000008004	states																			"    state_name
id            
13  hit_state2"
3398.170804	0.0034989999999197607	states																			"        state_name
id                
18  clean_up_state"
3398.174303	0.5375060000001213	states																			"                state_name
id                        
2   check_next_trial_ready"
3398.712303	6.98700000000008	trials	0.0	0.0	5.0	2.0	1.0	1.0	0.15	1.0	2.5	6500.0	14200.0		r	f	0.0	1.0	2.5	3.0	
3398.712303	6.98700000000008	states																			"   state_name
id           
0     state_0"
3398.712303	0.016000000000076398	states																			"          state_name
id                  
1   sending_trialnum"
3398.728303	0.0005000000001018634	states																			"        state_name
id                
3   wait_for_cpoke"
3398.728803	1.6245060000001104	states																			"             state_name
id                     
5   wait_for_cpoke_freq"
3400.353309	0.001494000000093365	states																			"     state_name
id             
6   nic_prestim"
3400.354803	0.0005009999999856518	states																			"   state_name
id           
7       cpoke"
3400.355304	1.239998999999898	states																			"   state_name
id           
8    cpoke_in"
3401.595303	0.09999999999990905	states																			"   state_name
id           
9   cpoke_out"
3401.695303	4.0005049999999756	states																			"         state_name
id                 
16  nic_error_state"
3405.695808	0.0034949999999298598	states																			"        state_name
id                
18  clean_up_state"
3405.699818	6.956485000000157	trials	0.0	0.0	5.0	2.0	1.0	1.0	0.15	-4.0	-2.5	6500.0	14200.0		l	f	0.0	-4.0	-2.5	3.0	
3405.699818	6.956485000000157	states																			"   state_name
id           
0     state_0"
3405.699818	0.01598999999987427	states																			"          state_name
id                  
1   sending_trialnum"
3405.715808	0.0005040000000917644	states																			"        state_name
id                
3   wait_for_cpoke"
3405.716312	1.5704909999999472	states																			"             state_name
id                     
5   wait_for_cpoke_freq"
3407.286803	0.0010000000002037268	states																			"     state_name
id             
6   nic_prestim"
3407.287803	0.0004999999996471161	states																			"   state_name
id           
7       cpoke"
3407.288303	1.2640000000001237	states																			"   state_name
id           
8    cpoke_in"
3408.552303	0.10000600000012128	states																			"   state_name
id           
9   cpoke_out"
3408.652309	4.00049399999989	states																			"         state_name
id                 
16  nic_error_state"
3412.652803	0.0035000000002582965	states																			"        state_name
id                
18  clean_up_state"
3412.656804	3.469499999999698	trials	0.0	0.0	5.0	2.0	1.0	1.0	0.15	2.5	4.0	6500.0	14200.0	1.0	r	f	0.0	2.5	4.0	1.0	
3412.656804	3.469499999999698	states																			"   state_name
id           
0     state_0"
3412.656804	0.01599999999962165	states																			"          state_name
id                  
1   sending_trialnum"
3412.672804	0.0005150000001776789	states																			"        state_name
id                
3   wait_for_cpoke"
3412.673319	0.4129849999999351	states																			"             state_name
id                     
5   wait_for_cpoke_freq"
3413.086304	0.0010150000002795423	states																			"     state_name
id             
6   nic_prestim"
3413.087319	0.0004890000000159489	states																			"   state_name
id           
7       cpoke"
3413.087808	1.3995109999996203	states																			"   state_name
id           
8    cpoke_in"
3414.487319	0.1969840000001568	states																			"       state_name
id               
10  wait_for_cout"
3414.684303	0.49001300000008996	states																			"        state_name
id                
11  wait_for_spoke"
3415.174316	0.0005029999997532286	states																			"   state_name
id           
12  hit_state"
3415.174819	0.1929840000002514	states																			"    state_name
id            
13  hit_state2"
3415.367803	0.0035109999998894637	states																			"        state_name
id                
18  clean_up_state"
3415.371314	0.754989999999907	states																			"                state_name
id                        
2   check_next_trial_ready"
3416.126803	4.846000000000004	trials	0.0	0.0	5.0	2.0	1.0	1.0	0.15	-2.5	2.5	6500.0	14200.0	1.0	r	f	1.0	-2.5	2.5	1.0	
3416.126803	4.846000000000004	states																			"   state_name
id           
0     state_0"
3416.126803	0.016000999999960186	states																			"          state_name
id                  
1   sending_trialnum"
3416.142804	0.0005049999999755528	states																			"        state_name
id                
3   wait_for_cpoke"
3416.143309	2.1390040000001136	states																			"             state_name
id                     
5   wait_for_cpoke_freq"
3418.282313	0.0014909999999872525	states																			"     state_name
id             
6   nic_prestim"
3418.283804	0.0004999999996471161	states																			"   state_name
id           
7       cpoke"
3418.284304	1.3999990000002072	states																			"   state_name
id           
8    cpoke_in"
3419.684303	0.08449999999993452	states																			"       state_name
id               
10  wait_for_cout"
3419.768803	0.30150000000003274	states																			"        state_name
id                
11  wait_for_spoke"
3420.070303	0.0005000000001018634	states																			"   state_name
id           
12  hit_state"
3420.070803	0.20949999999993452	states																			"    state_name
id            
13  hit_state2"
3420.280303	0.003501000000142085	states																			"        state_name
id                
18  clean_up_state"
3420.283804	0.688998999999967	states																			"                state_name
id                        
2   check_next_trial_ready"
3420.973303	8.103999999999814	trials	0.0	0.0	5.0	2.0	1.0	1.0	0.15	1.0	2.5	6500.0	14200.0		r	f	0.0	1.0	2.5	3.0	
3420.973303	8.103999999999814	states																			"   state_name
id           
0     state_0"
3420.973303	0.01599999999962165	states																			"          state_name
id                  
1   sending_trialnum"
3420.989303	0.0005150000001776789	states																			"        state_name
id                
3   wait_for_cpoke"
3420.989818	2.706000000000131	states																			"             state_name
id                     
5   wait_for_cpoke_freq"
3423.695818	0.0014859999996588158	states																			"     state_name
id             
6   nic_prestim"
3423.697304	0.000499000000218075	states																			"   state_name
id           
7       cpoke"
3423.697803	1.2755000000001928	states																			"   state_name
id           
8    cpoke_in"
3424.973303	0.10000099999979284	states																			"   state_name
id           
9   cpoke_out"
3425.073304	4.000513999999839	states																			"         state_name
id                 
16  nic_error_state"
3429.073818	0.003485000000182481	states																			"        state_name
id                
18  clean_up_state"
3429.077803	20.994500999999673	trials	0.0	0.0	5.0	2.0	1.0	1.0	0.15	-4.0	2.5	6500.0	14200.0	1.0	r	f	1.0	-4.0	2.5	1.0	
3429.077803	20.994500999999673	states																			"   state_name
id           
0     state_0"
3429.077803	0.016000000000076398	states																			"          state_name
id                  
1   sending_trialnum"
3429.093803	0.0004999999996471161	states																			"        state_name
id                
3   wait_for_cpoke"
3429.094303	17.831505000000107	states																			"             state_name
id                     
5   wait_for_cpoke_freq"
3446.925808	0.001495999999860942	states																			"     state_name
id             
6   nic_prestim"
3446.927304	0.0005049999999755528	states																			"   state_name
id           
7       cpoke"
3446.927809	1.4000090000004093	states																			"   state_name
id           
8    cpoke_in"
3448.327818	0.35098599999992075	states																			"       state_name
id               
10  wait_for_cout"
3448.678804	0.45149899999978516	states																			"        state_name
id                
11  wait_for_spoke"
3449.130303	0.0005009999999856518	states																			"   state_name
id           
12  hit_state"
3449.130804	0.2090050000001611	states																			"    state_name
id            
13  hit_state2"
3449.339809	0.003499999999803549	states																			"        state_name
id                
18  clean_up_state"
3449.343309	0.7289949999999408	states																			"                state_name
id                        
2   check_next_trial_ready"
3450.072803	9.469004999999925	trials	0.0	0.0	5.0	2.0	1.0	1.0	0.15	2.5	-4.0	6500.0	14200.0	0.0	l	f	1.0	2.5	-4.0	2.0	
3450.072803	9.469004999999925	states																			"   state_name
id           
0     state_0"
3450.072803	0.016000000000076398	states																			"          state_name
id                  
1   sending_trialnum"
3450.088803	0.0005059999998593412	states																			"        state_name
id                
3   wait_for_cpoke"
3450.089309	3.105004000000008	states																			"             state_name
id                     
5   wait_for_cpoke_freq"
3453.194313	0.0014900000001034641	states																			"     state_name
id             
6   nic_prestim"
3453.195803	0.0005009999999856518	states																			"   state_name
id           
7       cpoke"
3453.196304	1.399503999999979	states																			"   state_name
id           
8    cpoke_in"
3454.595808	0.2775029999997969	states																			"       state_name
id               
10  wait_for_cout"
3454.873311	0.1929920000002312	states																			"        state_name
id                
11  wait_for_spoke"
3455.066303	4.472001000000091	states																			"     state_name
id             
14  error_state"
3459.538304	0.00350399999979345	states																			"        state_name
id                
18  clean_up_state"
3459.542315	123.020489	trials	0.0	0.0	5.0	2.0	1.0	1.0	0.15	-4.0	4.0	6500.0	14200.0		r	f	1.0	-4.0	4.0	4.0	
3459.542315	123.020489	states																			"   state_name
id           
0     state_0"
3459.542315	0.016000999999960186	states																			"          state_name
id                  
1   sending_trialnum"
3459.558316	0.00048699999979362474	states																			"        state_name
id                
3   wait_for_cpoke"
3459.558803	120.00050099999999	states																			"             state_name
id                     
5   wait_for_cpoke_freq"
3579.559304	3.0000050000003284	states																			"       state_name
id               
17  timeout_state"
3582.559309	0.0034949999999298598	states																			"        state_name
id                
18  clean_up_state"
3582.563309	123.02049399999987	trials	0.0	0.0	5.0	2.0	1.0	1.0	0.15	4.0	4.0	6500.0	14200.0		r	f	0.0	4.0	4.0	4.0	
3582.563309	123.02049399999987	states																			"   state_name
id           
0     state_0"
3582.563309	0.01599499999974796	states																			"          state_name
id                  
1   sending_trialnum"
3582.579304	0.000499000000218075	states																			"        state_name
id                
3   wait_for_cpoke"
3582.579803	120.00001500000008	states																			"             state_name
id                     
5   wait_for_cpoke_freq"
3702.579818	3.000485000000026	states																			"       state_name
id               
17  timeout_state"
3705.580303	0.003499999999803549	states																			"        state_name
id                
18  clean_up_state"
3705.584303	123.02050099999997	trials	0.0	0.0	5.0	2.0	1.0	1.0	0.15	-2.5	4.0	6500.0	14200.0		r	f	1.0	-2.5	4.0	4.0	
3705.584303	123.02050099999997	states																			"   state_name
id           
0     state_0"
3705.584303	0.016000999999960186	states																			"          state_name
id                  
1   sending_trialnum"
3705.600304	0.0005000000001018634	states																			"        state_name
id                
3   wait_for_cpoke"
3705.600804	120.00049899999976	states																			"             state_name
id                     
5   wait_for_cpoke_freq"
3825.601303	3.0000060000002122	states																			"       state_name
id               
17  timeout_state"
3828.601309	0.0034949999999298598	states																			"        state_name
id                
18  clean_up_state"
3828.605303	123.02050099999997	trials	0.0	0.0	5.0	2.0	1.0	1.0	0.15	-1.0	-2.5	6500.0	14200.0		l	f	0.0	-1.0	-2.5	4.0	
3828.605303	123.02050099999997	states																			"   state_name
id           
0     state_0"
3828.605303	0.016000000000076398	states																			"          state_name
id                  
1   sending_trialnum"
3828.621303	0.0005000000001018634	states																			"        state_name
id                
3   wait_for_cpoke"
3828.621803	120.00001500000008	states																			"             state_name
id                     
5   wait_for_cpoke_freq"
3948.621818	3.00048599999991	states																			"       state_name
id               
17  timeout_state"
3951.622304	0.003499999999803549	states																			"        state_name
id                
18  clean_up_state"
3951.626303	123.02050000000008	trials	0.0	0.0	5.0	2.0	1.0	1.0	0.15	4.0	-2.5	6500.0	14200.0		l	f	1.0	4.0	-2.5	4.0	
3951.626303	123.02050000000008	states																			"   state_name
id           
0     state_0"
3951.626303	0.016011000000162312	states																			"          state_name
id                  
1   sending_trialnum"
3951.642314	0.0005049999999755528	states																			"        state_name
id                
3   wait_for_cpoke"
3951.642819	120.00048399999969	states																			"             state_name
id                     
5   wait_for_cpoke_freq"
4071.643303	3.0000010000003385	states																			"       state_name
id               
17  timeout_state"
4074.643304	0.0034989999999197607	states																			"        state_name
id                
18  clean_up_state"
4074.647303	123.02050000000008	trials	0.0	0.0	5.0	2.0	1.0	1.0	0.15	-2.5	-2.5	6500.0	14200.0		l	f	0.0	-2.5	-2.5	4.0	
4074.647303	123.02050000000008	states																			"   state_name
id           
0     state_0"
4074.647303	0.01599999999962165	states																			"          state_name
id                  
1   sending_trialnum"
4074.663303	0.0005009999999856518	states																			"        state_name
id                
3   wait_for_cpoke"
4074.663804	120.00001400000019	states																			"             state_name
id                     
5   wait_for_cpoke_freq"
4194.663818	3.0004849999995713	states																			"       state_name
id               
17  timeout_state"
4197.664303	0.003500000000713044	states																			"        state_name
id                
18  clean_up_state"
4197.668303	63.144499999999425	trials	0.0	0.0	5.0	2.0	1.0	1.0	0.15	1.0	-4.0	6500.0	14200.0	1.0	l	f	1.0	1.0	-4.0	1.0	
4197.668303	63.144499999999425	states																			"   state_name
id           
0     state_0"
4197.668303	0.016000999999960186	states																			"          state_name
id                  
1   sending_trialnum"
4197.684304	0.0004989999997633277	states																			"        state_name
id                
3   wait_for_cpoke"
4197.684803	60.29950099999951	states																			"             state_name
id                     
5   wait_for_cpoke_freq"
4257.984304	0.0015140000004976173	states																			"     state_name
id             
6   nic_prestim"
4257.985818	0.00048799999967741314	states																			"   state_name
id           
7       cpoke"
4257.986306	1.3999979999998686	states																			"   state_name
id           
8    cpoke_in"
4259.386304	0.06799900000078196	states																			"       state_name
id               
10  wait_for_cout"
4259.454303	0.40649999999914144	states																			"        state_name
id                
11  wait_for_spoke"
4259.860803	0.0005010000004403992	states																			"   state_name
id           
12  hit_state"
4259.861304	0.2034990000001926	states																			"    state_name
id            
13  hit_state2"
4260.064803	0.003499999999803549	states																			"        state_name
id                
18  clean_up_state"
4260.068303	0.744499999999789	states																			"                state_name
id                        
2   check_next_trial_ready"
4260.813303	5.955500000000029	trials	0.0	0.0	5.0	2.0	1.0	1.0	0.15	2.5	-2.5	6500.0	14200.0	1.0	l	f	1.0	2.5	-2.5	1.0	
4260.813303	5.955500000000029	states																			"   state_name
id           
0     state_0"
4260.813303	0.016000999999960186	states																			"          state_name
id                  
1   sending_trialnum"
4260.829304	0.0005040000005465117	states																			"        state_name
id                
3   wait_for_cpoke"
4260.829808	3.3789950000000317	states																			"             state_name
id                     
5   wait_for_cpoke_freq"
4264.208803	0.0009999999992942321	states																			"     state_name
id             
6   nic_prestim"
4264.209803	0.0005000000001018634	states																			"   state_name
id           
7       cpoke"
4264.210303	1.367514999999912	states																			"   state_name
id           
8    cpoke_in"
4265.577818	0.032000000000152795	states																			"   state_name
id           
9   cpoke_out"
4265.609818	0.0004909999997835257	states																			"       state_name
id               
10  wait_for_cout"
4265.610309	0.23799500000041007	states																			"        state_name
id                
11  wait_for_spoke"
4265.848304	0.0004989999997633277	states																			"   state_name
id           
12  hit_state"
4265.848803	0.19951099999980215	states																			"    state_name
id            
13  hit_state2"
4266.048314	0.0034940000005008187	states																			"        state_name
id                
18  clean_up_state"
4266.051808	0.7169949999997698	states																			"                state_name
id                        
2   check_next_trial_ready"
4266.769303	9.95350099999996	trials	0.0	0.0	5.0	2.0	1.0	1.0	0.15	1.0	-2.5	6500.0	14200.0	1.0	l	f	1.0	1.0	-2.5	1.0	
4266.769303	9.95350099999996	states																			"   state_name
id           
0     state_0"
4266.769303	0.01599999999962165	states																			"          state_name
id                  
1   sending_trialnum"
4266.785303	0.0005010000004403992	states																			"        state_name
id                
3   wait_for_cpoke"
4266.785804	5.221999000000324	states																			"             state_name
id                     
5   wait_for_cpoke_freq"
4272.007803	0.0009999999992942321	states																			"     state_name
id             
6   nic_prestim"
4272.008803	0.0005000000001018634	states																			"   state_name
id           
7       cpoke"
4272.009303	1.4000059999998484	states																			"   state_name
id           
8    cpoke_in"
4273.409309	0.04499400000077003	states																			"       state_name
id               
10  wait_for_cout"
4273.454303	0.34649999999965075	states																			"        state_name
id                
11  wait_for_spoke"
4273.800803	0.0005000000001018634	states																			"   state_name
id           
12  hit_state"
4273.801303	0.1959999999999127	states																			"    state_name
id            
13  hit_state2"
4273.997303	0.003501000000142085	states																			"        state_name
id                
18  clean_up_state"
4274.000804	2.7219999999997526	states																			"                state_name
id                        
2   check_next_trial_ready"
4276.723303	7.373500000000604	trials	0.0	0.0	5.0	2.0	1.0	1.0	0.15	-1.0	4.0	6500.0	14200.0	0.0	r	f	1.0	-1.0	4.0	2.0	
4276.723303	7.373500000000604	states																			"   state_name
id           
0     state_0"
4276.723303	0.016000000000531145	states																			"          state_name
id                  
1   sending_trialnum"
4276.739303	0.0005000000001018634	states																			"        state_name
id                
3   wait_for_cpoke"
4276.739803	1.2684999999992215	states																			"             state_name
id                     
5   wait_for_cpoke_freq"
4278.008303	0.0015000000003055902	states																			"     state_name
id             
6   nic_prestim"
4278.009803	0.0005060000003140885	states																			"   state_name
id           
7       cpoke"
4278.010309	1.3559949999998935	states																			"   state_name
id           
8    cpoke_in"
4279.366304	0.04350499999964086	states																			"   state_name
id           
9   cpoke_out"
4279.409809	0.0005010000004403992	states																			"       state_name
id               
10  wait_for_cout"
4279.41031	0.2905089999994743	states																			"        state_name
id                
11  wait_for_spoke"
4279.700819	4.392485000000306	states																			"     state_name
id             
14  error_state"
4284.093304	0.003499000000374508	states																			"        state_name
id                
18  clean_up_state"
4284.097309	5.615995000000112	trials	0.0	0.0	5.0	2.0	1.0	1.0	0.15	4.0	2.5	6500.0	14200.0	1.0	r	f	0.0	4.0	2.5	1.0	
4284.097309	5.615995000000112	states																			"   state_name
id           
0     state_0"
4284.097309	0.016000000000531145	states																			"          state_name
id                  
1   sending_trialnum"
4284.113309	0.0004939999998896383	states																			"        state_name
id                
3   wait_for_cpoke"
4284.113803	2.8145150000000285	states																			"             state_name
id                     
5   wait_for_cpoke_freq"
4286.928318	0.0014860000001135631	states																			"     state_name
id             
6   nic_prestim"
4286.929804	0.0004989999997633277	states																			"   state_name
id           
7       cpoke"
4286.930303	1.4000009999999747	states																			"   state_name
id           
8    cpoke_in"
4288.330304	0.12799900000027264	states																			"       state_name
id               
10  wait_for_cout"
4288.458303	0.49400799999966694	states																			"        state_name
id                
11  wait_for_spoke"
4288.952311	0.0004989999997633277	states																			"   state_name
id           
12  hit_state"
4288.95281	0.19500800000059826	states																			"    state_name
id            
13  hit_state2"
4289.147818	0.0034909999994852114	states																			"        state_name
id                
18  clean_up_state"
4289.151309	0.5619950000000244	states																			"                state_name
id                        
2   check_next_trial_ready"
4289.713808	8.22500299999956	trials	0.0	0.0	5.0	2.0	1.0	1.0	0.15	-1.0	2.5	6500.0	14200.0	0.0	r	f	1.0	-1.0	2.5	2.0	
4289.713808	8.22500299999956	states																			"   state_name
id           
0     state_0"
4289.713808	0.015995999999177002	states																			"          state_name
id                  
1   sending_trialnum"
4289.729804	0.0005080000000816653	states																			"        state_name
id                
3   wait_for_cpoke"
4289.730312	2.156496999999945	states																			"             state_name
id                     
5   wait_for_cpoke_freq"
4291.886809	0.0014950000004319008	states																			"     state_name
id             
6   nic_prestim"
4291.888304	0.0004989999997633277	states																			"   state_name
id           
7       cpoke"
4291.888803	1.355015000000094	states																			"   state_name
id           
8    cpoke_in"
4293.243818	0.04449399999975867	states																			"   state_name
id           
9   cpoke_out"
4293.288312	0.0004920000001220615	states																			"       state_name
id               
10  wait_for_cout"
4293.288804	0.19849900000008347	states																			"        state_name
id                
11  wait_for_spoke"
4293.487303	4.4480100000000675	states																			"     state_name
id             
14  error_state"
4297.935313	0.0034980000000359723	states																			"        state_name
id                
18  clean_up_state"
4297.939303	6.413500999999997	trials	0.0	0.0	5.0	2.0	1.0	1.0	0.15	-2.5	2.5	6500.0	14200.0	0.0	r	f	1.0	-2.5	2.5	2.0	
4297.939303	6.413500999999997	states																			"   state_name
id           
0     state_0"
4297.939303	0.01599999999962165	states																			"          state_name
id                  
1   sending_trialnum"
4297.955303	0.015000000000327418	states																			"        state_name
id                
3   wait_for_cpoke"
4297.970303	0.15750000000025466	states																			"             state_name
id                     
5   wait_for_cpoke_freq"
4298.127803	0.0010009999996327679	states																			"     state_name
id             
6   nic_prestim"
4298.128804	0.0005149999997229315	states																			"   state_name
id           
7       cpoke"
4298.129319	1.399984000000586	states																			"   state_name
id           
8    cpoke_in"
4299.529303	0.10599999999976717	states																			"       state_name
id               
10  wait_for_cout"
4299.635303	0.22599999999965803	states																			"        state_name
id                
11  wait_for_spoke"
4299.861303	4.488006999999925	states																			"     state_name
id             
14  error_state"
4304.34931	0.0034940000005008187	states																			"        state_name
id                
18  clean_up_state"
4304.353309	3.1124939999999697	trials	0.0	0.0	5.0	2.0	1.0	1.0	0.15	2.5	2.5	6500.0	14200.0	1.0	r	f	0.0	2.5	2.5	1.0	
4304.353309	3.1124939999999697	states																			"   state_name
id           
0     state_0"
4304.353309	0.016010000000278524	states																			"          state_name
id                  
1   sending_trialnum"
4304.369319	0.0004989999997633277	states																			"        state_name
id                
3   wait_for_cpoke"
4304.369818	0.6174909999999727	states																			"             state_name
id                     
5   wait_for_cpoke_freq"
4304.987309	0.0014949999995224061	states																			"     state_name
id             
6   nic_prestim"
4304.988804	0.0005000000001018634	states																			"   state_name
id           
7       cpoke"
4304.989304	1.3629989999999452	states																			"   state_name
id           
8    cpoke_in"
4306.352303	0.037017000000560074	states																			"   state_name
id           
9   cpoke_out"
4306.38932	0.0004979999994247919	states																			"       state_name
id               
10  wait_for_cout"
4306.389818	0.1794850000005681	states																			"        state_name
id                
11  wait_for_spoke"
4306.569303	0.0005000000001018634	states																			"   state_name
id           
12  hit_state"
4306.569803	0.19851699999981065	states																			"    state_name
id            
13  hit_state2"
4306.76832	0.0034980000000359723	states																			"        state_name
id                
18  clean_up_state"
4306.771818	0.6939849999998842	states																			"                state_name
id                        
2   check_next_trial_ready"
4307.466303	5.96650099999988	trials	0.0	0.0	5.0	2.0	1.0	1.0	0.15	-1.0	4.0	6500.0	14200.0	1.0	r	f	1.0	-1.0	4.0	1.0	
4307.466303	5.96650099999988	states																			"   state_name
id           
0     state_0"
4307.466303	0.01599999999962165	states																			"          state_name
id                  
1   sending_trialnum"
4307.482303	0.0005000000001018634	states																			"        state_name
id                
3   wait_for_cpoke"
4307.482803	3.149507000000085	states																			"             state_name
id                     
5   wait_for_cpoke_freq"
4310.63231	0.001494000000093365	states																			"     state_name
id             
6   nic_prestim"
4310.633804	0.0005000000001018634	states																			"   state_name
id           
7       cpoke"
4310.634304	0.08049899999969057	states																			"   state_name
id           
8    cpoke_in"
4310.714803	0.06599999999980355	states																			"   state_name
id           
9   cpoke_out"
4310.780803	1.253500000000713	states																			"   state_name
id           
8    cpoke_in"
4312.034303	0.1880009999995309	states																			"       state_name
id               
10  wait_for_cout"
4312.222304	0.2390000000004875	states																			"        state_name
id                
11  wait_for_spoke"
4312.461304	0.0005139999993843958	states																			"   state_name
id           
12  hit_state"
4312.461818	0.2149859999999535	states																			"    state_name
id            
13  hit_state2"
4312.676804	0.003500000000713044	states																			"        state_name
id                
18  clean_up_state"
4312.680304	0.7524999999995998	states																			"                state_name
id                        
2   check_next_trial_ready"
4313.433303	5.940505999999914	trials	0.0	0.0	5.0	2.0	1.0	1.0	0.15	-4.0	2.5	6500.0	14200.0	1.0	r	f	1.0	-4.0	2.5	1.0	
4313.433303	5.940505999999914	states																			"   state_name
id           
0     state_0"
4313.433303	0.016005999999833875	states																			"          state_name
id                  
1   sending_trialnum"
4313.449309	0.000495000000228174	states																			"        state_name
id                
3   wait_for_cpoke"
4313.449804	3.2404990000004545	states																			"             state_name
id                     
5   wait_for_cpoke_freq"
4316.690303	0.0010009999996327679	states																			"     state_name
id             
6   nic_prestim"
4316.691304	0.000503999999637017	states																			"   state_name
id           
7       cpoke"
4316.691808	1.306496000000152	states																			"   state_name
id           
8    cpoke_in"
4317.998304	0.051005000000259315	states																			"   state_name
id           
9   cpoke_out"
4318.049309	0.04249499999968975	states																			"   state_name
id           
8    cpoke_in"
4318.091804	0.09100000000034925	states																			"       state_name
id               
10  wait_for_cout"
4318.182804	0.2860149999996793	states																			"        state_name
id                
11  wait_for_spoke"
4318.468819	0.0004900000003544847	states																			"   state_name
id           
12  hit_state"
4318.469309	0.21149499999955879	states																			"    state_name
id            
13  hit_state2"
4318.680804	0.003508000000692846	states																			"        state_name
id                
18  clean_up_state"
4318.684312	0.6894969999993918	states																			"                state_name
id                        
2   check_next_trial_ready"
4319.374303	12.126501000000644	trials	0.0	0.0	5.0	2.0	1.0	1.0	0.15	4.0	-2.5	6500.0	14200.0	0.0	l	f	1.0	4.0	-2.5	2.0	
4319.374303	12.126501000000644	states																			"   state_name
id           
0     state_0"
4319.374303	0.016000000000531145	states																			"          state_name
id                  
1   sending_trialnum"
4319.390303	0.0005009999995309045	states																			"        state_name
id                
3   wait_for_cpoke"
4319.390804	5.692500000000109	states																			"             state_name
id                     
5   wait_for_cpoke_freq"
4325.083304	0.0010050000000774162	states																			"     state_name
id             
6   nic_prestim"
4325.084309	0.0005000000001018634	states																			"   state_name
id           
7       cpoke"
4325.084809	1.3999940000003335	states																			"   state_name
id           
8    cpoke_in"
4326.484803	0.18649999999979627	states																			"       state_name
id               
10  wait_for_cout"
4326.671303	0.34550099999978556	states																			"        state_name
id                
11  wait_for_spoke"
4327.016804	4.480515000000196	states																			"     state_name
id             
14  error_state"
4331.497319	0.003485000000182481	states																			"        state_name
id                
18  clean_up_state"
4331.501319	26.018984000000273	trials	0.0	0.0	5.0	2.0	1.0	1.0	0.15	2.5	-4.0	6500.0	14200.0	0.0	l	f	1.0	2.5	-4.0	2.0	
4331.501319	26.018984000000273	states																			"   state_name
id           
0     state_0"
4331.501319	0.015983999999662046	states																			"          state_name
id                  
1   sending_trialnum"
4331.517303	0.0005010000004403992	states																			"        state_name
id                
3   wait_for_cpoke"
4331.517804	19.515999000000193	states																			"             state_name
id                     
5   wait_for_cpoke_freq"
4351.033803	0.0009999999992942321	states																			"     state_name
id             
6   nic_prestim"
4351.034803	0.0005000000001018634	states																			"   state_name
id           
7       cpoke"
4351.035303	1.3995010000007824	states																			"   state_name
id           
8    cpoke_in"
4352.434804	0.04200499999933527	states																			"       state_name
id               
10  wait_for_cout"
4352.476809	0.519495000000461	states																			"        state_name
id                
11  wait_for_spoke"
4352.996304	4.5204990000002	states																			"     state_name
id             
14  error_state"
4357.516803	0.003499999999803549	states																			"        state_name
id                
18  clean_up_state"
4357.520804	6.446998999999778	trials	0.0	0.0	5.0	2.0	1.0	1.0	0.15	-1.0	-2.5	6500.0	14200.0		l	f	0.0	-1.0	-2.5	3.0	
4357.520804	6.446998999999778	states																			"   state_name
id           
0     state_0"
4357.520804	0.01599900000019261	states																			"          state_name
id                  
1   sending_trialnum"
4357.536803	0.0005000000001018634	states																			"        state_name
id                
3   wait_for_cpoke"
4357.537303	1.1250060000002122	states																			"             state_name
id                     
5   wait_for_cpoke_freq"
4358.662309	0.0014949999995224061	states																			"     state_name
id             
6   nic_prestim"
4358.663804	0.0005099999998492422	states																			"   state_name
id           
7       cpoke"
4358.664314	1.1994890000005398	states																			"   state_name
id           
8    cpoke_in"
4359.863803	0.10000500000023749	states																			"   state_name
id           
9   cpoke_out"
4359.963808	4.000495999999657	states																			"         state_name
id                 
16  nic_error_state"
4363.964304	0.0034989999994650134	states																			"        state_name
id                
18  clean_up_state"
4363.968304	4.764498999999887	trials	0.0	0.0	5.0	2.0	1.0	1.0	0.15	-4.0	2.5	6500.0	14200.0	1.0	r	f	1.0	-4.0	2.5	1.0	
4363.968304	4.764498999999887	states																			"   state_name
id           
0     state_0"
4363.968304	0.016010999999707565	states																			"          state_name
id                  
1   sending_trialnum"
4363.984315	0.0004890000000159489	states																			"        state_name
id                
3   wait_for_cpoke"
4363.984804	2.2145160000000033	states																			"             state_name
id                     
5   wait_for_cpoke_freq"
4366.19932	0.0014830000000074506	states																			"     state_name
id             
6   nic_prestim"
4366.200803	0.0005010000004403992	states																			"   state_name
id           
7       cpoke"
4366.201304	1.3994990000001053	states																			"   state_name
id           
8    cpoke_in"
4367.600803	0.059500999999727355	states																			"       state_name
id               
10  wait_for_cout"
4367.660304	0.22901499999989028	states																			"        state_name
id                
11  wait_for_spoke"
4367.889319	0.0004989999997633277	states																			"   state_name
id           
12  hit_state"
4367.889818	0.1989849999999933	states																			"    state_name
id            
13  hit_state2"
4368.088803	0.003500000000713044	states																			"        state_name
id                
18  clean_up_state"
4368.092303	0.6404999999995198	states																			"                state_name
id                        
2   check_next_trial_ready"
4368.733303	4.917500000000473	trials	0.0	0.0	5.0	2.0	1.0	1.0	0.15	-4.0	4.0	6500.0	14200.0	1.0	r	f	1.0	-4.0	4.0	1.0	
4368.733303	4.917500000000473	states																			"   state_name
id           
0     state_0"
4368.733303	0.016010999999707565	states																			"          state_name
id                  
1   sending_trialnum"
4368.749314	0.0004890000000159489	states																			"        state_name
id                
3   wait_for_cpoke"
4368.749803	2.3100150000000212	states																			"             state_name
id                     
5   wait_for_cpoke_freq"
4371.059818	0.001485000000684522	states																			"     state_name
id             
6   nic_prestim"
4371.061303	0.0004999999991923687	states																			"   state_name
id           
7       cpoke"
4371.061803	1.3995000000004438	states																			"   state_name
id           
8    cpoke_in"
4372.461303	0.05199999999967986	states																			"       state_name
id               
10  wait_for_cout"
4372.513303	0.22251500000038504	states																			"        state_name
id                
11  wait_for_spoke"
4372.735818	0.0004929999995511025	states																			"   state_name
id           
12  hit_state"
4372.736311	0.19600200000058976	states																			"    state_name
id            
13  hit_state2"
4372.932313	0.0035049999996772385	states																			"        state_name
id                
18  clean_up_state"
4372.935818	0.7149850000005245	states																			"                state_name
id                        
2   check_next_trial_ready"
4373.651303	6.629001000000244	trials	0.0	0.0	5.0	2.0	1.0	1.0	0.15	-2.5	-2.5	6500.0	14200.0	1.0	l	f	0.0	-2.5	-2.5	1.0	
4373.651303	6.629001000000244	states																			"   state_name
id           
0     state_0"
4373.651303	0.01600600000074337	states																			"          state_name
id                  
1   sending_trialnum"
4373.667309	0.0004949999993186793	states																			"        state_name
id                
3   wait_for_cpoke"
4373.667804	3.6885000000002037	states																			"             state_name
id                     
5   wait_for_cpoke_freq"
4377.356304	0.0015140000004976173	states																			"     state_name
id             
6   nic_prestim"
4377.357818	0.0004869999993388774	states																			"   state_name
id           
7       cpoke"
4377.358305	1.3999990000002072	states																			"   state_name
id           
8    cpoke_in"
4378.758304	0.047999000000345404	states																			"       state_name
id               
10  wait_for_cout"
4378.806303	0.7550009999995382	states																			"        state_name
id                
11  wait_for_spoke"
4379.561304	0.0005140000002938905	states																			"   state_name
id           
12  hit_state"
4379.561818	0.19349099999999453	states																			"    state_name
id            
13  hit_state2"
4379.755309	0.003509999999550928	states																			"        state_name
id                
18  clean_up_state"
4379.758819	0.5214850000002116	states																			"                state_name
id                        
2   check_next_trial_ready"
4380.280803	7.966001000000688	trials	0.0	0.0	5.0	2.0	1.0	1.0	0.15	4.0	4.0	6500.0	14200.0		r	f	0.0	4.0	4.0	3.0	
4380.280803	7.966001000000688	states																			"   state_name
id           
0     state_0"
4380.280803	0.016000000000531145	states																			"          state_name
id                  
1   sending_trialnum"
4380.296803	0.0005009999995309045	states																			"        state_name
id                
3   wait_for_cpoke"
4380.297304	2.570499000000382	states																			"             state_name
id                     
5   wait_for_cpoke_freq"
4382.867803	0.0015000000003055902	states																			"     state_name
id             
6   nic_prestim"
4382.869303	0.0005149999997229315	states																			"   state_name
id           
7       cpoke"
4382.869818	1.2729859999999462	states																			"   state_name
id           
8    cpoke_in"
4384.142804	0.10000500000023749	states																			"   state_name
id           
9   cpoke_out"
4384.242809	4.00049399999989	states																			"         state_name
id                 
16  nic_error_state"
4388.243303	0.003501000000142085	states																			"        state_name
id                
18  clean_up_state"
4388.247303	5.5034999999998035	trials	0.0	0.0	5.0	2.0	1.0	1.0	0.15	2.5	-4.0	6500.0	14200.0		l	f	1.0	2.5	-4.0	3.0	
4388.247303	5.5034999999998035	states																			"   state_name
id           
0     state_0"
4388.247303	0.01599999999962165	states																			"          state_name
id                  
1   sending_trialnum"
4388.263303	0.0005000000001018634	states																			"        state_name
id                
3   wait_for_cpoke"
4388.263803	0.23401499999999942	states																			"             state_name
id                     
5   wait_for_cpoke_freq"
4388.497818	0.0014849999997750274	states																			"     state_name
id             
6   nic_prestim"
4388.499303	0.0005010000004403992	states																			"   state_name
id           
7       cpoke"
4388.499804	0.9814989999995305	states																			"   state_name
id           
8    cpoke_in"
4389.481303	0.04500000000007276	states																			"   state_name
id           
9   cpoke_out"
4389.526303	0.12050100000033126	states																			"   state_name
id           
8    cpoke_in"
4389.646804	0.1000000000003638	states																			"   state_name
id           
9   cpoke_out"
4389.746804	4.000498999999763	states																			"         state_name
id                 
16  nic_error_state"
4393.747303	0.003499999999803549	states																			"        state_name
id                
18  clean_up_state"
4393.751309	2.83949500000017	trials	0.0	0.0	5.0	2.0	1.0	1.0	0.15	-4.0	4.0	6500.0	14200.0	1.0	r	f	1.0	-4.0	4.0	1.0	
4393.751309	2.83949500000017	states																			"   state_name
id           
0     state_0"
4393.751309	0.01599499999974796	states																			"          state_name
id                  
1   sending_trialnum"
4393.767304	0.0004989999997633277	states																			"        state_name
id                
3   wait_for_cpoke"
4393.767803	0.21501600000010512	states																			"             state_name
id                     
5   wait_for_cpoke_freq"
4393.982819	0.0014840000003459863	states																			"     state_name
id             
6   nic_prestim"
4393.984303	0.0005009999995309045	states																			"   state_name
id           
7       cpoke"
4393.984804	1.34150899999986	states																			"   state_name
id           
8    cpoke_in"
4395.326313	0.057990000000245345	states																			"   state_name
id           
9   cpoke_out"
4395.384303	0.0005010000004403992	states																			"       state_name
id               
10  wait_for_cout"
4395.384804	0.2839989999993122	states																			"        state_name
id                
11  wait_for_spoke"
4395.668803	0.0005000000001018634	states																			"   state_name
id           
12  hit_state"
4395.669303	0.19650000000001455	states																			"    state_name
id            
13  hit_state2"
4395.865803	0.003500000000713044	states																			"        state_name
id                
18  clean_up_state"
4395.869303	0.7215009999999893	states																			"                state_name
id                        
2   check_next_trial_ready"
4396.591303	9.516501000000062	trials	0.0	0.0	5.0	2.0	1.0	1.0	0.15	-2.5	2.5	6500.0	14200.0	0.0	r	f	1.0	-2.5	2.5	2.0	
4396.591303	9.516501000000062	states																			"   state_name
id           
0     state_0"
4396.591303	0.016015999999581254	states																			"          state_name
id                  
1   sending_trialnum"
4396.607319	0.0004900000003544847	states																			"        state_name
id                
3   wait_for_cpoke"
4396.607809	2.9060090000002674	states																			"             state_name
id                     
5   wait_for_cpoke_freq"
4399.513818	0.0014859999992040684	states																			"     state_name
id             
6   nic_prestim"
4399.515304	0.0004990000006728224	states																			"   state_name
id           
7       cpoke"
4399.515803	1.399515999999494	states																			"   state_name
id           
8    cpoke_in"
4400.915319	0.3639849999999569	states																			"       state_name
id               
10  wait_for_cout"
4401.279304	0.4005139999999301	states																			"        state_name
id                
11  wait_for_spoke"
4401.679818	4.4244920000001	states																			"     state_name
id             
14  error_state"
4406.10431	0.0034940000005008187	states																			"        state_name
id                
18  clean_up_state"
4406.108314	61.99748999999974	trials	0.0	0.0	5.0	2.0	1.0	1.0	0.15	-2.5	4.0	6500.0	14200.0	1.0	r	f	1.0	-2.5	4.0	1.0	
4406.108314	61.99748999999974	states																			"   state_name
id           
0     state_0"
4406.108314	0.01598999999987427	states																			"          state_name
id                  
1   sending_trialnum"
4406.124304	0.0004989999997633277	states																			"        state_name
id                
3   wait_for_cpoke"
4406.124803	59.37800000000061	states																			"             state_name
id                     
5   wait_for_cpoke_freq"
4465.502803	0.0010009999996327679	states																			"     state_name
id             
6   nic_prestim"
4465.503804	0.0005090000004202011	states																			"   state_name
id           
7       cpoke"
4465.504313	1.399490999999216	states																			"   state_name
id           
8    cpoke_in"
4466.903804	0.09049900000081834	states																			"       state_name
id               
10  wait_for_cout"
4466.994303	0.40499999999974534	states																			"        state_name
id                
11  wait_for_spoke"
4467.399303	0.0005000000001018634	states																			"   state_name
id           
12  hit_state"
4467.399803	0.19701600000007602	states																			"    state_name
id            
13  hit_state2"
4467.596819	0.003493999999591324	states																			"        state_name
id                
18  clean_up_state"
4467.600313	0.5054909999998927	states																			"                state_name
id                        
2   check_next_trial_ready"
4468.106303	6.60100600000078	trials	0.0	0.0	5.0	2.0	1.0	1.0	0.15	-1.0	4.0	6500.0	14200.0	1.0	r	f	1.0	-1.0	4.0	1.0	
4468.106303	6.60100600000078	states																			"   state_name
id           
0     state_0"
4468.106303	0.016000000000531145	states																			"          state_name
id                  
1   sending_trialnum"
4468.122303	0.0005009999995309045	states																			"        state_name
id                
3   wait_for_cpoke"
4468.122804	3.886999000000287	states																			"             state_name
id                     
5   wait_for_cpoke_freq"
4472.009803	0.0010000000002037268	states																			"     state_name
id             
6   nic_prestim"
4472.010803	0.0005000000001018634	states																			"   state_name
id           
7       cpoke"
4472.011303	1.3995009999998729	states																			"   state_name
id           
8    cpoke_in"
4473.410804	0.06399899999996705	states																			"       state_name
id               
10  wait_for_cout"
4473.474803	0.369499999999789	states																			"        state_name
id                
11  wait_for_spoke"
4473.844303	0.0005010000004403992	states																			"   state_name
id           
12  hit_state"
4473.844804	0.1945049999994808	states																			"    state_name
id            
13  hit_state2"
4474.039309	0.0034949999999298598	states																			"        state_name
id                
18  clean_up_state"
4474.042804	0.6645050000006449	states																			"                state_name
id                        
2   check_next_trial_ready"
4474.707808	7.275996000000305	trials	0.0	0.0	5.0	2.0	1.0	1.0	0.15	2.5	2.5	6500.0	14200.0	1.0	r	f	0.0	2.5	2.5	1.0	
4474.707808	7.275996000000305	states																			"   state_name
id           
0     state_0"
4474.707808	0.015996000000086497	states																			"          state_name
id                  
1   sending_trialnum"
4474.723804	0.0004989999997633277	states																			"        state_name
id                
3   wait_for_cpoke"
4474.724303	2.2025000000003274	states																			"             state_name
id                     
5   wait_for_cpoke_freq"
4476.926803	0.001014999999824795	states																			"     state_name
id             
6   nic_prestim"
4476.927818	0.000495000000228174	states																			"   state_name
id           
7       cpoke"
4476.928313	1.3999899999998888	states																			"   state_name
id           
8    cpoke_in"
4478.328303	0.2539999999999054	states																			"       state_name
id               
10  wait_for_cout"
4478.582303	0.3915150000002541	states																			"        state_name
id                
11  wait_for_spoke"
4478.973818	0.0004919999992125668	states																			"   state_name
id           
12  hit_state"
4478.97431	0.1794930000005479	states																			"    state_name
id            
13  hit_state2"
4479.153803	0.003507999999783351	states																			"        state_name
id                
18  clean_up_state"
4479.157311	2.8264930000004824	states																			"                state_name
id                        
2   check_next_trial_ready"
4481.984303	8.291000000000167	trials	0.0	0.0	5.0	2.0	1.0	1.0	0.15	-2.5	2.5	6500.0	14200.0	0.0	r	f	1.0	-2.5	2.5	2.0	
4481.984303	8.291000000000167	states																			"   state_name
id           
0     state_0"
4481.984303	0.01599999999962165	states																			"          state_name
id                  
1   sending_trialnum"
4482.000303	1.3115150000003268	states																			"        state_name
id                
3   wait_for_cpoke"
4483.311818	0.4229850000001534	states																			"             state_name
id                     
5   wait_for_cpoke_freq"
4483.734803	0.0010050000000774162	states																			"     state_name
id             
6   nic_prestim"
4483.735808	0.0005069999997431296	states																			"   state_name
id           
7       cpoke"
4483.736315	1.3999880000001212	states																			"   state_name
id           
8    cpoke_in"
4485.136303	0.38850000000002183	states																			"       state_name
id               
10  wait_for_cout"
4485.524803	0.3225089999996271	states																			"        state_name
id                
11  wait_for_spoke"
4485.847312	4.424496000000545	states																			"     state_name
id             
14  error_state"
4490.271808	0.0034949999999298598	states																			"        state_name
id                
18  clean_up_state"
4490.275818	90.72348499999953	trials	0.0	0.0	5.0	2.0	1.0	1.0	0.15	-2.5	2.5	6500.0	14200.0	1.0	r	f	1.0	-2.5	2.5	1.0	
4490.275818	90.72348499999953	states																			"   state_name
id           
0     state_0"
4490.275818	0.015985000000000582	states																			"          state_name
id                  
1   sending_trialnum"
4490.291803	0.0005009999995309045	states																			"        state_name
id                
3   wait_for_cpoke"
4490.292304	88.46750400000019	states																			"             state_name
id                     
5   wait_for_cpoke_freq"
4578.759808	0.0010110000002896413	states																			"     state_name
id             
6   nic_prestim"
4578.760819	0.0004920000001220615	states																			"   state_name
id           
7       cpoke"
4578.761311	1.3174920000001293	states																			"   state_name
id           
8    cpoke_in"
4580.078803	0.08249999999952706	states																			"   state_name
id           
9   cpoke_out"
4580.161303	0.0005010000004403992	states																			"       state_name
id               
10  wait_for_cout"
4580.161804	0.15849900000011985	states																			"        state_name
id                
11  wait_for_spoke"
4580.320303	0.0004999999991923687	states																			"   state_name
id           
12  hit_state"
4580.320803	0.19401600000037433	states																			"    state_name
id            
13  hit_state2"
4580.514819	0.0034900000000561704	states																			"        state_name
id                
18  clean_up_state"
4580.518309	0.48099399999955494	states																			"                state_name
id                        
2   check_next_trial_ready"
4580.999803	10.503500000000713	trials	0.0	0.0	5.0	2.0	1.0	1.0	0.15	-1.0	-4.0	6500.0	14200.0		l	f	0.0	-1.0	-4.0	3.0	
4580.999803	10.503500000000713	states																			"   state_name
id           
0     state_0"
4580.999803	0.016000999999960186	states																			"          state_name
id                  
1   sending_trialnum"
4581.015804	0.0004990000006728224	states																			"        state_name
id                
3   wait_for_cpoke"
4581.016303	5.281506999999692	states																			"             state_name
id                     
5   wait_for_cpoke_freq"
4586.29781	0.0014929999997548293	states																			"     state_name
id             
6   nic_prestim"
4586.299303	0.0005000000001018634	states																			"   state_name
id           
7       cpoke"
4586.299803	1.099500000000262	states																			"   state_name
id           
8    cpoke_in"
4587.399303	0.0999999999994543	states																			"   state_name
id           
9   cpoke_out"
4587.499303	4.000500000000102	states																			"         state_name
id                 
16  nic_error_state"
4591.499803	0.003500000000713044	states																			"        state_name
id                
18  clean_up_state"
4591.503818	2.835986000000048	trials	0.0	0.0	5.0	2.0	1.0	1.0	0.15	2.5	4.0	6500.0	14200.0	1.0	r	f	0.0	2.5	4.0	1.0	
4591.503818	2.835986000000048	states																			"   state_name
id           
0     state_0"
4591.503818	0.015985999999429623	states																			"          state_name
id                  
1   sending_trialnum"
4591.519804	0.0005000000001018634	states																			"        state_name
id                
3   wait_for_cpoke"
4591.520304	0.2689989999998943	states																			"             state_name
id                     
5   wait_for_cpoke_freq"
4591.789303	0.0010000000002037268	states																			"     state_name
id             
6   nic_prestim"
4591.790303	0.0005010000004403992	states																			"   state_name
id           
7       cpoke"
4591.790804	1.3415100000001985	states																			"   state_name
id           
8    cpoke_in"
4593.132314	0.05798899999990681	states																			"   state_name
id           
9   cpoke_out"
4593.190303	0.0005000000001018634	states																			"       state_name
id               
10  wait_for_cout"
4593.190803	0.29150899999967805	states																			"        state_name
id                
11  wait_for_spoke"
4593.482312	0.0005069999997431296	states																			"   state_name
id           
12  hit_state"
4593.482819	0.17549099999996542	states																			"    state_name
id            
13  hit_state2"
4593.65831	0.003507999999783351	states																			"        state_name
id                
18  clean_up_state"
4593.661818	0.677986000000601	states																			"                state_name
id                        
2   check_next_trial_ready"
4594.340303	4.538500999999997	trials	0.0	0.0	5.0	2.0	1.0	1.0	0.15	-2.5	2.5	6500.0	14200.0	1.0	r	f	1.0	-2.5	2.5	1.0	
4594.340303	4.538500999999997	states																			"   state_name
id           
0     state_0"
4594.340303	0.01599999999962165	states																			"          state_name
id                  
1   sending_trialnum"
4594.356303	0.0005000000001018634	states																			"        state_name
id                
3   wait_for_cpoke"
4594.356803	1.9935000000004948	states																			"             state_name
id                     
5   wait_for_cpoke_freq"
4596.350303	0.0010160000001633307	states																			"     state_name
id             
6   nic_prestim"
4596.351319	0.0004989999997633277	states																			"   state_name
id           
7       cpoke"
4596.351818	1.3999860000003537	states																			"   state_name
id           
8    cpoke_in"
4597.751804	0.15801399999963905	states																			"       state_name
id               
10  wait_for_cout"
4597.909818	0.21048499999960768	states																			"        state_name
id                
11  wait_for_spoke"
4598.120303	0.0005010000004403992	states																			"   state_name
id           
12  hit_state"
4598.120804	0.18550099999993108	states																			"    state_name
id            
13  hit_state2"
4598.306305	0.0035129999996570405	states																			"        state_name
id                
18  clean_up_state"
4598.309818	0.5689860000002227	states																			"                state_name
id                        
2   check_next_trial_ready"
4598.879303	5.215501000000586	trials	0.0	0.0	5.0	2.0	1.0	1.0	0.15	4.0	2.5	6500.0	14200.0	1.0	r	f	0.0	4.0	2.5	1.0	
4598.879303	5.215501000000586	states																			"   state_name
id           
0     state_0"
4598.879303	0.016000000000531145	states																			"          state_name
id                  
1   sending_trialnum"
4598.895303	0.0005009999995309045	states																			"        state_name
id                
3   wait_for_cpoke"
4598.895804	2.3530000000000655	states																			"             state_name
id                     
5   wait_for_cpoke_freq"
4601.248804	0.0010140000003957539	states																			"     state_name
id             
6   nic_prestim"
4601.249818	0.0004939999998896383	states																			"   state_name
id           
7       cpoke"
4601.250312	1.2549920000001293	states																			"   state_name
id           
8    cpoke_in"
4602.505304	0.03750499999932799	states																			"   state_name
id           
9   cpoke_out"
4602.542809	0.10749500000019907	states																			"   state_name
id           
8    cpoke_in"
4602.650304	0.14200900000014371	states																			"       state_name
id               
10  wait_for_cout"
4602.792313	0.6215050000000701	states																			"        state_name
id                
11  wait_for_spoke"
4603.413818	0.0004959999996572151	states																			"   state_name
id           
12  hit_state"
4603.414314	0.17248900000049616	states																			"    state_name
id            
13  hit_state2"
4603.586803	0.0035149999994246173	states																			"        state_name
id                
18  clean_up_state"
4603.590318	0.5044860000007247	states																			"                state_name
id                        
2   check_next_trial_ready"
4604.095303	9.36449999999968	trials	0.0	0.0	5.0	2.0	1.0	1.0	0.15	-1.0	4.0	6500.0	14200.0	1.0	r	f	1.0	-1.0	4.0	1.0	
4604.095303	9.36449999999968	states																			"   state_name
id           
0     state_0"
4604.095303	0.016000999999960186	states																			"          state_name
id                  
1   sending_trialnum"
4604.111304	0.0005000000001018634	states																			"        state_name
id                
3   wait_for_cpoke"
4604.111804	7.013514999999643	states																			"             state_name
id                     
5   wait_for_cpoke_freq"
4611.125319	0.0014840000003459863	states																			"     state_name
id             
6   nic_prestim"
4611.126803	0.0005000000001018634	states																			"   state_name
id           
7       cpoke"
4611.127303	1.3999999999996362	states																			"   state_name
id           
8    cpoke_in"
4612.527303	0.016499999999723514	states																			"       state_name
id               
10  wait_for_cout"
4612.543803	0.21701600000051258	states																			"        state_name
id                
11  wait_for_spoke"
4612.760819	0.0004900000003544847	states																			"   state_name
id           
12  hit_state"
4612.761309	0.18249399999967864	states																			"    state_name
id            
13  hit_state2"
4612.943803	0.003501000000142085	states																			"        state_name
id                
18  clean_up_state"
4612.947304	0.5124989999994796	states																			"                state_name
id                        
2   check_next_trial_ready"
4613.460303	5.192001000000346	trials	0.0	0.0	5.0	2.0	1.0	1.0	0.15	4.0	2.5	6500.0	14200.0	1.0	r	f	0.0	4.0	2.5	1.0	
4613.460303	5.192001000000346	states																			"   state_name
id           
0     state_0"
4613.460303	0.016010000000278524	states																			"          state_name
id                  
1   sending_trialnum"
4613.476313	0.0005060000003140885	states																			"        state_name
id                
3   wait_for_cpoke"
4613.476819	2.4259839999995165	states																			"             state_name
id                     
5   wait_for_cpoke_freq"
4615.902803	0.0010009999996327679	states																			"     state_name
id             
6   nic_prestim"
4615.903804	0.0005000000001018634	states																			"   state_name
id           
7       cpoke"
4615.904304	1.3995140000006359	states																			"   state_name
id           
8    cpoke_in"
4617.303818	0.02298499999960768	states																			"       state_name
id               
10  wait_for_cout"
4617.326803	0.3700010000002294	states																			"        state_name
id                
11  wait_for_spoke"
4617.696804	0.0005149999997229315	states																			"   state_name
id           
12  hit_state"
4617.697319	0.16998400000011316	states																			"    state_name
id            
13  hit_state2"
4617.867303	0.003499999999803549	states																			"        state_name
id                
18  clean_up_state"
4617.870803	0.7815010000003895	states																			"                state_name
id                        
2   check_next_trial_ready"
4618.652803	7.8715000000001965	trials	0.0	0.0	5.0	2.0	1.0	1.0	0.15	-4.0	4.0	6500.0	14200.0	0.0	r	f	1.0	-4.0	4.0	2.0	
4618.652803	7.8715000000001965	states																			"   state_name
id           
0     state_0"
4618.652803	0.016000999999960186	states																			"          state_name
id                  
1   sending_trialnum"
4618.668804	0.0005160000000614673	states																			"        state_name
id                
3   wait_for_cpoke"
4618.66932	1.511492999999973	states																			"             state_name
id                     
5   wait_for_cpoke_freq"
4620.180813	0.0014899999996487168	states																			"     state_name
id             
6   nic_prestim"
4620.182303	0.0005010000004403992	states																			"   state_name
id           
7       cpoke"
4620.182804	1.3995119999999588	states																			"   state_name
id           
8    cpoke_in"
4621.582316	0.21148699999957898	states																			"       state_name
id               
10  wait_for_cout"
4621.793803	0.33450400000037916	states																			"        state_name
id                
11  wait_for_spoke"
4622.128307	4.392496000000392	states																			"     state_name
id             
14  error_state"
4626.520803	0.003499999999803549	states																			"        state_name
id                
18  clean_up_state"
4626.524804	2.858498999999938	trials	0.0	0.0	5.0	2.0	1.0	1.0	0.15	4.0	-2.5	6500.0	14200.0	1.0	l	f	1.0	4.0	-2.5	1.0	
4626.524804	2.858498999999938	states																			"   state_name
id           
0     state_0"
4626.524804	0.016000000000531145	states																			"          state_name
id                  
1   sending_trialnum"
4626.540804	0.0004989999997633277	states																			"        state_name
id                
3   wait_for_cpoke"
4626.541303	0.11100100000021484	states																			"             state_name
id                     
5   wait_for_cpoke_freq"
4626.652304	0.0015039999998407438	states																			"     state_name
id             
6   nic_prestim"
4626.653808	0.000503999999637017	states																			"   state_name
id           
7       cpoke"
4626.654312	1.3999910000002274	states																			"   state_name
id           
8    cpoke_in"
4628.054303	0.32850000000053114	states																			"       state_name
id               
10  wait_for_cout"
4628.382803	0.2810009999993781	states																			"        state_name
id                
11  wait_for_spoke"
4628.663804	0.0005099999998492422	states																			"   state_name
id           
12  hit_state"
4628.664314	0.2165050000003248	states																			"    state_name
id            
13  hit_state2"
4628.880819	0.003493999999591324	states																			"        state_name
id                
18  clean_up_state"
4628.884313	0.4989900000000489	states																			"                state_name
id                        
2   check_next_trial_ready"
4629.383803	8.967000999999982	trials	0.0	0.0	5.0	2.0	1.0	1.0	0.15	-1.0	-2.5	6500.0	14200.0		l	f	0.0	-1.0	-2.5	3.0	
4629.383803	8.967000999999982	states																			"   state_name
id           
0     state_0"
4629.383803	0.016000000000531145	states																			"          state_name
id                  
1   sending_trialnum"
4629.399803	0.0005000000001018634	states																			"        state_name
id                
3   wait_for_cpoke"
4629.400303	3.5999999999994543	states																			"             state_name
id                     
5   wait_for_cpoke_freq"
4633.000303	0.0010160000001633307	states																			"     state_name
id             
6   nic_prestim"
4633.001319	0.0004989999997633277	states																			"   state_name
id           
7       cpoke"
4633.001818	1.244485000000168	states																			"   state_name
id           
8    cpoke_in"
4634.246303	0.1005009999998947	states																			"   state_name
id           
9   cpoke_out"
4634.346804	4.000515000000632	states																			"         state_name
id                 
16  nic_error_state"
4638.347319	0.0034849999992729863	states																			"        state_name
id                
18  clean_up_state"
4638.351319	2.8534839999992982	trials	0.0	0.0	5.0	2.0	1.0	1.0	0.15	4.0	2.5	6500.0	14200.0	1.0	r	f	0.0	4.0	2.5	1.0	
4638.351319	2.8534839999992982	states																			"   state_name
id           
0     state_0"
4638.351319	0.01598999999987427	states																			"          state_name
id                  
1   sending_trialnum"
4638.367309	0.06399400000009337	states																			"        state_name
id                
3   wait_for_cpoke"
4638.431303	0.03949999999986176	states																			"             state_name
id                     
5   wait_for_cpoke_freq"
4638.470803	0.0010000000002037268	states																			"     state_name
id             
6   nic_prestim"
4638.471803	0.000503999999637017	states																			"   state_name
id           
7       cpoke"
4638.472307	1.399996000000101	states																			"   state_name
id           
8    cpoke_in"
4639.872303	0.1950010000000475	states																			"       state_name
id               
10  wait_for_cout"
4640.067304	0.3830079999997906	states																			"        state_name
id                
11  wait_for_spoke"
4640.450312	0.0005069999997431296	states																			"   state_name
id           
12  hit_state"
4640.450819	0.17098400000031688	states																			"    state_name
id            
13  hit_state2"
4640.621803	0.003501000000142085	states																			"        state_name
id                
18  clean_up_state"
4640.625304	0.5794989999994868	states																			"                state_name
id                        
2   check_next_trial_ready"
4641.205303	4.518500000000131	trials	0.0	0.0	5.0	2.0	1.0	1.0	0.15	-2.5	-4.0	6500.0	14200.0	1.0	l	f	0.0	-2.5	-4.0	1.0	
4641.205303	4.518500000000131	states																			"   state_name
id           
0     state_0"
4641.205303	0.01601600000049075	states																			"          state_name
id                  
1   sending_trialnum"
4641.221319	0.0004989999997633277	states																			"        state_name
id                
3   wait_for_cpoke"
4641.221818	1.6329850000001898	states																			"             state_name
id                     
5   wait_for_cpoke_freq"
4642.854803	0.001014999999824795	states																			"     state_name
id             
6   nic_prestim"
4642.855818	0.0004890000000159489	states																			"   state_name
id           
7       cpoke"
4642.856307	1.399996000000101	states																			"   state_name
id           
8    cpoke_in"
4644.256303	0.42299999999977445	states																			"       state_name
id               
10  wait_for_cout"
4644.679303	0.3330000000005384	states																			"        state_name
id                
11  wait_for_spoke"
4645.012303	0.0004999999991923687	states																			"   state_name
id           
12  hit_state"
4645.012803	0.2015000000001237	states																			"    state_name
id            
13  hit_state2"
4645.214303	0.003499999999803549	states																			"        state_name
id                
18  clean_up_state"
4645.217803	0.5060000000003129	states																			"                state_name
id                        
2   check_next_trial_ready"
4645.724303	5.921500999999807	trials	0.0	0.0	5.0	2.0	1.0	1.0	0.15	2.5	2.5	6500.0	14200.0	1.0	r	f	0.0	2.5	2.5	1.0	
4645.724303	5.921500999999807	states																			"   state_name
id           
0     state_0"
4645.724303	0.01599999999962165	states																			"          state_name
id                  
1   sending_trialnum"
4645.740303	0.0005000000001018634	states																			"        state_name
id                
3   wait_for_cpoke"
4645.740803	2.8430010000001857	states																			"             state_name
id                     
5   wait_for_cpoke_freq"
4648.583804	0.0010000000002037268	states																			"     state_name
id             
6   nic_prestim"
4648.584804	0.0005149999997229315	states																			"   state_name
id           
7       cpoke"
4648.585319	1.399984000000586	states																			"   state_name
id           
8    cpoke_in"
4649.985303	0.2740059999996447	states																			"       state_name
id               
10  wait_for_cout"
4650.259309	0.3734940000003917	states																			"        state_name
id                
11  wait_for_spoke"
4650.632803	0.0004999999991923687	states																			"   state_name
id           
12  hit_state"
4650.633303	0.17300599999998667	states																			"    state_name
id            
13  hit_state2"
4650.806309	0.0034940000005008187	states																			"        state_name
id                
18  clean_up_state"
4650.809803	0.8360009999996691	states																			"                state_name
id                        
2   check_next_trial_ready"
4651.646303	7.069500999999946	trials	0.0	0.0	5.0	2.0	1.0	1.0	0.15	4.0	2.5	6500.0	14200.0	0.0	r	f	0.0	4.0	2.5	2.0	
4651.646303	7.069500999999946	states																			"   state_name
id           
0     state_0"
4651.646303	0.01600499999949534	states																			"          state_name
id                  
1   sending_trialnum"
4651.662308	0.0004959999996572151	states																			"        state_name
id                
3   wait_for_cpoke"
4651.662804	1.4620000000004438	states																			"             state_name
id                     
5   wait_for_cpoke_freq"
4653.124804	0.0010140000003957539	states																			"     state_name
id             
6   nic_prestim"
4653.125818	0.00048599999990983633	states																			"   state_name
id           
7       cpoke"
4653.126304	1.3995139999997264	states																			"   state_name
id           
8    cpoke_in"
4654.525818	0.28098599999975704	states																			"       state_name
id               
10  wait_for_cout"
4654.806804	0.3210140000001047	states																			"        state_name
id                
11  wait_for_spoke"
4655.127818	3.5844960000003994	states																			"     state_name
id             
14  error_state"
4658.712314	0.0034900000000561704	states																			"        state_name
id                
18  clean_up_state"
4658.716303	5.430500999999822	trials	0.0	0.0	5.0	2.0	1.0	1.0	0.15	1.0	2.5	6500.0	14200.0	1.0	r	f	0.0	1.0	2.5	1.0	
4658.716303	5.430500999999822	states																			"   state_name
id           
0     state_0"
4658.716303	0.01599999999962165	states																			"          state_name
id                  
1   sending_trialnum"
4658.732303	0.0005000000001018634	states																			"        state_name
id                
3   wait_for_cpoke"
4658.732803	2.7979999999997744	states																			"             state_name
id                     
5   wait_for_cpoke_freq"
4661.530803	0.0010150000007342896	states																			"     state_name
id             
6   nic_prestim"
4661.531818	0.00048999999944499	states																			"   state_name
id           
7       cpoke"
4661.532308	1.3995100000001912	states																			"   state_name
id           
8    cpoke_in"
4662.931818	0.20598599999993894	states																			"       state_name
id               
10  wait_for_cout"
4663.137804	0.3055050000002666	states																			"        state_name
id                
11  wait_for_spoke"
4663.443309	0.0005089999995107064	states																			"   state_name
id           
12  hit_state"
4663.443818	0.17399999999997817	states																			"    state_name
id            
13  hit_state2"
4663.617818	0.003501000000142085	states																			"        state_name
id                
18  clean_up_state"
4663.621319	0.525485000000117	states																			"                state_name
id                        
2   check_next_trial_ready"
4664.147309	4.8629940000000715	trials	0.0	0.0	5.0	2.0	1.0	1.0	0.15	1.0	-2.5	6500.0	14200.0	1.0	l	f	1.0	1.0	-2.5	1.0	
4664.147309	4.8629940000000715	states																			"   state_name
id           
0     state_0"
4664.147309	0.01599499999974796	states																			"          state_name
id                  
1   sending_trialnum"
4664.163304	0.0005000000001018634	states																			"        state_name
id                
3   wait_for_cpoke"
4664.163804	1.933998999999858	states																			"             state_name
id                     
5   wait_for_cpoke_freq"
4666.097803	0.0010010000005422626	states																			"     state_name
id             
6   nic_prestim"
4666.098804	0.0005149999997229315	states																			"   state_name
id           
7       cpoke"
4666.099319	1.3999850000000151	states																			"   state_name
id           
8    cpoke_in"
4667.499304	0.1865139999999883	states																			"       state_name
id               
10  wait_for_cout"
4667.685818	0.3280000000004293	states																			"        state_name
id                
11  wait_for_spoke"
4668.013818	0.0004849999995713006	states																			"   state_name
id           
12  hit_state"
4668.014303	0.21299999999973807	states																			"    state_name
id            
13  hit_state2"
4668.227303	0.003501000000142085	states																			"        state_name
id                
18  clean_up_state"
4668.230804	0.7794990000002144	states																			"                state_name
id                        
2   check_next_trial_ready"
4669.010803	5.543001000000004	trials	0.0	0.0	5.0	2.0	1.0	1.0	0.15	-4.0	-2.5	6500.0	14200.0	1.0	l	f	0.0	-4.0	-2.5	1.0	
4669.010803	5.543001000000004	states																			"   state_name
id           
0     state_0"
4669.010803	0.01599999999962165	states																			"          state_name
id                  
1   sending_trialnum"
4669.026803	0.0005010000004403992	states																			"        state_name
id                
3   wait_for_cpoke"
4669.027304	2.7025039999998626	states																			"             state_name
id                     
5   wait_for_cpoke_freq"
4671.729808	0.0010009999996327679	states																			"     state_name
id             
6   nic_prestim"
4671.730809	0.0004939999998896383	states																			"   state_name
id           
7       cpoke"
4671.731303	1.375	states																			"   state_name
id           
8    cpoke_in"
4673.106303	0.025000000000545697	states																			"   state_name
id           
9   cpoke_out"
4673.131303	0.0005009999995309045	states																			"       state_name
id               
10  wait_for_cout"
4673.131804	0.5594989999999598	states																			"        state_name
id                
11  wait_for_spoke"
4673.691303	0.0005010000004403992	states																			"   state_name
id           
12  hit_state"
4673.691804	0.19450899999992544	states																			"    state_name
id            
13  hit_state2"
4673.886313	0.0034949999999298598	states																			"        state_name
id                
18  clean_up_state"
4673.889808	0.6639960000002247	states																			"                state_name
id                        
2   check_next_trial_ready"
4674.554303	5.604500000000371	trials	0.0	0.0	5.0	2.0	1.0	1.0	0.15	-2.5	-4.0	6500.0	14200.0	1.0	l	f	0.0	-2.5	-4.0	1.0	
4674.554303	5.604500000000371	states																			"   state_name
id           
0     state_0"
4674.554303	0.016000000000531145	states																			"          state_name
id                  
1   sending_trialnum"
4674.570303	0.0005009999995309045	states																			"        state_name
id                
3   wait_for_cpoke"
4674.570804	2.9899999999997817	states																			"             state_name
id                     
5   wait_for_cpoke_freq"
4677.560804	0.0010040000006483751	states																			"     state_name
id             
6   nic_prestim"
4677.561808	0.0004959999996572151	states																			"   state_name
id           
7       cpoke"
4677.562304	1.4000089999999545	states																			"   state_name
id           
8    cpoke_in"
4678.962313	0.0294899999998961	states																			"       state_name
id               
10  wait_for_cout"
4678.991803	0.41450299999996787	states																			"        state_name
id                
11  wait_for_spoke"
4679.406306	0.0004980000003342866	states																			"   state_name
id           
12  hit_state"
4679.406804	0.19200000000000728	states																			"    state_name
id            
13  hit_state2"
4679.598804	0.0034989999994650134	states																			"        state_name
id                
18  clean_up_state"
4679.602303	0.5565000000005966	states																			"                state_name
id                        
2   check_next_trial_ready"
4680.159303	8.434000999999625	trials	0.0	0.0	5.0	2.0	1.0	1.0	0.15	1.0	-4.0	6500.0	14200.0	1.0	l	f	1.0	1.0	-4.0	1.0	
4680.159303	8.434000999999625	states																			"   state_name
id           
0     state_0"
4680.159303	0.016015999999581254	states																			"          state_name
id                  
1   sending_trialnum"
4680.175319	0.0004890000000159489	states																			"        state_name
id                
3   wait_for_cpoke"
4680.175808	3.44099499999993	states																			"             state_name
id                     
5   wait_for_cpoke_freq"
4683.616803	0.0010000000002037268	states																			"     state_name
id             
6   nic_prestim"
4683.617803	0.0005009999995309045	states																			"   state_name
id           
7       cpoke"
4683.618304	1.3815039999999499	states																			"   state_name
id           
8    cpoke_in"
4684.999808	0.018495000000257278	states																			"   state_name
id           
9   cpoke_out"
4685.018303	0.0005010000004403992	states																			"       state_name
id               
10  wait_for_cout"
4685.018804	0.3774990000001708	states																			"        state_name
id                
11  wait_for_spoke"
4685.396303	0.0004999999991923687	states																			"   state_name
id           
12  hit_state"
4685.396803	0.20350000000053114	states																			"    state_name
id            
13  hit_state2"
4685.600303	0.003501000000142085	states																			"        state_name
id                
18  clean_up_state"
4685.603804	2.98949999999968	states																			"                state_name
id                        
2   check_next_trial_ready"
4688.593803	3.4520050000000992	trials	0.0	0.0	5.0	2.0	1.0	1.0	0.15	-2.5	1.0	6500.0	14200.0	1.0	l	d	1.0	-2.5	1.0	1.0	
4688.593803	3.4520050000000992	states																			"   state_name
id           
0     state_0"
4688.593803	0.016000999999960186	states																			"          state_name
id                  
1   sending_trialnum"
4688.609804	0.0004990000006728224	states																			"        state_name
id                
3   wait_for_cpoke"
4688.610303	0.7664999999997235	states																			"            state_name
id                    
4   wait_for_cpoke_dir"
4689.376803	0.001014999999824795	states																			"     state_name
id             
6   nic_prestim"
4689.377818	0.0004959999996572151	states																			"   state_name
id           
7       cpoke"
4689.378314	1.3099890000003143	states																			"   state_name
id           
8    cpoke_in"
4690.688303	0.09000100000048405	states																			"   state_name
id           
9   cpoke_out"
4690.778304	0.0004989999997633277	states																			"       state_name
id               
10  wait_for_cout"
4690.778803	0.36149999999997817	states																			"        state_name
id                
11  wait_for_spoke"
4691.140303	0.0005009999995309045	states																			"   state_name
id           
12  hit_state"
4691.140804	0.19000000000050932	states																			"    state_name
id            
13  hit_state2"
4691.330804	0.003499999999803549	states																			"        state_name
id                
18  clean_up_state"
4691.334304	0.7115039999998771	states																			"                state_name
id                        
2   check_next_trial_ready"
4692.046303	6.601999999999862	trials	0.0	0.0	5.0	2.0	1.0	1.0	0.15	-4.0	2.5	6500.0	14200.0	1.0	l	d	1.0	-4.0	2.5	1.0	
4692.046303	6.601999999999862	states																			"   state_name
id           
0     state_0"
4692.046303	0.016000999999960186	states																			"          state_name
id                  
1   sending_trialnum"
4692.062304	0.0004989999997633277	states																			"        state_name
id                
3   wait_for_cpoke"
4692.062803	3.8960010000000693	states																			"            state_name
id                    
4   wait_for_cpoke_dir"
4695.958804	0.0010140000003957539	states																			"     state_name
id             
6   nic_prestim"
4695.959818	0.00048999999944499	states																			"   state_name
id           
7       cpoke"
4695.960308	1.399996000000101	states																			"   state_name
id           
8    cpoke_in"
4697.360304	0.06849899999997433	states																			"       state_name
id               
10  wait_for_cout"
4697.428803	0.408516000000418	states																			"        state_name
id                
11  wait_for_spoke"
4697.837319	0.0004989999997633277	states																			"   state_name
id           
12  hit_state"
4697.837818	0.1880010000004404	states																			"    state_name
id            
13  hit_state2"
4698.025819	0.003499999999803549	states																			"        state_name
id                
18  clean_up_state"
4698.029319	0.6189839999997275	states																			"                state_name
id                        
2   check_next_trial_ready"
4698.648809	5.558493999999882	trials	0.0	0.0	5.0	2.0	1.0	1.0	0.15	-2.5	1.0	6500.0	14200.0	1.0	l	d	1.0	-2.5	1.0	1.0	
4698.648809	5.558493999999882	states																			"   state_name
id           
0     state_0"
4698.648809	0.01599499999974796	states																			"          state_name
id                  
1   sending_trialnum"
4698.664804	0.0005149999997229315	states																			"        state_name
id                
3   wait_for_cpoke"
4698.665319	2.965484000000288	states																			"            state_name
id                    
4   wait_for_cpoke_dir"
4701.630803	0.0010050000000774162	states																			"     state_name
id             
6   nic_prestim"
4701.631808	0.000503000000207976	states																			"   state_name
id           
7       cpoke"
4701.632311	1.217001999999411	states																			"   state_name
id           
8    cpoke_in"
4702.849313	0.013991000000714848	states																			"   state_name
id           
9   cpoke_out"
4702.863304	0.13749899999947957	states																			"   state_name
id           
8    cpoke_in"
4703.000803	0.03150000000005093	states																			"   state_name
id           
9   cpoke_out"
4703.032303	0.0005000000001018634	states																			"       state_name
id               
10  wait_for_cout"
4703.032803	0.3475109999999404	states																			"        state_name
id                
11  wait_for_spoke"
4703.380314	0.0004890000000159489	states																			"   state_name
id           
12  hit_state"
4703.380803	0.1859999999996944	states																			"    state_name
id            
13  hit_state2"
4703.566803	0.003501000000142085	states																			"        state_name
id                
18  clean_up_state"
4703.570304	0.6369990000002872	states																			"                state_name
id                        
2   check_next_trial_ready"
4704.207803	8.432510999999977	trials	0.0	0.0	5.0	2.0	1.0	1.0	0.15	4.0	-2.5	6500.0	14200.0	0.0	r	d	1.0	4.0	-2.5	2.0	
4704.207803	8.432510999999977	states																			"   state_name
id           
0     state_0"
4704.207803	0.016015000000152213	states																			"          state_name
id                  
1   sending_trialnum"
4704.223818	0.0004849999995713006	states																			"        state_name
id                
3   wait_for_cpoke"
4704.224303	2.218499999999949	states																			"            state_name
id                    
4   wait_for_cpoke_dir"
4706.442803	0.0010050000000774162	states																			"     state_name
id             
6   nic_prestim"
4706.443808	0.0005060000003140885	states																			"   state_name
id           
7       cpoke"
4706.444314	1.3999889999995503	states																			"   state_name
id           
8    cpoke_in"
4707.844303	0.03351500000007945	states																			"       state_name
id               
10  wait_for_cout"
4707.877818	0.4544850000002043	states																			"        state_name
id                
11  wait_for_spoke"
4708.332303	4.304500999999618	states																			"     state_name
id             
14  error_state"
4712.636804	0.0035100000004604226	states																			"        state_name
id                
18  clean_up_state"
4712.640804	31.642499999999927	trials	0.0	0.0	5.0	2.0	1.0	1.0	0.15	-2.5	2.5	6500.0	14200.0	0.0	l	d	1.0	-2.5	2.5	2.0	
4712.640804	31.642499999999927	states																			"   state_name
id           
0     state_0"
4712.640804	0.016000000000531145	states																			"          state_name
id                  
1   sending_trialnum"
4712.656804	0.0005149999997229315	states																			"        state_name
id                
3   wait_for_cpoke"
4712.657319	25.21900100000039	states																			"            state_name
id                    
4   wait_for_cpoke_dir"
4737.87632	0.0014830000000074506	states																			"     state_name
id             
6   nic_prestim"
4737.877803	0.0005009999995309045	states																			"   state_name
id           
7       cpoke"
4737.878304	1.3995139999997264	states																			"   state_name
id           
8    cpoke_in"
4739.277818	0.2394850000000588	states																			"       state_name
id               
10  wait_for_cout"
4739.517303	0.4260000000003856	states																			"        state_name
id                
11  wait_for_spoke"
4739.943303	4.336500000000342	states																			"     state_name
id             
14  error_state"
4744.279803	0.00350099999923259	states																			"        state_name
id                
18  clean_up_state"
4744.283804	18.079000000000633	trials	0.0	0.0	5.0	2.0	1.0	1.0	0.15	-2.5	-4.0	6500.0	14200.0	1.0	l	d	0.0	-2.5	-4.0	1.0	
4744.283804	18.079000000000633	states																			"   state_name
id           
0     state_0"
4744.283804	0.016014000000723172	states																			"          state_name
id                  
1   sending_trialnum"
4744.299818	0.0004929999995511025	states																			"        state_name
id                
3   wait_for_cpoke"
4744.300311	15.452492000000348	states																			"            state_name
id                    
4   wait_for_cpoke_dir"
4759.752803	0.0009999999992942321	states																			"     state_name
id             
6   nic_prestim"
4759.753803	0.0005000000001018634	states																			"   state_name
id           
7       cpoke"
4759.754303	1.3155010000000402	states																			"   state_name
id           
8    cpoke_in"
4761.069804	0.08399999999983265	states																			"   state_name
id           
9   cpoke_out"
4761.153804	0.0005000000001018634	states																			"       state_name
id               
10  wait_for_cout"
4761.154304	0.22050000000035652	states																			"        state_name
id                
11  wait_for_spoke"
4761.374804	0.0005000000001018634	states																			"   state_name
id           
12  hit_state"
4761.375304	0.17699999999967986	states																			"    state_name
id            
13  hit_state2"
4761.552304	0.003499999999803549	states																			"        state_name
id                
18  clean_up_state"
4761.555804	0.8070000000006985	states																			"                state_name
id                        
2   check_next_trial_ready"
4762.363303	5.197500999999647	trials	0.0	0.0	5.0	2.0	1.0	1.0	0.15	2.5	1.0	6500.0	14200.0	1.0	r	d	0.0	2.5	1.0	1.0	
4762.363303	5.197500999999647	states																			"   state_name
id           
0     state_0"
4762.363303	0.016000999999960186	states																			"          state_name
id                  
1   sending_trialnum"
4762.379304	0.0005140000002938905	states																			"        state_name
id                
3   wait_for_cpoke"
4762.379818	1.723985999999968	states																			"            state_name
id                    
4   wait_for_cpoke_dir"
4764.103804	0.0010050000000774162	states																			"     state_name
id             
6   nic_prestim"
4764.104809	0.0004999999991923687	states																			"   state_name
id           
7       cpoke"
4764.105309	1.3999940000003335	states																			"   state_name
id           
8    cpoke_in"
4765.505303	0.3029999999998836	states																			"       state_name
id               
10  wait_for_cout"
4765.808303	0.836500999999771	states																			"        state_name
id                
11  wait_for_spoke"
4766.644804	0.0004990000006728224	states																			"   state_name
id           
12  hit_state"
4766.645303	0.18050099999982194	states																			"    state_name
id            
13  hit_state2"
4766.825804	0.003499000000374508	states																			"        state_name
id                
18  clean_up_state"
4766.829303	0.7315009999992981	states																			"                state_name
id                        
2   check_next_trial_ready"
4767.561304	8.11651400000028	trials	0.0	0.0	5.0	2.0	1.0	1.0	0.15	2.5	-4.0	6500.0	14200.0	0.0	r	d	1.0	2.5	-4.0	2.0	
4767.561304	8.11651400000028	states																			"   state_name
id           
0     state_0"
4767.561304	0.01599900000019261	states																			"          state_name
id                  
1   sending_trialnum"
4767.577303	0.0005149999997229315	states																			"        state_name
id                
3   wait_for_cpoke"
4767.577818	1.7079850000000079	states																			"            state_name
id                    
4   wait_for_cpoke_dir"
4769.285803	0.001501000000644126	states																			"     state_name
id             
6   nic_prestim"
4769.287304	0.0004999999991923687	states																			"   state_name
id           
7       cpoke"
4769.287804	1.3995160000004034	states																			"   state_name
id           
8    cpoke_in"
4770.68732	0.3074829999995927	states																			"       state_name
id               
10  wait_for_cout"
4770.994803	0.26350000000002183	states																			"        state_name
id                
11  wait_for_spoke"
4771.258303	4.416000000000167	states																			"     state_name
id             
14  error_state"
4775.674303	0.003515000000334112	states																			"        state_name
id                
18  clean_up_state"
4775.678304	14.917000000000371	trials	0.0	0.0	5.0	2.0	1.0	1.0	0.15	2.5	4.0	6500.0	14200.0	1.0	r	d	0.0	2.5	4.0	1.0	
4775.678304	14.917000000000371	states																			"   state_name
id           
0     state_0"
4775.678304	0.016005999999833875	states																			"          state_name
id                  
1   sending_trialnum"
4775.69431	0.0005090000004202011	states																			"        state_name
id                
3   wait_for_cpoke"
4775.694819	12.15948599999956	states																			"            state_name
id                    
4   wait_for_cpoke_dir"
4787.854305	0.0014980000005380134	states																			"     state_name
id             
6   nic_prestim"
4787.855803	0.0004999999991923687	states																			"   state_name
id           
7       cpoke"
4787.856303	1.3995000000004438	states																			"   state_name
id           
8    cpoke_in"
4789.255803	0.18699999999989814	states																			"       state_name
id               
10  wait_for_cout"
4789.442803	0.4305160000003525	states																			"        state_name
id                
11  wait_for_spoke"
4789.873319	0.0004890000000159489	states																			"   state_name
id           
12  hit_state"
4789.873808	0.18249500000001717	states																			"    state_name
id            
13  hit_state2"
4790.056303	0.003499999999803549	states																			"        state_name
id                
18  clean_up_state"
4790.059803	0.5355010000002949	states																			"                state_name
id                        
2   check_next_trial_ready"
4790.595803	4.90800500000023	trials	0.0	0.0	5.0	2.0	1.0	1.0	0.15	2.5	4.0	6500.0	14200.0	1.0	r	d	0.0	2.5	4.0	1.0	
4790.595803	4.90800500000023	states																			"   state_name
id           
0     state_0"
4790.595803	0.01599999999962165	states																			"          state_name
id                  
1   sending_trialnum"
4790.611803	0.0005010000004403992	states																			"        state_name
id                
3   wait_for_cpoke"
4790.612304	1.883998999999676	states																			"            state_name
id                    
4   wait_for_cpoke_dir"
4792.496303	0.0010010000005422626	states																			"     state_name
id             
6   nic_prestim"
4792.497304	0.0005139999993843958	states																			"   state_name
id           
7       cpoke"
4792.497818	1.3994910000001255	states																			"   state_name
id           
8    cpoke_in"
4793.897309	0.39199399999961315	states																			"       state_name
id               
10  wait_for_cout"
4794.289303	0.24701100000038423	states																			"        state_name
id                
11  wait_for_spoke"
4794.536314	0.000495000000228174	states																			"   state_name
id           
12  hit_state"
4794.536809	0.18049499999960972	states																			"    state_name
id            
13  hit_state2"
4794.717304	0.003499999999803549	states																			"        state_name
id                
18  clean_up_state"
4794.720804	0.7830040000008012	states																			"                state_name
id                        
2   check_next_trial_ready"
4795.504306	5.560997999999927	trials	0.0	0.0	5.0	2.0	1.0	1.0	0.15	-4.0	-2.5	6500.0	14200.0	1.0	l	d	0.0	-4.0	-2.5	1.0	
4795.504306	5.560997999999927	states																			"   state_name
id           
0     state_0"
4795.504306	0.016005000000404834	states																			"          state_name
id                  
1   sending_trialnum"
4795.520311	0.0005080000000816653	states																			"        state_name
id                
3   wait_for_cpoke"
4795.520819	2.3194839999996475	states																			"            state_name
id                    
4   wait_for_cpoke_dir"
4797.840303	0.0015000000003055902	states																			"     state_name
id             
6   nic_prestim"
4797.841803	0.0005110000001877779	states																			"   state_name
id           
7       cpoke"
4797.842314	1.399503999999979	states																			"   state_name
id           
8    cpoke_in"
4799.241818	0.3059849999999642	states																			"       state_name
id               
10  wait_for_cout"
4799.547803	0.6420149999994464	states																			"        state_name
id                
11  wait_for_spoke"
4800.189818	0.00048800000058690784	states																			"   state_name
id           
12  hit_state"
4800.190306	0.17601099999956205	states																			"    state_name
id            
13  hit_state2"
4800.366317	0.003501000000142085	states																			"        state_name
id                
18  clean_up_state"
4800.369818	0.6954859999996188	states																			"                state_name
id                        
2   check_next_trial_ready"
4801.065803	7.796499999999469	trials	0.0	0.0	5.0	2.0	1.0	1.0	0.15	2.5	-1.0	6500.0	14200.0	0.0	r	d	1.0	2.5	-1.0	2.0	
4801.065803	7.796499999999469	states																			"   state_name
id           
0     state_0"
4801.065803	0.016000999999960186	states																			"          state_name
id                  
1   sending_trialnum"
4801.081804	0.0004989999997633277	states																			"        state_name
id                
3   wait_for_cpoke"
4801.082303	1.6210160000000542	states																			"            state_name
id                    
4   wait_for_cpoke_dir"
4802.703319	0.0014839999994364916	states																			"     state_name
id             
6   nic_prestim"
4802.704803	0.0005000000001018634	states																			"   state_name
id           
7       cpoke"
4802.705303	1.3825000000006185	states																			"   state_name
id           
8    cpoke_in"
4804.087803	0.016999999999825377	states																			"   state_name
id           
9   cpoke_out"
4804.104803	0.0005009999995309045	states																			"       state_name
id               
10  wait_for_cout"
4804.105304	0.2494990000004691	states																			"        state_name
id                
11  wait_for_spoke"
4804.354803	4.504001000000244	states																			"     state_name
id             
14  error_state"
4808.858804	0.0034989999994650134	states																			"        state_name
id                
18  clean_up_state"
4808.862804	14.091499999999542	trials	0.0	0.0	5.0	2.0	1.0	1.0	0.15	2.5	-4.0	6500.0	14200.0	0.0	r	d	1.0	2.5	-4.0	2.0	
4808.862804	14.091499999999542	states																			"   state_name
id           
0     state_0"
4808.862804	0.01599999999962165	states																			"          state_name
id                  
1   sending_trialnum"
4808.878804	0.0005000000001018634	states																			"        state_name
id                
3   wait_for_cpoke"
4808.879304	7.386999000000287	states																			"            state_name
id                    
4   wait_for_cpoke_dir"
4816.266303	0.0015009999997346313	states																			"     state_name
id             
6   nic_prestim"
4816.267804	0.0005069999997431296	states																			"   state_name
id           
7       cpoke"
4816.268311	1.4000000000005457	states																			"   state_name
id           
8    cpoke_in"
4817.668311	0.2199929999997039	states																			"       state_name
id               
10  wait_for_cout"
4817.888304	0.5264989999996033	states																			"        state_name
id                
11  wait_for_spoke"
4818.414803	4.536001000000397	states																			"     state_name
id             
14  error_state"
4822.950804	0.003499999999803549	states																			"        state_name
id                
18  clean_up_state"
4822.954804	19.541999000000033	trials	0.0	0.0	5.0	2.0	1.0	1.0	0.15	-2.5	1.0	6500.0	14200.0		l	d	1.0	-2.5	1.0	3.0	
4822.954804	19.541999000000033	states																			"   state_name
id           
0     state_0"
4822.954804	0.01599900000019261	states																			"          state_name
id                  
1   sending_trialnum"
4822.970803	0.0005009999995309045	states																			"        state_name
id                
3   wait_for_cpoke"
4822.971304	14.31700600000022	states																			"            state_name
id                    
4   wait_for_cpoke_dir"
4837.28831	0.0014929999997548293	states																			"     state_name
id             
6   nic_prestim"
4837.289803	0.0005000000001018634	states																			"   state_name
id           
7       cpoke"
4837.290303	1.1020100000005186	states																			"   state_name
id           
8    cpoke_in"
4838.392313	0.10048999999980879	states																			"   state_name
id           
9   cpoke_out"
4838.492803	4.000500000000102	states																			"         state_name
id                 
16  nic_error_state"
4842.493303	0.003499999999803549	states																			"        state_name
id                
18  clean_up_state"
4842.497303	123.02051500000016	trials	0.0	0.0	5.0	2.0	1.0	1.0	0.15	-2.5	1.0	6500.0	14200.0		l	d	1.0	-2.5	1.0	4.0	
4842.497303	123.02051500000016	states																			"   state_name
id           
0     state_0"
4842.497303	0.016015999999581254	states																			"          state_name
id                  
1   sending_trialnum"
4842.513319	0.0004990000006728224	states																			"        state_name
id                
3   wait_for_cpoke"
4842.513818	120.00048999999944	states																			"            state_name
id                    
4   wait_for_cpoke_dir"
4962.514308	3.0000070000005508	states																			"       state_name
id               
17  timeout_state"
4965.514315	0.0035029999999096617	states																			"        state_name
id                
18  clean_up_state"
4965.518309	123.02049499999976	trials	0.0	0.0	5.0	2.0	1.0	1.0	0.15	-4.0	-1.0	6500.0	14200.0		l	d	0.0	-4.0	-1.0	4.0	
4965.518309	123.02049499999976	states																			"   state_name
id           
0     state_0"
4965.518309	0.01599400000031892	states																			"          state_name
id                  
1   sending_trialnum"
4965.534303	0.0004999999991923687	states																			"        state_name
id                
3   wait_for_cpoke"
4965.534803	120.00000100000034	states																			"            state_name
id                    
4   wait_for_cpoke_dir"
5085.534804	3.0004989999997633	states																			"       state_name
id               
17  timeout_state"
5088.535303	0.003501000000142085	states																			"        state_name
id                
18  clean_up_state"
5088.539303	123.02050500000041	trials	0.0	0.0	5.0	2.0	1.0	1.0	0.15	-4.0	1.0	6500.0	14200.0		l	d	1.0	-4.0	1.0	4.0	
5088.539303	123.02050500000041	states																			"   state_name
id           
0     state_0"
5088.539303	0.016000000000531145	states																			"          state_name
id                  
1   sending_trialnum"
5088.555303	0.0005149999997229315	states																			"        state_name
id                
3   wait_for_cpoke"
5088.555818	120.00048500000048	states																			"            state_name
id                    
4   wait_for_cpoke_dir"
5208.556303	3.000011000000086	states																			"       state_name
id               
17  timeout_state"
5211.556314	0.003493999999591324	states																			"        state_name
id                
18  clean_up_state"
5211.560311	123.02049299999999	trials	0.0	0.0	5.0	2.0	1.0	1.0	0.15	-2.5	-1.0	6500.0	14200.0		l	d	0.0	-2.5	-1.0	4.0	
5211.560311	123.02049299999999	states																			"   state_name
id           
0     state_0"
5211.560311	0.015991999999641848	states																			"          state_name
id                  
1   sending_trialnum"
5211.576303	0.0005000000001018634	states																			"        state_name
id                
3   wait_for_cpoke"
5211.576803	120.00001599999996	states																			"            state_name
id                    
4   wait_for_cpoke_dir"
5331.576819	3.0004840000001423	states																			"       state_name
id               
17  timeout_state"
5334.577303	0.003501000000142085	states																			"        state_name
id                
18  clean_up_state"
5334.581319	82.11098500000026	trials	0.0	0.0	5.0	2.0	1.0	1.0	0.15	4.0	2.5	6500.0	14200.0	1.0	r	d	0.0	4.0	2.5	1.0	
5334.581319	82.11098500000026	states																			"   state_name
id           
0     state_0"
5334.581319	0.015985000000000582	states																			"          state_name
id                  
1   sending_trialnum"
5334.597304	0.0005140000002938905	states																			"        state_name
id                
3   wait_for_cpoke"
5334.597818	79.51500099999976	states																			"            state_name
id                    
4   wait_for_cpoke_dir"
5414.112819	0.0014849999997750274	states																			"     state_name
id             
6   nic_prestim"
5414.114304	0.0004990000006728224	states																			"   state_name
id           
7       cpoke"
5414.114803	1.3999999999996362	states																			"   state_name
id           
8    cpoke_in"
5415.514803	0.20949999999993452	states																			"       state_name
id               
10  wait_for_cout"
5415.724303	0.26301599999987957	states																			"        state_name
id                
11  wait_for_spoke"
5415.987319	0.0004989999997633277	states																			"   state_name
id           
12  hit_state"
5415.987818	0.17798600000060105	states																			"    state_name
id            
13  hit_state2"
5416.165804	0.0035049999996772385	states																			"        state_name
id                
18  clean_up_state"
5416.169309	0.5229950000002646	states																			"                state_name
id                        
2   check_next_trial_ready"
5416.692803	8.798001000000113	trials	0.0	0.0	5.0	2.0	1.0	1.0	0.15	2.5	-1.0	6500.0	14200.0	0.0	r	d	1.0	2.5	-1.0	2.0	
5416.692803	8.798001000000113	states																			"   state_name
id           
0     state_0"
5416.692803	0.016000999999960186	states																			"          state_name
id                  
1   sending_trialnum"
5416.708804	0.0005149999997229315	states																			"        state_name
id                
3   wait_for_cpoke"
5416.709319	2.4534850000000006	states																			"            state_name
id                    
4   wait_for_cpoke_dir"
5419.162804	0.0014989999999670545	states																			"     state_name
id             
6   nic_prestim"
5419.164303	0.0005010000004403992	states																			"   state_name
id           
7       cpoke"
5419.164804	1.3995000000004438	states																			"   state_name
id           
8    cpoke_in"
5420.564304	0.06751399999939167	states																			"       state_name
id               
10  wait_for_cout"
5420.631818	0.2469860000001063	states																			"        state_name
id                
11  wait_for_spoke"
5420.878804	4.6085000000002765	states																			"     state_name
id             
14  error_state"
5425.487304	0.003499999999803549	states																			"        state_name
id                
18  clean_up_state"
5425.491319	13.566485000000284	trials	0.0	0.0	5.0	2.0	1.0	1.0	0.15	-2.5	-2.5	6500.0	14200.0	1.0	l	d	0.0	-2.5	-2.5	1.0	
5425.491319	13.566485000000284	states																			"   state_name
id           
0     state_0"
5425.491319	0.016000000000531145	states																			"          state_name
id                  
1   sending_trialnum"
5425.507319	0.0004890000000159489	states																			"        state_name
id                
3   wait_for_cpoke"
5425.507808	10.95149499999934	states																			"            state_name
id                    
4   wait_for_cpoke_dir"
5436.459303	0.0010110000002896413	states																			"     state_name
id             
6   nic_prestim"
5436.460314	0.000495000000228174	states																			"   state_name
id           
7       cpoke"
5436.460809	1.399993999999424	states																			"   state_name
id           
8    cpoke_in"
5437.860803	0.06501500000013039	states																			"       state_name
id               
10  wait_for_cout"
5437.925818	0.23349099999995815	states																			"        state_name
id                
11  wait_for_spoke"
5438.159309	0.0005090000004202011	states																			"   state_name
id           
12  hit_state"
5438.159818	0.19150100000024395	states																			"    state_name
id            
13  hit_state2"
5438.351319	0.0034849999992729863	states																			"        state_name
id                
18  clean_up_state"
5438.354804	0.7030000000004293	states																			"                state_name
id                        
2   check_next_trial_ready"
5439.058303	5.212500999999975	trials	0.0	0.0	5.0	2.0	1.0	1.0	0.15	-4.0	2.5	6500.0	14200.0	1.0	l	d	1.0	-4.0	2.5	1.0	
5439.058303	5.212500999999975	states																			"   state_name
id           
0     state_0"
5439.058303	0.016000000000531145	states																			"          state_name
id                  
1   sending_trialnum"
5439.074303	0.0005000000001018634	states																			"        state_name
id                
3   wait_for_cpoke"
5439.074803	2.614505999999892	states																			"            state_name
id                    
4   wait_for_cpoke_dir"
5441.689309	0.001494000000093365	states																			"     state_name
id             
6   nic_prestim"
5441.690803	0.0005009999995309045	states																			"   state_name
id           
7       cpoke"
5441.691304	1.3890039999996588	states																			"   state_name
id           
8    cpoke_in"
5443.080308	0.010501000000658678	states																			"   state_name
id           
9   cpoke_out"
5443.090809	0.0004949999993186793	states																			"       state_name
id               
10  wait_for_cout"
5443.091304	0.24849900000026537	states																			"        state_name
id                
11  wait_for_spoke"
5443.339803	0.0005000000001018634	states																			"   state_name
id           
12  hit_state"
5443.340303	0.20799999999962893	states																			"    state_name
id            
13  hit_state2"
5443.548303	0.003501000000142085	states																			"        state_name
id                
18  clean_up_state"
5443.551804	0.7190000000000509	states																			"                state_name
id                        
2   check_next_trial_ready"
5444.271303	9.498005999999805	trials	0.0	0.0	5.0	2.0	1.0	1.0	0.15	4.0	-4.0	6500.0	14200.0	0.0	r	d	1.0	4.0	-4.0	2.0	
5444.271303	9.498005999999805	states																			"   state_name
id           
0     state_0"
5444.271303	0.01599999999962165	states																			"          state_name
id                  
1   sending_trialnum"
5444.287303	0.0005149999997229315	states																			"        state_name
id                
3   wait_for_cpoke"
5444.287818	3.205485000000408	states																			"            state_name
id                    
4   wait_for_cpoke_dir"
5447.493303	0.0010019999999713036	states																			"     state_name
id             
6   nic_prestim"
5447.494305	0.0004989999997633277	states																			"   state_name
id           
7       cpoke"
5447.494804	1.375503999999637	states																			"   state_name
id           
8    cpoke_in"
5448.870308	0.02400000000034197	states																			"   state_name
id           
9   cpoke_out"
5448.894308	0.0004959999996572151	states																			"       state_name
id               
10  wait_for_cout"
5448.894804	0.24699900000086927	states																			"        state_name
id                
11  wait_for_spoke"
5449.141803	4.624000999999225	states																			"     state_name
id             
14  error_state"
5453.765804	0.0035050000005867332	states																			"        state_name
id                
18  clean_up_state"
5453.769804	123.0204990000002	trials	0.0	0.0	5.0	2.0	1.0	1.0	0.15	-2.5	2.5	6500.0	14200.0		l	d	1.0	-2.5	2.5	4.0	
5453.769804	123.0204990000002	states																			"   state_name
id           
0     state_0"
5453.769804	0.016000000000531145	states																			"          state_name
id                  
1   sending_trialnum"
5453.785804	0.0004989999997633277	states																			"        state_name
id                
3   wait_for_cpoke"
5453.786303	120.00000799999998	states																			"            state_name
id                    
4   wait_for_cpoke_dir"
5573.786311	3.0004930000004606	states																			"       state_name
id               
17  timeout_state"
5576.786804	0.0034989999994650134	states																			"        state_name
id                
18  clean_up_state"
5576.790804	123.02051500000016	trials	0.0	0.0	5.0	2.0	1.0	1.0	0.15	-4.0	2.5	6500.0	14200.0		l	d	1.0	-4.0	2.5	4.0	
5576.790804	123.02051500000016	states																			"   state_name
id           
0     state_0"
5576.790804	0.01599900000019261	states																			"          state_name
id                  
1   sending_trialnum"
5576.806803	0.0004999999991923687	states																			"        state_name
id                
3   wait_for_cpoke"
5576.807303	120.00050499999998	states																			"            state_name
id                    
4   wait_for_cpoke_dir"
5696.807808	3.000010000000657	states																			"       state_name
id               
17  timeout_state"
5699.807818	0.003501000000142085	states																			"        state_name
id                
18  clean_up_state"
5699.811818	123.02048500000001	trials	0.0	0.0	5.0	2.0	1.0	1.0	0.15	2.5	-1.0	6500.0	14200.0		r	d	1.0	2.5	-1.0	4.0	
5699.811818	123.02048500000001	states																			"   state_name
id           
0     state_0"
5699.811818	0.015985000000000582	states																			"          state_name
id                  
1   sending_trialnum"
5699.827803	0.0005000000001018634	states																			"        state_name
id                
3   wait_for_cpoke"
5699.828303	120.00001299999985	states																			"            state_name
id                    
4   wait_for_cpoke_dir"
5819.828316	3.0004870000002484	states																			"       state_name
id               
17  timeout_state"
5822.828803	0.003499999999803549	states																			"        state_name
id                
18  clean_up_state"
5822.832803	123.02051599999959	trials	0.0	0.0	5.0	2.0	1.0	1.0	0.15	-2.5	-2.5	6500.0	14200.0		l	d	0.0	-2.5	-2.5	4.0	
5822.832803	123.02051599999959	states																			"   state_name
id           
0     state_0"
5822.832803	0.01599999999962165	states																			"          state_name
id                  
1   sending_trialnum"
5822.848803	0.0005000000001018634	states																			"        state_name
id                
3   wait_for_cpoke"
5822.849303	120.00000600000021	states																			"            state_name
id                    
4   wait_for_cpoke_dir"
5942.849309	3.0005089999995107	states																			"       state_name
id               
17  timeout_state"
5945.849818	0.003501000000142085	states																			"        state_name
id                
18  clean_up_state"
5945.853818	123.0204990000002	trials	0.0	0.0	5.0	2.0	1.0	1.0	0.15	-2.5	-1.0	6500.0	14200.0		l	d	0.0	-2.5	-1.0	4.0	
5945.853818	123.0204990000002	states																			"   state_name
id           
0     state_0"
5945.853818	0.016000000000531145	states																			"          state_name
id                  
1   sending_trialnum"
5945.869818	0.00048599999990983633	states																			"        state_name
id                
3   wait_for_cpoke"
5945.870304	120.00000799999998	states																			"            state_name
id                    
4   wait_for_cpoke_dir"
6065.870312	3.000492000000122	states																			"       state_name
id               
17  timeout_state"
6068.870804	0.0035129999996570405	states																			"        state_name
id                
18  clean_up_state"
6068.874804	123.02051599999959	trials	0.0	0.0	5.0	2.0	1.0	1.0	0.15	-4.0	2.5	6500.0	14200.0		l	d	1.0	-4.0	2.5	4.0	
6068.874804	123.02051599999959	states																			"   state_name
id           
0     state_0"
6068.874804	0.01599999999962165	states																			"          state_name
id                  
1   sending_trialnum"
6068.890804	0.0005150000006324262	states																			"        state_name
id                
3   wait_for_cpoke"
6068.891319	120.00048499999957	states																			"            state_name
id                    
4   wait_for_cpoke_dir"
6188.891804	3.000014000000192	states																			"       state_name
id               
17  timeout_state"
6191.891818	0.003501999999571126	states																			"        state_name
id                
18  clean_up_state"
6191.895808	123.0204960000001	trials	0.0	0.0	5.0	2.0	1.0	1.0	0.15	-4.0	1.0	6500.0	14200.0		l	d	1.0	-4.0	1.0	4.0	
6191.895808	123.0204960000001	states																			"   state_name
id           
0     state_0"
6191.895808	0.01600999999936903	states																			"          state_name
id                  
1   sending_trialnum"
6191.911818	0.0004850000004807953	states																			"        state_name
id                
3   wait_for_cpoke"
6191.912303	120.00000100000034	states																			"            state_name
id                    
4   wait_for_cpoke_dir"
6311.912304	3.0004989999997633	states																			"       state_name
id               
17  timeout_state"
6314.912803	0.003501000000142085	states																			"        state_name
id                
18  clean_up_state"
6314.916804	123.02051499999925	trials	0.0	0.0	5.0	2.0	1.0	1.0	0.15	4.0	-2.5	6500.0	14200.0		r	d	1.0	4.0	-2.5	4.0	
6314.916804	123.02051499999925	states																			"   state_name
id           
0     state_0"
6314.916804	0.01599999999962165	states																			"          state_name
id                  
1   sending_trialnum"
6314.932804	0.0005149999997229315	states																			"        state_name
id                
3   wait_for_cpoke"
6314.933319	120.00048400000014	states																			"            state_name
id                    
4   wait_for_cpoke_dir"
6434.933803	3.0000150000005306	states																			"       state_name
id               
17  timeout_state"
6437.933818	0.00350099999923259	states																			"        state_name
id                
18  clean_up_state"
6437.937818	123.0199849999999	trials	0.0	0.0	5.0	2.0	1.0	1.0	0.15	-2.5	4.0	6500.0	14200.0		l	d	1.0	-2.5	4.0	4.0	
6437.937818	123.0199849999999	states																			"   state_name
id           
0     state_0"
6437.937818	0.01599999999962165	states																			"          state_name
id                  
1   sending_trialnum"
6437.953818	0.0004900000003544847	states																			"        state_name
id                
3   wait_for_cpoke"
6437.954308	120.0000030000001	states																			"            state_name
id                    
4   wait_for_cpoke_dir"
6557.954311	3.0000019999997676	states																			"       state_name
id               
17  timeout_state"
6560.954313	0.0034900000000561704	states																			"        state_name
id                
18  clean_up_state"
6560.958314	123.02099499999986	trials	0.0	0.0	5.0	2.0	1.0	1.0	0.15	-2.5	-1.0	6500.0	14200.0		l	d	0.0	-2.5	-1.0	4.0	
6560.958314	123.02099499999986	states																			"   state_name
id           
0     state_0"
6560.958314	0.01598999999987427	states																			"          state_name
id                  
1   sending_trialnum"
6560.974304	0.0005000000001018634	states																			"        state_name
id                
3   wait_for_cpoke"
6560.974804	120.00049899999976	states																			"            state_name
id                    
4   wait_for_cpoke_dir"
6680.975303	3.000514999999723	states																			"       state_name
id               
17  timeout_state"
6683.975818	0.003491000000394706	states																			"        state_name
id                
18  clean_up_state"
6683.979804	123.0209990000003	trials	0.0	0.0	5.0	2.0	1.0	1.0	0.15	2.5	-1.0	6500.0	14200.0		r	d	1.0	2.5	-1.0	4.0	
6683.979804	123.0209990000003	states																			"   state_name
id           
0     state_0"
6683.979804	0.01599900000019261	states																			"          state_name
id                  
1   sending_trialnum"
6683.995803	0.0005140000002938905	states																			"        state_name
id                
3   wait_for_cpoke"
6683.996317	120.00048599999991	states																			"            state_name
id                    
4   wait_for_cpoke_dir"
6803.996803	3.000500000000102	states																			"       state_name
id               
17  timeout_state"
6806.997303	0.003499999999803549	states																			"        state_name
id                
18  clean_up_state"
6807.001319	123.02048500000001	trials	0.0	0.0	5.0	2.0	1.0	1.0	0.15	-2.5	1.0	6500.0	14200.0		l	d	1.0	-2.5	1.0	4.0	
6807.001319	123.02048500000001	states																			"   state_name
id           
0     state_0"
6807.001319	0.01599999999962165	states																			"          state_name
id                  
1   sending_trialnum"
6807.017319	0.0004990000006728224	states																			"        state_name
id                
3   wait_for_cpoke"
6807.017818	120.00048499999957	states																			"            state_name
id                    
4   wait_for_cpoke_dir"
6927.018303	3.0000010000003385	states																			"       state_name
id               
17  timeout_state"
6930.018304	0.003499999999803549	states																			"        state_name
id                
18  clean_up_state"
6930.022304	36.89199899999949	trials	0.0	0.0	5.0	2.0	1.0	1.0	0.15	2.5	-2.5	6500.0	14200.0		r	d	1.0	2.5	-2.5	3.0	
6930.022304	36.89199899999949	states																			"   state_name
id           
0     state_0"
6930.022304	0.01599900000019261	states																			"          state_name
id                  
1   sending_trialnum"
6930.038303	0.0005000000001018634	states																			"        state_name
id                
3   wait_for_cpoke"
6930.038803	31.493999999999687	states																			"            state_name
id                    
4   wait_for_cpoke_dir"
6961.532803	0.0015069999999468564	states																			"     state_name
id             
6   nic_prestim"
6961.53431	0.0004939999998896383	states																			"   state_name
id           
7       cpoke"
6961.534804	1.2750139999998282	states																			"   state_name
id           
8    cpoke_in"
6962.809818	0.1004849999999351	states																			"   state_name
id           
9   cpoke_out"
6962.910303	4.000500000000102	states																			"         state_name
id                 
16  nic_error_state"
6966.910803	0.003499999999803549	states																			"        state_name
id                
18  clean_up_state"
6966.914803	7.627500000000509	trials	0.0	0.0	5.0	2.0	1.0	1.0	0.15	2.5	-2.5	6500.0	14200.0	0.0	r	d	1.0	2.5	-2.5	2.0	
6966.914803	7.627500000000509	states																			"   state_name
id           
0     state_0"
6966.914803	0.016000000000531145	states																			"          state_name
id                  
1   sending_trialnum"
6966.930803	0.0005009999995309045	states																			"        state_name
id                
3   wait_for_cpoke"
6966.931304	0.9915150000006179	states																			"            state_name
id                    
4   wait_for_cpoke_dir"
6967.922819	0.0014849999997750274	states																			"     state_name
id             
6   nic_prestim"
6967.924304	0.0005000000001018634	states																			"   state_name
id           
7       cpoke"
6967.924804	1.3619989999997415	states																			"   state_name
id           
8    cpoke_in"
6969.286803	0.03751300000021729	states																			"   state_name
id           
9   cpoke_out"
6969.324316	0.000503000000207976	states																			"       state_name
id               
10  wait_for_cout"
6969.324819	0.3579839999993055	states																			"        state_name
id                
11  wait_for_spoke"
6969.682803	4.856001000000106	states																			"     state_name
id             
14  error_state"
6974.538804	0.003499000000374508	states																			"        state_name
id                
18  clean_up_state"
6974.542804	7.170500000000175	trials	0.0	0.0	5.0	2.0	1.0	1.0	0.15	-4.0	2.5	6500.0	14200.0		l	d	1.0	-4.0	2.5	3.0	
6974.542804	7.170500000000175	states																			"   state_name
id           
0     state_0"
6974.542804	0.016000000000531145	states																			"          state_name
id                  
1   sending_trialnum"
6974.558804	0.0005149999997229315	states																			"        state_name
id                
3   wait_for_cpoke"
6974.559319	1.7724840000000768	states																			"            state_name
id                    
4   wait_for_cpoke_dir"
6976.331803	0.0010000000002037268	states																			"     state_name
id             
6   nic_prestim"
6976.332803	0.0005009999995309045	states																			"   state_name
id           
7       cpoke"
6976.333304	1.2755050000005212	states																			"   state_name
id           
8    cpoke_in"
6977.608809	0.1005009999998947	states																			"   state_name
id           
9   cpoke_out"
6977.70931	4.000492999999551	states																			"         state_name
id                 
16  nic_error_state"
6981.709803	0.003501000000142085	states																			"        state_name
id                
18  clean_up_state"
6981.713818	2.786485999999968	trials	0.0	0.0	5.0	2.0	1.0	1.0	0.15	-2.5	1.0	6500.0	14200.0	1.0	l	d	1.0	-2.5	1.0	1.0	
6981.713818	2.786485999999968	states																			"   state_name
id           
0     state_0"
6981.713818	0.015985000000000582	states																			"          state_name
id                  
1   sending_trialnum"
6981.729803	0.0005089999995107064	states																			"        state_name
id                
3   wait_for_cpoke"
6981.730312	0.23250000000007276	states																			"            state_name
id                    
4   wait_for_cpoke_dir"
6981.962812	0.0014909999999872525	states																			"     state_name
id             
6   nic_prestim"
6981.964303	0.0005010000004403992	states																			"   state_name
id           
7       cpoke"
6981.964804	1.3650040000002264	states																			"   state_name
id           
8    cpoke_in"
6983.329808	0.03449599999930797	states																			"   state_name
id           
9   cpoke_out"
6983.364304	0.0004990000006728224	states																			"       state_name
id               
10  wait_for_cout"
6983.364803	0.23799999999937427	states																			"        state_name
id                
11  wait_for_spoke"
6983.602803	0.0005000000001018634	states																			"   state_name
id           
12  hit_state"
6983.603303	0.24150100000042585	states																			"    state_name
id            
13  hit_state2"
6983.844804	0.003515999999763153	states																			"        state_name
id                
18  clean_up_state"
6983.84832	0.651984000000084	states																			"                state_name
id                        
2   check_next_trial_ready"
6984.500803	9.731501000000208	trials	0.0	0.0	5.0	2.0	1.0	1.0	0.15	4.0	-1.0	6500.0	14200.0	1.0	r	d	1.0	4.0	-1.0	1.0	
6984.500803	9.731501000000208	states																			"   state_name
id           
0     state_0"
6984.500803	0.016000999999960186	states																			"          state_name
id                  
1   sending_trialnum"
6984.516804	0.0004989999997633277	states																			"        state_name
id                
3   wait_for_cpoke"
6984.517303	4.690500000000611	states																			"            state_name
id                    
4   wait_for_cpoke_dir"
6989.207803	0.0010009999996327679	states																			"     state_name
id             
6   nic_prestim"
6989.208804	0.0005000000001018634	states																			"   state_name
id           
7       cpoke"
6989.209304	1.4000050000004194	states																			"   state_name
id           
8    cpoke_in"
6990.609309	0.0639949999995224	states																			"       state_name
id               
10  wait_for_cout"
6990.673304	0.2229990000005273	states																			"        state_name
id                
11  wait_for_spoke"
6990.896303	0.0005009999995309045	states																			"   state_name
id           
12  hit_state"
6990.896804	0.2080050000004121	states																			"    state_name
id            
13  hit_state2"
6991.104809	0.0035049999996772385	states																			"        state_name
id                
18  clean_up_state"
6991.108314	3.123990000000049	states																			"                state_name
id                        
2   check_next_trial_ready"
6994.232809	2.7554959999997664	trials	0.0	0.0	5.0	2.0	1.0	1.0	0.15	-4.0	4.0	6500.0	14200.0	1.0	l	d	1.0	-4.0	4.0	1.0	
6994.232809	2.7554959999997664	states																			"   state_name
id           
0     state_0"
6994.232809	0.01599400000031892	states																			"          state_name
id                  
1   sending_trialnum"
6994.248803	0.0004999999991923687	states																			"        state_name
id                
3   wait_for_cpoke"
6994.249303	0.2319999999999709	states																			"            state_name
id                    
4   wait_for_cpoke_dir"
6994.481303	0.0010090000005220645	states																			"     state_name
id             
6   nic_prestim"
6994.482312	0.0004909999997835257	states																			"   state_name
id           
7       cpoke"
6994.482803	1.3519999999998618	states																			"   state_name
id           
8    cpoke_in"
6995.834803	0.04751100000066799	states																			"   state_name
id           
9   cpoke_out"
6995.882314	0.0004949999993186793	states																			"       state_name
id               
10  wait_for_cout"
6995.882809	0.2524940000002971	states																			"        state_name
id                
11  wait_for_spoke"
6996.135303	0.0005009999995309045	states																			"   state_name
id           
12  hit_state"
6996.135804	0.23449900000014168	states																			"    state_name
id            
13  hit_state2"
6996.370303	0.003500000000713044	states																			"        state_name
id                
18  clean_up_state"
6996.373803	0.6145019999994474	states																			"                state_name
id                        
2   check_next_trial_ready"
6996.988809	9.326493999999911	trials	0.0	0.0	5.0	2.0	1.0	1.0	0.15	-4.0	1.0	6500.0	14200.0		l	d	1.0	-4.0	1.0	3.0	
6996.988809	9.326493999999911	states																			"   state_name
id           
0     state_0"
6996.988809	0.01599499999974796	states																			"          state_name
id                  
1   sending_trialnum"
6997.004804	0.0005000000001018634	states																			"        state_name
id                
3   wait_for_cpoke"
6997.005304	3.933498999999756	states																			"            state_name
id                    
4   wait_for_cpoke_dir"
7000.938803	0.0010050000000774162	states																			"     state_name
id             
6   nic_prestim"
7000.939808	0.0005049999999755528	states																			"   state_name
id           
7       cpoke"
7000.940313	1.270991000000322	states																			"   state_name
id           
8    cpoke_in"
7002.211304	0.10001499999998487	states																			"   state_name
id           
9   cpoke_out"
7002.311319	4.000484999999571	states																			"         state_name
id                 
16  nic_error_state"
7006.311804	0.003499000000374508	states																			"        state_name
id                
18  clean_up_state"
7006.315804	6.180499000000054	trials	0.0	0.0	5.0	2.0	1.0	1.0	0.15	2.5	2.5	6500.0	14200.0		r	d	0.0	2.5	2.5	3.0	
7006.315804	6.180499000000054	states																			"   state_name
id           
0     state_0"
7006.315804	0.016000000000531145	states																			"          state_name
id                  
1   sending_trialnum"
7006.331804	0.5924999999997453	states																			"        state_name
id                
3   wait_for_cpoke"
7006.924304	0.22949900000003254	states																			"            state_name
id                    
4   wait_for_cpoke_dir"
7007.153803	0.0010000000002037268	states																			"     state_name
id             
6   nic_prestim"
7007.154803	0.0004999999991923687	states																			"   state_name
id           
7       cpoke"
7007.155303	1.2370010000004186	states																			"   state_name
id           
8    cpoke_in"
7008.392304	0.1000000000003638	states																			"   state_name
id           
9   cpoke_out"
7008.492304	4.000498999999763	states																			"         state_name
id                 
16  nic_error_state"
7012.492803	0.003499999999803549	states																			"        state_name
id                
18  clean_up_state"
7012.496804	4.182499999999891	trials	0.0	0.0	5.0	2.0	1.0	1.0	0.15	-2.5	-4.0	6500.0	14200.0		l	d	0.0	-2.5	-4.0	3.0	
7012.496804	4.182499999999891	states																			"   state_name
id           
0     state_0"
7012.496804	0.015998999999283114	states																			"          state_name
id                  
1   sending_trialnum"
7012.512803	0.0005010000004403992	states																			"        state_name
id                
3   wait_for_cpoke"
7012.513304	0.056999000000359956	states																			"            state_name
id                    
4   wait_for_cpoke_dir"
7012.570303	0.001504999999269785	states																			"     state_name
id             
6   nic_prestim"
7012.571808	0.0005070000006526243	states																			"   state_name
id           
7       cpoke"
7012.572315	0.0029879999992772355	states																			"   state_name
id           
8    cpoke_in"
7012.575303	0.10000100000070233	states																			"   state_name
id           
9   cpoke_out"
7012.675304	4.000498999999763	states																			"         state_name
id                 
16  nic_error_state"
7016.675803	0.003501000000142085	states																			"        state_name
id                
18  clean_up_state"
7016.679808	4.038496000000123	trials	0.0	0.0	5.0	2.0	1.0	1.0	0.15	-4.0	1.0	6500.0	14200.0	1.0	l	d	1.0	-4.0	1.0	1.0	
7016.679808	4.038496000000123	states																			"   state_name
id           
0     state_0"
7016.679808	0.01599499999974796	states																			"          state_name
id                  
1   sending_trialnum"
7016.695803	0.0005080000000816653	states																			"        state_name
id                
3   wait_for_cpoke"
7016.696311	1.588991999999962	states																			"            state_name
id                    
4   wait_for_cpoke_dir"
7018.285303	0.0010099999999511056	states																			"     state_name
id             
6   nic_prestim"
7018.286313	0.0005060000003140885	states																			"   state_name
id           
7       cpoke"
7018.286819	1.3149990000001708	states																			"   state_name
id           
8    cpoke_in"
7019.601818	0.08498499999950582	states																			"   state_name
id           
9   cpoke_out"
7019.686803	0.0005010000004403992	states																			"       state_name
id               
10  wait_for_cout"
7019.687304	0.29349900000033813	states																			"        state_name
id                
11  wait_for_spoke"
7019.980803	0.0004999999991923687	states																			"   state_name
id           
12  hit_state"
7019.981303	0.2310010000001057	states																			"    state_name
id            
13  hit_state2"
7020.212304	0.003499000000374508	states																			"        state_name
id                
18  clean_up_state"
7020.215803	0.5025009999999384	states																			"                state_name
id                        
2   check_next_trial_ready"
7020.718803	10.63150300000052	trials	0.0	0.0	5.0	2.0	1.0	1.0	0.15	-4.0	-2.5	6500.0	14200.0		l	d	0.0	-4.0	-2.5	3.0	
7020.718803	10.63150300000052	states																			"   state_name
id           
0     state_0"
7020.718803	0.016000000000531145	states																			"          state_name
id                  
1   sending_trialnum"
7020.734803	0.0005059999994045938	states																			"        state_name
id                
3   wait_for_cpoke"
7020.735309	5.256509000000733	states																			"            state_name
id                    
4   wait_for_cpoke_dir"
7025.991818	0.0014859999992040684	states																			"     state_name
id             
6   nic_prestim"
7025.993304	0.0005000000001018634	states																			"   state_name
id           
7       cpoke"
7025.993804	1.2525000000005093	states																			"   state_name
id           
8    cpoke_in"
7027.246304	0.10000700000000506	states																			"   state_name
id           
9   cpoke_out"
7027.346311	4.000492000000122	states																			"         state_name
id                 
16  nic_error_state"
7031.346803	0.0035029999999096617	states																			"        state_name
id                
18  clean_up_state"
7031.350803	49.66050600000017	trials	0.0	0.0	5.0	2.0	1.0	1.0	0.15	-2.5	-2.5	6500.0	14200.0	1.0	l	d	0.0	-2.5	-2.5	1.0	
7031.350803	49.66050600000017	states																			"   state_name
id           
0     state_0"
7031.350803	0.016000999999960186	states																			"          state_name
id                  
1   sending_trialnum"
7031.366804	0.0004989999997633277	states																			"        state_name
id                
3   wait_for_cpoke"
7031.367303	46.68950000000041	states																			"            state_name
id                    
4   wait_for_cpoke_dir"
7078.056803	0.0014999999993960955	states																			"     state_name
id             
6   nic_prestim"
7078.058303	0.0005010000004403992	states																			"   state_name
id           
7       cpoke"
7078.058804	1.399503999999979	states																			"   state_name
id           
8    cpoke_in"
7079.458308	0.029496000000108324	states																			"       state_name
id               
10  wait_for_cout"
7079.487804	0.5090059999993173	states																			"        state_name
id                
11  wait_for_spoke"
7079.99681	0.0004930000004605972	states																			"   state_name
id           
12  hit_state"
7079.997303	0.2039999999997235	states																			"    state_name
id            
13  hit_state2"
7080.201303	0.0035060000000157743	states																			"        state_name
id                
18  clean_up_state"
7080.204809	0.8065000000005966	states																			"                state_name
id                        
2   check_next_trial_ready"
7081.011808	7.8044959999997445	trials	0.0	0.0	5.0	2.0	1.0	1.0	0.15	4.0	-2.5	6500.0	14200.0		r	d	1.0	4.0	-2.5	3.0	
7081.011808	7.8044959999997445	states																			"   state_name
id           
0     state_0"
7081.011808	0.01599499999974796	states																			"          state_name
id                  
1   sending_trialnum"
7081.027803	0.0005010000004403992	states																			"        state_name
id                
3   wait_for_cpoke"
7081.028304	2.4180069999993066	states																			"            state_name
id                    
4   wait_for_cpoke_dir"
7083.446311	0.0010080000001835288	states																			"     state_name
id             
6   nic_prestim"
7083.447319	0.0004909999997835257	states																			"   state_name
id           
7       cpoke"
7083.44781	1.2644930000005843	states																			"   state_name
id           
8    cpoke_in"
7084.712303	0.10000899999977264	states																			"   state_name
id           
9   cpoke_out"
7084.812312	4.000492000000122	states																			"         state_name
id                 
16  nic_error_state"
7088.812804	0.003499999999803549	states																			"        state_name
id                
18  clean_up_state"
7088.816804	5.518500000000131	trials	0.0	0.0	5.0	2.0	1.0	1.0	0.15	2.5	-1.0	6500.0	14200.0		r	d	1.0	2.5	-1.0	3.0	
7088.816804	5.518500000000131	states																			"   state_name
id           
0     state_0"
7088.816804	0.01599999999962165	states																			"          state_name
id                  
1   sending_trialnum"
7088.832804	0.0005150000006324262	states																			"        state_name
id                
3   wait_for_cpoke"
7088.833319	0.16399000000001251	states																			"            state_name
id                    
4   wait_for_cpoke_dir"
7088.997309	0.001494000000093365	states																			"     state_name
id             
6   nic_prestim"
7088.998803	0.0004999999991923687	states																			"   state_name
id           
7       cpoke"
7088.999303	1.2315010000002076	states																			"   state_name
id           
8    cpoke_in"
7090.230804	0.10050500000033935	states																			"   state_name
id           
9   cpoke_out"
7090.331309	4.000498999999763	states																			"         state_name
id                 
16  nic_error_state"
7094.331808	0.0034960000002683955	states																			"        state_name
id                
18  clean_up_state"
7094.335818	22.33598500000062	trials	0.0	0.0	5.0	2.0	1.0	1.0	0.15	2.5	4.0	6500.0	14200.0	1.0	r	d	0.0	2.5	4.0	1.0	
7094.335818	22.33598500000062	states																			"   state_name
id           
0     state_0"
7094.335818	0.016000000000531145	states																			"          state_name
id                  
1   sending_trialnum"
7094.351818	0.0004920000001220615	states																			"        state_name
id                
3   wait_for_cpoke"
7094.35231	20.01249899999948	states																			"            state_name
id                    
4   wait_for_cpoke_dir"
7114.364809	0.0014950000004319008	states																			"     state_name
id             
6   nic_prestim"
7114.366304	0.0004989999997633277	states																			"   state_name
id           
7       cpoke"
7114.366803	1.310500000000502	states																			"   state_name
id           
8    cpoke_in"
7115.677303	0.08900099999937083	states																			"   state_name
id           
9   cpoke_out"
7115.766304	0.0005000000001018634	states																			"       state_name
id               
10  wait_for_cout"
7115.766804	0.1190150000002177	states																			"        state_name
id                
11  wait_for_spoke"
7115.885819	0.0004840000001422595	states																			"   state_name
id           
12  hit_state"
7115.886303	0.19300099999964004	states																			"    state_name
id            
13  hit_state2"
7116.079304	0.003499000000374508	states																			"        state_name
id                
18  clean_up_state"
7116.082803	0.5889999999999418	states																			"                state_name
id                        
2   check_next_trial_ready"
7116.672304	10.315499000000273	trials	0.0	0.0	5.0	2.0	1.0	1.0	0.15	-4.0	-2.5	6500.0	14200.0	0.0	l	d	0.0	-4.0	-2.5	2.0	
7116.672304	10.315499000000273	states																			"   state_name
id           
0     state_0"
7116.672304	0.01599900000019261	states																			"          state_name
id                  
1   sending_trialnum"
7116.688303	0.0005000000001018634	states																			"        state_name
id                
3   wait_for_cpoke"
7116.688803	5.283999999999651	states																			"            state_name
id                    
4   wait_for_cpoke_dir"
7121.972803	0.0010150000007342896	states																			"     state_name
id             
6   nic_prestim"
7121.973818	0.00048999999944499	states																			"   state_name
id           
7       cpoke"
7121.974308	1.3470010000000912	states																			"   state_name
id           
8    cpoke_in"
7123.321309	0.05299399999967136	states																			"   state_name
id           
9   cpoke_out"
7123.374303	0.0005060000003140885	states																			"       state_name
id               
10  wait_for_cout"
7123.374809	0.36949400000048627	states																			"        state_name
id                
11  wait_for_spoke"
7123.744303	3.240002999999888	states																			"     state_name
id             
14  error_state"
7126.984306	0.0034969999996974366	states																			"        state_name
id                
18  clean_up_state"
7126.988303	15.045500000000175	trials	0.0	0.0	5.0	2.0	1.0	1.0	0.15	-4.0	2.5	6500.0	14200.0		l	d	1.0	-4.0	2.5	3.0	
7126.988303	15.045500000000175	states																			"   state_name
id           
0     state_0"
7126.988303	0.016000999999960186	states																			"          state_name
id                  
1   sending_trialnum"
7127.004304	0.0004989999997633277	states																			"        state_name
id                
3   wait_for_cpoke"
7127.004803	9.791000000000167	states																			"            state_name
id                    
4   wait_for_cpoke_dir"
7136.795803	0.0010160000001633307	states																			"     state_name
id             
6   nic_prestim"
7136.796819	0.00048999999944499	states																			"   state_name
id           
7       cpoke"
7136.797309	1.1324950000007448	states																			"   state_name
id           
8    cpoke_in"
7137.929804	0.10001399999964633	states																			"   state_name
id           
9   cpoke_out"
7138.029818	4.00048599999991	states																			"         state_name
id                 
16  nic_error_state"
7142.030304	0.003499000000374508	states																			"        state_name
id                
18  clean_up_state"
7142.034304	123.02101500000026	trials	0.0	0.0	5.0	2.0	1.0	1.0	0.15	-4.0	1.0	6500.0	14200.0		l	d	1.0	-4.0	1.0	4.0	
7142.034304	123.02101500000026	states																			"   state_name
id           
0     state_0"
7142.034304	0.016013000000384636	states																			"          state_name
id                  
1   sending_trialnum"
7142.050317	0.0005019999998694402	states																			"        state_name
id                
3   wait_for_cpoke"
7142.050819	120.0005000000001	states																			"            state_name
id                    
4   wait_for_cpoke_dir"
7262.051319	3.0004989999997633	states																			"       state_name
id               
17  timeout_state"
7265.051818	0.003501000000142085	states																			"        state_name
id                
18  clean_up_state"
7265.055818	123.02098600000045	trials	0.0	0.0	5.0	2.0	1.0	1.0	0.15	4.0	1.0	6500.0	14200.0		r	d	0.0	4.0	1.0	4.0	
7265.055818	123.02098600000045	states																			"   state_name
id           
0     state_0"
7265.055818	0.015985000000000582	states																			"          state_name
id                  
1   sending_trialnum"
7265.071803	0.0005010000004403992	states																			"        state_name
id                
3   wait_for_cpoke"
7265.072304	120.00049899999976	states																			"            state_name
id                    
4   wait_for_cpoke_dir"
7385.072803	3.000500000000102	states																			"       state_name
id               
17  timeout_state"
7388.073303	0.003501000000142085	states																			"        state_name
id                
18  clean_up_state"
