onset	duration	nwb_table	PBups_hit_history	PBups_violation_history	SidesSection_previous_sounds	SidesSection_previous_samples	SidesSection_previous_memory_gaps	SidesSection_previous_rt_task	SidesSection_previous_stims	PBupsSection_LocalPrevSides	PBupsSection_LocalPrevSounds	state_type
826.225565	326.78600000000006	trials	1.0	1.0	-1.0			0.0	0.0	l	-1.0	
826.225565	326.78600000000006	states										"   state_name
id           
0     state_0"
826.225565	0.016000000000076398	states										"          state_name
id                  
1   sending_trialnum"
826.241565	0.00950599999998758	states										"           state_name
id                   
3   clean_sound_state"
826.251071	0.0015099999999392821	states										"   state_name
id           
4         iti"
826.252581	48.19898899999998	states										"         state_name
id                 
6   wait_for_cpoke1"
874.45157	0.0015090000000554937	states										"             state_name
id                     
8   play_stimulus_sound"
874.453079	0.6199910000000273	states										"   state_name
id           
9      cpoke1"
875.07307	0.20099499999992076	states										"        state_name
id                
12  temp_violation"
875.274065	0.09800000000007003	states										"         state_name
id                 
6   wait_for_cpoke1"
875.372065	0.0014999999999645297	states										"             state_name
id                     
8   play_stimulus_sound"
875.373565	0.014999999999986358	states										"   state_name
id           
9      cpoke1"
875.388565	0.20100300000001425	states										"        state_name
id                
12  temp_violation"
875.589568	0.1124969999999621	states										"         state_name
id                 
6   wait_for_cpoke1"
875.702065	0.0015000000000782165	states										"             state_name
id                     
8   play_stimulus_sound"
875.703565	0.16350899999997637	states										"   state_name
id           
9      cpoke1"
875.867074	0.20099100000004455	states										"        state_name
id                
12  temp_violation"
876.068065	82.51249999999993	states										"         state_name
id                 
6   wait_for_cpoke1"
958.580565	0.0014999999999645297	states										"             state_name
id                     
8   play_stimulus_sound"
958.582065	0.23600000000010368	states										"   state_name
id           
9      cpoke1"
958.818065	0.20100800000000163	states										"        state_name
id                
12  temp_violation"
959.019073	1.4479949999999917	states										"         state_name
id                 
6   wait_for_cpoke1"
960.467068	0.0015029999999569554	states										"             state_name
id                     
8   play_stimulus_sound"
960.468571	0.1425010000000384	states										"   state_name
id           
9      cpoke1"
960.611072	0.20099299999992581	states										"        state_name
id                
12  temp_violation"
960.812065	39.30650000000003	states										"         state_name
id                 
6   wait_for_cpoke1"
1000.118565	0.0014999999999645297	states										"             state_name
id                     
8   play_stimulus_sound"
1000.120065	0.12000000000000455	states										"   state_name
id           
9      cpoke1"
1000.240065	0.2010050000000092	states										"        state_name
id                
12  temp_violation"
1000.44107	0.0015110000000504442	states										"             state_name
id                     
8   play_stimulus_sound"
1000.442581	0.5724880000000212	states										"   state_name
id           
9      cpoke1"
1001.015069	0.20101199999999153	states										"        state_name
id                
12  temp_violation"
1001.216081	40.70248399999991	states										"         state_name
id                 
6   wait_for_cpoke1"
1041.918565	0.0015160000000378204	states										"             state_name
id                     
8   play_stimulus_sound"
1041.920081	0.2014839999999367	states										"   state_name
id           
9      cpoke1"
1042.121565	0.20100000000002183	states										"        state_name
id                
12  temp_violation"
1042.322565	1.5135000000000218	states										"         state_name
id                 
6   wait_for_cpoke1"
1043.836065	0.0015000000000782165	states										"             state_name
id                     
8   play_stimulus_sound"
1043.837565	0.08450100000004568	states										"   state_name
id           
9      cpoke1"
1043.922066	0.20100299999990057	states										"        state_name
id                
12  temp_violation"
1044.123069	50.44300199999998	states										"         state_name
id                 
6   wait_for_cpoke1"
1094.566071	0.001494000000093365	states										"             state_name
id                     
8   play_stimulus_sound"
1094.567565	0.02250600000002123	states										"   state_name
id           
9      cpoke1"
1094.590071	0.20100000000002183	states										"        state_name
id                
12  temp_violation"
1094.791071	0.6690099999998438	states										"         state_name
id                 
6   wait_for_cpoke1"
1095.460081	0.0014840000001186127	states										"             state_name
id                     
8   play_stimulus_sound"
1095.461565	0.032999999999901775	states										"   state_name
id           
9      cpoke1"
1095.494565	0.20100000000002183	states										"        state_name
id                
12  temp_violation"
1095.695565	0.5824999999999818	states										"         state_name
id                 
6   wait_for_cpoke1"
1096.278065	0.0015000000000782165	states										"             state_name
id                     
8   play_stimulus_sound"
1096.279565	1.2040159999999105	states										"   state_name
id           
9      cpoke1"
1097.483581	0.20098400000006222	states										"        state_name
id                
12  temp_violation"
1097.684565	0.0015000000000782165	states										"             state_name
id                     
8   play_stimulus_sound"
1097.686065	0.06601599999999053	states										"   state_name
id           
9      cpoke1"
1097.752081	0.2009899999998197	states										"        state_name
id                
12  temp_violation"
1097.953071	32.179510000000164	states										"         state_name
id                 
6   wait_for_cpoke1"
1130.132581	0.001485000000002401	states										"             state_name
id                     
8   play_stimulus_sound"
1130.134066	0.06349899999986519	states										"   state_name
id           
9      cpoke1"
1130.197565	0.20100999999999658	states										"        state_name
id                
12  temp_violation"
1130.398575	0.6444970000000012	states										"         state_name
id                 
6   wait_for_cpoke1"
1131.043072	0.001492999999982203	states										"             state_name
id                     
8   play_stimulus_sound"
1131.044565	1.2395000000001346	states										"   state_name
id           
9      cpoke1"
1132.284065	0.20100600000000668	states										"        state_name
id                
12  temp_violation"
1132.485071	12.199509999999918	states										"         state_name
id                 
6   wait_for_cpoke1"
1144.684581	0.001485000000002401	states										"             state_name
id                     
8   play_stimulus_sound"
1144.686066	1.493509000000131	states										"   state_name
id           
9      cpoke1"
1146.179575	0.2009899999998197	states										"        state_name
id                
12  temp_violation"
1146.380565	0.4155000000000655	states										"         state_name
id                 
6   wait_for_cpoke1"
1146.796065	0.0015000000000782165	states										"             state_name
id                     
8   play_stimulus_sound"
1146.797565	1.6989999999998417	states										"   state_name
id           
9      cpoke1"
1148.496565	0.010509000000183732	states										"           state_name
id                   
13  center_2_side_gap"
1148.507074	0.5004919999998947	states										"        state_name
id                
17  wait_for_spoke"
1149.007566	0.0004989999999907013	states										"     state_name
id             
22  left_reward"
1149.008065	2.000500000000102	states										"   state_name
id           
24  hit_state"
1151.008565	1.00100499999985	states										"          state_name
id                  
29  soft_drink_state"
1152.00957	1.0009950000001027	states										"   state_name
id           
26    warning"
1153.010565	0.0009999999999763531	states										"        state_name
id                
30  clean_up_state"
1153.012065	9.926000000000158	trials	1.0	1.0	-1.0			0.0	0.0	l	-1.0	
1153.012065	9.926000000000158	states										"   state_name
id           
0     state_0"
1153.012065	0.016000000000076398	states										"          state_name
id                  
1   sending_trialnum"
1153.028065	0.009500000000116415	states										"           state_name
id                   
3   clean_sound_state"
1153.037565	0.0015109999999367574	states										"   state_name
id           
4         iti"
1153.039076	1.569488999999976	states										"         state_name
id                 
6   wait_for_cpoke1"
1154.608565	0.0015000000000782165	states										"             state_name
id                     
8   play_stimulus_sound"
1154.610065	1.6159999999999854	states										"   state_name
id           
9      cpoke1"
1156.226065	0.20101399999998648	states										"        state_name
id                
12  temp_violation"
1156.427079	0.13950199999999313	states										"         state_name
id                 
6   wait_for_cpoke1"
1156.566581	0.001483999999891239	states										"             state_name
id                     
8   play_stimulus_sound"
1156.568065	1.699004000000059	states										"   state_name
id           
9      cpoke1"
1158.267069	0.010995999999977357	states										"           state_name
id                   
13  center_2_side_gap"
1158.278065	0.6565160000000105	states										"        state_name
id                
17  wait_for_spoke"
1158.934581	0.00048599999990983633	states										"     state_name
id             
22  left_reward"
1158.935067	2.000001000000111	states										"   state_name
id           
24  hit_state"
1160.935068	1.0009970000000976	states										"          state_name
id                  
29  soft_drink_state"
1161.936065	1.001006999999845	states										"   state_name
id           
26    warning"
1162.937072	0.0009930000001077133	states										"        state_name
id                
30  clean_up_state"
1162.938565	8.612006000000065	trials	1.0	1.0	1.0			0.0	0.0	r	1.0	
1162.938565	8.612006000000065	states										"   state_name
id           
0     state_0"
1162.938565	0.016016000000036	states										"          state_name
id                  
1   sending_trialnum"
1162.954581	0.009490000000141663	states										"           state_name
id                   
3   clean_sound_state"
1162.964071	0.0014939999998659914	states										"   state_name
id           
4         iti"
1162.965565	0.15200000000004366	states										"         state_name
id                 
6   wait_for_cpoke1"
1163.117565	0.0015080000000580185	states										"             state_name
id                     
8   play_stimulus_sound"
1163.119073	1.6769919999999274	states										"   state_name
id           
9      cpoke1"
1164.796065	0.20100999999999658	states										"        state_name
id                
12  temp_violation"
1164.997075	0.13248999999996158	states										"         state_name
id                 
6   wait_for_cpoke1"
1165.129565	0.001504999999951906	states										"             state_name
id                     
8   play_stimulus_sound"
1165.13107	1.6995110000000295	states										"   state_name
id           
9      cpoke1"
1166.830581	0.010492999999996755	states										"           state_name
id                   
13  center_2_side_gap"
1166.841074	0.4094910000001164	states										"        state_name
id                
17  wait_for_spoke"
1167.250565	0.0005049999999755528	states										"      state_name
id              
23  right_reward"
1167.25107	2.0000170000000708	states										"   state_name
id           
24  hit_state"
1169.251087	1.2974779999999555	states										"          state_name
id                  
29  soft_drink_state"
1170.548565	1.0009999999999764	states										"   state_name
id           
26    warning"
1171.549565	0.0010059999999612046	states										"        state_name
id                
30  clean_up_state"
1171.551072	12.514993000000004	trials	1.0	1.0	-1.0			0.0	0.0	l	-1.0	
1171.551072	12.514993000000004	states										"   state_name
id           
0     state_0"
1171.551072	0.0160040000000663	states										"          state_name
id                  
1   sending_trialnum"
1171.567076	0.0094890000000305	states										"           state_name
id                   
3   clean_sound_state"
1171.576565	0.0009999999999763531	states										"   state_name
id           
4         iti"
1171.577565	1.856510999999955	states										"         state_name
id                 
6   wait_for_cpoke1"
1173.434076	0.001488999999992302	states										"             state_name
id                     
8   play_stimulus_sound"
1173.435565	1.6805159999998978	states										"   state_name
id           
9      cpoke1"
1175.116081	0.20098700000016834	states										"        state_name
id                
12  temp_violation"
1175.317068	0.268004000000019	states										"         state_name
id                 
6   wait_for_cpoke1"
1175.585072	0.001492999999982203	states										"             state_name
id                     
8   play_stimulus_sound"
1175.586565	1.5025040000000445	states										"   state_name
id           
9      cpoke1"
1177.089069	0.20099599999980455	states										"        state_name
id                
12  temp_violation"
1177.290065	0.7695000000001073	states										"         state_name
id                 
6   wait_for_cpoke1"
1178.059565	0.0015080000000580185	states										"             state_name
id                     
8   play_stimulus_sound"
1178.061073	1.6995079999999234	states										"   state_name
id           
9      cpoke1"
1179.760581	0.010984999999891443	states										"           state_name
id                   
13  center_2_side_gap"
1179.771566	0.29100500000004104	states										"        state_name
id                
17  wait_for_spoke"
1180.062571	0.0005009999999856518	states										"     state_name
id             
22  left_reward"
1180.063072	2.000493000000006	states										"   state_name
id           
24  hit_state"
1182.063565	1.0005160000000615	states										"          state_name
id                  
29  soft_drink_state"
1183.064081	1.0009860000000117	states										"   state_name
id           
26    warning"
1184.065067	0.0009979999999814027	states										"        state_name
id                
30  clean_up_state"
1184.066565	73.8889999999999	trials	0.0	1.0	-1.0			0.0	0.0	l	-1.0	
1184.066565	73.8889999999999	states										"   state_name
id           
0     state_0"
1184.066565	0.015999999999849024	states										"          state_name
id                  
1   sending_trialnum"
1184.082565	0.009510999999974956	states										"           state_name
id                   
3   clean_sound_state"
1184.092076	0.001488999999992302	states										"   state_name
id           
4         iti"
1184.093565	0.18251600000007784	states										"         state_name
id                 
6   wait_for_cpoke1"
1184.276081	0.0014840000001186127	states										"             state_name
id                     
8   play_stimulus_sound"
1184.277565	1.65099999999984	states										"   state_name
id           
9      cpoke1"
1185.928565	0.20100000000002183	states										"        state_name
id                
12  temp_violation"
1186.129565	0.9730160000001433	states										"         state_name
id                 
6   wait_for_cpoke1"
1187.102581	0.001483999999891239	states										"             state_name
id                     
8   play_stimulus_sound"
1187.104065	0.01900599999999031	states										"   state_name
id           
9      cpoke1"
1187.123071	0.20100999999999658	states										"        state_name
id                
12  temp_violation"
1187.324081	0.0014840000001186127	states										"             state_name
id                     
8   play_stimulus_sound"
1187.325565	0.08799999999996544	states										"   state_name
id           
9      cpoke1"
1187.413565	0.20100000000002183	states										"        state_name
id                
12  temp_violation"
1187.614565	0.001500999999962005	states										"             state_name
id                     
8   play_stimulus_sound"
1187.616066	1.6070059999999557	states										"   state_name
id           
9      cpoke1"
1189.223072	0.20099299999992581	states										"        state_name
id                
12  temp_violation"
1189.424065	52.007500000000164	states										"         state_name
id                 
6   wait_for_cpoke1"
1241.431565	0.0015059999998356943	states										"             state_name
id                     
8   play_stimulus_sound"
1241.433071	0.7484940000001643	states										"   state_name
id           
9      cpoke1"
1242.181565	0.20100000000002183	states										"        state_name
id                
12  temp_violation"
1242.382565	6.385499999999865	states										"         state_name
id                 
6   wait_for_cpoke1"
1248.768065	0.0015000000000782165	states										"             state_name
id                     
8   play_stimulus_sound"
1248.769565	1.1355189999999311	states										"   state_name
id           
9      cpoke1"
1249.905084	0.2009809999999561	states										"        state_name
id                
12  temp_violation"
1250.106065	0.6845060000000558	states										"         state_name
id                 
6   wait_for_cpoke1"
1250.790571	0.0014949999999771535	states										"             state_name
id                     
8   play_stimulus_sound"
1250.792066	1.1310040000000754	states										"   state_name
id           
9      cpoke1"
1251.92307	0.20099499999992076	states										"        state_name
id                
12  temp_violation"
1252.124065	0.5914999999999964	states										"         state_name
id                 
6   wait_for_cpoke1"
1252.715565	0.001504999999951906	states										"             state_name
id                     
8   play_stimulus_sound"
1252.71707	1.69949500000007	states										"   state_name
id           
9      cpoke1"
1254.416565	0.01050800000007257	states										"           state_name
id                   
13  center_2_side_gap"
1254.427073	0.5254919999999856	states										"        state_name
id                
17  wait_for_spoke"
1254.952565	0.0014999999998508429	states										"      state_name
id              
18  error_state1"
1254.954065	3.000500000000102	states										"     state_name
id             
19  error_state"
1257.954565	0.0009999999999763531	states										"        state_name
id                
30  clean_up_state"
1257.956065	12.427007000000003	trials	1.0	0.0	1.0	2.0	-0.30050699999992503	0.0	0.0	r	1.0	
1257.956065	12.427007000000003	states										"   state_name
id           
0     state_0"
1257.956065	0.015999999999849024	states										"          state_name
id                  
1   sending_trialnum"
1257.972065	0.009502000000111366	states										"           state_name
id                   
3   clean_sound_state"
1257.981567	0.0010139999999410065	states										"   state_name
id           
4         iti"
1257.982581	4.088983999999982	states										"         state_name
id                 
6   wait_for_cpoke1"
1262.071565	0.0015069999999468564	states										"             state_name
id                     
8   play_stimulus_sound"
1262.073072	1.699493000000075	states										"   state_name
id           
9      cpoke1"
1263.772565	0.01051099999995131	states										"           state_name
id                   
13  center_2_side_gap"
1263.783076	0.7075050000000829	states										"        state_name
id                
17  wait_for_spoke"
1264.490581	0.0005009999999856518	states										"      state_name
id              
23  right_reward"
1264.491082	2.000483000000031	states										"   state_name
id           
24  hit_state"
1266.491565	2.889509999999973	states										"          state_name
id                  
29  soft_drink_state"
1269.381075	1.0009900000000016	states										"   state_name
id           
26    warning"
1270.382065	0.0010070000000723667	states										"        state_name
id                
30  clean_up_state"
1270.383581	7.733487999999852	trials	0.0	0.0	-1.0	2.0	-0.2999999999999545	0.0	0.0	l	-1.0	
1270.383581	7.733487999999852	states										"   state_name
id           
0     state_0"
1270.383581	0.01598399999988942	states										"          state_name
id                  
1   sending_trialnum"
1270.399565	0.00952000000006592	states										"           state_name
id                   
3   clean_sound_state"
1270.409085	0.001479999999901338	states										"   state_name
id           
4         iti"
1270.410565	2.5770010000001093	states										"         state_name
id                 
6   wait_for_cpoke1"
1272.987566	0.00151400000004287	states										"             state_name
id                     
8   play_stimulus_sound"
1272.98908	1.7000000000000455	states										"   state_name
id           
9      cpoke1"
1274.68908	0.010984999999891443	states										"           state_name
id                   
13  center_2_side_gap"
1274.700065	0.41350099999999657	states										"        state_name
id                
17  wait_for_spoke"
1275.113566	0.0015029999999569554	states										"      state_name
id              
18  error_state1"
1275.115069	3.0009959999999865	states										"     state_name
id             
19  error_state"
1278.116065	0.0010039999999662541	states										"        state_name
id                
30  clean_up_state"
1278.117565	95.86599999999999	trials	1.0	1.0	1.0			0.0	0.0	r	1.0	
1278.117565	95.86599999999999	states										"   state_name
id           
0     state_0"
1278.117565	0.016000000000076398	states										"          state_name
id                  
1   sending_trialnum"
1278.133565	0.009513999999853695	states										"           state_name
id                   
3   clean_sound_state"
1278.143079	0.0014860000001135631	states										"   state_name
id           
4         iti"
1278.144565	0.596505999999863	states										"         state_name
id                 
6   wait_for_cpoke1"
1278.741071	0.001494000000093365	states										"             state_name
id                     
8   play_stimulus_sound"
1278.742565	1.6535160000000815	states										"   state_name
id           
9      cpoke1"
1280.396081	0.2009899999998197	states										"        state_name
id                
12  temp_violation"
1280.597071	0.001510000000052969	states										"             state_name
id                     
8   play_stimulus_sound"
1280.598581	1.2859840000000986	states										"   state_name
id           
9      cpoke1"
1281.884565	0.20100000000002183	states										"        state_name
id                
12  temp_violation"
1282.085565	0.48499999999989996	states										"         state_name
id                 
6   wait_for_cpoke1"
1282.570565	0.0015160000000378204	states										"             state_name
id                     
8   play_stimulus_sound"
1282.572081	1.1159940000000006	states										"   state_name
id           
9      cpoke1"
1283.688075	0.20099800000002688	states										"        state_name
id                
12  temp_violation"
1283.889073	71.54499199999987	states										"         state_name
id                 
6   wait_for_cpoke1"
1355.434065	0.0015160000000378204	states										"             state_name
id                     
8   play_stimulus_sound"
1355.435581	1.4794899999999416	states										"   state_name
id           
9      cpoke1"
1356.915071	0.20100999999999658	states										"        state_name
id                
12  temp_violation"
1357.116081	1.6010020000001077	states										"         state_name
id                 
6   wait_for_cpoke1"
1358.717083	0.0014819999998962885	states										"             state_name
id                     
8   play_stimulus_sound"
1358.718565	1.2260000000001128	states										"   state_name
id           
9      cpoke1"
1359.944565	0.20100000000002183	states										"        state_name
id                
12  temp_violation"
1360.145565	0.19249999999988177	states										"         state_name
id                 
6   wait_for_cpoke1"
1360.338065	0.0015160000000378204	states										"             state_name
id                     
8   play_stimulus_sound"
1360.339581	1.4654920000000402	states										"   state_name
id           
9      cpoke1"
1361.805073	0.20099200000004203	states										"        state_name
id                
12  temp_violation"
1362.006065	1.8399999999999181	states										"         state_name
id                 
6   wait_for_cpoke1"
1363.846065	0.0015000000000782165	states										"             state_name
id                     
8   play_stimulus_sound"
1363.847565	1.1984999999999673	states										"   state_name
id           
9      cpoke1"
1365.046065	0.20100699999989047	states										"        state_name
id                
12  temp_violation"
1365.247072	0.0014930000002095767	states										"             state_name
id                     
8   play_stimulus_sound"
1365.248565	0.8525069999998323	states										"   state_name
id           
9      cpoke1"
1366.101072	0.20100400000001173	states										"        state_name
id                
12  temp_violation"
1366.302076	0.6324890000000778	states										"         state_name
id                 
6   wait_for_cpoke1"
1366.934565	0.0015000000000782165	states										"             state_name
id                     
8   play_stimulus_sound"
1366.936065	1.7010069999998905	states										"   state_name
id           
9      cpoke1"
1368.637072	0.010993000000098618	states										"           state_name
id                   
13  center_2_side_gap"
1368.648065	0.4679999999998472	states										"        state_name
id                
17  wait_for_spoke"
1369.116065	0.0005000000001018634	states										"      state_name
id              
23  right_reward"
1369.116565	2.0000159999999596	states										"   state_name
id           
24  hit_state"
1371.116581	1.865483999999924	states										"          state_name
id                  
29  soft_drink_state"
1372.982065	1.0005160000000615	states										"   state_name
id           
26    warning"
1373.982581	0.0009840000000167493	states										"        state_name
id                
30  clean_up_state"
1373.984065	10.155007999999953	trials	1.0	1.0	-1.0			0.0	0.0	l	-1.0	
1373.984065	10.155007999999953	states										"   state_name
id           
0     state_0"
1373.984065	0.016015999999808628	states										"          state_name
id                  
1   sending_trialnum"
1374.000081	0.009484000000156811	states										"           state_name
id                   
3   clean_sound_state"
1374.009565	0.001015999999935957	states										"   state_name
id           
4         iti"
1374.010581	0.8099839999999858	states										"         state_name
id                 
6   wait_for_cpoke1"
1374.820565	0.0015000000000782165	states										"             state_name
id                     
8   play_stimulus_sound"
1374.822065	1.703499999999849	states										"   state_name
id           
9      cpoke1"
1376.525565	0.20101599999998143	states										"        state_name
id                
12  temp_violation"
1376.726581	0.9139840000000277	states										"         state_name
id                 
6   wait_for_cpoke1"
1377.640565	0.0015000000000782165	states										"             state_name
id                     
8   play_stimulus_sound"
1377.642065	1.7010040000000117	states										"   state_name
id           
9      cpoke1"
1379.343069	0.010512000000062471	states										"           state_name
id                   
13  center_2_side_gap"
1379.353581	0.41248399999994945	states										"        state_name
id                
17  wait_for_spoke"
1379.766065	0.0004999999998744897	states										"     state_name
id             
22  left_reward"
1379.766565	2.0005100000000766	states										"   state_name
id           
24  hit_state"
1381.767075	1.369999000000007	states										"          state_name
id                  
29  soft_drink_state"
1383.137074	1.0009910000001128	states										"   state_name
id           
26    warning"
1384.138065	0.001007999999956155	states										"        state_name
id                
30  clean_up_state"
1384.139565	6.586500000000115	trials	1.0	0.0	-1.0	2.0	-0.29850200000009863	0.0	0.0	l	-1.0	
1384.139565	6.586500000000115	states										"   state_name
id           
0     state_0"
1384.139565	0.016000000000076398	states										"          state_name
id                  
1   sending_trialnum"
1384.155565	0.009514000000081069	states										"           state_name
id                   
3   clean_sound_state"
1384.165079	0.0014859999998861895	states										"   state_name
id           
4         iti"
1384.166565	0.3730000000000473	states										"         state_name
id                 
6   wait_for_cpoke1"
1384.539565	0.0015080000000580185	states										"             state_name
id                     
8   play_stimulus_sound"
1384.541073	1.7014979999999014	states										"   state_name
id           
9      cpoke1"
1386.242571	0.010993999999982407	states										"           state_name
id                   
13  center_2_side_gap"
1386.253565	0.4685059999999339	states										"        state_name
id                
17  wait_for_spoke"
1386.722071	0.0005100000000766158	states										"     state_name
id             
22  left_reward"
1386.722581	2.000489000000016	states										"   state_name
id           
24  hit_state"
1388.72307	1.0009950000001027	states										"          state_name
id                  
29  soft_drink_state"
1389.724065	1.00100899999984	states										"   state_name
id           
26    warning"
1390.725074	0.0009910000001127628	states										"        state_name
id                
30  clean_up_state"
1390.726565	40.02200000000016	trials	1.0	1.0	-1.0			0.0	0.0	l	-1.0	
1390.726565	40.02200000000016	states										"   state_name
id           
0     state_0"
1390.726565	0.016016000000036	states										"          state_name
id                  
1   sending_trialnum"
1390.742581	0.009483999999929438	states										"           state_name
id                   
3   clean_sound_state"
1390.752065	0.0010050000000774162	states										"   state_name
id           
4         iti"
1390.75307	31.66149500000006	states										"         state_name
id                 
6   wait_for_cpoke1"
1422.414565	0.0014999999998508429	states										"             state_name
id                     
8   play_stimulus_sound"
1422.416065	1.4335080000000744	states										"   state_name
id           
9      cpoke1"
1423.849573	0.20099200000004203	states										"        state_name
id                
12  temp_violation"
1424.050565	0.4345149999999194	states										"         state_name
id                 
6   wait_for_cpoke1"
1424.48508	0.001485000000002401	states										"             state_name
id                     
8   play_stimulus_sound"
1424.486565	1.7020160000001852	states										"   state_name
id           
9      cpoke1"
1426.188581	0.01098399999978028	states										"           state_name
id                   
13  center_2_side_gap"
1426.199565	0.5455040000001645	states										"        state_name
id                
17  wait_for_spoke"
1426.745069	0.0004959999998845888	states										"     state_name
id             
22  left_reward"
1426.745565	2.000001999999995	states										"   state_name
id           
24  hit_state"
1428.745567	1.0009979999999814	states										"          state_name
id                  
29  soft_drink_state"
1429.746565	1.0010160000001633	states										"   state_name
id           
26    warning"
1430.747581	0.0009840000000167493	states										"        state_name
id                
30  clean_up_state"
1430.749072	5.648508999999876	trials	0.0	0.0	-1.0	2.0	-0.2980000000000018	0.0	0.0	l	-1.0	
1430.749072	5.648508999999876	states										"   state_name
id           
0     state_0"
1430.749072	0.016000999999960186	states										"          state_name
id                  
1   sending_trialnum"
1430.765073	0.00949199999990924	states										"           state_name
id                   
3   clean_sound_state"
1430.774565	0.0010059999999612046	states										"   state_name
id           
4         iti"
1430.775571	0.4210000000000491	states										"         state_name
id                 
6   wait_for_cpoke1"
1431.196571	0.001494000000093365	states										"             state_name
id                     
8   play_stimulus_sound"
1431.198065	1.7019999999999982	states										"   state_name
id           
9      cpoke1"
1432.900065	0.010516000000052372	states										"           state_name
id                   
13  center_2_side_gap"
1432.910581	0.48298499999987143	states										"        state_name
id                
17  wait_for_spoke"
1433.393566	0.0015149999999266583	states										"      state_name
id              
18  error_state1"
1433.395081	3.0014900000001035	states										"     state_name
id             
19  error_state"
1436.396571	0.0010099999999511056	states										"        state_name
id                
30  clean_up_state"
1436.398075	7.774005999999872	trials	1.0	0.0	-1.0	2.0	-0.2965110000000095	0.0	0.0	l	-1.0	
1436.398075	7.774005999999872	states										"   state_name
id           
0     state_0"
1436.398075	0.015994999999975335	states										"          state_name
id                  
1   sending_trialnum"
1436.41407	0.009497999999894091	states										"           state_name
id                   
3   clean_sound_state"
1436.423568	0.0010130000000572181	states										"   state_name
id           
4         iti"
1436.424581	0.5449840000001132	states										"         state_name
id                 
6   wait_for_cpoke1"
1436.969565	0.0015109999999367574	states										"             state_name
id                     
8   play_stimulus_sound"
1436.971076	1.7034889999999905	states										"   state_name
id           
9      cpoke1"
1438.674565	0.010510000000067521	states										"           state_name
id                   
13  center_2_side_gap"
1438.685075	0.692489999999907	states										"        state_name
id                
17  wait_for_spoke"
1439.377565	0.0005000000001018634	states										"     state_name
id             
22  left_reward"
1439.378065	2.0	states										"   state_name
id           
24  hit_state"
1441.378065	1.7924999999997908	states										"          state_name
id                  
29  soft_drink_state"
1443.170565	1.0005110000001878	states										"   state_name
id           
26    warning"
1444.171076	0.0010049999998500425	states										"        state_name
id                
30  clean_up_state"
1444.172581	6.794486000000006	trials	1.0	0.0	-1.0	2.0	-0.2960000000000491	0.0	0.0	l	-1.0	
1444.172581	6.794486000000006	states										"   state_name
id           
0     state_0"
1444.172581	0.01598399999988942	states										"          state_name
id                  
1   sending_trialnum"
1444.188565	0.009500000000116415	states										"           state_name
id                   
3   clean_sound_state"
1444.198065	0.0010059999999612046	states										"   state_name
id           
4         iti"
1444.199071	0.4429939999999988	states										"         state_name
id                 
6   wait_for_cpoke1"
1444.642065	0.0015000000000782165	states										"             state_name
id                     
8   play_stimulus_sound"
1444.643565	1.7039999999999509	states										"   state_name
id           
9      cpoke1"
1446.347565	0.010499999999865395	states										"           state_name
id                   
13  center_2_side_gap"
1446.358065	0.605509000000211	states										"        state_name
id                
17  wait_for_spoke"
1446.963574	0.0005009999999856518	states										"     state_name
id             
22  left_reward"
1446.964075	2.0004899999998997	states										"   state_name
id           
24  hit_state"
1448.964565	1.0005069999999705	states										"          state_name
id                  
29  soft_drink_state"
1449.965072	1.0009930000001077	states										"   state_name
id           
26    warning"
1450.966065	0.0010019999999713036	states										"        state_name
id                
30  clean_up_state"
1450.967567	7.4135049999999865	trials	1.0	0.0	-1.0	2.0	-0.29498999999987063	0.0	0.0	l	-1.0	
1450.967567	7.4135049999999865	states										"   state_name
id           
0     state_0"
1450.967567	0.0160040000000663	states										"          state_name
id                  
1   sending_trialnum"
1450.983571	0.009499000000005253	states										"           state_name
id                   
3   clean_sound_state"
1450.99307	0.0015109999999367574	states										"   state_name
id           
4         iti"
1450.994581	1.1970000000001164	states										"         state_name
id                 
6   wait_for_cpoke1"
1452.191581	0.0014899999998760904	states										"             state_name
id                     
8   play_stimulus_sound"
1452.193071	1.7050100000001294	states										"   state_name
id           
9      cpoke1"
1453.898081	0.010992999999871245	states										"           state_name
id                   
13  center_2_side_gap"
1453.909074	0.4680040000000645	states										"        state_name
id                
17  wait_for_spoke"
1454.377078	0.0004870000000209984	states										"     state_name
id             
22  left_reward"
1454.377565	2.000500000000102	states										"   state_name
id           
24  hit_state"
1456.378065	1.001006999999845	states										"          state_name
id                  
29  soft_drink_state"
1457.379072	1.0009930000001077	states										"   state_name
id           
26    warning"
1458.380065	0.001006999999844993	states										"        state_name
id                
30  clean_up_state"
1458.381581	6.56648499999983	trials	1.0	0.0	1.0	2.0	-0.2940000000000964	0.0	0.0	r	1.0	
1458.381581	6.56648499999983	states										"   state_name
id           
0     state_0"
1458.381581	0.01598399999988942	states										"          state_name
id                  
1   sending_trialnum"
1458.397565	0.009506000000101267	states										"           state_name
id                   
3   clean_sound_state"
1458.407071	0.0014939999998659914	states										"   state_name
id           
4         iti"
1458.408565	0.2799999999999727	states										"         state_name
id                 
6   wait_for_cpoke1"
1458.688565	0.0015000000000782165	states										"             state_name
id                     
8   play_stimulus_sound"
1458.690065	1.7059999999999036	states										"   state_name
id           
9      cpoke1"
1460.396065	0.011007000000063272	states										"           state_name
id                   
13  center_2_side_gap"
1460.407072	0.5369929999999385	states										"        state_name
id                
17  wait_for_spoke"
1460.944065	0.0005160000000614673	states										"      state_name
id              
23  right_reward"
1460.944581	2.000495000000001	states										"   state_name
id           
24  hit_state"
1462.945076	1.0009890000001178	states										"          state_name
id                  
29  soft_drink_state"
1463.946065	1.0010019999999713	states										"   state_name
id           
26    warning"
1464.947067	0.000998999999865191	states										"        state_name
id                
30  clean_up_state"
1464.948565	9.934006000000181	trials	1.0	1.0	-1.0			0.0	0.0	l	-1.0	
1464.948565	9.934006000000181	states										"   state_name
id           
0     state_0"
1464.948565	0.016000000000076398	states										"          state_name
id                  
1   sending_trialnum"
1464.964565	0.009500000000116415	states										"           state_name
id                   
3   clean_sound_state"
1464.974065	0.001006999999844993	states										"   state_name
id           
4         iti"
1464.975072	1.2594930000000204	states										"         state_name
id                 
6   wait_for_cpoke1"
1466.234565	0.0015000000000782165	states										"             state_name
id                     
8   play_stimulus_sound"
1466.236065	1.4265000000000327	states										"   state_name
id           
9      cpoke1"
1467.662565	0.20100000000002183	states										"        state_name
id                
12  temp_violation"
1467.863565	0.3895039999999881	states										"         state_name
id                 
6   wait_for_cpoke1"
1468.253069	0.001495999999860942	states										"             state_name
id                     
8   play_stimulus_sound"
1468.254565	1.7070000000001073	states										"   state_name
id           
9      cpoke1"
1469.961565	0.010499999999865395	states										"           state_name
id                   
13  center_2_side_gap"
1469.972065	0.6340000000000146	states										"        state_name
id                
17  wait_for_spoke"
1470.606065	0.0005000000001018634	states										"     state_name
id             
22  left_reward"
1470.606565	2.0005089999999655	states										"   state_name
id           
24  hit_state"
1472.607074	1.2735069999998814	states										"          state_name
id                  
29  soft_drink_state"
1473.880581	1.0009840000000167	states										"   state_name
id           
26    warning"
1474.881565	0.0010060000001885783	states										"        state_name
id                
30  clean_up_state"
1474.883072	30.48500899999999	trials	1.0	0.0	-1.0	2.0	-0.2929980000001251	0.0	0.0	l	-1.0	
1474.883072	30.48500899999999	states										"   state_name
id           
0     state_0"
1474.883072	0.016000999999960186	states										"          state_name
id                  
1   sending_trialnum"
1474.899073	0.00949199999990924	states										"           state_name
id                   
3   clean_sound_state"
1474.908565	0.0009999999999763531	states										"   state_name
id           
4         iti"
1474.909565	22.86500000000001	states										"         state_name
id                 
6   wait_for_cpoke1"
1497.774565	0.0015000000000782165	states										"             state_name
id                     
8   play_stimulus_sound"
1497.776065	1.707001999999875	states										"   state_name
id           
9      cpoke1"
1499.483067	0.011004000000184533	states										"           state_name
id                   
13  center_2_side_gap"
1499.494071	0.649014999999963	states										"        state_name
id                
17  wait_for_spoke"
1500.143086	0.00047900000004119647	states										"     state_name
id             
22  left_reward"
1500.143565	2.000000999999884	states										"   state_name
id           
24  hit_state"
1502.143566	2.2224989999999707	states										"          state_name
id                  
29  soft_drink_state"
1504.366065	1.0010120000001734	states										"   state_name
id           
26    warning"
1505.367077	0.0010039999999662541	states										"        state_name
id                
30  clean_up_state"
1505.368581	10.140984000000117	trials	1.0	0.0	-1.0	2.0	-0.2915090000001328	0.0	0.0	l	-1.0	
1505.368581	10.140984000000117	states										"   state_name
id           
0     state_0"
1505.368581	0.016000000000076398	states										"          state_name
id                  
1   sending_trialnum"
1505.384581	0.009483999999929438	states										"           state_name
id                   
3   clean_sound_state"
1505.394065	0.001011999999946056	states										"   state_name
id           
4         iti"
1505.395077	3.6884880000000067	states										"         state_name
id                 
6   wait_for_cpoke1"
1509.083565	0.0015090000001691806	states										"             state_name
id                     
8   play_stimulus_sound"
1509.085074	1.7084909999998672	states										"   state_name
id           
9      cpoke1"
1510.793565	0.010999999999967258	states										"           state_name
id                   
13  center_2_side_gap"
1510.804565	0.7019999999999982	states										"        state_name
id                
17  wait_for_spoke"
1511.506565	0.0005040000000917644	states										"     state_name
id             
22  left_reward"
1511.507069	2.0	states										"   state_name
id           
24  hit_state"
1513.507069	1.0005009999999857	states										"          state_name
id                  
29  soft_drink_state"
1514.50757	1.0009999999999764	states										"   state_name
id           
26    warning"
1515.50857	0.0009950000001026638	states										"        state_name
id                
30  clean_up_state"
1515.510065	6.121010999999953	trials	0.0	1.0	1.0			0.0	0.0	r	1.0	
1515.510065	6.121010999999953	states										"   state_name
id           
0     state_0"
1515.510065	0.016000000000076398	states										"          state_name
id                  
1   sending_trialnum"
1515.526065	0.009501999999883992	states										"           state_name
id                   
3   clean_sound_state"
1515.535567	0.0010140000001683802	states										"   state_name
id           
4         iti"
1515.536581	0.19598399999995308	states										"         state_name
id                 
6   wait_for_cpoke1"
1515.732565	0.0015000000000782165	states										"             state_name
id                     
8   play_stimulus_sound"
1515.734065	0.2684999999999036	states										"   state_name
id           
9      cpoke1"
1516.002565	0.20101599999998143	states										"        state_name
id                
12  temp_violation"
1516.203581	0.0014869999999973516	states										"             state_name
id                     
8   play_stimulus_sound"
1516.205068	1.7090129999999135	states										"   state_name
id           
9      cpoke1"
1517.914081	0.010991000000103668	states										"           state_name
id                   
13  center_2_side_gap"
1517.925072	0.7020030000001043	states										"        state_name
id                
17  wait_for_spoke"
1518.627075	0.0015059999998356943	states										"      state_name
id              
18  error_state1"
1518.628581	3.0014840000001186	states										"     state_name
id             
19  error_state"
1521.630065	0.001010999999834894	states										"        state_name
id                
30  clean_up_state"
1521.631567	10.034497999999985	trials	1.0	0.0	1.0	2.0	-0.2909939999999551	0.0	0.0	r	1.0	
1521.631567	10.034497999999985	states										"   state_name
id           
0     state_0"
1521.631567	0.015998000000081447	states										"          state_name
id                  
1   sending_trialnum"
1521.647565	0.00951600000007602	states										"           state_name
id                   
3   clean_sound_state"
1521.657081	0.001483999999891239	states										"   state_name
id           
4         iti"
1521.658565	3.0815000000000055	states										"         state_name
id                 
6   wait_for_cpoke1"
1524.740065	0.0015000000000782165	states										"             state_name
id                     
8   play_stimulus_sound"
1524.741565	1.7090060000000449	states										"   state_name
id           
9      cpoke1"
1526.450571	0.010505999999850246	states										"           state_name
id                   
13  center_2_side_gap"
1526.461077	0.5994940000000497	states										"        state_name
id                
17  wait_for_spoke"
1527.060571	0.0005009999999856518	states										"      state_name
id              
23  right_reward"
1527.061072	2.000493000000006	states										"   state_name
id           
24  hit_state"
1529.061565	1.6024999999999636	states										"          state_name
id                  
29  soft_drink_state"
1530.664065	1.0010039999999663	states										"   state_name
id           
26    warning"
1531.665069	0.0009959999999864522	states										"        state_name
id                
30  clean_up_state"
1531.666565	6.419499999999971	trials	1.0	0.0	-1.0	2.0	-0.2899999999999636	0.0	0.0	l	-1.0	
1531.666565	6.419499999999971	states										"   state_name
id           
0     state_0"
1531.666565	0.016000000000076398	states										"          state_name
id                  
1   sending_trialnum"
1531.682565	0.009499999999889042	states										"           state_name
id                   
3   clean_sound_state"
1531.692065	0.001007999999956155	states										"   state_name
id           
4         iti"
1531.693073	0.156992000000173	states										"         state_name
id                 
6   wait_for_cpoke1"
1531.850065	0.0014999999998508429	states										"             state_name
id                     
8   play_stimulus_sound"
1531.851565	1.7100000000000364	states										"   state_name
id           
9      cpoke1"
1533.561565	0.01100100000007842	states										"           state_name
id                   
13  center_2_side_gap"
1533.572566	0.5105059999998502	states										"        state_name
id                
17  wait_for_spoke"
1534.083072	0.0004930000000058499	states										"     state_name
id             
22  left_reward"
1534.083565	2.0	states										"   state_name
id           
24  hit_state"
1536.083565	1.0010000000002037	states										"          state_name
id                  
29  soft_drink_state"
1537.084565	1.0005069999999705	states										"   state_name
id           
26    warning"
1538.085072	0.0009929999998803396	states										"        state_name
id                
30  clean_up_state"
1538.086565	6.858015999999907	trials	1.0	0.0	-1.0	2.0	-0.28898400000002766	0.0	0.0	l	-1.0	
1538.086565	6.858015999999907	states										"   state_name
id           
0     state_0"
1538.086565	0.015999999999849024	states										"          state_name
id                  
1   sending_trialnum"
1538.102565	0.009500000000116415	states										"           state_name
id                   
3   clean_sound_state"
1538.112065	0.0010050000000774162	states										"   state_name
id           
4         iti"
1538.11307	0.6549949999998717	states										"         state_name
id                 
6   wait_for_cpoke1"
1538.768065	0.0015000000000782165	states										"             state_name
id                     
8   play_stimulus_sound"
1538.769565	1.7110159999999723	states										"   state_name
id           
9      cpoke1"
1540.480581	0.010988999999881344	states										"           state_name
id                   
13  center_2_side_gap"
1540.49157	0.450505000000021	states										"        state_name
id                
17  wait_for_spoke"
1540.942075	0.000490000000127111	states										"     state_name
id             
22  left_reward"
1540.942565	2.0000159999999596	states										"   state_name
id           
24  hit_state"
1542.942581	1.0005009999999857	states										"          state_name
id                  
29  soft_drink_state"
1543.943082	1.0004879999999048	states										"   state_name
id           
26    warning"
1544.94357	0.0010110000000622676	states										"        state_name
id                
30  clean_up_state"
1544.945084	9.318981000000122	trials	1.0	1.0	-1.0			0.0	0.0	l	-1.0	
1544.945084	9.318981000000122	states										"   state_name
id           
0     state_0"
1544.945084	0.015990000000101645	states										"          state_name
id                  
1   sending_trialnum"
1544.961074	0.009497000000010303	states										"           state_name
id                   
3   clean_sound_state"
1544.970571	0.0010039999999662541	states										"   state_name
id           
4         iti"
1544.971575	2.2129899999999907	states										"         state_name
id                 
6   wait_for_cpoke1"
1547.184565	0.0015000000000782165	states										"             state_name
id                     
8   play_stimulus_sound"
1547.186065	0.5879999999999654	states										"   state_name
id           
9      cpoke1"
1547.774065	0.20100699999989047	states										"        state_name
id                
12  temp_violation"
1547.975072	0.001492999999982203	states										"             state_name
id                     
8   play_stimulus_sound"
1547.976565	1.712016000000176	states										"   state_name
id           
9      cpoke1"
1549.688581	0.01098399999978028	states										"           state_name
id                   
13  center_2_side_gap"
1549.699565	0.5610160000001088	states										"        state_name
id                
17  wait_for_spoke"
1550.260581	0.0005000000001018634	states										"     state_name
id             
22  left_reward"
1550.261081	2.000483999999915	states										"   state_name
id           
24  hit_state"
1552.261565	1.0009999999999764	states										"          state_name
id                  
29  soft_drink_state"
1553.262565	1.0005089999999655	states										"   state_name
id           
26    warning"
1554.263074	0.0009910000001127628	states										"        state_name
id                
30  clean_up_state"
1554.264565	6.56250799999998	trials	1.0	0.0	-1.0	2.0	-0.2880000000000109	0.0	0.0	l	-1.0	
1554.264565	6.56250799999998	states										"   state_name
id           
0     state_0"
1554.264565	0.016000000000076398	states										"          state_name
id                  
1   sending_trialnum"
1554.280565	0.009499999999889042	states										"           state_name
id                   
3   clean_sound_state"
1554.290065	0.0010060000001885783	states										"   state_name
id           
4         iti"
1554.291071	0.07249400000000605	states										"         state_name
id                 
6   wait_for_cpoke1"
1554.363565	0.0015069999999468564	states										"             state_name
id                     
8   play_stimulus_sound"
1554.365072	1.711999999999989	states										"   state_name
id           
9      cpoke1"
1556.077072	0.010992999999871245	states										"           state_name
id                   
13  center_2_side_gap"
1556.088065	0.735501000000113	states										"        state_name
id                
17  wait_for_spoke"
1556.823566	0.0004989999999907013	states										"     state_name
id             
22  left_reward"
1556.824065	2.0005160000000615	states										"   state_name
id           
24  hit_state"
1558.824581	1.0005009999999857	states										"          state_name
id                  
29  soft_drink_state"
1559.825082	1.0009829999999056	states										"   state_name
id           
26    warning"
1560.826065	0.001007999999956155	states										"        state_name
id                
30  clean_up_state"
1560.827565	9.129506999999876	trials	0.0	0.0	1.0	2.0	-0.28700000000003456	0.0	0.0	r	1.0	
1560.827565	9.129506999999876	states										"   state_name
id           
0     state_0"
1560.827565	0.015999999999849024	states										"          state_name
id                  
1   sending_trialnum"
1560.843565	0.00950900000020738	states										"           state_name
id                   
3   clean_sound_state"
1560.853074	0.0014909999999872525	states										"   state_name
id           
4         iti"
1560.854565	3.4774999999999636	states										"         state_name
id                 
6   wait_for_cpoke1"
1564.332065	0.0015160000000378204	states										"             state_name
id                     
8   play_stimulus_sound"
1564.333581	1.7129999999999654	states										"   state_name
id           
9      cpoke1"
1566.046581	0.010984000000007654	states										"           state_name
id                   
13  center_2_side_gap"
1566.057565	0.8955079999998361	states										"        state_name
id                
17  wait_for_spoke"
1566.953073	0.0015080000000580185	states										"      state_name
id              
18  error_state1"
1566.954581	3.0014840000001186	states										"     state_name
id             
19  error_state"
1569.956065	0.001006999999844993	states										"        state_name
id                
30  clean_up_state"
1569.957565	45.150499999999965	trials	1.0	1.0	1.0			0.0	0.0	r	1.0	
1569.957565	45.150499999999965	states										"   state_name
id           
0     state_0"
1569.957565	0.016002000000071348	states										"          state_name
id                  
1   sending_trialnum"
1569.973567	0.009504999999990105	states										"           state_name
id                   
3   clean_sound_state"
1569.983072	0.0015089999999418069	states										"   state_name
id           
4         iti"
1569.984581	4.774495999999999	states										"         state_name
id                 
6   wait_for_cpoke1"
1574.759077	0.001494000000093365	states										"             state_name
id                     
8   play_stimulus_sound"
1574.760571	1.700497999999925	states										"   state_name
id           
9      cpoke1"
1576.461069	0.20099600000003193	states										"        state_name
id                
12  temp_violation"
1576.662065	0.17350000000010368	states										"         state_name
id                 
6   wait_for_cpoke1"
1576.835565	0.0015019999998457934	states										"             state_name
id                     
8   play_stimulus_sound"
1576.837067	1.0324980000000323	states										"   state_name
id           
9      cpoke1"
1577.869565	0.20100000000002183	states										"        state_name
id                
12  temp_violation"
1578.070565	0.0015160000000378204	states										"             state_name
id                     
8   play_stimulus_sound"
1578.072081	0.17899199999988014	states										"   state_name
id           
9      cpoke1"
1578.251073	0.20099200000004203	states										"        state_name
id                
12  temp_violation"
1578.452065	0.6370060000001558	states										"         state_name
id                 
6   wait_for_cpoke1"
1579.089071	0.0014939999998659914	states										"             state_name
id                     
8   play_stimulus_sound"
1579.090565	1.5715000000000146	states										"   state_name
id           
9      cpoke1"
1580.662065	0.2010090000001128	states										"        state_name
id                
12  temp_violation"
1580.863074	12.179999999999836	states										"         state_name
id                 
6   wait_for_cpoke1"
1593.043074	0.00150700000017423	states										"             state_name
id                     
8   play_stimulus_sound"
1593.044581	1.3609839999999167	states										"   state_name
id           
9      cpoke1"
1594.405565	0.20100000000002183	states										"        state_name
id                
12  temp_violation"
1594.606565	0.0015160000000378204	states										"             state_name
id                     
8   play_stimulus_sound"
1594.608081	1.1949879999999666	states										"   state_name
id           
9      cpoke1"
1595.803069	0.20099600000003193	states										"        state_name
id                
12  temp_violation"
1596.004065	0.001500999999962005	states										"             state_name
id                     
8   play_stimulus_sound"
1596.005566	0.48350699999991775	states										"   state_name
id           
9      cpoke1"
1596.489073	0.20099200000004203	states										"        state_name
id                
12  temp_violation"
1596.690065	0.2990070000000742	states										"         state_name
id                 
6   wait_for_cpoke1"
1596.989072	0.001492999999982203	states										"             state_name
id                     
8   play_stimulus_sound"
1596.990565	0.3709999999998672	states										"   state_name
id           
9      cpoke1"
1597.361565	0.20100000000002183	states										"        state_name
id                
12  temp_violation"
1597.562565	1.0145090000000891	states										"         state_name
id                 
6   wait_for_cpoke1"
1598.577074	0.0014909999999872525	states										"             state_name
id                     
8   play_stimulus_sound"
1598.578565	1.2970000000000255	states										"   state_name
id           
9      cpoke1"
1599.875565	0.20100000000002183	states										"        state_name
id                
12  temp_violation"
1600.076565	0.0014999999998508429	states										"             state_name
id                     
8   play_stimulus_sound"
1600.078065	0.9284999999999854	states										"   state_name
id           
9      cpoke1"
1601.006565	0.20100000000002183	states										"        state_name
id                
12  temp_violation"
1601.207565	0.0015040000000681175	states										"             state_name
id                     
8   play_stimulus_sound"
1601.209069	0.030003000000078828	states										"   state_name
id           
9      cpoke1"
1601.239072	0.20099800000002688	states										"        state_name
id                
12  temp_violation"
1601.44007	6.986996999999974	states										"         state_name
id                 
6   wait_for_cpoke1"
1608.427067	0.0014979999998558924	states										"             state_name
id                     
8   play_stimulus_sound"
1608.428565	1.7140000000001692	states										"   state_name
id           
9      cpoke1"
1610.142565	0.010509999999840147	states										"           state_name
id                   
13  center_2_side_gap"
1610.153075	0.3494900000000598	states										"        state_name
id                
17  wait_for_spoke"
1610.502565	0.0005069999999705033	states										"      state_name
id              
23  right_reward"
1610.503072	2.0	states										"   state_name
id           
24  hit_state"
1612.503072	1.6029929999999695	states										"          state_name
id                  
29  soft_drink_state"
1614.106065	1.0010019999999713	states										"   state_name
id           
26    warning"
1615.107067	0.0009979999999814027	states										"        state_name
id                
30  clean_up_state"
1615.108565	30.660503999999946	trials	1.0	1.0	1.0			0.0	0.0	r	1.0	
1615.108565	30.660503999999946	states										"   state_name
id           
0     state_0"
1615.108565	0.016000000000076398	states										"          state_name
id                  
1   sending_trialnum"
1615.124565	0.009505999999873893	states										"           state_name
id                   
3   clean_sound_state"
1615.134071	0.0009999999999763531	states										"   state_name
id           
4         iti"
1615.135071	1.663494000000128	states										"         state_name
id                 
6   wait_for_cpoke1"
1616.798565	0.0014999999998508429	states										"             state_name
id                     
8   play_stimulus_sound"
1616.800065	1.7065000000000055	states										"   state_name
id           
9      cpoke1"
1618.506565	0.20100000000002183	states										"        state_name
id                
12  temp_violation"
1618.707565	0.11350300000003699	states										"         state_name
id                 
6   wait_for_cpoke1"
1618.821068	0.0015029999999569554	states										"             state_name
id                     
8   play_stimulus_sound"
1618.822571	1.6385040000000117	states										"   state_name
id           
9      cpoke1"
1620.461075	0.20100600000000668	states										"        state_name
id                
12  temp_violation"
1620.662081	17.039984000000004	states										"         state_name
id                 
6   wait_for_cpoke1"
1637.702065	0.0015000000000782165	states										"             state_name
id                     
8   play_stimulus_sound"
1637.703565	1.7139999999999418	states										"   state_name
id           
9      cpoke1"
1639.417565	0.010999999999967258	states										"           state_name
id                   
13  center_2_side_gap"
1639.428565	0.33750000000009095	states										"        state_name
id                
17  wait_for_spoke"
1639.766065	0.0005060000000867149	states										"      state_name
id              
23  right_reward"
1639.766571	2.0000099999999748	states										"   state_name
id           
24  hit_state"
1641.766581	3.0005009999999857	states										"          state_name
id                  
29  soft_drink_state"
1644.767082	1.0009829999999056	states										"   state_name
id           
26    warning"
1645.768065	0.0010039999999662541	states										"        state_name
id                
30  clean_up_state"
1645.769565	9.114015999999992	trials	1.0	1.0	-1.0			0.0	0.0	l	-1.0	
1645.769565	9.114015999999992	states										"   state_name
id           
0     state_0"
1645.769565	0.015999999999849024	states										"          state_name
id                  
1   sending_trialnum"
1645.785565	0.009514000000081069	states										"           state_name
id                   
3   clean_sound_state"
1645.795079	0.0010019999999713036	states										"   state_name
id           
4         iti"
1645.796081	1.098999000000049	states										"         state_name
id                 
6   wait_for_cpoke1"
1646.89508	0.001485000000002401	states										"             state_name
id                     
8   play_stimulus_sound"
1646.896565	0.13599999999996726	states										"   state_name
id           
9      cpoke1"
1647.032565	0.20100200000001678	states										"        state_name
id                
12  temp_violation"
1647.233567	0.7959980000000542	states										"         state_name
id                 
6   wait_for_cpoke1"
1648.029565	0.0015069999999468564	states										"             state_name
id                     
8   play_stimulus_sound"
1648.031072	1.7144929999999476	states										"   state_name
id           
9      cpoke1"
1649.745565	0.010999999999967258	states										"           state_name
id                   
13  center_2_side_gap"
1649.756565	0.47000600000001214	states										"        state_name
id                
17  wait_for_spoke"
1650.226571	0.0004960000001119624	states										"     state_name
id             
22  left_reward"
1650.227067	2.0000099999999748	states										"   state_name
id           
24  hit_state"
1652.227077	1.6544879999999011	states										"          state_name
id                  
29  soft_drink_state"
1653.881565	1.0010160000001633	states										"   state_name
id           
26    warning"
1654.882581	0.0009999999999763531	states										"        state_name
id                
30  clean_up_state"
1654.884076	27.26548899999989	trials	1.0	1.0	1.0			0.0	0.0	r	1.0	
1654.884076	27.26548899999989	states										"   state_name
id           
0     state_0"
1654.884076	0.015988999999990483	states										"          state_name
id                  
1   sending_trialnum"
1654.900065	0.009505999999873893	states										"           state_name
id                   
3   clean_sound_state"
1654.909571	0.0015010000001893786	states										"   state_name
id           
4         iti"
1654.911072	2.8724929999998494	states										"         state_name
id                 
6   wait_for_cpoke1"
1657.783565	0.0015120000000479195	states										"             state_name
id                     
8   play_stimulus_sound"
1657.785077	1.5844879999999648	states										"   state_name
id           
9      cpoke1"
1659.369565	0.20100000000002183	states										"        state_name
id                
12  temp_violation"
1659.570565	0.13149999999995998	states										"         state_name
id                 
6   wait_for_cpoke1"
1659.702065	0.001504999999951906	states										"             state_name
id                     
8   play_stimulus_sound"
1659.70357	1.6485110000000986	states										"   state_name
id           
9      cpoke1"
1661.352081	0.20098600000005717	states										"        state_name
id                
12  temp_violation"
1661.553067	0.0014979999998558924	states										"             state_name
id                     
8   play_stimulus_sound"
1661.554565	0.2215000000001055	states										"   state_name
id           
9      cpoke1"
1661.776065	0.20100200000001678	states										"        state_name
id                
12  temp_violation"
1661.977067	0.9084980000000087	states										"         state_name
id                 
6   wait_for_cpoke1"
1662.885565	0.0015109999999367574	states										"             state_name
id                     
8   play_stimulus_sound"
1662.887076	1.3380010000000766	states										"   state_name
id           
9      cpoke1"
1664.225077	0.20100400000001173	states										"        state_name
id                
12  temp_violation"
1664.426081	0.2689909999999145	states										"         state_name
id                 
6   wait_for_cpoke1"
1664.695072	0.001492999999982203	states										"             state_name
id                     
8   play_stimulus_sound"
1664.696565	1.2785060000001067	states										"   state_name
id           
9      cpoke1"
1665.975071	0.20099400000003698	states										"        state_name
id                
12  temp_violation"
1666.176065	0.351502999999866	states										"         state_name
id                 
6   wait_for_cpoke1"
1666.527568	0.001504999999951906	states										"             state_name
id                     
8   play_stimulus_sound"
1666.529073	0.4914920000001075	states										"   state_name
id           
9      cpoke1"
1667.020565	0.20100000000002183	states										"        state_name
id                
12  temp_violation"
1667.221565	2.640999999999849	states										"         state_name
id                 
6   wait_for_cpoke1"
1669.862565	0.0015160000000378204	states										"             state_name
id                     
8   play_stimulus_sound"
1669.864081	1.421483999999964	states										"   state_name
id           
9      cpoke1"
1671.285565	0.20100000000002183	states										"        state_name
id                
12  temp_violation"
1671.486565	0.3370070000000851	states										"         state_name
id                 
6   wait_for_cpoke1"
1671.823572	0.001496999999972104	states										"             state_name
id                     
8   play_stimulus_sound"
1671.825069	0.22200500000008105	states										"   state_name
id           
9      cpoke1"
1672.047074	0.20099099999993086	states										"        state_name
id                
12  temp_violation"
1672.248065	1.6865000000000236	states										"         state_name
id                 
6   wait_for_cpoke1"
1673.934565	0.0015000000000782165	states										"             state_name
id                     
8   play_stimulus_sound"
1673.936065	1.7139999999999418	states										"   state_name
id           
9      cpoke1"
1675.650065	0.010516000000052372	states										"           state_name
id                   
13  center_2_side_gap"
1675.660581	0.4859839999999167	states										"        state_name
id                
17  wait_for_spoke"
1676.146565	0.0005029999999806023	states										"      state_name
id              
23  right_reward"
1676.147068	2.000005000000101	states										"   state_name
id           
24  hit_state"
1678.147073	3.0004919999998947	states										"          state_name
id                  
29  soft_drink_state"
1681.147565	1.0009999999999764	states										"   state_name
id           
26    warning"
1682.148565	0.0009999999999763531	states										"        state_name
id                
30  clean_up_state"
1682.150065	8.163999999999987	trials	1.0	0.0	-1.0	2.0	-0.2855019999999513	0.0	0.0	l	-1.0	
1682.150065	8.163999999999987	states										"   state_name
id           
0     state_0"
1682.150065	0.015999999999849024	states										"          state_name
id                  
1   sending_trialnum"
1682.166065	0.009500000000116415	states										"           state_name
id                   
3   clean_sound_state"
1682.175565	0.0009999999999763531	states										"   state_name
id           
4         iti"
1682.176565	0.3265089999999873	states										"         state_name
id                 
6   wait_for_cpoke1"
1682.503074	0.001496999999972104	states										"             state_name
id                     
8   play_stimulus_sound"
1682.504571	1.7144980000000487	states										"   state_name
id           
9      cpoke1"
1684.219069	0.010995999999977357	states										"           state_name
id                   
13  center_2_side_gap"
1684.230065	0.5440000000000964	states										"        state_name
id                
17  wait_for_spoke"
1684.774065	0.0004999999998744897	states										"     state_name
id             
22  left_reward"
1684.774565	2.0000159999999596	states										"   state_name
id           
24  hit_state"
1686.774581	2.537484000000177	states										"          state_name
id                  
29  soft_drink_state"
1689.312065	1.001006999999845	states										"   state_name
id           
26    warning"
1690.313072	0.0009930000001077133	states										"        state_name
id                
30  clean_up_state"
1690.314581	8.7889839999998	trials	0.0	1.0	1.0			0.0	0.0	r	1.0	
1690.314581	8.7889839999998	states										"   state_name
id           
0     state_0"
1690.314581	0.01598399999988942	states										"          state_name
id                  
1   sending_trialnum"
1690.330565	0.009500000000116415	states										"           state_name
id                   
3   clean_sound_state"
1690.340065	0.0010099999999511056	states										"   state_name
id           
4         iti"
1690.341075	1.682489999999916	states										"         state_name
id                 
6   wait_for_cpoke1"
1692.023565	0.0015120000000479195	states										"             state_name
id                     
8   play_stimulus_sound"
1692.025077	1.5679920000000038	states										"   state_name
id           
9      cpoke1"
1693.593069	0.20099600000003193	states										"        state_name
id                
12  temp_violation"
1693.794065	0.23550000000000182	states										"         state_name
id                 
6   wait_for_cpoke1"
1694.029565	0.0015129999999317079	states										"             state_name
id                     
8   play_stimulus_sound"
1694.031078	1.7154869999999391	states										"   state_name
id           
9      cpoke1"
1695.746565	0.01050800000007257	states										"           state_name
id                   
13  center_2_side_gap"
1695.757073	0.3429920000000948	states										"        state_name
id                
17  wait_for_spoke"
1696.100065	0.0015159999998104468	states										"      state_name
id              
18  error_state1"
1696.101581	3.0009840000000167	states										"     state_name
id             
19  error_state"
1699.102565	0.0009999999999763531	states										"        state_name
id                
30  clean_up_state"
1699.104065	8.473500000000058	trials	1.0	0.0	-1.0	2.0	-0.2849900000001071	0.0	0.0	l	-1.0	
1699.104065	8.473500000000058	states										"   state_name
id           
0     state_0"
1699.104065	0.016000000000076398	states										"          state_name
id                  
1   sending_trialnum"
1699.120065	0.009499999999889042	states										"           state_name
id                   
3   clean_sound_state"
1699.129565	0.0015069999999468564	states										"   state_name
id           
4         iti"
1699.131072	2.2275090000000546	states										"         state_name
id                 
6   wait_for_cpoke1"
1701.358581	0.0014840000001186127	states										"             state_name
id                     
8   play_stimulus_sound"
1701.360065	1.715009999999893	states										"   state_name
id           
9      cpoke1"
1703.075075	0.01050600000007762	states										"           state_name
id                   
13  center_2_side_gap"
1703.085581	0.48898399999984576	states										"        state_name
id                
17  wait_for_spoke"
1703.574565	0.0005070000001978769	states										"     state_name
id             
22  left_reward"
1703.575072	2.000493000000006	states										"   state_name
id           
24  hit_state"
1705.575565	1.0004999999998745	states										"          state_name
id                  
29  soft_drink_state"
1706.576065	1.0005160000000615	states										"   state_name
id           
26    warning"
1707.576581	0.0009840000000167493	states										"        state_name
id                
30  clean_up_state"
1707.578066	48.941004999999905	trials	1.0	1.0	1.0			0.0	0.0	r	1.0	
1707.578066	48.941004999999905	states										"   state_name
id           
0     state_0"
1707.578066	0.016000000000076398	states										"          state_name
id                  
1   sending_trialnum"
1707.594066	0.00949899999977788	states										"           state_name
id                   
3   clean_sound_state"
1707.603565	0.001506000000063068	states										"   state_name
id           
4         iti"
1707.605071	0.23700000000008004	states										"         state_name
id                 
6   wait_for_cpoke1"
1707.842071	0.0014939999998659914	states										"             state_name
id                     
8   play_stimulus_sound"
1707.843565	0.4040060000002086	states										"   state_name
id           
9      cpoke1"
1708.247571	0.2009939999998096	states										"        state_name
id                
12  temp_violation"
1708.448565	0.0015000000000782165	states										"             state_name
id                     
8   play_stimulus_sound"
1708.450065	1.6190110000000004	states										"   state_name
id           
9      cpoke1"
1710.069076	0.2009889999999359	states										"        state_name
id                
12  temp_violation"
1710.270065	36.21400000000017	states										"         state_name
id                 
6   wait_for_cpoke1"
1746.484065	0.0014999999998508429	states										"             state_name
id                     
8   play_stimulus_sound"
1746.485565	1.6600000000000819	states										"   state_name
id           
9      cpoke1"
1748.145565	0.20100000000002183	states										"        state_name
id                
12  temp_violation"
1748.346565	1.9530049999998482	states										"         state_name
id                 
6   wait_for_cpoke1"
1750.29957	0.0015030000001843291	states										"             state_name
id                     
8   play_stimulus_sound"
1750.301073	1.7164920000000166	states										"   state_name
id           
9      cpoke1"
1752.017565	0.010499999999865395	states										"           state_name
id                   
13  center_2_side_gap"
1752.028065	0.30549999999993815	states										"        state_name
id                
17  wait_for_spoke"
1752.333565	0.0005000000001018634	states										"      state_name
id              
23  right_reward"
1752.334065	2.0	states										"   state_name
id           
24  hit_state"
1754.334065	1.1835000000000946	states										"          state_name
id                  
29  soft_drink_state"
1755.517565	1.0005009999999857	states										"   state_name
id           
26    warning"
1756.518066	0.0010049999998500425	states										"        state_name
id                
30  clean_up_state"
1756.519565	8.233999999999924	trials	1.0	0.0	1.0	2.0	-0.28399899999999434	0.0	0.0	r	1.0	
1756.519565	8.233999999999924	states										"   state_name
id           
0     state_0"
1756.519565	0.015999999999849024	states										"          state_name
id                  
1   sending_trialnum"
1756.535565	0.009502000000111366	states										"           state_name
id                   
3   clean_sound_state"
1756.545067	0.001498000000083266	states										"   state_name
id           
4         iti"
1756.546565	1.32549999999992	states										"         state_name
id                 
6   wait_for_cpoke1"
1757.872065	0.0015000000000782165	states										"             state_name
id                     
8   play_stimulus_sound"
1757.873565	1.7160010000000057	states										"   state_name
id           
9      cpoke1"
1759.589566	0.010998999999856096	states										"           state_name
id                   
13  center_2_side_gap"
1759.600565	0.41000000000008185	states										"        state_name
id                
17  wait_for_spoke"
1760.010565	0.0005069999999705033	states										"      state_name
id              
23  right_reward"
1760.011072	2.0000029999998787	states										"   state_name
id           
24  hit_state"
1762.011075	1.7404970000000048	states										"          state_name
id                  
29  soft_drink_state"
1763.751572	1.0009930000001077	states										"   state_name
id           
26    warning"
1764.752565	0.0009999999999763531	states										"        state_name
id                
30  clean_up_state"
1764.754065	40.16700199999991	trials	1.0	1.0	-1.0			0.0	0.0	l	-1.0	
1764.754065	40.16700199999991	states										"   state_name
id           
0     state_0"
1764.754065	0.015999999999849024	states										"          state_name
id                  
1   sending_trialnum"
1764.770065	0.00951600000007602	states										"           state_name
id                   
3   clean_sound_state"
1764.779581	0.0014960000000883156	states										"   state_name
id           
4         iti"
1764.781077	0.5889879999999721	states										"         state_name
id                 
6   wait_for_cpoke1"
1765.370065	0.0014999999998508429	states										"             state_name
id                     
8   play_stimulus_sound"
1765.371565	1.546500000000151	states										"   state_name
id           
9      cpoke1"
1766.918065	0.20100600000000668	states										"        state_name
id                
12  temp_violation"
1767.119071	0.32649399999991147	states										"         state_name
id                 
6   wait_for_cpoke1"
1767.445565	0.001506000000063068	states										"             state_name
id                     
8   play_stimulus_sound"
1767.447071	1.3635099999999056	states										"   state_name
id           
9      cpoke1"
1768.810581	0.20098400000006222	states										"        state_name
id                
12  temp_violation"
1769.011565	0.8635130000000117	states										"         state_name
id                 
6   wait_for_cpoke1"
1769.875078	0.0014869999999973516	states										"             state_name
id                     
8   play_stimulus_sound"
1769.876565	1.7200000000000273	states										"   state_name
id           
9      cpoke1"
1771.596565	0.20100000000002183	states										"        state_name
id                
12  temp_violation"
1771.797565	1.2585059999998975	states										"         state_name
id                 
6   wait_for_cpoke1"
1773.056071	0.001494000000093365	states										"             state_name
id                     
8   play_stimulus_sound"
1773.057565	0.3164999999999054	states										"   state_name
id           
9      cpoke1"
1773.374065	0.20100700000011784	states										"        state_name
id                
12  temp_violation"
1773.575072	0.6424929999998312	states										"         state_name
id                 
6   wait_for_cpoke1"
1774.217565	0.0015030000001843291	states										"             state_name
id                     
8   play_stimulus_sound"
1774.219068	1.634496999999783	states										"   state_name
id           
9      cpoke1"
1775.853565	0.2010160000002088	states										"        state_name
id                
12  temp_violation"
1776.054581	1.3579839999999876	states										"         state_name
id                 
6   wait_for_cpoke1"
1777.412565	0.0014999999998508429	states										"             state_name
id                     
8   play_stimulus_sound"
1777.414065	0.23300300000005336	states										"   state_name
id           
9      cpoke1"
1777.647068	0.20099699999991572	states										"        state_name
id                
12  temp_violation"
1777.848065	20.346000000000004	states										"         state_name
id                 
6   wait_for_cpoke1"
1798.194065	0.0015000000000782165	states										"             state_name
id                     
8   play_stimulus_sound"
1798.195565	1.7170000000000982	states										"   state_name
id           
9      cpoke1"
1799.912565	0.010999999999967258	states										"           state_name
id                   
13  center_2_side_gap"
1799.923565	0.46049999999991087	states										"        state_name
id                
17  wait_for_spoke"
1800.384065	0.0005000000001018634	states										"     state_name
id             
22  left_reward"
1800.384565	2.000005999999985	states										"   state_name
id           
24  hit_state"
1802.384571	1.5349939999998696	states										"          state_name
id                  
29  soft_drink_state"
1803.919565	1.0005049999999756	states										"   state_name
id           
26    warning"
1804.92007	0.0009970000000976142	states										"        state_name
id                
30  clean_up_state"
1804.921565	8.430999999999813	trials	1.0	0.0	1.0	2.0	-0.28251000000000204	0.0	0.0	r	1.0	
1804.921565	8.430999999999813	states										"   state_name
id           
0     state_0"
1804.921565	0.015999999999849024	states										"          state_name
id                  
1   sending_trialnum"
1804.937565	0.009506999999985055	states										"           state_name
id                   
3   clean_sound_state"
1804.947072	0.0010030000000824657	states										"   state_name
id           
4         iti"
1804.948075	0.9794899999999416	states										"         state_name
id                 
6   wait_for_cpoke1"
1805.927565	0.0015160000000378204	states										"             state_name
id                     
8   play_stimulus_sound"
1805.929081	1.717489999999998	states										"   state_name
id           
9      cpoke1"
1807.646571	0.010993999999982407	states										"           state_name
id                   
13  center_2_side_gap"
1807.657565	0.4875079999999343	states										"        state_name
id                
17  wait_for_spoke"
1808.145073	0.0004920000001220615	states										"      state_name
id              
23  right_reward"
1808.145565	2.0	states										"   state_name
id           
24  hit_state"
1810.145565	2.2055069999998977	states										"          state_name
id                  
29  soft_drink_state"
1812.351072	1.000494000000117	states										"   state_name
id           
26    warning"
1813.351566	0.000998999999865191	states										"        state_name
id                
30  clean_up_state"
1813.353075	7.796489999999949	trials	1.0	0.0	1.0	2.0	-0.28199900000004163	0.0	0.0	r	1.0	
1813.353075	7.796489999999949	states										"   state_name
id           
0     state_0"
1813.353075	0.016000999999960186	states										"          state_name
id                  
1   sending_trialnum"
1813.369076	0.0094890000000305	states										"           state_name
id                   
3   clean_sound_state"
1813.378565	0.0010059999999612046	states										"   state_name
id           
4         iti"
1813.379571	0.8519940000001043	states										"         state_name
id                 
6   wait_for_cpoke1"
1814.231565	0.0015120000000479195	states										"             state_name
id                     
8   play_stimulus_sound"
1814.233077	1.7180009999999584	states										"   state_name
id           
9      cpoke1"
1815.951078	0.010986999999886393	states										"           state_name
id                   
13  center_2_side_gap"
1815.962065	0.42200000000002547	states										"        state_name
id                
17  wait_for_spoke"
1816.384065	0.0005000000001018634	states										"      state_name
id              
23  right_reward"
1816.384565	2.000005999999985	states										"   state_name
id           
24  hit_state"
1818.384571	1.763494000000037	states										"          state_name
id                  
29  soft_drink_state"
1820.148065	1.000515999999834	states										"   state_name
id           
26    warning"
1821.148581	0.0009840000000167493	states										"        state_name
id                
30  clean_up_state"
1821.150065	6.511007000000063	trials	1.0	0.0	-1.0	2.0	-0.28099999999994907	0.0	0.0	l	-1.0	
1821.150065	6.511007000000063	states										"   state_name
id           
0     state_0"
1821.150065	0.015999999999849024	states										"          state_name
id                  
1   sending_trialnum"
1821.166065	0.009500000000116415	states										"           state_name
id                   
3   clean_sound_state"
1821.175565	0.001015999999935957	states										"   state_name
id           
4         iti"
1821.176581	0.23849399999994603	states										"         state_name
id                 
6   wait_for_cpoke1"
1821.415075	0.001506000000063068	states										"             state_name
id                     
8   play_stimulus_sound"
1821.416581	1.719000000000051	states										"   state_name
id           
9      cpoke1"
1823.135581	0.010500000000092768	states										"           state_name
id                   
13  center_2_side_gap"
1823.146081	0.5114839999998821	states										"        state_name
id                
17  wait_for_spoke"
1823.657565	0.0005000000001018634	states										"     state_name
id             
22  left_reward"
1823.658065	2.0000159999999596	states										"   state_name
id           
24  hit_state"
1825.658081	1.0009909999998854	states										"          state_name
id                  
29  soft_drink_state"
1826.659072	1.0009930000001077	states										"   state_name
id           
26    warning"
1827.660065	0.0010070000000723667	states										"        state_name
id                
30  clean_up_state"
1827.661565	10.434499999999844	trials	1.0	1.0	1.0			0.0	0.0	r	1.0	
1827.661565	10.434499999999844	states										"   state_name
id           
0     state_0"
1827.661565	0.016005999999833875	states										"          state_name
id                  
1   sending_trialnum"
1827.677571	0.009500000000116415	states										"           state_name
id                   
3   clean_sound_state"
1827.687071	0.0014999999998508429	states										"   state_name
id           
4         iti"
1827.688571	1.3869940000001861	states										"         state_name
id                 
6   wait_for_cpoke1"
1829.075565	0.0015059999998356943	states										"             state_name
id                     
8   play_stimulus_sound"
1829.077071	1.7004940000001625	states										"   state_name
id           
9      cpoke1"
1830.777565	0.20101599999998143	states										"        state_name
id                
12  temp_violation"
1830.978581	0.19049999999992906	states										"         state_name
id                 
6   wait_for_cpoke1"
1831.169081	0.001483999999891239	states										"             state_name
id                     
8   play_stimulus_sound"
1831.170565	1.7200060000000121	states										"   state_name
id           
9      cpoke1"
1832.890571	0.010993999999982407	states										"           state_name
id                   
13  center_2_side_gap"
1832.901565	0.6375040000000354	states										"        state_name
id                
17  wait_for_spoke"
1833.539069	0.0004960000001119624	states										"      state_name
id              
23  right_reward"
1833.539565	2.0	states										"   state_name
id           
24  hit_state"
1835.539565	1.5544999999999618	states										"          state_name
id                  
29  soft_drink_state"
1837.094065	1.0010059999999612	states										"   state_name
id           
26    warning"
1838.095071	0.0009939999999915017	states										"        state_name
id                
30  clean_up_state"
1838.096565	103.22001599999999	trials	1.0	1.0	1.0			0.0	0.0	r	1.0	
1838.096565	103.22001599999999	states										"   state_name
id           
0     state_0"
1838.096565	0.015999999999849024	states										"          state_name
id                  
1   sending_trialnum"
1838.112565	0.009500000000116415	states										"           state_name
id                   
3   clean_sound_state"
1838.122065	0.0010039999999662541	states										"   state_name
id           
4         iti"
1838.123069	10.966016999999965	states										"         state_name
id                 
6   wait_for_cpoke1"
1849.089086	0.0014790000000175496	states										"             state_name
id                     
8   play_stimulus_sound"
1849.090565	0.10050300000011703	states										"   state_name
id           
9      cpoke1"
1849.191068	0.20099699999991572	states										"        state_name
id                
12  temp_violation"
1849.392065	0.0015000000000782165	states										"             state_name
id                     
8   play_stimulus_sound"
1849.393565	1.4515089999999873	states										"   state_name
id           
9      cpoke1"
1850.845074	0.20100000000002183	states										"        state_name
id                
12  temp_violation"
1851.046074	0.0014909999999872525	states										"             state_name
id                     
8   play_stimulus_sound"
1851.047565	0.5395059999998466	states										"   state_name
id           
9      cpoke1"
1851.587071	0.20099400000003698	states										"        state_name
id                
12  temp_violation"
1851.788065	18.38501700000006	states										"         state_name
id                 
6   wait_for_cpoke1"
1870.173082	0.0014830000000074506	states										"             state_name
id                     
8   play_stimulus_sound"
1870.174565	1.6990000000000691	states										"   state_name
id           
9      cpoke1"
1871.873565	0.20099999999979445	states										"        state_name
id                
12  temp_violation"
1872.074565	0.0030020000001513836	states										"         state_name
id                 
6   wait_for_cpoke1"
1872.077567	0.001500999999962005	states										"             state_name
id                     
8   play_stimulus_sound"
1872.079068	0.5595129999999244	states										"   state_name
id           
9      cpoke1"
1872.638581	0.20100000000002183	states										"        state_name
id                
12  temp_violation"
1872.839581	0.342984000000115	states										"         state_name
id                 
6   wait_for_cpoke1"
1873.182565	0.0014999999998508429	states										"             state_name
id                     
8   play_stimulus_sound"
1873.184065	1.2710080000001653	states										"   state_name
id           
9      cpoke1"
1874.455073	0.20099199999981465	states										"        state_name
id                
12  temp_violation"
1874.656065	0.16050000000018372	states										"         state_name
id                 
6   wait_for_cpoke1"
1874.816565	0.0014999999998508429	states										"             state_name
id                     
8   play_stimulus_sound"
1874.818065	0.39350000000013097	states										"   state_name
id           
9      cpoke1"
1875.211565	0.20100000000002183	states										"        state_name
id                
12  temp_violation"
1875.412565	57.847999999999956	states										"         state_name
id                 
6   wait_for_cpoke1"
1933.260565	0.0014999999998508429	states										"             state_name
id                     
8   play_stimulus_sound"
1933.262065	1.7200000000000273	states										"   state_name
id           
9      cpoke1"
1934.982065	0.011005000000068321	states										"           state_name
id                   
13  center_2_side_gap"
1934.99307	0.3200019999999313	states										"        state_name
id                
17  wait_for_spoke"
1935.313072	0.0005090000001928274	states										"      state_name
id              
23  right_reward"
1935.313581	2.000483999999915	states										"   state_name
id           
24  hit_state"
1937.314065	3.0004999999998745	states										"          state_name
id                  
29  soft_drink_state"
1940.314565	1.0010000000002037	states										"   state_name
id           
26    warning"
1941.315565	0.001015999999935957	states										"        state_name
id                
30  clean_up_state"
1941.317072	16.097492999999986	trials	1.0	1.0	1.0			0.0	0.0	r	1.0	
1941.317072	16.097492999999986	states										"   state_name
id           
0     state_0"
1941.317072	0.016002999999955136	states										"          state_name
id                  
1   sending_trialnum"
1941.333075	0.00948999999991429	states										"           state_name
id                   
3   clean_sound_state"
1941.342565	0.0009999999999763531	states										"   state_name
id           
4         iti"
1941.343565	0.23701600000003964	states										"         state_name
id                 
6   wait_for_cpoke1"
1941.580581	0.0014840000001186127	states										"             state_name
id                     
8   play_stimulus_sound"
1941.582065	1.6014999999999873	states										"   state_name
id           
9      cpoke1"
1943.183565	0.20100000000002183	states										"        state_name
id                
12  temp_violation"
1943.384565	0.3609999999998763	states										"         state_name
id                 
6   wait_for_cpoke1"
1943.745565	0.001504999999951906	states										"             state_name
id                     
8   play_stimulus_sound"
1943.74707	1.529999000000089	states										"   state_name
id           
9      cpoke1"
1945.277069	0.20099600000003193	states										"        state_name
id                
12  temp_violation"
1945.478065	1.7294999999999163	states										"         state_name
id                 
6   wait_for_cpoke1"
1947.207565	0.0015040000000681175	states										"             state_name
id                     
8   play_stimulus_sound"
1947.209069	1.356995999999981	states										"   state_name
id           
9      cpoke1"
1948.566065	0.20101900000008754	states										"        state_name
id                
12  temp_violation"
1948.767084	0.7479849999999715	states										"         state_name
id                 
6   wait_for_cpoke1"
1949.515069	0.001495999999860942	states										"             state_name
id                     
8   play_stimulus_sound"
1949.516565	1.7200000000000273	states										"   state_name
id           
9      cpoke1"
1951.236565	0.010510000000067521	states										"           state_name
id                   
13  center_2_side_gap"
1951.247075	0.8819989999999507	states										"        state_name
id                
17  wait_for_spoke"
1952.129074	0.0004910000000108994	states										"      state_name
id              
23  right_reward"
1952.129565	2.000500000000102	states										"   state_name
id           
24  hit_state"
1954.130065	2.2825000000000273	states										"          state_name
id                  
29  soft_drink_state"
1956.412565	1.0009999999999764	states										"   state_name
id           
26    warning"
1957.413565	0.0009999999999763531	states										"        state_name
id                
30  clean_up_state"
1957.415071	9.801494000000048	trials	1.0	1.0	-1.0			0.0	0.0	l	-1.0	
1957.415071	9.801494000000048	states										"   state_name
id           
0     state_0"
1957.415071	0.01600500000017746	states										"          state_name
id                  
1   sending_trialnum"
1957.431076	0.009504999999990105	states										"           state_name
id                   
3   clean_sound_state"
1957.440581	0.001483999999891239	states										"   state_name
id           
4         iti"
1957.442065	2.0235000000000127	states										"         state_name
id                 
6   wait_for_cpoke1"
1959.465565	0.001510000000052969	states										"             state_name
id                     
8   play_stimulus_sound"
1959.467075	0.2529899999999543	states										"   state_name
id           
9      cpoke1"
1959.720065	0.20100700000011784	states										"        state_name
id                
12  temp_violation"
1959.921072	1.0699989999998252	states										"         state_name
id                 
6   wait_for_cpoke1"
1960.991071	0.001494000000093365	states										"             state_name
id                     
8   play_stimulus_sound"
1960.992565	1.7200000000000273	states										"   state_name
id           
9      cpoke1"
1962.712565	0.010999999999967258	states										"           state_name
id                   
13  center_2_side_gap"
1962.723565	0.48950399999989713	states										"        state_name
id                
17  wait_for_spoke"
1963.213069	0.0004960000001119624	states										"     state_name
id             
22  left_reward"
1963.213565	2.0	states										"   state_name
id           
24  hit_state"
1965.213565	1.0010059999999612	states										"          state_name
id                  
29  soft_drink_state"
1966.214571	1.001009999999951	states										"   state_name
id           
26    warning"
1967.215581	0.0009840000000167493	states										"        state_name
id                
30  clean_up_state"
1967.21707	8.872495000000072	trials	1.0	1.0	-1.0			0.0	0.0	l	-1.0	
1967.21707	8.872495000000072	states										"   state_name
id           
0     state_0"
1967.21707	0.015998999999965235	states										"          state_name
id                  
1   sending_trialnum"
1967.233069	0.009502000000111366	states										"           state_name
id                   
3   clean_sound_state"
1967.242571	0.0014949999999771535	states										"   state_name
id           
4         iti"
1967.244066	0.0004989999999907013	states										"         state_name
id                 
6   wait_for_cpoke1"
1967.244565	0.0015000000000782165	states										"             state_name
id                     
8   play_stimulus_sound"
1967.246065	1.5919999999998709	states										"   state_name
id           
9      cpoke1"
1968.838065	0.20100999999999658	states										"        state_name
id                
12  temp_violation"
1969.039075	0.4019970000001649	states										"         state_name
id                 
6   wait_for_cpoke1"
1969.441072	0.0015089999999418069	states										"             state_name
id                     
8   play_stimulus_sound"
1969.442581	1.7204890000000432	states										"   state_name
id           
9      cpoke1"
1971.16307	0.010994999999866195	states										"           state_name
id                   
13  center_2_side_gap"
1971.174065	0.9125000000001364	states										"        state_name
id                
17  wait_for_spoke"
1972.086565	0.0005089999999654538	states										"     state_name
id             
22  left_reward"
1972.087074	2.0	states										"   state_name
id           
24  hit_state"
1974.087074	1.0009909999998854	states										"          state_name
id                  
29  soft_drink_state"
1975.088065	1.0005000000001019	states										"   state_name
id           
26    warning"
1976.088565	0.0009999999999763531	states										"        state_name
id                
30  clean_up_state"
1976.090071	7.38399400000003	trials	1.0	0.0	1.0	2.0	-0.2799999999999727	0.0	0.0	r	1.0	
1976.090071	7.38399400000003	states										"   state_name
id           
0     state_0"
1976.090071	0.015993999999864172	states										"          state_name
id                  
1   sending_trialnum"
1976.106065	0.009500000000116415	states										"           state_name
id                   
3   clean_sound_state"
1976.115565	0.0015059999998356943	states										"   state_name
id           
4         iti"
1976.117071	0.14350000000013097	states										"         state_name
id                 
6   wait_for_cpoke1"
1976.260571	0.0014939999998659914	states										"             state_name
id                     
8   play_stimulus_sound"
1976.262065	1.7200000000000273	states										"   state_name
id           
9      cpoke1"
1977.982065	0.010516000000052372	states										"           state_name
id                   
13  center_2_side_gap"
1977.992581	0.5599839999999858	states										"        state_name
id                
17  wait_for_spoke"
1978.552565	0.0005120000000715663	states										"      state_name
id              
23  right_reward"
1978.553077	2.0005039999998644	states										"   state_name
id           
24  hit_state"
1980.553581	1.9189850000000206	states										"          state_name
id                  
29  soft_drink_state"
1982.472566	1.0005120000000716	states										"   state_name
id           
26    warning"
1983.473078	0.0009870000001228618	states										"        state_name
id                
30  clean_up_state"
1983.474565	6.454506999999921	trials	1.0	0.0	1.0	2.0	-0.2785109999999804	0.0	0.0	r	1.0	
1983.474565	6.454506999999921	states										"   state_name
id           
0     state_0"
1983.474565	0.01601000000005115	states										"          state_name
id                  
1   sending_trialnum"
1983.490575	0.00949599999989914	states										"           state_name
id                   
3   clean_sound_state"
1983.500071	0.0010010000000875152	states										"   state_name
id           
4         iti"
1983.501072	0.30649300000004587	states										"         state_name
id                 
6   wait_for_cpoke1"
1983.807565	0.0015109999999367574	states										"             state_name
id                     
8   play_stimulus_sound"
1983.809076	1.7214890000000196	states										"   state_name
id           
9      cpoke1"
1985.530565	0.010999999999967258	states										"           state_name
id                   
13  center_2_side_gap"
1985.541565	0.38400000000001455	states										"        state_name
id                
17  wait_for_spoke"
1985.925565	0.0005000000001018634	states										"      state_name
id              
23  right_reward"
1985.926065	2.0004999999998745	states										"   state_name
id           
24  hit_state"
1987.926565	1.0005080000000817	states										"          state_name
id                  
29  soft_drink_state"
1988.927073	1.0009919999999966	states										"   state_name
id           
26    warning"
1989.928065	0.001006999999844993	states										"        state_name
id                
30  clean_up_state"
1989.929581	5.729487999999947	trials	0.0	0.0	-1.0	2.0	-0.27800000000002	0.0	0.0	l	-1.0	
1989.929581	5.729487999999947	states										"   state_name
id           
0     state_0"
1989.929581	0.015986999999995533	states										"          state_name
id                  
1   sending_trialnum"
1989.945568	0.009501999999883992	states										"           state_name
id                   
3   clean_sound_state"
1989.95507	0.0014949999999771535	states										"   state_name
id           
4         iti"
1989.956565	0.44000000000005457	states										"         state_name
id                 
6   wait_for_cpoke1"
1990.396565	0.0015000000000782165	states										"             state_name
id                     
8   play_stimulus_sound"
1990.398065	1.72199999999998	states										"   state_name
id           
9      cpoke1"
1992.120065	0.01100599999995211	states										"           state_name
id                   
13  center_2_side_gap"
1992.131071	0.5244940000000042	states										"        state_name
id                
17  wait_for_spoke"
1992.655565	0.0015220000000226719	states										"      state_name
id              
18  error_state1"
1992.657087	3.000978000000032	states										"     state_name
id             
19  error_state"
1995.658065	0.0010039999999662541	states										"        state_name
id                
30  clean_up_state"
1995.659565	7.112500000000182	trials	1.0	0.0	-1.0	2.0	-0.27700000000004366	0.0	0.0	l	-1.0	
1995.659565	7.112500000000182	states										"   state_name
id           
0     state_0"
1995.659565	0.016000000000076398	states										"          state_name
id                  
1   sending_trialnum"
1995.675565	0.009508000000096217	states										"           state_name
id                   
3   clean_sound_state"
1995.685073	0.001491999999871041	states										"   state_name
id           
4         iti"
1995.686565	0.8234999999999673	states										"         state_name
id                 
6   wait_for_cpoke1"
1996.510065	0.0015160000000378204	states										"             state_name
id                     
8   play_stimulus_sound"
1996.511581	1.7229999999999563	states										"   state_name
id           
9      cpoke1"
1998.234581	0.010984000000007654	states										"           state_name
id                   
13  center_2_side_gap"
1998.245565	0.5225000000000364	states										"        state_name
id                
17  wait_for_spoke"
1998.768065	0.0005160000000614673	states										"     state_name
id             
22  left_reward"
1998.768581	2.000491000000011	states										"   state_name
id           
24  hit_state"
2000.769072	1.0009929999998803	states										"          state_name
id                  
29  soft_drink_state"
2001.770065	1.0010070000000724	states										"   state_name
id           
26    warning"
2002.771072	0.0009930000001077133	states										"        state_name
id                
30  clean_up_state"
2002.772565	8.018508999999995	trials	1.0	0.0	1.0	2.0	-0.2759840000001077	0.0	0.0	r	1.0	
2002.772565	8.018508999999995	states										"   state_name
id           
0     state_0"
2002.772565	0.016016000000036	states										"          state_name
id                  
1   sending_trialnum"
2002.788581	0.009483999999929438	states										"           state_name
id                   
3   clean_sound_state"
2002.798065	0.0010090000000673172	states										"   state_name
id           
4         iti"
2002.799074	0.6919949999999062	states										"         state_name
id                 
6   wait_for_cpoke1"
2003.491069	0.0014960000000883156	states										"             state_name
id                     
8   play_stimulus_sound"
2003.492565	1.7240159999998923	states										"   state_name
id           
9      cpoke1"
2005.216581	0.010984000000007654	states										"           state_name
id                   
13  center_2_side_gap"
2005.227565	0.6960050000000138	states										"        state_name
id                
17  wait_for_spoke"
2005.92357	0.0005009999999856518	states										"      state_name
id              
23  right_reward"
2005.924071	2.000494000000117	states										"   state_name
id           
24  hit_state"
2007.924565	1.8645109999999931	states										"          state_name
id                  
29  soft_drink_state"
2009.789076	1.0009889999998904	states										"   state_name
id           
26    warning"
2010.790065	0.0010090000000673172	states										"        state_name
id                
30  clean_up_state"
2010.791565	7.3015100000000075	trials	1.0	1.0	-1.0			0.0	0.0	l	-1.0	
2010.791565	7.3015100000000075	states										"   state_name
id           
0     state_0"
2010.791565	0.016000000000076398	states										"          state_name
id                  
1   sending_trialnum"
2010.807565	0.009504999999990105	states										"           state_name
id                   
3   clean_sound_state"
2010.81707	0.0014949999999771535	states										"   state_name
id           
4         iti"
2010.818565	0.731499999999869	states										"         state_name
id                 
6   wait_for_cpoke1"
2011.550065	0.001502000000073167	states										"             state_name
id                     
8   play_stimulus_sound"
2011.551567	0.03849800000011783	states										"   state_name
id           
9      cpoke1"
2011.590065	0.20100800000000163	states										"        state_name
id                
12  temp_violation"
2011.791073	0.001491999999871041	states										"             state_name
id                     
8   play_stimulus_sound"
2011.792565	1.7250010000000202	states										"   state_name
id           
9      cpoke1"
2013.517566	0.010999999999967258	states										"           state_name
id                   
13  center_2_side_gap"
2013.528566	0.5614990000001399	states										"        state_name
id                
17  wait_for_spoke"
2014.090065	0.0005059999998593412	states										"     state_name
id             
22  left_reward"
2014.090571	2.0000099999999748	states										"   state_name
id           
24  hit_state"
2016.090581	1.0005029999999806	states										"          state_name
id                  
29  soft_drink_state"
2017.091084	1.000981000000138	states										"   state_name
id           
26    warning"
2018.092065	0.0010099999999511056	states										"        state_name
id                
30  clean_up_state"
2018.093565	7.609515000000101	trials	1.0	0.0	-1.0	2.0	-0.2749949999999899	0.0	0.0	l	-1.0	
2018.093565	7.609515000000101	states										"   state_name
id           
0     state_0"
2018.093565	0.016000000000076398	states										"          state_name
id                  
1   sending_trialnum"
2018.109565	0.009508000000096217	states										"           state_name
id                   
3   clean_sound_state"
2018.119073	0.001491999999871041	states										"   state_name
id           
4         iti"
2018.120565	1.360016000000087	states										"         state_name
id                 
6   wait_for_cpoke1"
2019.480581	0.001483999999891239	states										"             state_name
id                     
8   play_stimulus_sound"
2019.482065	1.7250050000000101	states										"   state_name
id           
9      cpoke1"
2021.20707	0.010995000000093569	states										"           state_name
id                   
13  center_2_side_gap"
2021.218065	0.481516000000056	states										"        state_name
id                
17  wait_for_spoke"
2021.699581	0.00048399999991488585	states										"     state_name
id             
22  left_reward"
2021.700065	2.000500000000102	states										"   state_name
id           
24  hit_state"
2023.700565	1.0009999999999764	states										"          state_name
id                  
29  soft_drink_state"
2024.701565	1.000515999999834	states										"   state_name
id           
26    warning"
2025.702081	0.0009990000000925647	states										"        state_name
id                
30  clean_up_state"
2025.703565	6.193510999999944	trials	0.0	0.0	1.0	2.0	-0.2739999999998872	0.0	0.0	r	1.0	
2025.703565	6.193510999999944	states										"   state_name
id           
0     state_0"
2025.703565	0.016016000000036	states										"          state_name
id                  
1   sending_trialnum"
2025.719581	0.00949599999989914	states										"           state_name
id                   
3   clean_sound_state"
2025.729077	0.0014880000001085136	states										"   state_name
id           
4         iti"
2025.730565	0.1999999999998181	states										"         state_name
id                 
6   wait_for_cpoke1"
2025.930565	0.0015000000000782165	states										"             state_name
id                     
8   play_stimulus_sound"
2025.932065	1.7260000000001128	states										"   state_name
id           
9      cpoke1"
2027.658065	0.011001999999962209	states										"           state_name
id                   
13  center_2_side_gap"
2027.669067	1.2240070000000287	states										"        state_name
id                
17  wait_for_spoke"
2028.893074	0.0015069999999468564	states										"      state_name
id              
18  error_state1"
2028.894581	3.0014839999998912	states										"     state_name
id             
19  error_state"
2031.896065	0.0010110000000622676	states										"        state_name
id                
30  clean_up_state"
2031.897569	8.365011999999979	trials	1.0	0.0	-1.0	2.0	-0.27248599999984435	0.0	0.0	l	-1.0	
2031.897569	8.365011999999979	states										"   state_name
id           
0     state_0"
2031.897569	0.015996000000086497	states										"          state_name
id                  
1   sending_trialnum"
2031.913565	0.009504999999990105	states										"           state_name
id                   
3   clean_sound_state"
2031.92307	0.0014949999999771535	states										"   state_name
id           
4         iti"
2031.924565	1.68100000000004	states										"         state_name
id                 
6   wait_for_cpoke1"
2033.605565	0.0015019999998457934	states										"             state_name
id                     
8   play_stimulus_sound"
2033.607067	1.7275140000001556	states										"   state_name
id           
9      cpoke1"
2035.334581	0.010984000000007654	states										"           state_name
id                   
13  center_2_side_gap"
2035.345565	0.9135069999999814	states										"        state_name
id                
17  wait_for_spoke"
2036.259072	0.0005089999999654538	states										"     state_name
id             
22  left_reward"
2036.259581	2.000483999999915	states										"   state_name
id           
24  hit_state"
2038.260065	1.0010160000001633	states										"          state_name
id                  
29  soft_drink_state"
2039.261081	1.0004889999997886	states										"   state_name
id           
26    warning"
2040.26157	0.0010110000000622676	states										"        state_name
id                
30  clean_up_state"
2040.263084	7.598989999999958	trials	1.0	0.0	1.0	2.0	-0.2719999999999345	0.0	0.0	r	1.0	
2040.263084	7.598989999999958	states										"   state_name
id           
0     state_0"
2040.263084	0.015988999999990483	states										"          state_name
id                  
1   sending_trialnum"
2040.279073	0.009508000000096217	states										"           state_name
id                   
3   clean_sound_state"
2040.288581	0.001483999999891239	states										"   state_name
id           
4         iti"
2040.290065	0.7265060000001995	states										"         state_name
id                 
6   wait_for_cpoke1"
2041.016571	0.0014939999998659914	states										"             state_name
id                     
8   play_stimulus_sound"
2041.018065	1.7280000000000655	states										"   state_name
id           
9      cpoke1"
2042.746065	0.011007000000063272	states										"           state_name
id                   
13  center_2_side_gap"
2042.757072	0.5669929999999113	states										"        state_name
id                
17  wait_for_spoke"
2043.324065	0.0004999999998744897	states										"      state_name
id              
23  right_reward"
2043.324565	2.000509000000193	states										"   state_name
id           
24  hit_state"
2045.325074	1.5350069999999505	states										"          state_name
id                  
29  soft_drink_state"
2046.860081	1.0009919999999966	states										"   state_name
id           
26    warning"
2047.861073	0.0010009999998601415	states										"        state_name
id                
30  clean_up_state"
2047.862565	42.00251400000025	trials	1.0	1.0	1.0			0.0	0.0	r	1.0	
2047.862565	42.00251400000025	states										"   state_name
id           
0     state_0"
2047.862565	0.016000000000076398	states										"          state_name
id                  
1   sending_trialnum"
2047.878565	0.009506000000101267	states										"           state_name
id                   
3   clean_sound_state"
2047.888071	0.0010009999998601415	states										"   state_name
id           
4         iti"
2047.889072	1.1984929999998712	states										"         state_name
id                 
6   wait_for_cpoke1"
2049.087565	0.001506000000063068	states										"             state_name
id                     
8   play_stimulus_sound"
2049.089071	1.5514940000002753	states										"   state_name
id           
9      cpoke1"
2050.640565	0.20100000000002183	states										"        state_name
id                
12  temp_violation"
2050.841565	0.0015049999997245322	states										"             state_name
id                     
8   play_stimulus_sound"
2050.84307	1.0549949999999626	states										"   state_name
id           
9      cpoke1"
2051.898065	0.20100200000024415	states										"        state_name
id                
12  temp_violation"
2052.099067	25.38349799999969	states										"         state_name
id                 
6   wait_for_cpoke1"
2077.482565	0.0015000000003055902	states										"             state_name
id                     
8   play_stimulus_sound"
2077.484065	1.672005999999783	states										"   state_name
id           
9      cpoke1"
2079.156071	0.20100200000024415	states										"        state_name
id                
12  temp_violation"
2079.357073	2.494491999999809	states										"         state_name
id                 
6   wait_for_cpoke1"
2081.851565	0.0015090000001691806	states										"             state_name
id                     
8   play_stimulus_sound"
2081.853074	1.7294910000000527	states										"   state_name
id           
9      cpoke1"
2083.582565	0.010506999999961408	states										"           state_name
id                   
13  center_2_side_gap"
2083.593072	0.7619979999999487	states										"        state_name
id                
17  wait_for_spoke"
2084.35507	0.0004949999997734267	states										"      state_name
id              
23  right_reward"
2084.355565	2.000500000000102	states										"   state_name
id           
24  hit_state"
2086.356065	2.5075000000001637	states										"          state_name
id                  
29  soft_drink_state"
2088.863565	1.0005160000000615	states										"   state_name
id           
26    warning"
2089.864081	0.0009979999999814027	states										"        state_name
id                
30  clean_up_state"
2089.865565	168.4275029999999	trials	1.0	1.0	-1.0			0.0	0.0	l	-1.0	
2089.865565	168.4275029999999	states										"   state_name
id           
0     state_0"
2089.865565	0.016000000000076398	states										"          state_name
id                  
1   sending_trialnum"
2089.881565	0.009501999999883992	states										"           state_name
id                   
3   clean_sound_state"
2089.891067	0.001498000000083266	states										"   state_name
id           
4         iti"
2089.892565	151.79000599999972	states										"         state_name
id                 
6   wait_for_cpoke1"
2241.682571	0.001494000000093365	states										"             state_name
id                     
8   play_stimulus_sound"
2241.684065	1.5890070000000378	states										"   state_name
id           
9      cpoke1"
2243.273072	0.20100899999988542	states										"        state_name
id                
12  temp_violation"
2243.474081	0.6924840000001495	states										"         state_name
id                 
6   wait_for_cpoke1"
2244.166565	0.0014999999998508429	states										"             state_name
id                     
8   play_stimulus_sound"
2244.168065	1.467012000000068	states										"   state_name
id           
9      cpoke1"
2245.635077	0.20099400000026435	states										"        state_name
id                
12  temp_violation"
2245.836071	5.529993999999988	states										"         state_name
id                 
6   wait_for_cpoke1"
2251.366065	0.001506000000063068	states										"             state_name
id                     
8   play_stimulus_sound"
2251.367571	1.7290099999995618	states										"   state_name
id           
9      cpoke1"
2253.096581	0.011000000000422006	states										"           state_name
id                   
13  center_2_side_gap"
2253.107581	0.5409899999999652	states										"        state_name
id                
17  wait_for_spoke"
2253.648571	0.0005009999999856518	states										"     state_name
id             
22  left_reward"
2253.649072	2.0005089999999655	states										"   state_name
id           
24  hit_state"
2255.649581	1.6419839999998658	states										"          state_name
id                  
29  soft_drink_state"
2257.291565	1.0005009999999857	states										"   state_name
id           
26    warning"
2258.292066	0.0010019999999713036	states										"        state_name
id                
30  clean_up_state"
2258.293565	8.736499999999978	trials	1.0	0.0	1.0	2.0	-0.27100000000018554	0.0	0.0	r	1.0	
2258.293565	8.736499999999978	states										"   state_name
id           
0     state_0"
2258.293565	0.016000000000076398	states										"          state_name
id                  
1   sending_trialnum"
2258.309565	0.009505999999873893	states										"           state_name
id                   
3   clean_sound_state"
2258.319071	0.001510000000052969	states										"   state_name
id           
4         iti"
2258.320581	1.7204900000001544	states										"         state_name
id                 
6   wait_for_cpoke1"
2260.041071	0.001494000000093365	states										"             state_name
id                     
8   play_stimulus_sound"
2260.042565	1.7289999999998145	states										"   state_name
id           
9      cpoke1"
2261.771565	0.010999999999967258	states										"           state_name
id                   
13  center_2_side_gap"
2261.782565	0.8650000000002365	states										"        state_name
id                
17  wait_for_spoke"
2262.647565	0.0004999999996471161	states										"      state_name
id              
23  right_reward"
2262.648065	2.000010000000202	states										"   state_name
id           
24  hit_state"
2264.648075	1.3804900000000089	states										"          state_name
id                  
29  soft_drink_state"
2266.028565	1.0005099999998492	states										"   state_name
id           
26    warning"
2267.029075	0.0009900000000016007	states										"        state_name
id                
30  clean_up_state"
2267.030565	40.18100000000004	trials	1.0	1.0	1.0			0.0	0.0	r	1.0	
2267.030565	40.18100000000004	states										"   state_name
id           
0     state_0"
2267.030565	0.016000000000076398	states										"          state_name
id                  
1   sending_trialnum"
2267.046565	0.009500000000116415	states										"           state_name
id                   
3   clean_sound_state"
2267.056065	0.0010049999996226688	states										"   state_name
id           
4         iti"
2267.05707	0.25800500000013926	states										"         state_name
id                 
6   wait_for_cpoke1"
2267.315075	0.001506000000063068	states										"             state_name
id                     
8   play_stimulus_sound"
2267.316581	1.700492999999824	states										"   state_name
id           
9      cpoke1"
2269.017074	0.20099100000015824	states										"        state_name
id                
12  temp_violation"
2269.218065	0.0015159999998104468	states										"             state_name
id                     
8   play_stimulus_sound"
2269.219581	0.5419839999999567	states										"   state_name
id           
9      cpoke1"
2269.761565	0.20100000000002183	states										"        state_name
id                
12  temp_violation"
2269.962565	2.3160000000002583	states										"         state_name
id                 
6   wait_for_cpoke1"
2272.278565	0.0014999999998508429	states										"             state_name
id                     
8   play_stimulus_sound"
2272.280065	0.28100399999993897	states										"   state_name
id           
9      cpoke1"
2272.561069	0.20099600000003193	states										"        state_name
id                
12  temp_violation"
2272.762065	0.05999999999994543	states										"         state_name
id                 
6   wait_for_cpoke1"
2272.822065	0.001516000000265194	states										"             state_name
id                     
8   play_stimulus_sound"
2272.823581	0.007983999999851221	states										"   state_name
id           
9      cpoke1"
2272.831565	0.20100000000002183	states										"        state_name
id                
12  temp_violation"
2273.032565	0.030005999999957567	states										"         state_name
id                 
6   wait_for_cpoke1"
2273.062571	0.001494000000093365	states										"             state_name
id                     
8   play_stimulus_sound"
2273.064065	1.213010999999824	states										"   state_name
id           
9      cpoke1"
2274.277076	0.20100500000035026	states										"        state_name
id                
12  temp_violation"
2274.478081	0.001483999999891239	states										"             state_name
id                     
8   play_stimulus_sound"
2274.479565	0.15200000000004366	states										"   state_name
id           
9      cpoke1"
2274.631565	0.20100000000002183	states										"        state_name
id                
12  temp_violation"
2274.832565	7.798015999999734	states										"         state_name
id                 
6   wait_for_cpoke1"
2282.630581	0.001483999999891239	states										"             state_name
id                     
8   play_stimulus_sound"
2282.632065	0.11300800000026356	states										"   state_name
id           
9      cpoke1"
2282.745073	0.20099200000004203	states										"        state_name
id                
12  temp_violation"
2282.946065	1.3294999999998254	states										"         state_name
id                 
6   wait_for_cpoke1"
2284.275565	0.00151400000004287	states										"             state_name
id                     
8   play_stimulus_sound"
2284.277079	1.591486000000259	states										"   state_name
id           
9      cpoke1"
2285.868565	0.2010019999997894	states										"        state_name
id                
12  temp_violation"
2286.069567	13.671503999999914	states										"         state_name
id                 
6   wait_for_cpoke1"
2299.741071	0.001510000000052969	states										"             state_name
id                     
8   play_stimulus_sound"
2299.742581	1.730485999999928	states										"   state_name
id           
9      cpoke1"
2301.473067	0.010998000000199681	states										"           state_name
id                   
13  center_2_side_gap"
2301.484065	0.48250599999983024	states										"        state_name
id                
17  wait_for_spoke"
2301.966571	0.0005009999999856518	states										"      state_name
id              
23  right_reward"
2301.967072	2.000015000000076	states										"   state_name
id           
24  hit_state"
2303.967087	2.242478000000119	states										"          state_name
id                  
29  soft_drink_state"
2306.209565	1.000999999999749	states										"   state_name
id           
26    warning"
2307.210565	0.0010000000002037268	states										"        state_name
id                
30  clean_up_state"
2307.212065	20.754500000000007	trials	1.0	1.0	1.0			0.0	0.0	r	1.0	
2307.212065	20.754500000000007	states										"   state_name
id           
0     state_0"
2307.212065	0.016005999999833875	states										"          state_name
id                  
1   sending_trialnum"
2307.228071	0.00949399999990419	states										"           state_name
id                   
3   clean_sound_state"
2307.237565	0.0010000000002037268	states										"   state_name
id           
4         iti"
2307.238565	0.1610000000000582	states										"         state_name
id                 
6   wait_for_cpoke1"
2307.399565	0.0015029999999569554	states										"             state_name
id                     
8   play_stimulus_sound"
2307.401068	1.536008000000038	states										"   state_name
id           
9      cpoke1"
2308.937076	0.2009889999999359	states										"        state_name
id                
12  temp_violation"
2309.138065	0.2520059999997102	states										"         state_name
id                 
6   wait_for_cpoke1"
2309.390071	0.001494000000093365	states										"             state_name
id                     
8   play_stimulus_sound"
2309.391565	0.9270000000001346	states										"   state_name
id           
9      cpoke1"
2310.318565	0.20100000000002183	states										"        state_name
id                
12  temp_violation"
2310.519565	0.001506000000063068	states										"             state_name
id                     
8   play_stimulus_sound"
2310.521071	0.7109940000000279	states										"   state_name
id           
9      cpoke1"
2311.232065	0.2010099999997692	states										"        state_name
id                
12  temp_violation"
2311.433075	1.4354900000003	states										"         state_name
id                 
6   wait_for_cpoke1"
2312.868565	0.0014999999998508429	states										"             state_name
id                     
8   play_stimulus_sound"
2312.870065	0.06100400000013906	states										"   state_name
id           
9      cpoke1"
2312.931069	0.20099599999957718	states										"        state_name
id                
12  temp_violation"
2313.132065	0.6825000000003456	states										"         state_name
id                 
6   wait_for_cpoke1"
2313.814565	0.0015159999998104468	states										"             state_name
id                     
8   play_stimulus_sound"
2313.816081	1.3609879999999066	states										"   state_name
id           
9      cpoke1"
2315.177069	0.20099600000003193	states										"        state_name
id                
12  temp_violation"
2315.378065	0.8560160000001815	states										"         state_name
id                 
6   wait_for_cpoke1"
2316.234081	0.001483999999891239	states										"             state_name
id                     
8   play_stimulus_sound"
2316.235565	1.7265000000002146	states										"   state_name
id           
9      cpoke1"
2317.962065	0.20100499999989552	states										"        state_name
id                
12  temp_violation"
2318.16307	1.3574949999997443	states										"         state_name
id                 
6   wait_for_cpoke1"
2319.520565	0.001516000000265194	states										"             state_name
id                     
8   play_stimulus_sound"
2319.522081	1.7304839999997057	states										"   state_name
id           
9      cpoke1"
2321.252565	0.011000000000422006	states										"           state_name
id                   
13  center_2_side_gap"
2321.263565	0.6999999999998181	states										"        state_name
id                
17  wait_for_spoke"
2321.963565	0.0005000000001018634	states										"      state_name
id              
23  right_reward"
2321.964065	2.0005059999998593	states										"   state_name
id           
24  hit_state"
2323.964571	3.0004979999998795	states										"          state_name
id                  
29  soft_drink_state"
2326.965069	1.000496000000112	states										"   state_name
id           
26    warning"
2327.965565	0.0010000000002037268	states										"        state_name
id                
30  clean_up_state"
2327.967073	7.371497999999974	trials	1.0	0.0	1.0	2.0	-0.2695090000001983	0.0	0.0	r	1.0	
2327.967073	7.371497999999974	states										"   state_name
id           
0     state_0"
2327.967073	0.016000000000076398	states										"          state_name
id                  
1   sending_trialnum"
2327.983073	0.009492000000136613	states										"           state_name
id                   
3   clean_sound_state"
2327.992565	0.0010010000000875152	states										"   state_name
id           
4         iti"
2327.993566	0.1855080000000271	states										"         state_name
id                 
6   wait_for_cpoke1"
2328.179074	0.0015069999999468564	states										"             state_name
id                     
8   play_stimulus_sound"
2328.180581	1.7304909999998017	states										"   state_name
id           
9      cpoke1"
2329.911072	0.010993000000325992	states										"           state_name
id                   
13  center_2_side_gap"
2329.922065	0.5200159999999414	states										"        state_name
id                
17  wait_for_spoke"
2330.442081	0.0004999999996471161	states										"      state_name
id              
23  right_reward"
2330.442581	2.000492000000122	states										"   state_name
id           
24  hit_state"
2332.443073	1.8934920000001512	states										"          state_name
id                  
29  soft_drink_state"
2334.336565	1.000999999999749	states										"   state_name
id           
26    warning"
2335.337565	0.0010059999999612046	states										"        state_name
id                
30  clean_up_state"
2335.339072	8.551998999999796	trials	1.0	1.0	-1.0			0.0	0.0	l	-1.0	
2335.339072	8.551998999999796	states										"   state_name
id           
0     state_0"
2335.339072	0.016000999999960186	states										"          state_name
id                  
1   sending_trialnum"
2335.355073	0.009491999999681866	states										"           state_name
id                   
3   clean_sound_state"
2335.364565	0.0010000000002037268	states										"   state_name
id           
4         iti"
2335.365565	0.19849999999996726	states										"         state_name
id                 
6   wait_for_cpoke1"
2335.564065	0.0014999999998508429	states										"             state_name
id                     
8   play_stimulus_sound"
2335.565565	1.5335140000001957	states										"   state_name
id           
9      cpoke1"
2337.099079	0.2009859999998298	states										"        state_name
id                
12  temp_violation"
2337.300065	0.24850000000014916	states										"         state_name
id                 
6   wait_for_cpoke1"
2337.548565	0.0014999999998508429	states										"             state_name
id                     
8   play_stimulus_sound"
2337.550065	1.731007000000318	states										"   state_name
id           
9      cpoke1"
2339.281072	0.010508999999728985	states										"           state_name
id                   
13  center_2_side_gap"
2339.291581	0.5964840000001459	states										"        state_name
id                
17  wait_for_spoke"
2339.888065	0.0005000000001018634	states										"     state_name
id             
22  left_reward"
2339.888565	2.0000159999999596	states										"   state_name
id           
24  hit_state"
2341.888581	1.0009839999997894	states										"          state_name
id                  
29  soft_drink_state"
2342.889565	1.0005099999998492	states										"   state_name
id           
26    warning"
2343.890075	0.0009960000002138258	states										"        state_name
id                
30  clean_up_state"
2343.891565	13.708500000000186	trials	0.0	1.0	1.0			0.0	0.0	r	1.0	
2343.891565	13.708500000000186	states										"   state_name
id           
0     state_0"
2343.891565	0.016000000000076398	states										"          state_name
id                  
1   sending_trialnum"
2343.907565	0.009507000000212429	states										"           state_name
id                   
3   clean_sound_state"
2343.917072	0.0010039999997388804	states										"   state_name
id           
4         iti"
2343.918076	0.10148900000012873	states										"         state_name
id                 
6   wait_for_cpoke1"
2344.019565	0.0015090000001691806	states										"             state_name
id                     
8   play_stimulus_sound"
2344.021074	1.7069909999995616	states										"   state_name
id           
9      cpoke1"
2345.728065	0.20100700000011784	states										"        state_name
id                
12  temp_violation"
2345.929072	0.3569929999998749	states										"         state_name
id                 
6   wait_for_cpoke1"
2346.286065	0.0015000000003055902	states										"             state_name
id                     
8   play_stimulus_sound"
2346.287565	0.468000999999731	states										"   state_name
id           
9      cpoke1"
2346.755566	0.20101500000009764	states										"        state_name
id                
12  temp_violation"
2346.956581	0.8484990000001744	states										"         state_name
id                 
6   wait_for_cpoke1"
2347.80508	0.0014849999997750274	states										"             state_name
id                     
8   play_stimulus_sound"
2347.806565	0.34800600000016857	states										"   state_name
id           
9      cpoke1"
2348.154571	0.2009939999998096	states										"        state_name
id                
12  temp_violation"
2348.355565	4.009512000000086	states										"         state_name
id                 
6   wait_for_cpoke1"
2352.365077	0.0015040000002954912	states										"             state_name
id                     
8   play_stimulus_sound"
2352.366581	1.7309999999997672	states										"   state_name
id           
9      cpoke1"
2354.097581	0.010999999999967258	states										"           state_name
id                   
13  center_2_side_gap"
2354.108581	0.487999999999829	states										"        state_name
id                
17  wait_for_spoke"
2354.596581	0.0014840000003459863	states										"      state_name
id              
18  error_state1"
2354.598065	3.001017000000047	states										"     state_name
id             
19  error_state"
2357.599082	0.0009829999999055872	states										"        state_name
id                
30  clean_up_state"
2357.600565	309.58299999999963	trials	1.0	1.0	-1.0			0.0	0.0	l	-1.0	
2357.600565	309.58299999999963	states										"   state_name
id           
0     state_0"
2357.600565	0.01599999999962165	states										"          state_name
id                  
1   sending_trialnum"
2357.616565	0.009500000000116415	states										"           state_name
id                   
3   clean_sound_state"
2357.626065	0.0010040000001936278	states										"   state_name
id           
4         iti"
2357.627069	255.57699599999978	states										"         state_name
id                 
6   wait_for_cpoke1"
2613.204065	0.001516000000265194	states										"             state_name
id                     
8   play_stimulus_sound"
2613.205581	1.4309839999996257	states										"   state_name
id           
9      cpoke1"
2614.636565	0.20100000000002183	states										"        state_name
id                
12  temp_violation"
2614.837565	46.13200000000006	states										"         state_name
id                 
6   wait_for_cpoke1"
2660.969565	0.0015149999999266583	states										"             state_name
id                     
8   play_stimulus_sound"
2660.97108	1.731485000000248	states										"   state_name
id           
9      cpoke1"
2662.702565	0.010506999999961408	states										"           state_name
id                   
13  center_2_side_gap"
2662.713072	0.4674930000001041	states										"        state_name
id                
17  wait_for_spoke"
2663.180565	0.0005080000000816653	states										"     state_name
id             
22  left_reward"
2663.181073	2.0000059999997575	states										"   state_name
id           
24  hit_state"
2665.181079	1.0005019999998694	states										"          state_name
id                  
29  soft_drink_state"
2666.181581	1.0009840000002441	states										"   state_name
id           
26    warning"
2667.182565	0.0009999999997489795	states										"        state_name
id                
30  clean_up_state"
2667.184065	12.954000000000178	trials	1.0	1.0	1.0			0.0	0.0	r	1.0	
2667.184065	12.954000000000178	states										"   state_name
id           
0     state_0"
2667.184065	0.016000000000076398	states										"          state_name
id                  
1   sending_trialnum"
2667.200065	0.009500000000116415	states										"           state_name
id                   
3   clean_sound_state"
2667.209565	0.0015069999999468564	states										"   state_name
id           
4         iti"
2667.211072	2.262992999999824	states										"         state_name
id                 
6   wait_for_cpoke1"
2669.474065	0.0015000000003055902	states										"             state_name
id                     
8   play_stimulus_sound"
2669.475565	0.12651599999981045	states										"   state_name
id           
9      cpoke1"
2669.602081	0.20099200000004203	states										"        state_name
id                
12  temp_violation"
2669.803073	0.001491999999871041	states										"             state_name
id                     
8   play_stimulus_sound"
2669.804565	1.6965049999998882	states										"   state_name
id           
9      cpoke1"
2671.50107	0.20101100000010774	states										"        state_name
id                
12  temp_violation"
2671.702081	0.3489870000003066	states										"         state_name
id                 
6   wait_for_cpoke1"
2672.051068	0.0015029999999569554	states										"             state_name
id                     
8   play_stimulus_sound"
2672.052571	0.09899399999994785	states										"   state_name
id           
9      cpoke1"
2672.151565	0.20101599999998143	states										"        state_name
id                
12  temp_violation"
2672.352581	0.001483999999891239	states										"             state_name
id                     
8   play_stimulus_sound"
2672.354065	0.21100699999988137	states										"   state_name
id           
9      cpoke1"
2672.565072	0.20100900000034017	states										"        state_name
id                
12  temp_violation"
2672.766081	1.0994849999997314	states										"         state_name
id                 
6   wait_for_cpoke1"
2673.865566	0.001506000000063068	states										"             state_name
id                     
8   play_stimulus_sound"
2673.867072	1.731492999999773	states										"   state_name
id           
9      cpoke1"
2675.598565	0.010519000000385859	states										"           state_name
id                   
13  center_2_side_gap"
2675.609084	0.5254809999996723	states										"        state_name
id                
17  wait_for_spoke"
2676.134565	0.0005040000000917644	states										"      state_name
id              
23  right_reward"
2676.135069	2.000003000000106	states										"   state_name
id           
24  hit_state"
2678.135072	1.0009930000001077	states										"          state_name
id                  
29  soft_drink_state"
2679.136065	1.001006999999845	states										"   state_name
id           
26    warning"
2680.137072	0.0009930000001077133	states										"        state_name
id                
30  clean_up_state"
2680.138565	7.95651399999997	trials	1.0	0.0	-1.0	2.0	-0.26851600000009057	0.0	0.0	l	-1.0	
2680.138565	7.95651399999997	states										"   state_name
id           
0     state_0"
2680.138565	0.016009999999823776	states										"          state_name
id                  
1   sending_trialnum"
2680.154575	0.00948999999991429	states										"           state_name
id                   
3   clean_sound_state"
2680.164065	0.0010090000000673172	states										"   state_name
id           
4         iti"
2680.165074	1.745995000000221	states										"         state_name
id                 
6   wait_for_cpoke1"
2681.911069	0.0015119999998205458	states										"             state_name
id                     
8   play_stimulus_sound"
2681.912581	1.7314839999999094	states										"   state_name
id           
9      cpoke1"
2683.644065	0.011004999999840948	states										"           state_name
id                   
13  center_2_side_gap"
2683.65507	0.43651100000033694	states										"        state_name
id                
17  wait_for_spoke"
2684.091581	0.0004930000000058499	states										"     state_name
id             
22  left_reward"
2684.092074	2.0004909999997835	states										"   state_name
id           
24  hit_state"
2686.092565	1.0010000000002037	states										"          state_name
id                  
29  soft_drink_state"
2687.093565	1.0005059999998593	states										"   state_name
id           
26    warning"
2688.094071	0.0010080000001835288	states										"        state_name
id                
30  clean_up_state"
2688.095565	8.295016000000032	trials	1.0	0.0	1.0	2.0	-0.26799899999969057	0.0	0.0	r	1.0	
2688.095565	8.295016000000032	states										"   state_name
id           
0     state_0"
2688.095565	0.016016000000036	states										"          state_name
id                  
1   sending_trialnum"
2688.111581	0.009487999999691965	states										"           state_name
id                   
3   clean_sound_state"
2688.121069	0.0010019999999713036	states										"   state_name
id           
4         iti"
2688.122071	1.771994000000177	states										"         state_name
id                 
6   wait_for_cpoke1"
2689.894065	0.0015029999999569554	states										"             state_name
id                     
8   play_stimulus_sound"
2689.895568	1.7320010000003094	states										"   state_name
id           
9      cpoke1"
2691.627569	0.010995999999977357	states										"           state_name
id                   
13  center_2_side_gap"
2691.638565	0.5185169999999744	states										"        state_name
id                
17  wait_for_spoke"
2692.157082	0.00048299999980372377	states										"      state_name
id              
23  right_reward"
2692.157565	2.00000799999998	states										"   state_name
id           
24  hit_state"
2694.157573	1.2310080000002017	states										"          state_name
id                  
29  soft_drink_state"
2695.388581	1.0009839999997894	states										"   state_name
id           
26    warning"
2696.389565	0.0010160000001633307	states										"        state_name
id                
30  clean_up_state"
2696.39108	6.868985000000066	trials	1.0	0.0	1.0	2.0	-0.26650900000004185	0.0	0.0	r	1.0	
2696.39108	6.868985000000066	states										"   state_name
id           
0     state_0"
2696.39108	0.015988999999990483	states										"          state_name
id                  
1   sending_trialnum"
2696.407069	0.009496000000126514	states										"           state_name
id                   
3   clean_sound_state"
2696.416565	0.0010000000002037268	states										"   state_name
id           
4         iti"
2696.417565	0.25	states										"         state_name
id                 
6   wait_for_cpoke1"
2696.667565	0.0015089999997144332	states										"             state_name
id                     
8   play_stimulus_sound"
2696.669074	1.7334909999999581	states										"   state_name
id           
9      cpoke1"
2698.402565	0.010509000000183732	states										"           state_name
id                   
13  center_2_side_gap"
2698.413074	0.764491999999791	states										"        state_name
id                
17  wait_for_spoke"
2699.177566	0.000499000000218075	states										"      state_name
id              
23  right_reward"
2699.178065	2.0000059999997575	states										"   state_name
id           
24  hit_state"
2701.178071	1.0799940000001698	states										"          state_name
id                  
29  soft_drink_state"
2702.258065	1.0010090000000673	states										"   state_name
id           
26    warning"
2703.259074	0.0009909999998853891	states										"        state_name
id                
30  clean_up_state"
2703.260565	6.6655000000000655	trials	1.0	0.0	-1.0	2.0	-0.26599499999974796	0.0	0.0	l	-1.0	
2703.260565	6.6655000000000655	states										"   state_name
id           
0     state_0"
2703.260565	0.016000000000076398	states										"          state_name
id                  
1   sending_trialnum"
2703.276565	0.009505999999873893	states										"           state_name
id                   
3   clean_sound_state"
2703.286071	0.001494000000093365	states										"   state_name
id           
4         iti"
2703.287565	0.38400000000001455	states										"         state_name
id                 
6   wait_for_cpoke1"
2703.671565	0.0015039999998407438	states										"             state_name
id                     
8   play_stimulus_sound"
2703.673069	1.734005000000252	states										"   state_name
id           
9      cpoke1"
2705.407074	0.01099099999964892	states										"           state_name
id                   
13  center_2_side_gap"
2705.418065	0.5050049999999828	states										"        state_name
id                
17  wait_for_spoke"
2705.92307	0.000495000000228174	states										"     state_name
id             
22  left_reward"
2705.923565	2.0	states										"   state_name
id           
24  hit_state"
2707.923565	1.000999999999749	states										"          state_name
id                  
29  soft_drink_state"
2708.924565	1.0005040000000918	states										"   state_name
id           
26    warning"
2709.925069	0.0009960000002138258	states										"        state_name
id                
30  clean_up_state"
2709.926565	14.21499999999969	trials	1.0	1.0	-1.0			0.0	0.0	l	-1.0	
2709.926565	14.21499999999969	states										"   state_name
id           
0     state_0"
2709.926565	0.01599999999962165	states										"          state_name
id                  
1   sending_trialnum"
2709.942565	0.009500000000116415	states										"           state_name
id                   
3   clean_sound_state"
2709.952065	0.0010019999999713036	states										"   state_name
id           
4         iti"
2709.953067	6.140498000000207	states										"         state_name
id                 
6   wait_for_cpoke1"
2716.093565	0.0015049999997245322	states										"             state_name
id                     
8   play_stimulus_sound"
2716.09507	1.4389949999999772	states										"   state_name
id           
9      cpoke1"
2717.534065	0.20100300000012794	states										"        state_name
id                
12  temp_violation"
2717.735068	0.2824989999999161	states										"         state_name
id                 
6   wait_for_cpoke1"
2718.017567	0.001502000000073167	states										"             state_name
id                     
8   play_stimulus_sound"
2718.019069	1.7354960000002393	states										"   state_name
id           
9      cpoke1"
2719.754565	0.010504999999739084	states										"           state_name
id                   
13  center_2_side_gap"
2719.76507	0.37349500000027547	states										"        state_name
id                
17  wait_for_spoke"
2720.138565	0.0005049999999755528	states										"     state_name
id             
22  left_reward"
2720.13907	2.000010999999631	states										"   state_name
id           
24  hit_state"
2722.139081	1.0004840000001423	states										"          state_name
id                  
29  soft_drink_state"
2723.139565	1.0010059999999612	states										"   state_name
id           
26    warning"
2724.140571	0.0009939999999915017	states										"        state_name
id                
30  clean_up_state"
2724.142066	8.272499000000153	trials	1.0	0.0	1.0	2.0	-0.2645159999997304	0.0	0.0	r	1.0	
2724.142066	8.272499000000153	states										"   state_name
id           
0     state_0"
2724.142066	0.01599900000019261	states										"          state_name
id                  
1   sending_trialnum"
2724.158065	0.009500000000116415	states										"           state_name
id                   
3   clean_sound_state"
2724.167565	0.0015119999998205458	states										"   state_name
id           
4         iti"
2724.169077	0.2319950000000972	states										"         state_name
id                 
6   wait_for_cpoke1"
2724.401072	0.0015089999997144332	states										"             state_name
id                     
8   play_stimulus_sound"
2724.402581	1.7354840000002696	states										"   state_name
id           
9      cpoke1"
2726.138065	0.011005999999724736	states										"           state_name
id                   
13  center_2_side_gap"
2726.149071	0.5774940000001152	states										"        state_name
id                
17  wait_for_spoke"
2726.726565	0.0005110000001877779	states										"      state_name
id              
23  right_reward"
2726.727076	2.0005049999999756	states										"   state_name
id           
24  hit_state"
2728.727581	2.685497999999825	states										"          state_name
id                  
29  soft_drink_state"
2731.413079	1.0004859999999098	states										"   state_name
id           
26    warning"
2732.413565	0.0010000000002037268	states										"        state_name
id                
30  clean_up_state"
2732.415078	10.875993999999992	trials	1.0	0.0	1.0	2.0	-0.2640000000001237	0.0	0.0	r	1.0	
2732.415078	10.875993999999992	states										"   state_name
id           
0     state_0"
2732.415078	0.01599900000019261	states										"          state_name
id                  
1   sending_trialnum"
2732.431077	0.009487999999691965	states										"           state_name
id                   
3   clean_sound_state"
2732.440565	0.0010000000002037268	states										"   state_name
id           
4         iti"
2732.441565	2.83849999999984	states										"         state_name
id                 
6   wait_for_cpoke1"
2735.280065	0.001516000000265194	states										"             state_name
id                     
8   play_stimulus_sound"
2735.281581	1.7359999999998763	states										"   state_name
id           
9      cpoke1"
2737.017581	0.010499999999865395	states										"           state_name
id                   
13  center_2_side_gap"
2737.028081	0.6824900000001435	states										"        state_name
id                
17  wait_for_spoke"
2737.710571	0.0004960000001119624	states										"      state_name
id              
23  right_reward"
2737.711067	2.0000199999999495	states										"   state_name
id           
24  hit_state"
2739.711087	2.5784779999999046	states										"          state_name
id                  
29  soft_drink_state"
2742.289565	1.0005000000001019	states										"   state_name
id           
26    warning"
2743.290065	0.001006999999844993	states										"        state_name
id                
30  clean_up_state"
2743.291581	7.098484000000099	trials	1.0	0.0	1.0	2.0	-0.26299999999991996	0.0	0.0	r	1.0	
2743.291581	7.098484000000099	states										"   state_name
id           
0     state_0"
2743.291581	0.015984000000116794	states										"          state_name
id                  
1   sending_trialnum"
2743.307565	0.009508999999980006	states										"           state_name
id                   
3   clean_sound_state"
2743.317074	0.0014909999999872525	states										"   state_name
id           
4         iti"
2743.318565	0.19751600000017788	states										"         state_name
id                 
6   wait_for_cpoke1"
2743.516081	0.001483999999891239	states										"             state_name
id                     
8   play_stimulus_sound"
2743.517565	1.73700000000008	states										"   state_name
id           
9      cpoke1"
2745.254565	0.010999999999967258	states										"           state_name
id                   
13  center_2_side_gap"
2745.265565	0.5795049999996991	states										"        state_name
id                
17  wait_for_spoke"
2745.84507	0.000495000000228174	states										"      state_name
id              
23  right_reward"
2745.845565	2.0000049999998737	states										"   state_name
id           
24  hit_state"
2747.84557	1.5429950000002464	states										"          state_name
id                  
29  soft_drink_state"
2749.388565	1.0005059999998593	states										"   state_name
id           
26    warning"
2750.389071	0.0009939999999915017	states										"        state_name
id                
30  clean_up_state"
2750.390571	16.63899399999991	trials	0.0	1.0	-1.0			0.0	0.0	l	-1.0	
2750.390571	16.63899399999991	states										"   state_name
id           
0     state_0"
2750.390571	0.015993999999864172	states										"          state_name
id                  
1   sending_trialnum"
2750.406565	0.009500000000116415	states										"           state_name
id                   
3   clean_sound_state"
2750.416065	0.0010059999999612046	states										"   state_name
id           
4         iti"
2750.417071	0.6750050000000556	states										"         state_name
id                 
6   wait_for_cpoke1"
2751.092076	0.0014890000002196757	states										"             state_name
id                     
8   play_stimulus_sound"
2751.093565	1.622508999999809	states										"   state_name
id           
9      cpoke1"
2752.716074	0.20099500000014814	states										"        state_name
id                
12  temp_violation"
2752.917069	0.4034959999999046	states										"         state_name
id                 
6   wait_for_cpoke1"
2753.320565	0.0014999999998508429	states										"             state_name
id                     
8   play_stimulus_sound"
2753.322065	1.5770040000002155	states										"   state_name
id           
9      cpoke1"
2754.899069	0.20099699999991572	states										"        state_name
id                
12  temp_violation"
2755.100066	0.7539990000000216	states										"         state_name
id                 
6   wait_for_cpoke1"
2755.854065	0.0015159999998104468	states										"             state_name
id                     
8   play_stimulus_sound"
2755.855581	0.1969840000001568	states										"   state_name
id           
9      cpoke1"
2756.052565	0.20100000000002183	states										"        state_name
id                
12  temp_violation"
2756.253565	1.5484999999998763	states										"         state_name
id                 
6   wait_for_cpoke1"
2757.802065	0.0015000000003055902	states										"             state_name
id                     
8   play_stimulus_sound"
2757.803565	1.7380159999997886	states										"   state_name
id           
9      cpoke1"
2759.541581	0.20098400000006222	states										"        state_name
id                
12  temp_violation"
2759.742565	1.425499999999829	states										"         state_name
id                 
6   wait_for_cpoke1"
2761.168065	0.001516000000265194	states										"             state_name
id                     
8   play_stimulus_sound"
2761.169581	1.7384839999999713	states										"   state_name
id           
9      cpoke1"
2762.908065	0.01100399999995716	states										"           state_name
id                   
13  center_2_side_gap"
2762.919069	1.1075120000000425	states										"        state_name
id                
17  wait_for_spoke"
2764.026581	0.001483999999891239	states										"      state_name
id              
18  error_state1"
2764.028065	3.000500000000102	states										"     state_name
id             
19  error_state"
2767.028565	0.0009999999997489795	states										"        state_name
id                
30  clean_up_state"
2767.030065	16.726516000000174	trials	1.0	0.0	1.0	2.0	-0.26150600000028135	0.0	0.0	r	1.0	
2767.030065	16.726516000000174	states										"   state_name
id           
0     state_0"
2767.030065	0.016000000000076398	states										"          state_name
id                  
1   sending_trialnum"
2767.046065	0.009500000000116415	states										"           state_name
id                   
3   clean_sound_state"
2767.055565	0.0015069999999468564	states										"   state_name
id           
4         iti"
2767.057072	9.473492999999962	states										"         state_name
id                 
6   wait_for_cpoke1"
2776.530565	0.001506000000063068	states										"             state_name
id                     
8   play_stimulus_sound"
2776.532071	1.7384939999997187	states										"   state_name
id           
9      cpoke1"
2778.270565	0.010999999999967258	states										"           state_name
id                   
13  center_2_side_gap"
2778.281565	0.4725100000000566	states										"        state_name
id                
17  wait_for_spoke"
2778.754075	0.0005000000001018634	states										"      state_name
id              
23  right_reward"
2778.754575	2.000495000000228	states										"   state_name
id           
24  hit_state"
2780.75507	1.9994950000000244	states										"          state_name
id                  
29  soft_drink_state"
2782.754565	1.000999999999749	states										"   state_name
id           
26    warning"
2783.755565	0.0010160000001633307	states										"        state_name
id                
30  clean_up_state"
2783.757081	33.16548399999965	trials	1.0	1.0	1.0			0.0	0.0	r	1.0	
2783.757081	33.16548399999965	states										"   state_name
id           
0     state_0"
2783.757081	0.01599499999974796	states										"          state_name
id                  
1   sending_trialnum"
2783.773076	0.0094890000000305	states										"           state_name
id                   
3   clean_sound_state"
2783.782565	0.0010000000002037268	states										"   state_name
id           
4         iti"
2783.783565	1.2270159999998214	states										"         state_name
id                 
6   wait_for_cpoke1"
2785.010581	0.001483999999891239	states										"             state_name
id                     
8   play_stimulus_sound"
2785.012065	0.5370040000002518	states										"   state_name
id           
9      cpoke1"
2785.549069	0.20099600000003193	states										"        state_name
id                
12  temp_violation"
2785.750065	0.0014999999998508429	states										"             state_name
id                     
8   play_stimulus_sound"
2785.751565	1.6005059999997684	states										"   state_name
id           
9      cpoke1"
2787.352071	0.20101000000022395	states										"        state_name
id                
12  temp_violation"
2787.553081	22.23898999999983	states										"         state_name
id                 
6   wait_for_cpoke1"
2809.792071	0.001494000000093365	states										"             state_name
id                     
8   play_stimulus_sound"
2809.793565	0.5960159999999632	states										"   state_name
id           
9      cpoke1"
2810.389581	0.20098400000006222	states										"        state_name
id                
12  temp_violation"
2810.590565	0.0014999999998508429	states										"             state_name
id                     
8   play_stimulus_sound"
2810.592065	1.739006000000245	states										"   state_name
id           
9      cpoke1"
2812.331071	0.010993999999755033	states										"           state_name
id                   
13  center_2_side_gap"
2812.342065	0.3255000000003747	states										"        state_name
id                
17  wait_for_spoke"
2812.667565	0.0004999999996471161	states										"      state_name
id              
23  right_reward"
2812.668065	2.000500000000102	states										"   state_name
id           
24  hit_state"
2814.668565	1.2519999999999527	states										"          state_name
id                  
29  soft_drink_state"
2815.920565	1.0010000000002037	states										"   state_name
id           
26    warning"
2816.921565	0.0009999999997489795	states										"        state_name
id                
30  clean_up_state"
2816.923078	7.861487000000125	trials	1.0	0.0	1.0	2.0	-0.26099799999974493	0.0	0.0	r	1.0	
2816.923078	7.861487000000125	states										"   state_name
id           
0     state_0"
2816.923078	0.01599800000030882	states										"          state_name
id                  
1   sending_trialnum"
2816.939076	0.0094890000000305	states										"           state_name
id                   
3   clean_sound_state"
2816.948565	0.0009999999997489795	states										"   state_name
id           
4         iti"
2816.949565	0.9810059999999794	states										"         state_name
id                 
6   wait_for_cpoke1"
2817.930571	0.001494000000093365	states										"             state_name
id                     
8   play_stimulus_sound"
2817.932065	1.739002000000255	states										"   state_name
id           
9      cpoke1"
2819.671067	0.010997999999744934	states										"           state_name
id                   
13  center_2_side_gap"
2819.682065	0.7600000000002183	states										"        state_name
id                
17  wait_for_spoke"
2820.442065	0.0004999999996471161	states										"      state_name
id              
23  right_reward"
2820.442565	2.000503000000208	states										"   state_name
id           
24  hit_state"
2822.443068	1.3394969999999375	states										"          state_name
id                  
29  soft_drink_state"
2823.782565	1.0010000000002037	states										"   state_name
id           
26    warning"
2824.783565	0.0009999999997489795	states										"        state_name
id                
30  clean_up_state"
2824.785076	17.861488999999892	trials	0.0	1.0	-1.0			0.0	0.0	l	-1.0	
2824.785076	17.861488999999892	states										"   state_name
id           
0     state_0"
2824.785076	0.015998999999737862	states										"          state_name
id                  
1   sending_trialnum"
2824.801075	0.009490000000369037	states										"           state_name
id                   
3   clean_sound_state"
2824.810565	0.0009999999997489795	states										"   state_name
id           
4         iti"
2824.811565	4.459016000000247	states										"         state_name
id                 
6   wait_for_cpoke1"
2829.270581	0.001483999999891239	states										"             state_name
id                     
8   play_stimulus_sound"
2829.272065	1.663007000000107	states										"   state_name
id           
9      cpoke1"
2830.935072	0.2009989999996833	states										"        state_name
id                
12  temp_violation"
2831.136071	5.318999000000076	states										"         state_name
id                 
6   wait_for_cpoke1"
2836.45507	0.0014949999999771535	states										"             state_name
id                     
8   play_stimulus_sound"
2836.456565	0.33399999999983265	states										"   state_name
id           
9      cpoke1"
2836.790565	0.20101600000043618	states										"        state_name
id                
12  temp_violation"
2836.991581	0.001491999999871041	states										"             state_name
id                     
8   play_stimulus_sound"
2836.993073	1.7400029999998878	states										"   state_name
id           
9      cpoke1"
2838.733076	0.010988999999881344	states										"           state_name
id                   
13  center_2_side_gap"
2838.744065	0.8994999999999891	states										"        state_name
id                
17  wait_for_spoke"
2839.643565	0.001506000000063068	states										"      state_name
id              
18  error_state1"
2839.645071	3.000495000000228	states										"     state_name
id             
19  error_state"
2842.645566	0.000998999999865191	states										"        state_name
id                
30  clean_up_state"
2842.647073	1222.0704919999998	trials	1.0	1.0	-1.0			0.0	0.0	l	-1.0	
2842.647073	1222.0704919999998	states										"   state_name
id           
0     state_0"
2842.647073	0.016000000000076398	states										"          state_name
id                  
1   sending_trialnum"
2842.663073	0.009491999999681866	states										"           state_name
id                   
3   clean_sound_state"
2842.672565	0.0010000000002037268	states										"   state_name
id           
4         iti"
2842.673565	1205.271507	states										"         state_name
id                 
6   wait_for_cpoke1"
4047.945072	0.0014930000002095767	states										"             state_name
id                     
8   play_stimulus_sound"
4047.946565	0.1414999999997235	states										"   state_name
id           
9      cpoke1"
4048.088065	0.20101000000022395	states										"        state_name
id                
12  temp_violation"
4048.289075	8.366489999999885	states										"         state_name
id                 
6   wait_for_cpoke1"
4056.655565	0.0015090000001691806	states										"             state_name
id                     
8   play_stimulus_sound"
4056.657074	0.08400599999959013	states										"   state_name
id           
9      cpoke1"
4056.74108	0.20100100000036036	states										"        state_name
id                
12  temp_violation"
4056.942081	0.0014849999997750274	states										"             state_name
id                     
8   play_stimulus_sound"
4056.943566	1.7404989999999998	states										"   state_name
id           
9      cpoke1"
4058.684065	0.010499999999865395	states										"           state_name
id                   
13  center_2_side_gap"
4058.694565	0.5115000000000691	states										"        state_name
id                
17  wait_for_spoke"
4059.206065	0.0005000000001018634	states										"     state_name
id             
22  left_reward"
4059.206565	2.0005110000001878	states										"   state_name
id           
24  hit_state"
4061.207076	2.508998999999676	states										"          state_name
id                  
29  soft_drink_state"
4063.716075	1.000496000000112	states										"   state_name
id           
26    warning"
4064.716571	0.0009939999999915017	states										"        state_name
id                
30  clean_up_state"
4064.718065	10.611499999999978	trials	1.0	1.0	1.0			0.0	0.0	r	1.0	
4064.718065	10.611499999999978	states										"   state_name
id           
0     state_0"
4064.718065	0.016011000000162312	states										"          state_name
id                  
1   sending_trialnum"
4064.734076	0.0094890000000305	states										"           state_name
id                   
3   clean_sound_state"
4064.743565	0.0009999999997489795	states										"   state_name
id           
4         iti"
4064.744565	1.4960000000000946	states										"         state_name
id                 
6   wait_for_cpoke1"
4066.240565	0.0014999999998508429	states										"             state_name
id                     
8   play_stimulus_sound"
4066.242065	1.1310130000001664	states										"   state_name
id           
9      cpoke1"
4067.373078	0.20099600000003193	states										"        state_name
id                
12  temp_violation"
4067.574074	0.0014909999999872525	states										"             state_name
id                     
8   play_stimulus_sound"
4067.575565	0.7525160000000142	states										"   state_name
id           
9      cpoke1"
4068.328081	0.2009939999998096	states										"        state_name
id                
12  temp_violation"
4068.529075	0.3834900000001653	states										"         state_name
id                 
6   wait_for_cpoke1"
4068.912565	0.0014999999998508429	states										"             state_name
id                     
8   play_stimulus_sound"
4068.914065	1.7400000000002365	states										"   state_name
id           
9      cpoke1"
4070.654065	0.01100399999995716	states										"           state_name
id                   
13  center_2_side_gap"
4070.665069	0.48449600000003556	states										"        state_name
id                
17  wait_for_spoke"
4071.149565	0.0004999999996471161	states										"      state_name
id              
23  right_reward"
4071.150065	2.000500000000102	states										"   state_name
id           
24  hit_state"
4073.150565	1.1770000000001346	states										"          state_name
id                  
29  soft_drink_state"
4074.327565	1.000999999999749	states										"   state_name
id           
26    warning"
4075.328565	0.0010000000002037268	states										"        state_name
id                
30  clean_up_state"
4075.330065	6.935999999999694	trials	1.0	0.0	1.0	2.0	-0.2599969999996574	0.0	0.0	r	1.0	
4075.330065	6.935999999999694	states										"   state_name
id           
0     state_0"
4075.330065	0.016000000000076398	states										"          state_name
id                  
1   sending_trialnum"
4075.346065	0.009499999999661668	states										"           state_name
id                   
3   clean_sound_state"
4075.355565	0.0015080000002853922	states										"   state_name
id           
4         iti"
4075.357073	0.632991999999831	states										"         state_name
id                 
6   wait_for_cpoke1"
4075.990065	0.0014999999998508429	states										"             state_name
id                     
8   play_stimulus_sound"
4075.991565	1.7400030000003426	states										"   state_name
id           
9      cpoke1"
4077.731568	0.01101299999982075	states										"           state_name
id                   
13  center_2_side_gap"
4077.742581	0.5204899999998815	states										"        state_name
id                
17  wait_for_spoke"
4078.263071	0.000495000000228174	states										"      state_name
id              
23  right_reward"
4078.263566	2.000015000000076	states										"   state_name
id           
24  hit_state"
4080.263581	1.0004839999996875	states										"          state_name
id                  
29  soft_drink_state"
4081.264065	1.001009999999951	states										"   state_name
id           
26    warning"
4082.265075	0.0009900000000016007	states										"        state_name
id                
30  clean_up_state"
4082.266581	6.9189870000000155	trials	1.0	0.0	1.0	2.0	-0.25900000000001455	0.0	0.0	r	1.0	
4082.266581	6.9189870000000155	states										"   state_name
id           
0     state_0"
4082.266581	0.015984000000116794	states										"          state_name
id                  
1   sending_trialnum"
4082.282565	0.009500000000116415	states										"           state_name
id                   
3   clean_sound_state"
4082.292065	0.0010059999999612046	states										"   state_name
id           
4         iti"
4082.293071	0.54300400000011	states										"         state_name
id                 
6   wait_for_cpoke1"
4082.836075	0.0014899999996487168	states										"             state_name
id                     
8   play_stimulus_sound"
4082.837565	1.7409999999999854	states										"   state_name
id           
9      cpoke1"
4084.578565	0.011000000000422006	states										"           state_name
id                   
13  center_2_side_gap"
4084.589565	0.46099999999978536	states										"        state_name
id                
17  wait_for_spoke"
4085.050565	0.0005070000001978769	states										"      state_name
id              
23  right_reward"
4085.051072	2.000493000000006	states										"   state_name
id           
24  hit_state"
4087.051565	1.131999999999607	states										"          state_name
id                  
29  soft_drink_state"
4088.183565	1.0010000000002037	states										"   state_name
id           
26    warning"
4089.184565	0.001002999999855092	states										"        state_name
id                
30  clean_up_state"
4089.186081	12.20048399999996	trials	1.0	1.0	-1.0			0.0	0.0	l	-1.0	
4089.186081	12.20048399999996	states										"   state_name
id           
0     state_0"
4089.186081	0.016000000000076398	states										"          state_name
id                  
1   sending_trialnum"
4089.202081	0.009484000000156811	states										"           state_name
id                   
3   clean_sound_state"
4089.211565	0.0010159999997085833	states										"   state_name
id           
4         iti"
4089.212581	1.2484880000001795	states										"         state_name
id                 
6   wait_for_cpoke1"
4090.461069	0.0015119999998205458	states										"             state_name
id                     
8   play_stimulus_sound"
4090.462581	0.2844910000003438	states										"   state_name
id           
9      cpoke1"
4090.747072	0.20099299999992581	states										"        state_name
id                
12  temp_violation"
4090.948065	0.08700599999974656	states										"         state_name
id                 
6   wait_for_cpoke1"
4091.035071	0.0015000000003055902	states										"             state_name
id                     
8   play_stimulus_sound"
4091.036571	0.03949400000010428	states										"   state_name
id           
9      cpoke1"
4091.076065	0.20101599999998143	states										"        state_name
id                
12  temp_violation"
4091.277081	0.2634839999996075	states										"         state_name
id                 
6   wait_for_cpoke1"
4091.540565	0.0015000000003055902	states										"             state_name
id                     
8   play_stimulus_sound"
4091.542065	1.5299999999997453	states										"   state_name
id           
9      cpoke1"
4093.072065	0.20101599999998143	states										"        state_name
id                
12  temp_violation"
4093.273081	1.0409930000000713	states										"         state_name
id                 
6   wait_for_cpoke1"
4094.314074	0.0014909999999872525	states										"             state_name
id                     
8   play_stimulus_sound"
4094.315565	0.04300600000033228	states										"   state_name
id           
9      cpoke1"
4094.358571	0.2009939999998096	states										"        state_name
id                
12  temp_violation"
4094.559565	0.0015090000001691806	states										"             state_name
id                     
8   play_stimulus_sound"
4094.561074	1.7420069999998304	states										"   state_name
id           
9      cpoke1"
4096.303081	0.010489999999663269	states										"           state_name
id                   
13  center_2_side_gap"
4096.313571	1.0695080000004964	states										"        state_name
id                
17  wait_for_spoke"
4097.383079	0.00048599999990983633	states										"     state_name
id             
22  left_reward"
4097.383565	2.0	states										"   state_name
id           
24  hit_state"
4099.383565	1.0010059999995065	states										"          state_name
id                  
29  soft_drink_state"
4100.384571	1.0009939999999915	states										"   state_name
id           
26    warning"
4101.385565	0.0010000000002037268	states										"        state_name
id                
30  clean_up_state"
4101.387069	9.03399999999965	trials	0.0	0.0	1.0	2.0	-0.2579999999998108	0.0	0.0	r	1.0	
4101.387069	9.03399999999965	states										"   state_name
id           
0     state_0"
4101.387069	0.01599999999962165	states										"          state_name
id                  
1   sending_trialnum"
4101.403069	0.009495999999671767	states										"           state_name
id                   
3   clean_sound_state"
4101.412565	0.0010000000002037268	states										"   state_name
id           
4         iti"
4101.413565	3.1355060000005324	states										"         state_name
id                 
6   wait_for_cpoke1"
4104.549071	0.0014939999991838704	states										"             state_name
id                     
8   play_stimulus_sound"
4104.550565	1.7420000000001892	states										"   state_name
id           
9      cpoke1"
4106.292565	0.011000000000422006	states										"           state_name
id                   
13  center_2_side_gap"
4106.303565	1.1135039999999208	states										"        state_name
id                
17  wait_for_spoke"
4107.417069	0.001495999999860942	states										"      state_name
id              
18  error_state1"
4107.418565	3.0015000000003056	states										"     state_name
id             
19  error_state"
4110.420065	0.0010039999997388804	states										"        state_name
id                
30  clean_up_state"
4110.421565	13.633515000000443	trials	0.0	1.0	-1.0			0.0	0.0	l	-1.0	
4110.421565	13.633515000000443	states										"   state_name
id           
0     state_0"
4110.421565	0.016000000000531145	states										"          state_name
id                  
1   sending_trialnum"
4110.437565	0.00951600000007602	states										"           state_name
id                   
3   clean_sound_state"
4110.447081	0.0014839999994364916	states										"   state_name
id           
4         iti"
4110.448565	2.4090009999999893	states										"         state_name
id                 
6   wait_for_cpoke1"
4112.857566	0.0015229999999064603	states										"             state_name
id                     
8   play_stimulus_sound"
4112.859089	1.4629920000006678	states										"   state_name
id           
9      cpoke1"
4114.322081	0.20099200000004203	states										"        state_name
id                
12  temp_violation"
4114.523073	0.0015079999993758975	states										"             state_name
id                     
8   play_stimulus_sound"
4114.524581	1.6164859999998953	states										"   state_name
id           
9      cpoke1"
4116.141067	0.20099800000025425	states										"        state_name
id                
12  temp_violation"
4116.342065	1.4375	states										"         state_name
id                 
6   wait_for_cpoke1"
4117.779565	0.0015039999998407438	states										"             state_name
id                     
8   play_stimulus_sound"
4117.781069	1.7435020000002623	states										"   state_name
id           
9      cpoke1"
4119.524571	0.01099400000020978	states										"           state_name
id                   
13  center_2_side_gap"
4119.535565	1.5159999999996217	states										"        state_name
id                
17  wait_for_spoke"
4121.051565	0.001509000000623928	states										"      state_name
id              
18  error_state1"
4121.053074	3.001006999999845	states										"     state_name
id             
19  error_state"
4124.054081	0.000998999999865191	states										"        state_name
id                
30  clean_up_state"
4124.055565	21.83050000000003	trials	1.0	1.0	1.0			0.0	0.0	r	1.0	
4124.055565	21.83050000000003	states										"   state_name
id           
0     state_0"
4124.055565	0.016000000000531145	states										"          state_name
id                  
1   sending_trialnum"
4124.071565	0.009522999999717285	states										"           state_name
id                   
3   clean_sound_state"
4124.081088	0.0014769999997952254	states										"   state_name
id           
4         iti"
4124.082565	14.428507000000536	states										"         state_name
id                 
6   wait_for_cpoke1"
4138.511072	0.0014929999997548293	states										"             state_name
id                     
8   play_stimulus_sound"
4138.512565	0.15599999999994907	states										"   state_name
id           
9      cpoke1"
4138.668565	0.20100000000002183	states										"        state_name
id                
12  temp_violation"
4138.869565	0.0015039999998407438	states										"             state_name
id                     
8   play_stimulus_sound"
4138.871069	1.7434960000000501	states										"   state_name
id           
9      cpoke1"
4140.614565	0.011000000000422006	states										"           state_name
id                   
13  center_2_side_gap"
4140.625565	0.7665090000000419	states										"        state_name
id                
17  wait_for_spoke"
4141.392074	0.0004909999997835257	states										"      state_name
id              
23  right_reward"
4141.392565	2.0000159999999596	states										"   state_name
id           
24  hit_state"
4143.392581	1.4915000000000873	states										"          state_name
id                  
29  soft_drink_state"
4144.884081	1.0009909999998854	states										"   state_name
id           
26    warning"
4145.885072	0.000992999999652966	states										"        state_name
id                
30  clean_up_state"
4145.886571	5.535009999999602	trials	0.0	0.0	-1.0	2.0	-0.2565050000002884	0.0	0.0	l	-1.0	
4145.886571	5.535009999999602	states										"   state_name
id           
0     state_0"
4145.886571	0.01599400000031892	states										"          state_name
id                  
1   sending_trialnum"
4145.902565	0.009500000000116415	states										"           state_name
id                   
3   clean_sound_state"
4145.912065	0.0010039999997388804	states										"   state_name
id           
4         iti"
4145.913069	0.23651199999949313	states										"         state_name
id                 
6   wait_for_cpoke1"
4146.149581	0.0014890000002196757	states										"             state_name
id                     
8   play_stimulus_sound"
4146.15107	1.7434949999997116	states										"   state_name
id           
9      cpoke1"
4147.894565	0.011000000000422006	states										"           state_name
id                   
13  center_2_side_gap"
4147.905565	0.5124999999998181	states										"        state_name
id                
17  wait_for_spoke"
4148.418065	0.0015030000004117028	states										"      state_name
id              
18  error_state1"
4148.419568	3.001013000000057	states										"     state_name
id             
19  error_state"
4151.420581	0.0009999999992942321	states										"        state_name
id                
30  clean_up_state"
4151.422065	7.149008000000322	trials	1.0	0.0	-1.0	2.0	-0.25550899999961985	0.0	0.0	l	-1.0	
4151.422065	7.149008000000322	states										"   state_name
id           
0     state_0"
4151.422065	0.016000000000531145	states										"          state_name
id                  
1   sending_trialnum"
4151.438065	0.009505999999419146	states										"           state_name
id                   
3   clean_sound_state"
4151.447571	0.001501000000644126	states										"   state_name
id           
4         iti"
4151.449072	0.10149899999942136	states										"         state_name
id                 
6   wait_for_cpoke1"
4151.550571	0.0015039999998407438	states										"             state_name
id                     
8   play_stimulus_sound"
4151.552075	1.7444910000003802	states										"   state_name
id           
9      cpoke1"
4153.296566	0.010508000000299944	states										"           state_name
id                   
13  center_2_side_gap"
4153.307074	1.2604910000000018	states										"        state_name
id                
17  wait_for_spoke"
4154.567565	0.0005000000001018634	states										"     state_name
id             
22  left_reward"
4154.568065	2.0004999999991924	states										"   state_name
id           
24  hit_state"
4156.568565	1.0005090000004202	states										"          state_name
id                  
29  soft_drink_state"
4157.569074	1.0009909999998854	states										"   state_name
id           
26    warning"
4158.570065	0.0010080000001835288	states										"        state_name
id                
30  clean_up_state"
4158.571565	8.14049999999952	trials	1.0	0.0	1.0	2.0	-0.2545159999999669	0.0	0.0	r	1.0	
4158.571565	8.14049999999952	states										"   state_name
id           
0     state_0"
4158.571565	0.01599999999962165	states										"          state_name
id                  
1   sending_trialnum"
4158.587565	0.009504999999990105	states										"           state_name
id                   
3   clean_sound_state"
4158.59707	0.0014950000004319008	states										"   state_name
id           
4         iti"
4158.598565	0.01599999999962165	states										"         state_name
id                 
6   wait_for_cpoke1"
4158.614565	0.001516000000265194	states										"             state_name
id                     
8   play_stimulus_sound"
4158.616081	1.7454840000000331	states										"   state_name
id           
9      cpoke1"
4160.361565	0.010499999999410647	states										"           state_name
id                   
13  center_2_side_gap"
4160.372065	1.0125160000006872	states										"        state_name
id                
17  wait_for_spoke"
4161.384581	0.0004989999997633277	states										"      state_name
id              
23  right_reward"
4161.38508	2.0004849999995713	states										"   state_name
id           
24  hit_state"
4163.385565	2.324506000000838	states										"          state_name
id                  
29  soft_drink_state"
4165.710071	1.000995999999759	states										"   state_name
id           
26    warning"
4166.711067	0.0009979999995266553	states										"        state_name
id                
30  clean_up_state"
4166.712565	6.929501000000528	trials	1.0	0.0	-1.0	2.0	-0.2539999999999054	0.0	0.0	l	-1.0	
4166.712565	6.929501000000528	states										"   state_name
id           
0     state_0"
4166.712565	0.016000000000531145	states										"          state_name
id                  
1   sending_trialnum"
4166.728565	0.00949999999920692	states										"           state_name
id                   
3   clean_sound_state"
4166.738065	0.0010040000006483751	states										"   state_name
id           
4         iti"
4166.739069	0.5870020000002114	states										"         state_name
id                 
6   wait_for_cpoke1"
4167.326071	0.0014939999991838704	states										"             state_name
id                     
8   play_stimulus_sound"
4167.327565	1.7460000000000946	states										"   state_name
id           
9      cpoke1"
4169.073565	0.011000000000422006	states										"           state_name
id                   
13  center_2_side_gap"
4169.084565	0.5545139999994717	states										"        state_name
id                
17  wait_for_spoke"
4169.639079	0.00048600000081933104	states										"     state_name
id             
22  left_reward"
4169.639565	2.000500999999531	states										"   state_name
id           
24  hit_state"
4171.640066	1.0005049999999756	states										"          state_name
id                  
29  soft_drink_state"
4172.640571	1.0005010000004404	states										"   state_name
id           
26    warning"
4173.641072	0.0009939999999915017	states										"        state_name
id                
30  clean_up_state"
4173.642565	5.830015999999887	trials	0.0	0.0	-1.0	2.0	-0.25249299999995856	0.0	0.0	l	-1.0	
4173.642565	5.830015999999887	states										"   state_name
id           
0     state_0"
4173.642565	0.01599999999962165	states										"          state_name
id                  
1   sending_trialnum"
4173.658565	0.009501000000454951	states										"           state_name
id                   
3   clean_sound_state"
4173.668066	0.001006999999844993	states										"   state_name
id           
4         iti"
4173.669073	0.07249200000023848	states										"         state_name
id                 
6   wait_for_cpoke1"
4173.741565	0.0015089999997144332	states										"             state_name
id                     
8   play_stimulus_sound"
4173.743074	1.7475070000000414	states										"   state_name
id           
9      cpoke1"
4175.490581	0.010983999999552907	states										"           state_name
id                   
13  center_2_side_gap"
4175.501565	0.9675050000005285	states										"        state_name
id                
17  wait_for_spoke"
4176.46907	0.0014949999995224061	states										"      state_name
id              
18  error_state1"
4176.470565	3.0010000000002037	states										"     state_name
id             
19  error_state"
4179.471565	0.0010160000001633307	states										"        state_name
id                
30  clean_up_state"
4179.473072	19.174010000000635	trials	1.0	1.0	1.0			0.0	0.0	r	1.0	
4179.473072	19.174010000000635	states										"   state_name
id           
0     state_0"
4179.473072	0.016003000000637257	states										"          state_name
id                  
1   sending_trialnum"
4179.489075	0.009489999999459542	states										"           state_name
id                   
3   clean_sound_state"
4179.498565	0.001516000000265194	states										"   state_name
id           
4         iti"
4179.500081	12.131983999999647	states										"         state_name
id                 
6   wait_for_cpoke1"
4191.632065	0.001516000000265194	states										"             state_name
id                     
8   play_stimulus_sound"
4191.633581	0.04598400000031688	states										"   state_name
id           
9      cpoke1"
4191.679565	0.20100000000002183	states										"        state_name
id                
12  temp_violation"
4191.880565	0.0014999999993960955	states										"             state_name
id                     
8   play_stimulus_sound"
4191.882065	1.7480089999999109	states										"   state_name
id           
9      cpoke1"
4193.630074	0.01049700000021403	states										"           state_name
id                   
13  center_2_side_gap"
4193.640571	0.6199939999996786	states										"        state_name
id                
17  wait_for_spoke"
4194.260565	0.0005070000006526243	states										"      state_name
id              
23  right_reward"
4194.261072	2.000492999999551	states										"   state_name
id           
24  hit_state"
4196.261565	1.3840000000000146	states										"          state_name
id                  
29  soft_drink_state"
4197.645565	1.000506000000314	states										"   state_name
id           
26    warning"
4198.646071	0.0010110000002896413	states										"        state_name
id                
30  clean_up_state"
4198.647565	9.318499999999403	trials	1.0	0.0	-1.0	2.0	-0.25200000000040745	0.0	0.0	l	-1.0	
4198.647565	9.318499999999403	states										"   state_name
id           
0     state_0"
4198.647565	0.01599999999962165	states										"          state_name
id                  
1   sending_trialnum"
4198.663565	0.009509999999863794	states										"           state_name
id                   
3   clean_sound_state"
4198.673075	0.001006000000415952	states										"   state_name
id           
4         iti"
4198.674081	2.385483999999451	states										"         state_name
id                 
6   wait_for_cpoke1"
4201.059565	0.001507000000856351	states										"             state_name
id                     
8   play_stimulus_sound"
4201.061072	1.7479999999995925	states										"   state_name
id           
9      cpoke1"
4202.809072	0.010992999999871245	states										"           state_name
id                   
13  center_2_side_gap"
4202.820065	1.1419999999998254	states										"        state_name
id                
17  wait_for_spoke"
4203.962065	0.0005060000003140885	states										"     state_name
id             
22  left_reward"
4203.962571	2.000495999999657	states										"   state_name
id           
24  hit_state"
4205.963067	1.0009980000004362	states										"          state_name
id                  
29  soft_drink_state"
4206.964065	1.0010050000000774	states										"   state_name
id           
26    warning"
4207.96507	0.0009949999994205427	states										"        state_name
id                
30  clean_up_state"
4207.966565	8.670516000000134	trials	1.0	0.0	1.0	2.0	-0.25051600000006147	0.0	0.0	r	1.0	
4207.966565	8.670516000000134	states										"   state_name
id           
0     state_0"
4207.966565	0.016000000000531145	states										"          state_name
id                  
1   sending_trialnum"
4207.982565	0.009500000000116415	states										"           state_name
id                   
3   clean_sound_state"
4207.992065	0.0010089999996125698	states										"   state_name
id           
4         iti"
4207.993074	1.2494909999995798	states										"         state_name
id                 
6   wait_for_cpoke1"
4209.242565	0.001516000000265194	states										"             state_name
id                     
8   play_stimulus_sound"
4209.244081	1.7494839999999385	states										"   state_name
id           
9      cpoke1"
4210.993565	0.010500000000320142	states										"           state_name
id                   
13  center_2_side_gap"
4211.004065	0.8185000000003129	states										"        state_name
id                
17  wait_for_spoke"
4211.822565	0.0005049999999755528	states										"      state_name
id              
23  right_reward"
4211.82307	2.0000019999997676	states										"   state_name
id           
24  hit_state"
4213.823072	1.8124989999996615	states										"          state_name
id                  
29  soft_drink_state"
4215.635571	1.0005000000001019	states										"   state_name
id           
26    warning"
4216.636071	0.0010099999999511056	states										"        state_name
id                
30  clean_up_state"
4216.637565	413.50051600000006	trials	1.0	1.0	1.0			0.0	0.0	r	1.0	
4216.637565	413.50051600000006	states										"   state_name
id           
0     state_0"
4216.637565	0.016015999999581254	states										"          state_name
id                  
1   sending_trialnum"
4216.653581	0.009495000000242726	states										"           state_name
id                   
3   clean_sound_state"
4216.663076	0.0010050000000774162	states										"   state_name
id           
4         iti"
4216.664081	0.4129899999998088	states										"         state_name
id                 
6   wait_for_cpoke1"
4217.077071	0.001510000000052969	states										"             state_name
id                     
8   play_stimulus_sound"
4217.078581	0.025484000000687956	states										"   state_name
id           
9      cpoke1"
4217.104065	0.20100499999989552	states										"        state_name
id                
12  temp_violation"
4217.30507	0.0015009999997346313	states										"             state_name
id                     
8   play_stimulus_sound"
4217.306571	0.13799399999970774	states										"   state_name
id           
9      cpoke1"
4217.444565	0.20100000000002183	states										"        state_name
id                
12  temp_violation"
4217.645565	0.0015069999999468564	states										"             state_name
id                     
8   play_stimulus_sound"
4217.647072	0.816993000000366	states										"   state_name
id           
9      cpoke1"
4218.464065	0.20101599999998143	states										"        state_name
id                
12  temp_violation"
4218.665081	0.0014840000003459863	states										"             state_name
id                     
8   play_stimulus_sound"
4218.666565	0.2090009999992617	states										"   state_name
id           
9      cpoke1"
4218.875566	0.2009990000005928	states										"        state_name
id                
12  temp_violation"
4219.076565	403.8849999999993	states										"         state_name
id                 
6   wait_for_cpoke1"
4622.961565	0.0015080000002853922	states										"             state_name
id                     
8   play_stimulus_sound"
4622.963073	0.042991999999685504	states										"   state_name
id           
9      cpoke1"
4623.006065	0.20101100000010774	states										"        state_name
id                
12  temp_violation"
4623.207076	0.06848900000022695	states										"         state_name
id                 
6   wait_for_cpoke1"
4623.275565	0.0015080000002853922	states										"             state_name
id                     
8   play_stimulus_sound"
4623.277073	1.750000999999429	states										"   state_name
id           
9      cpoke1"
4625.027074	0.010997000000315893	states										"           state_name
id                   
13  center_2_side_gap"
4625.038071	0.3204940000005081	states										"        state_name
id                
17  wait_for_spoke"
4625.358565	0.000511999999616819	states										"      state_name
id              
23  right_reward"
4625.359077	2.0004879999996774	states										"   state_name
id           
24  hit_state"
4627.359565	1.7764999999999418	states										"          state_name
id                  
29  soft_drink_state"
4629.136065	1.0010080000001835	states										"   state_name
id           
26    warning"
4630.137073	0.0010080000001835288	states										"        state_name
id                
30  clean_up_state"
4630.138581	7.1639839999998	trials	1.0	0.0	-1.0	2.0	-0.2494939999996859	0.0	0.0	l	-1.0	
4630.138581	7.1639839999998	states										"   state_name
id           
0     state_0"
4630.138581	0.015983999999662046	states										"          state_name
id                  
1   sending_trialnum"
4630.154565	0.00951600000007602	states										"           state_name
id                   
3   clean_sound_state"
4630.164081	0.0010030000003098394	states										"   state_name
id           
4         iti"
4630.165084	0.9079919999994672	states										"         state_name
id                 
6   wait_for_cpoke1"
4631.073076	0.0014950000004319008	states										"             state_name
id                     
8   play_stimulus_sound"
4631.074571	1.750506000000314	states										"   state_name
id           
9      cpoke1"
4632.825077	0.010987999999997555	states										"           state_name
id                   
13  center_2_side_gap"
4632.836065	0.46349999999983993	states										"        state_name
id                
17  wait_for_spoke"
4633.299565	0.0005000000001018634	states										"     state_name
id             
22  left_reward"
4633.300065	2.0000159999999596	states										"   state_name
id           
24  hit_state"
4635.300081	1.0010029999994003	states										"          state_name
id                  
29  soft_drink_state"
4636.301084	1.0004810000000361	states										"   state_name
id           
26    warning"
4637.301565	0.0010000000002037268	states										"        state_name
id                
30  clean_up_state"
4637.303075	11.335998000000473	trials	1.0	1.0	-1.0			0.0	0.0	l	-1.0	
4637.303075	11.335998000000473	states										"   state_name
id           
0     state_0"
4637.303075	0.016000000000531145	states										"          state_name
id                  
1   sending_trialnum"
4637.319075	0.009489999999459542	states										"           state_name
id                   
3   clean_sound_state"
4637.328565	0.0010000000002037268	states										"   state_name
id           
4         iti"
4637.329565	1.8540160000002288	states										"         state_name
id                 
6   wait_for_cpoke1"
4639.183581	0.0014929999997548293	states										"             state_name
id                     
8   play_stimulus_sound"
4639.185074	0.3099979999997231	states										"   state_name
id           
9      cpoke1"
4639.495072	0.20099300000038056	states										"        state_name
id                
12  temp_violation"
4639.696065	0.0015000000003055902	states										"             state_name
id                     
8   play_stimulus_sound"
4639.697565	1.4549999999999272	states										"   state_name
id           
9      cpoke1"
4641.152565	0.20101599999998143	states										"        state_name
id                
12  temp_violation"
4641.353581	0.0014929999997548293	states										"             state_name
id                     
8   play_stimulus_sound"
4641.355074	0.1424909999996089	states										"   state_name
id           
9      cpoke1"
4641.497565	0.20101599999998143	states										"        state_name
id                
12  temp_violation"
4641.698581	0.47148400000060064	states										"         state_name
id                 
6   wait_for_cpoke1"
4642.170065	0.0015009999997346313	states										"             state_name
id                     
8   play_stimulus_sound"
4642.171566	1.7515069999999469	states										"   state_name
id           
9      cpoke1"
4643.923073	0.010992000000442204	states										"           state_name
id                   
13  center_2_side_gap"
4643.934065	0.5715000000000146	states										"        state_name
id                
17  wait_for_spoke"
4644.505565	0.0004999999991923687	states										"     state_name
id             
22  left_reward"
4644.506065	2.000016000000869	states										"   state_name
id           
24  hit_state"
4646.506081	1.131000999999742	states										"          state_name
id                  
29  soft_drink_state"
4647.637082	1.0009829999999056	states										"   state_name
id           
26    warning"
4648.638065	0.0010080000001835288	states										"        state_name
id                
30  clean_up_state"
4648.639571	10.028009999999995	trials	1.0	0.0	1.0	2.0	-0.24899999999979627	0.0	0.0	r	1.0	
4648.639571	10.028009999999995	states										"   state_name
id           
0     state_0"
4648.639571	0.01599400000031892	states										"          state_name
id                  
1   sending_trialnum"
4648.655565	0.009506999999757682	states										"           state_name
id                   
3   clean_sound_state"
4648.665072	0.001509000000623928	states										"   state_name
id           
4         iti"
4648.666581	2.936490999999478	states										"         state_name
id                 
6   wait_for_cpoke1"
4651.603072	0.0014929999997548293	states										"             state_name
id                     
8   play_stimulus_sound"
4651.604565	1.7510000000002037	states										"   state_name
id           
9      cpoke1"
4653.355565	0.011000000000422006	states										"           state_name
id                   
13  center_2_side_gap"
4653.366565	0.9929999999994834	states										"        state_name
id                
17  wait_for_spoke"
4654.359565	0.0005000000001018634	states										"      state_name
id              
23  right_reward"
4654.360065	2.000500000000102	states										"   state_name
id           
24  hit_state"
4656.360565	1.305500000000393	states										"          state_name
id                  
29  soft_drink_state"
4657.666065	1.0005160000000615	states										"   state_name
id           
26    warning"
4658.666581	0.0009999999992942321	states										"        state_name
id                
30  clean_up_state"
4658.668065	6.872000000000298	trials	1.0	0.0	1.0	2.0	-0.247998999999254	0.0	0.0	r	1.0	
4658.668065	6.872000000000298	states										"   state_name
id           
0     state_0"
4658.668065	0.016000000000531145	states										"          state_name
id                  
1   sending_trialnum"
4658.684065	0.00949999999920692	states										"           state_name
id                   
3   clean_sound_state"
4658.693565	0.0010000000002037268	states										"   state_name
id           
4         iti"
4658.694565	0.34900000000016007	states										"         state_name
id                 
6   wait_for_cpoke1"
4659.043565	0.0015059999996083206	states										"             state_name
id                     
8   play_stimulus_sound"
4659.045071	1.752001000000746	states										"   state_name
id           
9      cpoke1"
4660.797072	0.010495999999875494	states										"           state_name
id                   
13  center_2_side_gap"
4660.807568	0.5324970000001485	states										"        state_name
id                
17  wait_for_spoke"
4661.340065	0.0005059999994045938	states										"      state_name
id              
23  right_reward"
4661.340571	2.0005010000004404	states										"   state_name
id           
24  hit_state"
4663.341072	1.1974929999996675	states										"          state_name
id                  
29  soft_drink_state"
4664.538565	1.0005069999997431	states										"   state_name
id           
26    warning"
4665.539072	0.0009930000005624606	states										"        state_name
id                
30  clean_up_state"
4665.540565	11.38549999999941	trials	1.0	1.0	-1.0			0.0	0.0	l	-1.0	
4665.540565	11.38549999999941	states										"   state_name
id           
0     state_0"
4665.540565	0.016015999999581254	states										"          state_name
id                  
1   sending_trialnum"
4665.556581	0.009484000000156811	states										"           state_name
id                   
3   clean_sound_state"
4665.566065	0.0010080000001835288	states										"   state_name
id           
4         iti"
4665.567073	1.4489919999996346	states										"         state_name
id                 
6   wait_for_cpoke1"
4667.016065	0.0015000000003055902	states										"             state_name
id                     
8   play_stimulus_sound"
4667.017565	1.6960049999997864	states										"   state_name
id           
9      cpoke1"
4668.71357	0.20099500000014814	states										"        state_name
id                
12  temp_violation"
4668.914565	0.0015000000003055902	states										"             state_name
id                     
8   play_stimulus_sound"
4668.916065	0.183006999999634	states										"   state_name
id           
9      cpoke1"
4669.099072	0.20099300000038056	states										"        state_name
id                
12  temp_violation"
4669.300065	0.2524999999995998	states										"         state_name
id                 
6   wait_for_cpoke1"
4669.552565	0.0015000000003055902	states										"             state_name
id                     
8   play_stimulus_sound"
4669.554065	1.753006999999343	states										"   state_name
id           
9      cpoke1"
4671.307072	0.01099300000078074	states										"           state_name
id                   
13  center_2_side_gap"
4671.318065	0.6904999999997017	states										"        state_name
id                
17  wait_for_spoke"
4672.008565	0.0005069999997431296	states										"     state_name
id             
22  left_reward"
4672.009072	2.0000049999998737	states										"   state_name
id           
24  hit_state"
4674.009077	1.914994000000661	states										"          state_name
id                  
29  soft_drink_state"
4675.924071	1.0010029999994003	states										"   state_name
id           
26    warning"
4676.925074	0.0009909999998853891	states										"        state_name
id                
30  clean_up_state"
4676.926565	7.729000000000269	trials	1.0	0.0	1.0	2.0	-0.24700000000029831	0.0	0.0	r	1.0	
4676.926565	7.729000000000269	states										"   state_name
id           
0     state_0"
4676.926565	0.016000000000531145	states										"          state_name
id                  
1   sending_trialnum"
4676.942565	0.009510999999292835	states										"           state_name
id                   
3   clean_sound_state"
4676.952076	0.0014890000002196757	states										"   state_name
id           
4         iti"
4676.953565	0.5895190000001094	states										"         state_name
id                 
6   wait_for_cpoke1"
4677.543084	0.0014810000002398738	states										"             state_name
id                     
8   play_stimulus_sound"
4677.544565	1.7529999999997017	states										"   state_name
id           
9      cpoke1"
4679.297565	0.011000000000422006	states										"           state_name
id                   
13  center_2_side_gap"
4679.308565	1.0294999999996435	states										"        state_name
id                
17  wait_for_spoke"
4680.338065	0.0005000000001018634	states										"      state_name
id              
23  right_reward"
4680.338565	2.00050900000042	states										"   state_name
id           
24  hit_state"
4682.339074	1.3149909999992815	states										"          state_name
id                  
29  soft_drink_state"
4683.654065	1.0005160000000615	states										"   state_name
id           
26    warning"
4684.654581	0.000984000000244123	states										"        state_name
id                
30  clean_up_state"
4684.656065	8.279999999999745	trials	1.0	1.0	-1.0			0.0	0.0	l	-1.0	
4684.656065	8.279999999999745	states										"   state_name
id           
0     state_0"
4684.656065	0.01599999999962165	states										"          state_name
id                  
1   sending_trialnum"
4684.672065	0.009500000000116415	states										"           state_name
id                   
3   clean_sound_state"
4684.681565	0.0010160000001633307	states										"   state_name
id           
4         iti"
4684.682581	1.6349840000002587	states										"         state_name
id                 
6   wait_for_cpoke1"
4686.317565	0.0015089999997144332	states										"             state_name
id                     
8   play_stimulus_sound"
4686.319074	0.09599999999954889	states										"   state_name
id           
9      cpoke1"
4686.415074	0.20100800000000163	states										"        state_name
id                
12  temp_violation"
4686.616082	0.0014830000000074506	states										"             state_name
id                     
8   play_stimulus_sound"
4686.617565	1.754000000000815	states										"   state_name
id           
9      cpoke1"
4688.371565	0.01099999999951251	states										"           state_name
id                   
13  center_2_side_gap"
4688.382565	0.5505039999998189	states										"        state_name
id                
17  wait_for_spoke"
4688.933069	0.0004960000005667098	states										"     state_name
id             
22  left_reward"
4688.933565	2.0	states										"   state_name
id           
24  hit_state"
4690.933565	1.0005000000001019	states										"          state_name
id                  
29  soft_drink_state"
4691.934065	1.0010039999997389	states										"   state_name
id           
26    warning"
4692.935069	0.0009959999997590785	states										"        state_name
id                
30  clean_up_state"
4692.936571	8.155993999999737	trials	1.0	0.0	1.0	2.0	-0.2460000000000946	0.0	0.0	r	1.0	
4692.936571	8.155993999999737	states										"   state_name
id           
0     state_0"
4692.936571	0.01600999999936903	states										"          state_name
id                  
1   sending_trialnum"
4692.952581	0.009484000000156811	states										"           state_name
id                   
3   clean_sound_state"
4692.962065	0.001006999999844993	states										"   state_name
id           
4         iti"
4692.963072	0.34549300000071526	states										"         state_name
id                 
6   wait_for_cpoke1"
4693.308565	0.0014999999993960955	states										"             state_name
id                     
8   play_stimulus_sound"
4693.310065	1.7539999999999054	states										"   state_name
id           
9      cpoke1"
4695.064065	0.011007000000063272	states										"           state_name
id                   
13  center_2_side_gap"
4695.075072	0.7660040000000663	states										"        state_name
id                
17  wait_for_spoke"
4695.841076	0.0004890000000159489	states										"      state_name
id              
23  right_reward"
4695.841565	2.000500000000102	states										"   state_name
id           
24  hit_state"
4697.842065	2.248500000000604	states										"          state_name
id                  
29  soft_drink_state"
4700.090565	1.0009999999992942	states										"   state_name
id           
26    warning"
4701.091565	0.0010000000002037268	states										"        state_name
id                
30  clean_up_state"
4701.093071	8.054003000000193	trials	1.0	0.0	1.0	2.0	-0.24499399999967864	0.0	0.0	r	1.0	
4701.093071	8.054003000000193	states										"   state_name
id           
0     state_0"
4701.093071	0.01599999999962165	states										"          state_name
id                  
1   sending_trialnum"
4701.109071	0.00949399999990419	states										"           state_name
id                   
3   clean_sound_state"
4701.118565	0.0010000000002037268	states										"   state_name
id           
4         iti"
4701.119565	1.7395159999996395	states										"         state_name
id                 
6   wait_for_cpoke1"
4702.859081	0.0014840000003459863	states										"             state_name
id                     
8   play_stimulus_sound"
4702.860565	1.7550060000003214	states										"   state_name
id           
9      cpoke1"
4704.615571	0.010993999999300286	states										"           state_name
id                   
13  center_2_side_gap"
4704.626565	0.5175000000008367	states										"        state_name
id                
17  wait_for_spoke"
4705.144065	0.0004999999991923687	states										"      state_name
id              
23  right_reward"
4705.144565	2.0000159999999596	states										"   state_name
id           
24  hit_state"
4707.144581	1.0009850000005827	states										"          state_name
id                  
29  soft_drink_state"
4708.145566	1.0004989999997633	states										"   state_name
id           
26    warning"
4709.146065	0.0010090000005220645	states										"        state_name
id                
30  clean_up_state"
