onset	duration	nwb_table	ProAnti3_hit_history	ProAnti3_sides_history	ProAnti3_psych_history	ProAnti3_loc_history	ProAnti3_mem_history	ProAnti3_free_history	ProAnti3_cpoketry	StimulatorSection_stimulator_history	MaskSection_mask_history	AntibiasSection_LocalHitHistory	AntibiasSection_LocalSidesHistory	AntibiasSection_LocalLocHistory	state_type
1600.973015	76.43000000000006	trials	1.0	l	1.0	p	1.0	r	3.0	0.0	0.0	1.0	l	p	
1600.973015	76.43000000000006	states													"   state_name
id           
0     state_0"
1600.973015	0.016016000000036	states													"          state_name
id                  
1   sending_trialnum"
1600.989031	45.49698999999987	states													"      state_name
id              
3   wait_for_cin"
1646.486021	0.002004000000169981	states													"   state_name
id           
4     nicstim"
1646.488025	0.0004939999998896383	states													"       state_name
id               
5   stimon_nosein"
1646.488519	0.20499599999993734	states													"   state_name
id           
4     nicstim"
1646.693515	1.1585019999999986	states													"      state_name
id              
7   reinit_cpoke"
1647.852017	0.0020050000000537693	states													"   state_name
id           
4     nicstim"
1647.854022	0.0005089999999654538	states													"       state_name
id               
5   stimon_nosein"
1647.854531	0.3704840000000331	states													"   state_name
id           
4     nicstim"
1648.225015	2.9594999999999345	states													"      state_name
id              
7   reinit_cpoke"
1651.184515	0.0020010000000638684	states													"   state_name
id           
4     nicstim"
1651.186516	0.0005049999999755528	states													"       state_name
id               
5   stimon_nosein"
1651.187021	0.3750039999999899	states													"   state_name
id           
4     nicstim"
1651.562025	17.22748999999999	states													"      state_name
id              
7   reinit_cpoke"
1668.789515	0.0019999999999527063	states													"   state_name
id           
4     nicstim"
1668.791515	0.0005090000001928274	states													"       state_name
id               
5   stimon_nosein"
1668.792024	0.4235069999999723	states													"   state_name
id           
4     nicstim"
1669.215531	0.13798399999996036	states													"       state_name
id               
8   wait_for_cout"
1669.353515	0.0010019999999713036	states													"   state_name
id           
9       csgap"
1669.354517	0.5004980000001069	states													"        state_name
id                
16  wait_for_spoke"
1669.855015	0.0005159999998340936	states													"             state_name
id                     
18  soff_reward_chooser"
1669.855531	0.06398400000011861	states													"     state_name
id             
22  reward_soff"
1669.919515	0.4329999999999927	states													"         state_name
id                 
26  post_reward_off"
1670.352515	4.04950800000006	states													"         state_name
id                 
27  soft_drink_time"
1674.402023	0.0004919999998946878	states													"    state_name
id            
28  warndanger"
1674.402515	3.000500000000102	states													"            state_name
id                    
29  warndanger_warning"
1677.403531	26.638493000000153	trials	1.0	l	1.0	p	1.0	r	1.0	0.0	0.0	1.0	l	p	
1677.403531	26.638493000000153	states													"   state_name
id           
0     state_0"
1677.403531	0.015984000000116794	states													"          state_name
id                  
1   sending_trialnum"
1677.419515	0.9194999999999709	states													"      state_name
id              
3   wait_for_cin"
1678.339015	0.0025000000000545697	states													"   state_name
id           
4     nicstim"
1678.341515	0.0005079999998542917	states													"       state_name
id               
5   stimon_nosein"
1678.342023	0.4049919999999929	states													"   state_name
id           
4     nicstim"
1678.747015	17.45300300000008	states													"      state_name
id              
7   reinit_cpoke"
1696.200018	0.0020179999999072606	states													"   state_name
id           
4     nicstim"
1696.202036	0.00048000000015235855	states													"       state_name
id               
5   stimon_nosein"
1696.202516	0.42699900000002344	states													"   state_name
id           
4     nicstim"
1696.629515	0.007999999999810825	states													"       state_name
id               
8   wait_for_cout"
1696.637515	0.0010080000001835288	states													"   state_name
id           
9       csgap"
1696.638523	0.43449199999986376	states													"        state_name
id                
16  wait_for_spoke"
1697.073015	0.0005000000001018634	states													"             state_name
id                     
18  soff_reward_chooser"
1697.073515	0.06399999999985084	states													"     state_name
id             
22  reward_soff"
1697.137515	0.9640000000001692	states													"         state_name
id                 
26  post_reward_off"
1698.101515	2.939999999999827	states													"         state_name
id                 
27  soft_drink_time"
1701.041515	0.0005020000000968139	states													"    state_name
id            
28  warndanger"
1701.042017	3.000007000000096	states													"            state_name
id                    
29  warndanger_warning"
1704.042515	27.301503999999795	trials	1.0	l	1.0	p	1.0	r	2.0	0.0	0.0	1.0	l	p	
1704.042515	27.301503999999795	states													"   state_name
id           
0     state_0"
1704.042515	0.015999999999849024	states													"          state_name
id                  
1   sending_trialnum"
1704.058515	16.43100000000004	states													"      state_name
id              
3   wait_for_cin"
1720.489515	0.0020059999999375577	states													"   state_name
id           
4     nicstim"
1720.491521	0.0005040000000917644	states													"       state_name
id               
5   stimon_nosein"
1720.492025	0.5259949999999662	states													"   state_name
id           
4     nicstim"
1721.01802	1.0020130000000336	states													"      state_name
id              
7   reinit_cpoke"
1722.020033	0.0024820000001000153	states													"   state_name
id           
4     nicstim"
1722.022515	0.0004999999998744897	states													"       state_name
id               
5   stimon_nosein"
1722.023015	0.4600000000000364	states													"   state_name
id           
4     nicstim"
1722.483015	1.0025160000000142	states													"      state_name
id              
7   reinit_cpoke"
1723.485531	0.0024859999998625426	states													"   state_name
id           
4     nicstim"
1723.488017	0.0004980000001069129	states													"       state_name
id               
5   stimon_nosein"
1723.488515	0.4175159999999778	states													"   state_name
id           
4     nicstim"
1723.906031	0.034994000000097	states													"       state_name
id               
8   wait_for_cout"
1723.941025	0.0014899999998760904	states													"   state_name
id           
9       csgap"
1723.942515	0.25750700000003235	states													"        state_name
id                
16  wait_for_spoke"
1724.200022	0.0004930000000058499	states													"             state_name
id                     
18  soff_reward_chooser"
1724.200515	0.0640089999999418	states													"     state_name
id             
22  reward_soff"
1724.264524	0.0894980000000487	states													"         state_name
id                 
26  post_reward_off"
1724.354022	3.9889929999999367	states													"         state_name
id                 
27  soft_drink_time"
1728.343015	0.0005000000001018634	states													"    state_name
id            
28  warndanger"
1728.343515	3.0005039999998644	states													"            state_name
id                    
29  warndanger_warning"
1731.344515	31.434999999999945	trials	0.0	r	2.0	p	1.0	r	8.0	0.0	0.0	0.0	r	p	
1731.344515	31.434999999999945	states													"   state_name
id           
0     state_0"
1731.344515	0.016002999999955136	states													"          state_name
id                  
1   sending_trialnum"
1731.360518	0.0004969999999957508	states													"      state_name
id              
3   wait_for_cin"
1731.361015	0.0025000000000545697	states													"   state_name
id           
4     nicstim"
1731.363515	0.0005160000000614673	states													"       state_name
id               
5   stimon_nosein"
1731.364031	0.5489840000000186	states													"   state_name
id           
4     nicstim"
1731.913015	1.4994999999998981	states													"      state_name
id              
7   reinit_cpoke"
1733.412515	0.0019999999999527063	states													"   state_name
id           
4     nicstim"
1733.414515	0.0005000000001018634	states													"       state_name
id               
5   stimon_nosein"
1733.415015	0.40650000000005093	states													"   state_name
id           
4     nicstim"
1733.821515	2.849999999999909	states													"      state_name
id              
7   reinit_cpoke"
1736.671515	0.0019999999999527063	states													"   state_name
id           
4     nicstim"
1736.673515	0.0005080000000816653	states													"       state_name
id               
5   stimon_nosein"
1736.674023	0.43249199999991106	states													"   state_name
id           
4     nicstim"
1737.106515	1.0025000000000546	states													"      state_name
id              
7   reinit_cpoke"
1738.109015	0.0019999999999527063	states													"   state_name
id           
4     nicstim"
1738.111015	0.0005000000001018634	states													"       state_name
id               
5   stimon_nosein"
1738.111515	0.4539999999999509	states													"   state_name
id           
4     nicstim"
1738.565515	1.0025069999999232	states													"      state_name
id              
7   reinit_cpoke"
1739.568022	0.0024990000001707813	states													"   state_name
id           
4     nicstim"
1739.570521	0.0004999999998744897	states													"       state_name
id               
5   stimon_nosein"
1739.571021	0.21849399999996422	states													"   state_name
id           
4     nicstim"
1739.789515	1.0019999999999527	states													"      state_name
id              
7   reinit_cpoke"
1740.791515	0.002506000000039421	states													"   state_name
id           
4     nicstim"
1740.794021	0.000494000000117012	states													"       state_name
id               
5   stimon_nosein"
1740.794515	0.42300599999998667	states													"   state_name
id           
4     nicstim"
1741.217521	5.168498999999883	states													"      state_name
id              
7   reinit_cpoke"
1746.38602	0.00200700000004872	states													"   state_name
id           
4     nicstim"
1746.388027	0.0004880000001321605	states													"       state_name
id               
5   stimon_nosein"
1746.388515	0.5124999999998181	states													"   state_name
id           
4     nicstim"
1746.901015	8.292500000000018	states													"      state_name
id              
7   reinit_cpoke"
1755.193515	0.0019999999999527063	states													"   state_name
id           
4     nicstim"
1755.195515	0.0005110000001877779	states													"       state_name
id               
5   stimon_nosein"
1755.196026	0.39548899999999776	states													"   state_name
id           
4     nicstim"
1755.591515	1.4815079999998488	states													"      state_name
id              
7   reinit_cpoke"
1757.073023	0.0024920000000747677	states													"   state_name
id           
4     nicstim"
1757.075515	0.0005069999999705033	states													"       state_name
id               
5   stimon_nosein"
1757.076022	0.4110089999999218	states													"   state_name
id           
4     nicstim"
1757.487031	0.020989000000099622	states													"       state_name
id               
8   wait_for_cout"
1757.50802	0.0015109999999367574	states													"   state_name
id           
9       csgap"
1757.509531	0.26898400000004585	states													"        state_name
id                
16  wait_for_spoke"
1757.778515	5.000999999999976	states													"     state_name
id             
31  error_state"
1762.780024	20.930009000000155	trials	1.0	r	2.0	p	1.0	r	0.0	0.0	0.0	1.0	r	p	
1762.780024	20.930009000000155	states													"   state_name
id           
0     state_0"
1762.780024	0.015998000000081447	states													"          state_name
id                  
1   sending_trialnum"
1762.796022	15.119509000000107	states													"      state_name
id              
3   wait_for_cin"
1777.915531	0.002495999999837295	states													"   state_name
id           
4     nicstim"
1777.918027	0.0004880000001321605	states													"       state_name
id               
5   stimon_nosein"
1777.918515	0.41449999999986176	states													"   state_name
id           
4     nicstim"
1778.333015	0.015499999999974534	states													"       state_name
id               
8   wait_for_cout"
1778.348515	0.0015120000000479195	states													"   state_name
id           
9       csgap"
1778.350027	0.22448800000006486	states													"        state_name
id                
16  wait_for_spoke"
1778.574515	0.0004999999998744897	states													"             state_name
id                     
18  soff_reward_chooser"
1778.575015	0.13400000000001455	states													"         state_name
id                 
19  reward_big_soff"
1778.709015	2.000500000000102	states													"         state_name
id                 
26  post_reward_off"
1780.709515	0.0005049999999755528	states													"    state_name
id            
28  warndanger"
1780.71002	3.000013000000081	states													"            state_name
id                    
29  warndanger_warning"
1783.710515	16.142000999999937	trials	1.0	l	1.0	p	1.0	r	3.0	0.0	0.0	1.0	l	p	
1783.710515	16.142000999999937	states													"   state_name
id           
0     state_0"
1783.710515	0.016000999999960186	states													"          state_name
id                  
1   sending_trialnum"
1783.726516	3.988499000000047	states													"      state_name
id              
3   wait_for_cin"
1787.715015	0.00201599999991231	states													"   state_name
id           
4     nicstim"
1787.717031	0.0005000000001018634	states													"       state_name
id               
5   stimon_nosein"
1787.717531	0.5294839999999112	states													"   state_name
id           
4     nicstim"
1788.247015	1.00200000000018	states													"      state_name
id              
7   reinit_cpoke"
1789.249015	0.0019999999999527063	states													"   state_name
id           
4     nicstim"
1789.251015	0.0004999999998744897	states													"       state_name
id               
5   stimon_nosein"
1789.251515	0.3305070000001251	states													"   state_name
id           
4     nicstim"
1789.582022	1.0024929999999586	states													"      state_name
id              
7   reinit_cpoke"
1790.584515	0.0020059999999375577	states													"   state_name
id           
4     nicstim"
1790.586521	0.0005000000001018634	states													"       state_name
id               
5   stimon_nosein"
1790.587021	0.5214939999998478	states													"   state_name
id           
4     nicstim"
1791.108515	1.00200000000018	states													"      state_name
id              
7   reinit_cpoke"
1792.110515	0.00201599999991231	states													"   state_name
id           
4     nicstim"
1792.112531	0.00048399999991488585	states													"       state_name
id               
5   stimon_nosein"
1792.113015	0.43901500000015403	states													"   state_name
id           
4     nicstim"
1792.55203	0.11898499999983869	states													"       state_name
id               
8   wait_for_cout"
1792.671015	0.0010110000000622676	states													"   state_name
id           
9       csgap"
1792.672026	0.2609890000001087	states													"        state_name
id                
16  wait_for_spoke"
1792.933015	0.0004999999998744897	states													"             state_name
id                     
18  soff_reward_chooser"
1792.933515	0.06400000000007822	states													"     state_name
id             
22  reward_soff"
1792.997515	0.09199999999987085	states													"         state_name
id                 
26  post_reward_off"
1793.089515	3.762006000000156	states													"         state_name
id                 
27  soft_drink_time"
1796.851521	0.0005019999998694402	states													"    state_name
id            
28  warndanger"
1796.852023	3.000493000000006	states													"            state_name
id                    
29  warndanger_warning"
1799.853015	9.210006000000021	trials	1.0	l	1.0	p	1.0	r	2.0	0.0	0.0	1.0	l	p	
1799.853015	9.210006000000021	states													"   state_name
id           
0     state_0"
1799.853015	0.016000000000076398	states													"          state_name
id                  
1   sending_trialnum"
1799.869015	0.11449999999990723	states													"      state_name
id              
3   wait_for_cin"
1799.983515	0.002016000000139684	states													"   state_name
id           
4     nicstim"
1799.985531	0.0005039999998643907	states													"       state_name
id               
5   stimon_nosein"
1799.986035	0.43648000000007414	states													"   state_name
id           
4     nicstim"
1800.422515	1.0025000000000546	states													"      state_name
id              
7   reinit_cpoke"
1801.425015	0.0020090000000436703	states													"   state_name
id           
4     nicstim"
1801.427024	0.0004910000000108994	states													"       state_name
id               
5   stimon_nosein"
1801.427515	0.5055159999999432	states													"   state_name
id           
4     nicstim"
1801.933031	1.001983999999993	states													"      state_name
id              
7   reinit_cpoke"
1802.935015	0.0025000000000545697	states													"   state_name
id           
4     nicstim"
1802.937515	0.0005019999998694402	states													"       state_name
id               
5   stimon_nosein"
1802.938017	0.42800499999998465	states													"   state_name
id           
4     nicstim"
1803.366022	0.3160000000000309	states													"       state_name
id               
8   wait_for_cout"
1803.682022	0.0010090000000673172	states													"   state_name
id           
9       csgap"
1803.683031	0.3144999999999527	states													"        state_name
id                
16  wait_for_spoke"
1803.997531	0.0004910000000108994	states													"             state_name
id                     
18  soff_reward_chooser"
1803.998022	0.06400699999994686	states													"     state_name
id             
22  reward_soff"
1804.062029	2.000486000000137	states													"         state_name
id                 
26  post_reward_off"
1806.062515	0.0004999999998744897	states													"    state_name
id            
28  warndanger"
1806.063015	3.000005999999985	states													"            state_name
id                    
29  warndanger_warning"
1809.063515	11.237006999999949	trials	1.0	l	1.0	p	1.0	r	1.0	0.0	0.0	1.0	l	p	
1809.063515	11.237006999999949	states													"   state_name
id           
0     state_0"
1809.063515	0.015999999999849024	states													"          state_name
id                  
1   sending_trialnum"
1809.079515	0.02500000000009095	states													"      state_name
id              
3   wait_for_cin"
1809.104515	0.0025000000000545697	states													"   state_name
id           
4     nicstim"
1809.107015	0.0004999999998744897	states													"       state_name
id               
5   stimon_nosein"
1809.107515	0.5235159999999723	states													"   state_name
id           
4     nicstim"
1809.631031	1.001983999999993	states													"      state_name
id              
7   reinit_cpoke"
1810.633015	0.0025000000000545697	states													"   state_name
id           
4     nicstim"
1810.635515	0.0005049999999755528	states													"       state_name
id               
5   stimon_nosein"
1810.63602	0.4335110000001805	states													"   state_name
id           
4     nicstim"
1811.069531	0.11298399999986941	states													"       state_name
id               
8   wait_for_cout"
1811.182515	0.001510000000052969	states													"   state_name
id           
9       csgap"
1811.184025	0.3114900000000489	states													"        state_name
id                
16  wait_for_spoke"
1811.495515	0.0005099999998492422	states													"             state_name
id                     
18  soff_reward_chooser"
1811.496025	0.06400400000006812	states													"     state_name
id             
22  reward_soff"
1811.560029	0.4304859999999735	states													"         state_name
id                 
26  post_reward_off"
1811.990515	5.3095089999999345	states													"         state_name
id                 
27  soft_drink_time"
1817.300024	0.0004910000000108994	states													"    state_name
id            
28  warndanger"
1817.300515	3.000007000000096	states													"            state_name
id                    
29  warndanger_warning"
1820.301023	12.225492000000031	trials	1.0	l	1.0	p	1.0	r	2.0	0.0	0.0	1.0	l	p	
1820.301023	12.225492000000031	states													"   state_name
id           
0     state_0"
1820.301023	0.016000000000076398	states													"          state_name
id                  
1   sending_trialnum"
1820.317023	0.12099599999987731	states													"      state_name
id              
3   wait_for_cin"
1820.438019	0.0020010000000638684	states													"   state_name
id           
4     nicstim"
1820.44002	0.0004950000000008004	states													"       state_name
id               
5   stimon_nosein"
1820.440515	0.5399999999999636	states													"   state_name
id           
4     nicstim"
1820.980515	1.0025000000000546	states													"      state_name
id              
7   reinit_cpoke"
1821.983015	0.00201599999991231	states													"   state_name
id           
4     nicstim"
1821.985031	0.000490000000127111	states													"       state_name
id               
5   stimon_nosein"
1821.985521	0.15650299999992967	states													"   state_name
id           
4     nicstim"
1822.142024	1.2380080000000362	states													"      state_name
id              
7   reinit_cpoke"
1823.380032	0.0024829999999838037	states													"   state_name
id           
4     nicstim"
1823.382515	0.0004999999998744897	states													"       state_name
id               
5   stimon_nosein"
1823.383015	0.4270120000001043	states													"   state_name
id           
4     nicstim"
1823.810027	0.05498800000009396	states													"       state_name
id               
8   wait_for_cout"
1823.865015	0.0010059999999612046	states													"   state_name
id           
9       csgap"
1823.866021	0.25849399999992784	states													"        state_name
id                
16  wait_for_spoke"
1824.124515	0.0005000000001018634	states													"             state_name
id                     
18  soff_reward_chooser"
1824.125015	0.06399999999985084	states													"     state_name
id             
22  reward_soff"
1824.189015	0.0940090000001419	states													"         state_name
id                 
26  post_reward_off"
1824.283024	5.242490999999973	states													"         state_name
id                 
27  soft_drink_time"
1829.525515	0.0005079999998542917	states													"    state_name
id            
28  warndanger"
1829.526023	3.000492000000122	states													"            state_name
id                    
29  warndanger_warning"
1832.527015	10.5300000000002	trials	1.0	r	2.0	p	1.0	r	1.0	0.0	0.0	1.0	r	p	
1832.527015	10.5300000000002	states													"   state_name
id           
0     state_0"
1832.527015	0.016000000000076398	states													"          state_name
id                  
1   sending_trialnum"
1832.543015	0.0005000000001018634	states													"      state_name
id              
3   wait_for_cin"
1832.543515	0.0019999999999527063	states													"   state_name
id           
4     nicstim"
1832.545515	0.0005089999999654538	states													"       state_name
id               
5   stimon_nosein"
1832.546024	0.3895070000000942	states													"   state_name
id           
4     nicstim"
1832.935531	1.6929849999999078	states													"      state_name
id              
7   reinit_cpoke"
1834.628516	0.0024989999999434076	states													"   state_name
id           
4     nicstim"
1834.631015	0.0005000000001018634	states													"       state_name
id               
5   stimon_nosein"
1834.631515	0.43699999999989814	states													"   state_name
id           
4     nicstim"
1835.068515	0.06899999999995998	states													"       state_name
id               
8   wait_for_cout"
1835.137515	0.0010000000002037268	states													"   state_name
id           
9       csgap"
1835.138515	0.5880059999999503	states													"        state_name
id                
16  wait_for_spoke"
1835.726521	0.0004999999998744897	states													"             state_name
id                     
18  soff_reward_chooser"
1835.727021	0.06699500000013359	states													"     state_name
id             
22  reward_soff"
1835.794016	0.810999000000038	states													"         state_name
id                 
26  post_reward_off"
1836.605015	3.4514999999998963	states													"         state_name
id                 
27  soft_drink_time"
1840.056515	0.0005000000001018634	states													"    state_name
id            
28  warndanger"
1840.057015	3.0	states													"            state_name
id                    
29  warndanger_warning"
1843.057531	10.434488999999985	trials	1.0	l	1.0	p	1.0	r	0.0	0.0	0.0	1.0	l	p	
1843.057531	10.434488999999985	states													"   state_name
id           
0     state_0"
1843.057531	0.015984000000116794	states													"          state_name
id                  
1   sending_trialnum"
1843.073515	0.05101599999989048	states													"      state_name
id              
3   wait_for_cin"
1843.124531	0.002484000000094966	states													"   state_name
id           
4     nicstim"
1843.127015	0.0004999999998744897	states													"       state_name
id               
5   stimon_nosein"
1843.127515	0.4350000000001728	states													"   state_name
id           
4     nicstim"
1843.562515	0.25551199999995333	states													"       state_name
id               
8   wait_for_cout"
1843.818027	0.00148799999988114	states													"   state_name
id           
9       csgap"
1843.819515	0.27500000000009095	states													"        state_name
id                
16  wait_for_spoke"
1844.094515	0.0005009999999856518	states													"             state_name
id                     
18  soff_reward_chooser"
1844.095016	0.12750000000005457	states													"         state_name
id                 
19  reward_big_soff"
1844.222516	1.136498999999958	states													"         state_name
id                 
26  post_reward_off"
1845.359015	5.132000000000062	states													"         state_name
id                 
27  soft_drink_time"
1850.491015	0.0004999999998744897	states													"    state_name
id            
28  warndanger"
1850.491515	3.0005049999999756	states													"            state_name
id                    
29  warndanger_warning"
1853.492515	14.779506000000083	trials	1.0	l	1.0	p	1.0	r	1.0	0.0	0.0	1.0	l	p	
1853.492515	14.779506000000083	states													"   state_name
id           
0     state_0"
1853.492515	0.016000000000076398	states													"          state_name
id                  
1   sending_trialnum"
1853.508515	5.0564999999999145	states													"      state_name
id              
3   wait_for_cin"
1858.565015	0.0025160000000141736	states													"   state_name
id           
4     nicstim"
1858.567531	0.0005009999999856518	states													"       state_name
id               
5   stimon_nosein"
1858.568032	0.394999000000098	states													"   state_name
id           
4     nicstim"
1858.963031	1.001989999999978	states													"      state_name
id              
7   reinit_cpoke"
1859.965021	0.0024940000000697182	states													"   state_name
id           
4     nicstim"
1859.967515	0.0005059999998593412	states													"       state_name
id               
5   stimon_nosein"
1859.968021	0.44351000000006024	states													"   state_name
id           
4     nicstim"
1860.411531	0.01298399999996036	states													"       state_name
id               
8   wait_for_cout"
1860.424515	0.0015090000001691806	states													"   state_name
id           
9       csgap"
1860.426024	0.2784919999999147	states													"        state_name
id                
16  wait_for_spoke"
1860.704516	0.0004989999999907013	states													"             state_name
id                     
18  soff_reward_chooser"
1860.705015	0.06400000000007822	states													"     state_name
id             
22  reward_soff"
1860.769015	0.09601599999996324	states													"         state_name
id                 
26  post_reward_off"
1860.865031	4.4059839999999895	states													"         state_name
id                 
27  soft_drink_time"
1865.271015	0.0004999999998744897	states													"    state_name
id            
28  warndanger"
1865.271515	3.0005060000000867	states													"            state_name
id                    
29  warndanger_warning"
1868.272515	6.028004999999894	trials	0.0	r	2.0	p	1.0	r	0.0	0.0	0.0	0.0	r	p	
1868.272515	6.028004999999894	states													"   state_name
id           
0     state_0"
1868.272515	0.015999999999849024	states													"          state_name
id                  
1   sending_trialnum"
1868.288515	0.2390060000000176	states													"      state_name
id              
3   wait_for_cin"
1868.527521	0.002496999999948457	states													"   state_name
id           
4     nicstim"
1868.530018	0.0004969999999957508	states													"       state_name
id               
5   stimon_nosein"
1868.530515	0.42200500000012653	states													"   state_name
id           
4     nicstim"
1868.95252	0.045515000000023065	states													"       state_name
id               
8   wait_for_cout"
1868.998035	0.001479999999901338	states													"   state_name
id           
9       csgap"
1868.999515	0.29950000000008004	states													"        state_name
id                
16  wait_for_spoke"
1869.299015	5.001504999999952	states													"     state_name
id             
31  error_state"
1874.301031	10.25249000000008	trials	1.0	r	2.0	p	1.0	r	0.0	0.0	0.0	1.0	r	p	
1874.301031	10.25249000000008	states													"   state_name
id           
0     state_0"
1874.301031	0.015984000000116794	states													"          state_name
id                  
1   sending_trialnum"
1874.317015	0.3530149999999139	states													"      state_name
id              
3   wait_for_cin"
1874.67003	0.002484999999978754	states													"   state_name
id           
4     nicstim"
1874.672515	0.0005000000001018634	states													"       state_name
id               
5   stimon_nosein"
1874.673015	0.4445059999998193	states													"   state_name
id           
4     nicstim"
1875.117521	0.04999400000019705	states													"       state_name
id               
8   wait_for_cout"
1875.167515	0.0009999999999763531	states													"   state_name
id           
9       csgap"
1875.168515	0.3249999999998181	states													"        state_name
id                
16  wait_for_spoke"
1875.493515	0.0005150000001776789	states													"             state_name
id                     
18  soff_reward_chooser"
1875.49403	0.1339900000000398	states													"         state_name
id                 
19  reward_big_soff"
1875.62802	0.06049499999994623	states													"         state_name
id                 
26  post_reward_off"
1875.688515	5.864499999999907	states													"         state_name
id                 
27  soft_drink_time"
1881.553015	0.0005000000001018634	states													"    state_name
id            
28  warndanger"
1881.553515	3.000005999999985	states													"            state_name
id                    
29  warndanger_warning"
1884.554019	23.308496000000105	trials	0.0	r	2.0	p	1.0	r	6.0	0.0	0.0	0.0	r	p	
1884.554019	23.308496000000105	states													"   state_name
id           
0     state_0"
1884.554019	0.01600300000018251	states													"          state_name
id                  
1   sending_trialnum"
1884.570022	0.0005089999999654538	states													"      state_name
id              
3   wait_for_cin"
1884.570531	0.002483999999867592	states													"   state_name
id           
4     nicstim"
1884.573015	0.0005000000001018634	states													"       state_name
id               
5   stimon_nosein"
1884.573515	0.4765139999999519	states													"   state_name
id           
4     nicstim"
1885.050029	1.001991999999973	states													"      state_name
id              
7   reinit_cpoke"
1886.052021	0.0020019999999476568	states													"   state_name
id           
4     nicstim"
1886.054023	0.0005029999999806023	states													"       state_name
id               
5   stimon_nosein"
1886.054526	0.3709890000000087	states													"   state_name
id           
4     nicstim"
1886.425515	1.0025150000001304	states													"      state_name
id              
7   reinit_cpoke"
1887.42803	0.002484999999978754	states													"   state_name
id           
4     nicstim"
1887.430515	0.0005009999999856518	states													"       state_name
id               
5   stimon_nosein"
1887.431016	0.5479989999998907	states													"   state_name
id           
4     nicstim"
1887.979015	1.0025000000000546	states													"      state_name
id              
7   reinit_cpoke"
1888.981515	0.0020010000000638684	states													"   state_name
id           
4     nicstim"
1888.983516	0.0005069999999705033	states													"       state_name
id               
5   stimon_nosein"
1888.984023	0.49449200000003657	states													"   state_name
id           
4     nicstim"
1889.478515	1.6040060000000267	states													"      state_name
id              
7   reinit_cpoke"
1891.082521	0.0024940000000697182	states													"   state_name
id           
4     nicstim"
1891.085015	0.0004999999998744897	states													"       state_name
id               
5   stimon_nosein"
1891.085515	0.5665070000000014	states													"   state_name
id           
4     nicstim"
1891.652022	8.633008999999902	states													"      state_name
id              
7   reinit_cpoke"
1900.285031	0.002484000000094966	states													"   state_name
id           
4     nicstim"
1900.287515	0.0005020000000968139	states													"       state_name
id               
5   stimon_nosein"
1900.288017	0.5024979999998322	states													"   state_name
id           
4     nicstim"
1900.790515	1.00200000000018	states													"      state_name
id              
7   reinit_cpoke"
1901.792515	0.0020059999999375577	states													"   state_name
id           
4     nicstim"
1901.794521	0.0005100000000766158	states													"       state_name
id               
5   stimon_nosein"
1901.795031	0.4299839999998767	states													"   state_name
id           
4     nicstim"
1902.225015	0.21649999999999636	states													"       state_name
id               
8   wait_for_cout"
1902.441515	0.0009999999999763531	states													"   state_name
id           
9       csgap"
1902.442515	0.4190000000000964	states													"        state_name
id                
16  wait_for_spoke"
1902.861515	5.000999999999976	states													"     state_name
id             
31  error_state"
1907.863015	8.954000000000178	trials	1.0	r	2.0	p	1.0	r	0.0	0.0	0.0	1.0	r	p	
1907.863015	8.954000000000178	states													"   state_name
id           
0     state_0"
1907.863015	0.016000000000076398	states													"          state_name
id                  
1   sending_trialnum"
1907.879015	0.30950000000007094	states													"      state_name
id              
3   wait_for_cin"
1908.188515	0.0019999999999527063	states													"   state_name
id           
4     nicstim"
1908.190515	0.0005000000001018634	states													"       state_name
id               
5   stimon_nosein"
1908.191015	0.4314999999999145	states													"   state_name
id           
4     nicstim"
1908.622515	0.07550500000002103	states													"       state_name
id               
8   wait_for_cout"
1908.69802	0.0014949999999771535	states													"   state_name
id           
9       csgap"
1908.699515	0.3369999999999891	states													"        state_name
id                
16  wait_for_spoke"
1909.036515	0.0005000000001018634	states													"             state_name
id                     
18  soff_reward_chooser"
1909.037015	0.1340059999999994	states													"         state_name
id                 
19  reward_big_soff"
1909.171021	0.3504939999997987	states													"         state_name
id                 
26  post_reward_off"
1909.521515	4.294507000000067	states													"         state_name
id                 
27  soft_drink_time"
1913.816022	0.0005089999999654538	states													"    state_name
id            
28  warndanger"
1913.816531	3.0004840000001423	states													"            state_name
id                    
29  warndanger_warning"
1916.817515	17.24350000000004	trials	1.0	l	1.0	p	1.0	r	4.0	0.0	0.0	1.0	l	p	
1916.817515	17.24350000000004	states													"   state_name
id           
0     state_0"
1916.817515	0.016000000000076398	states													"          state_name
id                  
1   sending_trialnum"
1916.833515	1.65300000000002	states													"      state_name
id              
3   wait_for_cin"
1918.486515	0.002003000000058819	states													"   state_name
id           
4     nicstim"
1918.488518	0.0005129999999553547	states													"       state_name
id               
5   stimon_nosein"
1918.489031	0.463984999999866	states													"   state_name
id           
4     nicstim"
1918.953016	1.0019999999999527	states													"      state_name
id              
7   reinit_cpoke"
1919.955016	0.0024990000001707813	states													"   state_name
id           
4     nicstim"
1919.957515	0.0005049999999755528	states													"       state_name
id               
5   stimon_nosein"
1919.95802	0.19551099999989674	states													"   state_name
id           
4     nicstim"
1920.153531	1.0024940000000697	states													"      state_name
id              
7   reinit_cpoke"
1921.156025	0.0024900000000798173	states													"   state_name
id           
4     nicstim"
1921.158515	0.0004999999998744897	states													"       state_name
id               
5   stimon_nosein"
1921.159015	0.1875	states													"   state_name
id           
4     nicstim"
1921.346515	1.0025000000000546	states													"      state_name
id              
7   reinit_cpoke"
1922.349015	0.0025160000000141736	states													"   state_name
id           
4     nicstim"
1922.351531	0.0004979999998795392	states													"       state_name
id               
5   stimon_nosein"
1922.352029	0.3119970000000194	states													"   state_name
id           
4     nicstim"
1922.664026	1.0024889999999687	states													"      state_name
id              
7   reinit_cpoke"
1923.666515	0.0020060000001649314	states													"   state_name
id           
4     nicstim"
1923.668521	0.0004999999998744897	states													"       state_name
id               
5   stimon_nosein"
1923.669021	0.4504940000001625	states													"   state_name
id           
4     nicstim"
1924.119515	0.07050299999991694	states													"       state_name
id               
8   wait_for_cout"
1924.190018	0.001496999999972104	states													"   state_name
id           
9       csgap"
1924.191515	0.33900100000005295	states													"        state_name
id                
16  wait_for_spoke"
1924.530516	0.0004989999999907013	states													"             state_name
id                     
18  soff_reward_chooser"
1924.531015	0.06400000000007822	states													"     state_name
id             
22  reward_soff"
1924.595015	0.06999999999993634	states													"         state_name
id                 
26  post_reward_off"
1924.665015	6.395499999999856	states													"         state_name
id                 
27  soft_drink_time"
1931.060515	0.0005000000001018634	states													"    state_name
id            
28  warndanger"
1931.061015	3.0	states													"            state_name
id                    
29  warndanger_warning"
1934.061515	10.656999999999925	trials	1.0	l	1.0	p	1.0	r	0.0	0.0	0.0	1.0	l	p	
1934.061515	10.656999999999925	states													"   state_name
id           
0     state_0"
1934.061515	0.016015999999808628	states													"          state_name
id                  
1   sending_trialnum"
1934.077531	0.0004840000001422595	states													"      state_name
id              
3   wait_for_cin"
1934.078015	0.002003000000058819	states													"   state_name
id           
4     nicstim"
1934.080018	0.0004969999999957508	states													"       state_name
id               
5   stimon_nosein"
1934.080515	0.41649999999981446	states													"   state_name
id           
4     nicstim"
1934.497015	0.029009000000087326	states													"       state_name
id               
8   wait_for_cout"
1934.526024	0.0014909999999872525	states													"   state_name
id           
9       csgap"
1934.527515	0.34950000000003456	states													"        state_name
id                
16  wait_for_spoke"
1934.877015	0.0004999999998744897	states													"             state_name
id                     
18  soff_reward_chooser"
1934.877515	0.12750000000005457	states													"         state_name
id                 
19  reward_big_soff"
1935.005015	0.5695000000000618	states													"         state_name
id                 
26  post_reward_off"
1935.574515	6.143000000000029	states													"         state_name
id                 
27  soft_drink_time"
1941.717515	0.0005059999998593412	states													"    state_name
id            
28  warndanger"
1941.718021	3.000494000000117	states													"            state_name
id                    
29  warndanger_warning"
1944.719015	11.911002000000053	trials	1.0	l	1.0	p	1.0	r	2.0	0.0	0.0	1.0	l	p	
1944.719015	11.911002000000053	states													"   state_name
id           
0     state_0"
1944.719015	0.016000000000076398	states													"          state_name
id                  
1   sending_trialnum"
1944.735015	0.0005060000000867149	states													"      state_name
id              
3   wait_for_cin"
1944.735521	0.002500999999938358	states													"   state_name
id           
4     nicstim"
1944.738022	0.0004930000000058499	states													"       state_name
id               
5   stimon_nosein"
1944.738515	0.4800000000000182	states													"   state_name
id           
4     nicstim"
1945.218515	1.0025000000000546	states													"      state_name
id              
7   reinit_cpoke"
1946.221015	0.002499999999827196	states													"   state_name
id           
4     nicstim"
1946.223515	0.0005110000001877779	states													"       state_name
id               
5   stimon_nosein"
1946.224026	0.564000999999962	states													"   state_name
id           
4     nicstim"
1946.788027	1.0020009999998365	states													"      state_name
id              
7   reinit_cpoke"
1947.790028	0.0024870000002010784	states													"   state_name
id           
4     nicstim"
1947.792515	0.0004999999998744897	states													"       state_name
id               
5   stimon_nosein"
1947.793015	0.44600100000002385	states													"   state_name
id           
4     nicstim"
1948.239016	0.16549899999995432	states													"       state_name
id               
8   wait_for_cout"
1948.404515	0.0009999999999763531	states													"   state_name
id           
9       csgap"
1948.405515	0.4455159999999978	states													"        state_name
id                
16  wait_for_spoke"
1948.851031	0.0005000000001018634	states													"             state_name
id                     
18  soff_reward_chooser"
1948.851531	0.06398399999989124	states													"     state_name
id             
22  reward_soff"
1948.915515	0.10000000000013642	states													"         state_name
id                 
26  post_reward_off"
1949.015515	4.613499999999931	states													"         state_name
id                 
27  soft_drink_time"
1953.629015	0.0005000000001018634	states													"    state_name
id            
28  warndanger"
1953.629515	3.0005019999998694	states													"            state_name
id                    
29  warndanger_warning"
1956.630515	9.880999999999858	trials	1.0	l	1.0	p	1.0	r	0.0	0.0	0.0	1.0	l	p	
1956.630515	9.880999999999858	states													"   state_name
id           
0     state_0"
1956.630515	0.015999999999849024	states													"          state_name
id                  
1   sending_trialnum"
1956.646515	0.09151300000007723	states													"      state_name
id              
3   wait_for_cin"
1956.738028	0.0020050000000537693	states													"   state_name
id           
4     nicstim"
1956.740033	0.00048199999991993536	states													"       state_name
id               
5   stimon_nosein"
1956.740515	0.44750500000009197	states													"   state_name
id           
4     nicstim"
1957.18802	0.03149499999994987	states													"       state_name
id               
8   wait_for_cout"
1957.219515	0.0010059999999612046	states													"   state_name
id           
9       csgap"
1957.220521	0.256994000000077	states													"        state_name
id                
16  wait_for_spoke"
1957.477515	0.0005069999999705033	states													"             state_name
id                     
18  soff_reward_chooser"
1957.478022	0.1274989999999434	states													"         state_name
id                 
19  reward_big_soff"
1957.605521	0.11899400000015703	states													"         state_name
id                 
26  post_reward_off"
1957.724515	5.785999999999831	states													"         state_name
id                 
27  soft_drink_time"
1963.510515	0.0005000000001018634	states													"    state_name
id            
28  warndanger"
1963.511015	3.0004999999998745	states													"            state_name
id                    
29  warndanger_warning"
1966.512024	13.65350699999999	trials	1.0	r	2.0	p	1.0	r	2.0	0.0	0.0	1.0	r	p	
1966.512024	13.65350699999999	states													"   state_name
id           
0     state_0"
1966.512024	0.015996999999970285	states													"          state_name
id                  
1   sending_trialnum"
1966.528021	0.8220029999999952	states													"      state_name
id              
3   wait_for_cin"
1967.350024	0.0020059999999375577	states													"   state_name
id           
4     nicstim"
1967.35203	0.0004870000000209984	states													"       state_name
id               
5   stimon_nosein"
1967.352517	0.3904979999999796	states													"   state_name
id           
4     nicstim"
1967.743015	1.2060079999998834	states													"      state_name
id              
7   reinit_cpoke"
1968.949023	0.0024920000000747677	states													"   state_name
id           
4     nicstim"
1968.951515	0.0005100000000766158	states													"       state_name
id               
5   stimon_nosein"
1968.952025	0.5035060000000158	states													"   state_name
id           
4     nicstim"
1969.455531	1.1494840000000295	states													"      state_name
id              
7   reinit_cpoke"
1970.605015	0.00201599999991231	states													"   state_name
id           
4     nicstim"
1970.607031	0.0005000000001018634	states													"       state_name
id               
5   stimon_nosein"
1970.607531	0.41598399999998037	states													"   state_name
id           
4     nicstim"
1971.023515	0.052506999999877735	states													"       state_name
id               
8   wait_for_cout"
1971.076022	0.001492999999982203	states													"   state_name
id           
9       csgap"
1971.077515	0.6025070000000596	states													"        state_name
id                
16  wait_for_spoke"
1971.680022	0.0005029999999806023	states													"             state_name
id                     
18  soff_reward_chooser"
1971.680525	0.06699000000003252	states													"     state_name
id             
22  reward_soff"
1971.747515	0.09851000000003296	states													"         state_name
id                 
26  post_reward_off"
1971.846025	5.318489999999883	states													"         state_name
id                 
27  soft_drink_time"
1977.164515	0.0005000000001018634	states													"    state_name
id            
28  warndanger"
1977.165015	3.0005160000000615	states													"            state_name
id                    
29  warndanger_warning"
1980.166022	9.950492999999824	trials	1.0	l	1.0	p	1.0	r	1.0	0.0	0.0	1.0	l	p	
1980.166022	9.950492999999824	states													"   state_name
id           
0     state_0"
1980.166022	0.015999999999849024	states													"          state_name
id                  
1   sending_trialnum"
1980.182022	0.12899300000003677	states													"      state_name
id              
3   wait_for_cin"
1980.311015	0.00201599999991231	states													"   state_name
id           
4     nicstim"
1980.313031	0.0005000000001018634	states													"       state_name
id               
5   stimon_nosein"
1980.313531	0.46149399999990237	states													"   state_name
id           
4     nicstim"
1980.775025	1.001989999999978	states													"      state_name
id              
7   reinit_cpoke"
1981.777015	0.00200000000018008	states													"   state_name
id           
4     nicstim"
1981.779015	0.0004999999998744897	states													"       state_name
id               
5   stimon_nosein"
1981.779515	0.43750999999997475	states													"   state_name
id           
4     nicstim"
1982.217025	0.01099700000008852	states													"       state_name
id               
8   wait_for_cout"
1982.228022	0.0010019999999713036	states													"   state_name
id           
9       csgap"
1982.229024	0.3539909999999509	states													"        state_name
id                
16  wait_for_spoke"
1982.583015	0.0005160000000614673	states													"             state_name
id                     
18  soff_reward_chooser"
1982.583531	0.06398400000011861	states													"     state_name
id             
22  reward_soff"
1982.647515	0.10349999999993997	states													"         state_name
id                 
26  post_reward_off"
1982.751015	4.365002999999888	states													"         state_name
id                 
27  soft_drink_time"
1987.116018	0.0004969999999957508	states													"    state_name
id            
28  warndanger"
1987.116515	3.0	states													"            state_name
id                    
29  warndanger_warning"
1990.117015	11.683009999999967	trials	1.0	l	1.0	p	1.0	r	2.0	0.0	0.0	1.0	l	p	
1990.117015	11.683009999999967	states													"   state_name
id           
0     state_0"
1990.117015	0.01600600000006125	states													"          state_name
id                  
1   sending_trialnum"
1990.133021	0.016493999999966036	states													"      state_name
id              
3   wait_for_cin"
1990.149515	0.0019999999999527063	states													"   state_name
id           
4     nicstim"
1990.151515	0.0005019999998694402	states													"       state_name
id               
5   stimon_nosein"
1990.152017	0.4644980000000487	states													"   state_name
id           
4     nicstim"
1990.616515	1.0025000000000546	states													"      state_name
id              
7   reinit_cpoke"
1991.619015	0.0019999999999527063	states													"   state_name
id           
4     nicstim"
1991.621015	0.0005000000001018634	states													"       state_name
id               
5   stimon_nosein"
1991.621515	0.5629999999998745	states													"   state_name
id           
4     nicstim"
1992.184515	1.0025010000001657	states													"      state_name
id              
7   reinit_cpoke"
1993.187016	0.0020049999998263957	states													"   state_name
id           
4     nicstim"
1993.189021	0.0005100000000766158	states													"       state_name
id               
5   stimon_nosein"
1993.189531	0.4169839999999567	states													"   state_name
id           
4     nicstim"
1993.606515	0.018000000000029104	states													"       state_name
id               
8   wait_for_cout"
1993.624515	0.0015069999999468564	states													"   state_name
id           
9       csgap"
1993.626022	0.41000099999996564	states													"        state_name
id                
16  wait_for_spoke"
1994.036023	0.0004920000001220615	states													"             state_name
id                     
18  soff_reward_chooser"
1994.036515	0.064000999999962	states													"     state_name
id             
22  reward_soff"
1994.100516	1.2949989999999616	states													"         state_name
id                 
26  post_reward_off"
1995.395515	3.4039999999999964	states													"         state_name
id                 
27  soft_drink_time"
1998.799515	0.0005040000000917644	states													"    state_name
id            
28  warndanger"
1998.800019	3.000005999999985	states													"            state_name
id                    
29  warndanger_warning"
2001.800515	13.272509000000127	trials	1.0	r	2.0	p	1.0	r	2.0	0.0	0.0	1.0	r	p	
2001.800515	13.272509000000127	states													"   state_name
id           
0     state_0"
2001.800515	0.016000000000076398	states													"          state_name
id                  
1   sending_trialnum"
2001.816515	0.0005000000001018634	states													"      state_name
id              
3   wait_for_cin"
2001.817015	0.0025160000000141736	states													"   state_name
id           
4     nicstim"
2001.819531	0.0004910000000108994	states													"       state_name
id               
5   stimon_nosein"
2001.820022	0.5464929999998276	states													"   state_name
id           
4     nicstim"
2002.366515	1.0025000000000546	states													"      state_name
id              
7   reinit_cpoke"
2003.369015	0.0020010000000638684	states													"   state_name
id           
4     nicstim"
2003.371016	0.0004989999999907013	states													"       state_name
id               
5   stimon_nosein"
2003.371515	0.4790020000000368	states													"   state_name
id           
4     nicstim"
2003.850517	1.2429979999999432	states													"      state_name
id              
7   reinit_cpoke"
2005.093515	0.0020059999999375577	states													"   state_name
id           
4     nicstim"
2005.095521	0.0004980000001069129	states													"       state_name
id               
5   stimon_nosein"
2005.096019	0.419495999999981	states													"   state_name
id           
4     nicstim"
2005.515515	0.04150000000004184	states													"       state_name
id               
8   wait_for_cout"
2005.557015	0.0010089999998399435	states													"   state_name
id           
9       csgap"
2005.558024	0.399998000000096	states													"        state_name
id                
16  wait_for_spoke"
2005.958022	0.0005089999999654538	states													"             state_name
id                     
18  soff_reward_chooser"
2005.958531	0.06698400000004767	states													"     state_name
id             
22  reward_soff"
2006.025515	0.04600000000004911	states													"         state_name
id                 
26  post_reward_off"
2006.071515	6.000999999999976	states													"         state_name
id                 
27  soft_drink_time"
2012.072515	0.0004999999998744897	states													"    state_name
id            
28  warndanger"
2012.073015	3.000009000000091	states													"            state_name
id                    
29  warndanger_warning"
2015.073515	11.614508999999998	trials	1.0	r	2.0	p	1.0	r	1.0	0.0	0.0	1.0	r	p	
2015.073515	11.614508999999998	states													"   state_name
id           
0     state_0"
2015.073515	0.016016000000036	states													"          state_name
id                  
1   sending_trialnum"
2015.089531	0.0004989999999907013	states													"      state_name
id              
3   wait_for_cin"
2015.09003	0.002484999999978754	states													"   state_name
id           
4     nicstim"
2015.092515	0.0005059999998593412	states													"       state_name
id               
5   stimon_nosein"
2015.093021	0.5619940000001407	states													"   state_name
id           
4     nicstim"
2015.655015	1.9790040000000317	states													"      state_name
id              
7   reinit_cpoke"
2017.634019	0.0020049999998263957	states													"   state_name
id           
4     nicstim"
2017.636024	0.0004910000000108994	states													"       state_name
id               
5   stimon_nosein"
2017.636515	0.4290000000000873	states													"   state_name
id           
4     nicstim"
2018.065515	0.06651000000010754	states													"       state_name
id               
8   wait_for_cout"
2018.132025	0.0014899999998760904	states													"   state_name
id           
9       csgap"
2018.133515	0.5769999999999982	states													"        state_name
id                
16  wait_for_spoke"
2018.710515	0.0005000000001018634	states													"             state_name
id                     
18  soff_reward_chooser"
2018.711015	0.06700999999998203	states													"     state_name
id             
22  reward_soff"
2018.778025	0.48999499999990803	states													"         state_name
id                 
26  post_reward_off"
2019.26802	4.418994999999995	states													"         state_name
id                 
27  soft_drink_time"
2023.687015	0.0005000000001018634	states													"    state_name
id            
28  warndanger"
2023.687515	3.0005089999999655	states													"            state_name
id                    
29  warndanger_warning"
2026.688515	5.741999999999962	trials	0.0	r	2.0	p	1.0	r	0.0	0.0	0.0	0.0	r	p	
2026.688515	5.741999999999962	states													"   state_name
id           
0     state_0"
2026.688515	0.015999999999849024	states													"          state_name
id                  
1   sending_trialnum"
2026.704515	0.0005009999999856518	states													"      state_name
id              
3   wait_for_cin"
2026.705016	0.0025050000001556327	states													"   state_name
id           
4     nicstim"
2026.707521	0.0005009999999856518	states													"       state_name
id               
5   stimon_nosein"
2026.708022	0.4224930000000313	states													"   state_name
id           
4     nicstim"
2027.130515	0.002499999999827196	states													"       state_name
id               
8   wait_for_cout"
2027.133015	0.0010050000000774162	states													"   state_name
id           
9       csgap"
2027.13402	0.29551100000003316	states													"        state_name
id                
16  wait_for_spoke"
2027.429531	5.000984000000017	states													"     state_name
id             
31  error_state"
2032.431015	10.2800000000002	trials	1.0	r	2.0	p	1.0	r	0.0	0.0	0.0	1.0	r	p	
2032.431015	10.2800000000002	states													"   state_name
id           
0     state_0"
2032.431015	0.016016000000036	states													"          state_name
id                  
1   sending_trialnum"
2032.447031	0.000490000000127111	states													"      state_name
id              
3   wait_for_cin"
2032.447521	0.002496999999948457	states													"   state_name
id           
4     nicstim"
2032.450018	0.0004969999999957508	states													"       state_name
id               
5   stimon_nosein"
2032.450515	0.42249999999989996	states													"   state_name
id           
4     nicstim"
2032.873015	0.011013000000048123	states													"       state_name
id               
8   wait_for_cout"
2032.884028	0.0014869999999973516	states													"   state_name
id           
9       csgap"
2032.885515	0.4249999999999545	states													"        state_name
id                
16  wait_for_spoke"
2033.310515	0.0005000000001018634	states													"             state_name
id                     
18  soff_reward_chooser"
2033.311015	0.13400000000001455	states													"         state_name
id                 
19  reward_big_soff"
2033.445015	0.8550139999999828	states													"         state_name
id                 
26  post_reward_off"
2034.300029	5.410485999999992	states													"         state_name
id                 
27  soft_drink_time"
2039.710515	0.0005000000001018634	states													"    state_name
id            
28  warndanger"
2039.711015	3.0	states													"            state_name
id                    
29  warndanger_warning"
2042.711515	11.089500999999927	trials	1.0	l	1.0	p	1.0	r	1.0	0.0	0.0	1.0	l	p	
2042.711515	11.089500999999927	states													"   state_name
id           
0     state_0"
2042.711515	0.016000000000076398	states													"          state_name
id                  
1   sending_trialnum"
2042.727515	0.0005059999998593412	states													"      state_name
id              
3   wait_for_cin"
2042.728021	0.002008000000159882	states													"   state_name
id           
4     nicstim"
2042.730029	0.00048599999990983633	states													"       state_name
id               
5   stimon_nosein"
2042.730515	0.4450160000001233	states													"   state_name
id           
4     nicstim"
2043.175531	1.0024919999998474	states													"      state_name
id              
7   reinit_cpoke"
2044.178023	0.002004000000169981	states													"   state_name
id           
4     nicstim"
2044.180027	0.0004879999999047868	states													"       state_name
id               
5   stimon_nosein"
2044.180515	0.45499999999992724	states													"   state_name
id           
4     nicstim"
2044.635515	0.13750100000015664	states													"       state_name
id               
8   wait_for_cout"
2044.773016	0.001006999999844993	states													"   state_name
id           
9       csgap"
2044.774023	0.3814919999999802	states													"        state_name
id                
16  wait_for_spoke"
2045.155515	0.0005080000000816653	states													"             state_name
id                     
18  soff_reward_chooser"
2045.156023	0.0639969999999721	states													"     state_name
id             
22  reward_soff"
2045.22002	0.16201200000000426	states													"         state_name
id                 
26  post_reward_off"
2045.382032	5.418482999999924	states													"         state_name
id                 
27  soft_drink_time"
2050.800515	0.0005009999999856518	states													"    state_name
id            
28  warndanger"
2050.801016	3.0	states													"            state_name
id                    
29  warndanger_warning"
2053.801515	14.113500999999815	trials	1.0	r	2.0	p	1.0	r	3.0	0.0	0.0	1.0	r	p	
2053.801515	14.113500999999815	states													"   state_name
id           
0     state_0"
2053.801515	0.016016000000036	states													"          state_name
id                  
1   sending_trialnum"
2053.817531	0.03948399999990215	states													"      state_name
id              
3   wait_for_cin"
2053.857015	0.0025059999998120475	states													"   state_name
id           
4     nicstim"
2053.859521	0.0005009999999856518	states													"       state_name
id               
5   stimon_nosein"
2053.860022	0.5660070000003543	states													"   state_name
id           
4     nicstim"
2054.426029	1.6254859999999098	states													"      state_name
id              
7   reinit_cpoke"
2056.051515	0.0019999999999527063	states													"   state_name
id           
4     nicstim"
2056.053515	0.0005069999997431296	states													"       state_name
id               
5   stimon_nosein"
2056.054022	0.5599970000002941	states													"   state_name
id           
4     nicstim"
2056.614019	1.3815119999999297	states													"      state_name
id              
7   reinit_cpoke"
2057.995531	0.0024899999998524436	states													"   state_name
id           
4     nicstim"
2057.998021	0.0004940000003443856	states													"       state_name
id               
5   stimon_nosein"
2057.998515	0.42600099999981467	states													"   state_name
id           
4     nicstim"
2058.424516	1.300999000000047	states													"      state_name
id              
7   reinit_cpoke"
2059.725515	0.0019999999999527063	states													"   state_name
id           
4     nicstim"
2059.727515	0.0005139999998391431	states													"       state_name
id               
5   stimon_nosein"
2059.728029	0.4559990000002472	states													"   state_name
id           
4     nicstim"
2060.184028	0.05949299999974755	states													"       state_name
id               
8   wait_for_cout"
2060.243521	0.001494000000093365	states													"   state_name
id           
9       csgap"
2060.245015	0.41301100000009683	states													"        state_name
id                
16  wait_for_spoke"
2060.658026	0.0004890000000159489	states													"             state_name
id                     
18  soff_reward_chooser"
2060.658515	0.06700000000000728	states													"     state_name
id             
22  reward_soff"
2060.725515	0.5855000000001382	states													"         state_name
id                 
26  post_reward_off"
2061.311015	3.6030179999997927	states													"         state_name
id                 
27  soft_drink_time"
2064.914033	0.00048199999991993536	states													"    state_name
id            
28  warndanger"
2064.914515	3.0005009999999857	states													"            state_name
id                    
29  warndanger_warning"
2067.915515	13.5210119999997	trials	1.0	l	1.0	p	1.0	r	3.0	0.0	0.0	1.0	l	p	
2067.915515	13.5210119999997	states													"   state_name
id           
0     state_0"
2067.915515	0.016000000000076398	states													"          state_name
id                  
1   sending_trialnum"
2067.931515	1.0619999999998981	states													"      state_name
id              
3   wait_for_cin"
2068.993515	0.0019999999999527063	states													"   state_name
id           
4     nicstim"
2068.995515	0.0005120000000715663	states													"       state_name
id               
5   stimon_nosein"
2068.996027	0.40100399999982983	states													"   state_name
id           
4     nicstim"
2069.397031	1.002484000000095	states													"      state_name
id              
7   reinit_cpoke"
2070.399515	0.00201599999991231	states													"   state_name
id           
4     nicstim"
2070.401531	0.0004910000002382731	states													"       state_name
id               
5   stimon_nosein"
2070.402022	0.40000099999997474	states													"   state_name
id           
4     nicstim"
2070.802023	1.00249199999962	states													"      state_name
id              
7   reinit_cpoke"
2071.804515	0.0020000000004074536	states													"   state_name
id           
4     nicstim"
2071.806515	0.0004999999996471161	states													"       state_name
id               
5   stimon_nosein"
2071.807015	0.5120010000000548	states													"   state_name
id           
4     nicstim"
2072.319016	1.0025150000001304	states													"      state_name
id              
7   reinit_cpoke"
2073.321531	0.0024859999998625426	states													"   state_name
id           
4     nicstim"
2073.324017	0.0004979999998795392	states													"       state_name
id               
5   stimon_nosein"
2073.324515	0.4450000000001637	states													"   state_name
id           
4     nicstim"
2073.769515	0.1970049999999901	states													"       state_name
id               
8   wait_for_cout"
2073.96652	0.001010999999834894	states													"   state_name
id           
9       csgap"
2073.967531	0.5084940000001552	states													"        state_name
id                
16  wait_for_spoke"
2074.476025	0.000495000000228174	states													"             state_name
id                     
18  soff_reward_chooser"
2074.47652	0.06399499999997715	states													"     state_name
id             
22  reward_soff"
2074.540515	0.5815189999998438	states													"         state_name
id                 
26  post_reward_off"
2075.122034	3.313481000000138	states													"         state_name
id                 
27  soft_drink_time"
2078.435515	0.0005099999998492422	states													"    state_name
id            
28  warndanger"
2078.436025	3.0005019999998694	states													"            state_name
id                    
29  warndanger_warning"
2081.437031	13.315500000000156	trials	1.0	r	2.0	p	1.0	r	2.0	0.0	0.0	1.0	r	p	
2081.437031	13.315500000000156	states													"   state_name
id           
0     state_0"
2081.437031	0.01598999999987427	states													"          state_name
id                  
1   sending_trialnum"
2081.453021	1.5014940000000934	states													"      state_name
id              
3   wait_for_cin"
2082.954515	0.002001000000291242	states													"   state_name
id           
4     nicstim"
2082.956516	0.0005149999997229315	states													"       state_name
id               
5   stimon_nosein"
2082.957031	0.37998400000014954	states													"   state_name
id           
4     nicstim"
2083.337015	1.0020159999999123	states													"      state_name
id              
7   reinit_cpoke"
2084.339031	0.002484000000094966	states													"   state_name
id           
4     nicstim"
2084.341515	0.0005069999997431296	states													"       state_name
id               
5   stimon_nosein"
2084.342022	0.3420000000000982	states													"   state_name
id           
4     nicstim"
2084.684022	1.0020119999999224	states													"      state_name
id              
7   reinit_cpoke"
2085.686034	0.0024809999999888532	states													"   state_name
id           
4     nicstim"
2085.688515	0.0005000000001018634	states													"       state_name
id               
5   stimon_nosein"
2085.689015	0.4434999999998581	states													"   state_name
id           
4     nicstim"
2086.132515	0.005505000000084692	states													"       state_name
id               
8   wait_for_cout"
2086.13802	0.0010010000000875152	states													"   state_name
id           
9       csgap"
2086.139021	0.4134950000002391	states													"        state_name
id                
16  wait_for_spoke"
2086.552516	0.0005149999997229315	states													"             state_name
id                     
18  soff_reward_chooser"
2086.553031	0.06698700000015378	states													"     state_name
id             
22  reward_soff"
2086.620018	0.0009970000000976142	states													"         state_name
id                 
26  post_reward_off"
2086.621015	5.131005999999616	states													"         state_name
id                 
27  soft_drink_time"
2091.752021	0.000495000000228174	states													"    state_name
id            
28  warndanger"
2091.752516	3.000015000000076	states													"            state_name
id                    
29  warndanger_warning"
2094.753026	14.089504999999917	trials	1.0	r	2.0	p	1.0	r	3.0	0.0	0.0	1.0	r	p	
2094.753026	14.089504999999917	states													"   state_name
id           
0     state_0"
2094.753026	0.01599000000032902	states													"          state_name
id                  
1   sending_trialnum"
2094.769016	0.22599899999977424	states													"      state_name
id              
3   wait_for_cin"
2094.995015	0.0019999999999527063	states													"   state_name
id           
4     nicstim"
2094.997015	0.0005000000001018634	states													"       state_name
id               
5   stimon_nosein"
2094.997515	0.4295000000001892	states													"   state_name
id           
4     nicstim"
2095.427015	1.0024999999995998	states													"      state_name
id              
7   reinit_cpoke"
2096.429515	0.0020160000003670575	states													"   state_name
id           
4     nicstim"
2096.431531	0.0004909999997835257	states													"       state_name
id               
5   stimon_nosein"
2096.432022	0.44849299999987124	states													"   state_name
id           
4     nicstim"
2096.880515	1.0020030000000588	states													"      state_name
id              
7   reinit_cpoke"
2097.882518	0.002496999999948457	states													"   state_name
id           
4     nicstim"
2097.885015	0.0005000000001018634	states													"       state_name
id               
5   stimon_nosein"
2097.885515	0.49749999999994543	states													"   state_name
id           
4     nicstim"
2098.383015	1.0025000000000546	states													"      state_name
id              
7   reinit_cpoke"
2099.385515	0.002504999999928259	states													"   state_name
id           
4     nicstim"
2099.38802	0.000495000000228174	states													"       state_name
id               
5   stimon_nosein"
2099.388515	0.4559999999996762	states													"   state_name
id           
4     nicstim"
2099.844515	0.013507000000117841	states													"       state_name
id               
8   wait_for_cout"
2099.858022	0.0014930000002095767	states													"   state_name
id           
9       csgap"
2099.859515	0.40200000000004366	states													"        state_name
id                
16  wait_for_spoke"
2100.261515	0.0005059999998593412	states													"             state_name
id                     
18  soff_reward_chooser"
2100.262021	0.06699399999979505	states													"     state_name
id             
22  reward_soff"
2100.329015	0.4030040000002373	states													"         state_name
id                 
26  post_reward_off"
2100.732019	5.110001000000011	states													"         state_name
id                 
27  soft_drink_time"
2105.84202	0.0004949999997734267	states													"    state_name
id            
28  warndanger"
2105.842515	3.0000159999999596	states													"            state_name
id                    
29  warndanger_warning"
2108.843015	11.753506000000016	trials	1.0	l	1.0	p	1.0	r	2.0	0.0	0.0	1.0	l	p	
2108.843015	11.753506000000016	states													"   state_name
id           
0     state_0"
2108.843015	0.016000999999960186	states													"          state_name
id                  
1   sending_trialnum"
2108.859016	0.000499000000218075	states													"      state_name
id              
3   wait_for_cin"
2108.859515	0.00201599999991231	states													"   state_name
id           
4     nicstim"
2108.861531	0.0004960000001119624	states													"       state_name
id               
5   stimon_nosein"
2108.862027	0.5584879999996701	states													"   state_name
id           
4     nicstim"
2109.420515	1.0020000000004075	states													"      state_name
id              
7   reinit_cpoke"
2110.422515	0.0024999999995998223	states													"   state_name
id           
4     nicstim"
2110.425015	0.0005060000003140885	states													"       state_name
id               
5   stimon_nosein"
2110.425521	0.4499940000000606	states													"   state_name
id           
4     nicstim"
2110.875515	1.0025069999996958	states													"      state_name
id              
7   reinit_cpoke"
2111.878022	0.00200700000004872	states													"   state_name
id           
4     nicstim"
2111.880029	0.00048599999990983633	states													"       state_name
id               
5   stimon_nosein"
2111.880515	0.4515070000002197	states													"   state_name
id           
4     nicstim"
2112.332022	0.07850899999993999	states													"       state_name
id               
8   wait_for_cout"
2112.410531	0.00148799999988114	states													"   state_name
id           
9       csgap"
2112.412019	0.6029960000000756	states													"        state_name
id                
16  wait_for_spoke"
2113.015015	0.0005000000001018634	states													"             state_name
id                     
18  soff_reward_chooser"
2113.015515	0.06399999999985084	states													"     state_name
id             
22  reward_soff"
2113.079515	0.5155079999999543	states													"         state_name
id                 
26  post_reward_off"
2113.595023	4.000508000000082	states													"         state_name
id                 
27  soft_drink_time"
2117.595531	0.0005009999999856518	states													"    state_name
id            
28  warndanger"
2117.596032	3.000489000000016	states													"            state_name
id                    
29  warndanger_warning"
2120.597021	31.014000000000124	trials	1.0	r	2.0	p	1.0	r	11.0	0.0	0.0	1.0	r	p	
2120.597021	31.014000000000124	states													"   state_name
id           
0     state_0"
2120.597021	0.015993999999864172	states													"          state_name
id                  
1   sending_trialnum"
2120.613015	0.0005000000001018634	states													"      state_name
id              
3   wait_for_cin"
2120.613515	0.0020060000001649314	states													"   state_name
id           
4     nicstim"
2120.615521	0.0005009999999856518	states													"       state_name
id               
5   stimon_nosein"
2120.616022	0.4454929999997148	states													"   state_name
id           
4     nicstim"
2121.061515	1.0025030000001607	states													"      state_name
id              
7   reinit_cpoke"
2122.064018	0.0020049999998263957	states													"   state_name
id           
4     nicstim"
2122.066023	0.0004920000001220615	states													"       state_name
id               
5   stimon_nosein"
2122.066515	0.4525010000002112	states													"   state_name
id           
4     nicstim"
2122.519016	1.0019989999996142	states													"      state_name
id              
7   reinit_cpoke"
2123.521015	0.0020000000004074536	states													"   state_name
id           
4     nicstim"
2123.523015	0.0004999999996471161	states													"       state_name
id               
5   stimon_nosein"
2123.523515	0.193000000000211	states													"   state_name
id           
4     nicstim"
2123.716515	1.4169999999999163	states													"      state_name
id              
7   reinit_cpoke"
2125.133515	0.0019999999999527063	states													"   state_name
id           
4     nicstim"
2125.135515	0.0005070000001978769	states													"       state_name
id               
5   stimon_nosein"
2125.136022	0.5075090000000273	states													"   state_name
id           
4     nicstim"
2125.643531	1.3139839999998912	states													"      state_name
id              
7   reinit_cpoke"
2126.957515	0.0019999999999527063	states													"   state_name
id           
4     nicstim"
2126.959515	0.0005089999999654538	states													"       state_name
id               
5   stimon_nosein"
2126.960024	0.43899099999998725	states													"   state_name
id           
4     nicstim"
2127.399015	1.0350140000000465	states													"      state_name
id              
7   reinit_cpoke"
2128.434029	0.0024859999998625426	states													"   state_name
id           
4     nicstim"
2128.436515	0.0005000000001018634	states													"       state_name
id               
5   stimon_nosein"
2128.437015	0.48701100000016595	states													"   state_name
id           
4     nicstim"
2128.924026	1.3714889999996558	states													"      state_name
id              
7   reinit_cpoke"
2130.295515	0.0020160000003670575	states													"   state_name
id           
4     nicstim"
2130.297531	0.0004959999996572151	states													"       state_name
id               
5   stimon_nosein"
2130.298027	0.444988000000194	states													"   state_name
id           
4     nicstim"
2130.743015	1.6280000000001564	states													"      state_name
id              
7   reinit_cpoke"
2132.371015	0.0019999999999527063	states													"   state_name
id           
4     nicstim"
2132.373015	0.0005000000001018634	states													"       state_name
id               
5   stimon_nosein"
2132.373515	0.5629999999996471	states													"   state_name
id           
4     nicstim"
2132.936515	1.0020010000002912	states													"      state_name
id              
7   reinit_cpoke"
2133.938516	0.002498999999716034	states													"   state_name
id           
4     nicstim"
2133.941015	0.0005000000001018634	states													"       state_name
id               
5   stimon_nosein"
2133.941515	0.559016000000156	states													"   state_name
id           
4     nicstim"
2134.500531	3.451983999999811	states													"      state_name
id              
7   reinit_cpoke"
2137.952515	0.0019999999999527063	states													"   state_name
id           
4     nicstim"
2137.954515	0.0005000000001018634	states													"       state_name
id               
5   stimon_nosein"
2137.955015	0.5	states													"   state_name
id           
4     nicstim"
2138.455015	1.0020009999998365	states													"      state_name
id              
7   reinit_cpoke"
2139.457016	0.0019999999999527063	states													"   state_name
id           
4     nicstim"
2139.459016	0.000499000000218075	states													"       state_name
id               
5   stimon_nosein"
2139.459515	0.1950000000001637	states													"   state_name
id           
4     nicstim"
2139.654515	1.153501999999662	states													"      state_name
id              
7   reinit_cpoke"
2140.808017	0.0020060000001649314	states													"   state_name
id           
4     nicstim"
2140.810023	0.0004920000001220615	states													"       state_name
id               
5   stimon_nosein"
2140.810515	0.4359999999996944	states													"   state_name
id           
4     nicstim"
2141.246515	0.07551800000010189	states													"       state_name
id               
8   wait_for_cout"
2141.322033	0.0014820000001236622	states													"   state_name
id           
9       csgap"
2141.323515	0.4450000000001637	states													"        state_name
id                
16  wait_for_spoke"
2141.768515	0.0004999999996471161	states													"             state_name
id                     
18  soff_reward_chooser"
2141.769015	0.06701300000031551	states													"     state_name
id             
22  reward_soff"
2141.836028	0.39548699999977543	states													"         state_name
id                 
26  post_reward_off"
2142.231515	6.378999999999905	states													"         state_name
id                 
27  soft_drink_time"
2148.610515	0.0005000000001018634	states													"    state_name
id            
28  warndanger"
2148.611015	3.0000060000002122	states													"            state_name
id                    
29  warndanger_warning"
2151.611515	11.116506999999729	trials	1.0	r	2.0	p	1.0	r	0.0	0.0	0.0	1.0	r	p	
2151.611515	11.116506999999729	states													"   state_name
id           
0     state_0"
2151.611515	0.016000000000076398	states													"          state_name
id                  
1   sending_trialnum"
2151.627515	0.0005029999997532286	states													"      state_name
id              
3   wait_for_cin"
2151.628018	0.002005000000281143	states													"   state_name
id           
4     nicstim"
2151.630023	0.0004949999997734267	states													"       state_name
id               
5   stimon_nosein"
2151.630518	0.4375110000000859	states													"   state_name
id           
4     nicstim"
2152.068029	0.04799000000002707	states													"       state_name
id               
8   wait_for_cout"
2152.116019	0.001495999999860942	states													"   state_name
id           
9       csgap"
2152.117515	0.34250400000019	states													"        state_name
id                
16  wait_for_spoke"
2152.460019	0.0004960000001119624	states													"             state_name
id                     
18  soff_reward_chooser"
2152.460515	0.1339999999995598	states													"         state_name
id                 
19  reward_big_soff"
2152.594515	0.46150600000009945	states													"         state_name
id                 
26  post_reward_off"
2153.056021	6.670994999999948	states													"         state_name
id                 
27  soft_drink_time"
2159.727016	0.000499000000218075	states													"    state_name
id            
28  warndanger"
2159.727515	3.000506999999743	states													"            state_name
id                    
29  warndanger_warning"
2162.728521	14.705499000000145	trials	1.0	r	2.0	p	1.0	r	3.0	0.0	0.0	1.0	r	p	
2162.728521	14.705499000000145	states													"   state_name
id           
0     state_0"
2162.728521	0.016009999999823776	states													"          state_name
id                  
1   sending_trialnum"
2162.744531	0.0004840000001422595	states													"      state_name
id              
3   wait_for_cin"
2162.745015	0.0019999999999527063	states													"   state_name
id           
4     nicstim"
2162.747015	0.0005000000001018634	states													"       state_name
id               
5   stimon_nosein"
2162.747515	0.5315000000000509	states													"   state_name
id           
4     nicstim"
2163.279015	1.0025000000000546	states													"      state_name
id              
7   reinit_cpoke"
2164.281515	0.00201599999991231	states													"   state_name
id           
4     nicstim"
2164.283531	0.0004909999997835257	states													"       state_name
id               
5   stimon_nosein"
2164.284022	0.5289930000003551	states													"   state_name
id           
4     nicstim"
2164.813015	1.0024999999995998	states													"      state_name
id              
7   reinit_cpoke"
2165.815515	0.0020160000003670575	states													"   state_name
id           
4     nicstim"
2165.817531	0.0005059999998593412	states													"       state_name
id               
5   stimon_nosein"
2165.818037	0.48598200000014913	states													"   state_name
id           
4     nicstim"
2166.304019	1.688995999999861	states													"      state_name
id              
7   reinit_cpoke"
2167.993015	0.0019999999999527063	states													"   state_name
id           
4     nicstim"
2167.995015	0.0005160000000614673	states													"       state_name
id               
5   stimon_nosein"
2167.995531	0.45698399999992034	states													"   state_name
id           
4     nicstim"
2168.452515	0.007006000000274071	states													"       state_name
id               
8   wait_for_cout"
2168.459521	0.0010099999999511056	states													"   state_name
id           
9       csgap"
2168.460531	0.7674899999997251	states													"        state_name
id                
16  wait_for_spoke"
2169.228021	0.0004939999998896383	states													"             state_name
id                     
18  soff_reward_chooser"
2169.228515	0.0670060000002195	states													"     state_name
id             
22  reward_soff"
2169.295521	1.310993999999937	states													"         state_name
id                 
26  post_reward_off"
2170.606515	3.8265000000001237	states													"         state_name
id                 
27  soft_drink_time"
2174.433015	0.0005059999998593412	states													"    state_name
id            
28  warndanger"
2174.433521	3.000499000000218	states													"            state_name
id                    
29  warndanger_warning"
2177.434515	11.927999999999884	trials	1.0	l	1.0	p	1.0	r	2.0	0.0	0.0	1.0	l	p	
2177.434515	11.927999999999884	states													"   state_name
id           
0     state_0"
2177.434515	0.016004999999950087	states													"          state_name
id                  
1   sending_trialnum"
2177.45052	0.858494999999948	states													"      state_name
id              
3   wait_for_cin"
2178.309015	0.0020000000004074536	states													"   state_name
id           
4     nicstim"
2178.311015	0.0004999999996471161	states													"       state_name
id               
5   stimon_nosein"
2178.311515	0.5170060000000376	states													"   state_name
id           
4     nicstim"
2178.828521	1.0019940000001952	states													"      state_name
id              
7   reinit_cpoke"
2179.830515	0.002009999999700085	states													"   state_name
id           
4     nicstim"
2179.832525	0.000499000000218075	states													"       state_name
id               
5   stimon_nosein"
2179.833024	0.5449960000000829	states													"   state_name
id           
4     nicstim"
2180.37802	1.002016999999796	states													"      state_name
id              
7   reinit_cpoke"
2181.380037	0.0024779999998827407	states													"   state_name
id           
4     nicstim"
2181.382515	0.0005000000001018634	states													"       state_name
id               
5   stimon_nosein"
2181.383015	0.41900699999996505	states													"   state_name
id           
4     nicstim"
2181.802022	0.19999800000005052	states													"       state_name
id               
8   wait_for_cout"
2182.00202	0.0015010000001893786	states													"   state_name
id           
9       csgap"
2182.003521	0.27601000000004206	states													"        state_name
id                
16  wait_for_spoke"
2182.279531	0.00048599999990983633	states													"             state_name
id                     
18  soff_reward_chooser"
2182.280017	0.06400500000017928	states													"     state_name
id             
22  reward_soff"
2182.344022	0.0959949999996752	states													"         state_name
id                 
26  post_reward_off"
2182.440017	3.921498000000156	states													"         state_name
id                 
27  soft_drink_time"
2186.361515	0.0005129999999553547	states													"    state_name
id            
28  warndanger"
2186.362028	3.0004869999997936	states													"            state_name
id                    
29  warndanger_warning"
2189.363015	7.560006000000158	trials	0.0	r	2.0	p	1.0	r	1.0	0.0	0.0	0.0	r	p	
2189.363015	7.560006000000158	states													"   state_name
id           
0     state_0"
2189.363015	0.016000000000076398	states													"          state_name
id                  
1   sending_trialnum"
2189.379015	0.08401599999979226	states													"      state_name
id              
3   wait_for_cin"
2189.463031	0.002484000000094966	states													"   state_name
id           
4     nicstim"
2189.465515	0.0005040000000917644	states													"       state_name
id               
5   stimon_nosein"
2189.466019	0.4469960000001265	states													"   state_name
id           
4     nicstim"
2189.913015	1.021002999999837	states													"      state_name
id              
7   reinit_cpoke"
2190.934018	0.0020100000001548324	states													"   state_name
id           
4     nicstim"
2190.936028	0.00048699999979362474	states													"       state_name
id               
5   stimon_nosein"
2190.936515	0.4370000000003529	states													"   state_name
id           
4     nicstim"
2191.373515	0.20601599999963582	states													"       state_name
id               
8   wait_for_cout"
2191.579531	0.0014840000003459863	states													"   state_name
id           
9       csgap"
2191.581015	0.3410119999998642	states													"        state_name
id                
16  wait_for_spoke"
2191.922027	5.0009939999999915	states													"     state_name
id             
31  error_state"
2196.923531	9.173483999999917	trials	1.0	l	1.0	p	1.0	r	0.0	0.0	0.0	1.0	l	p	
2196.923531	9.173483999999917	states													"   state_name
id           
0     state_0"
2196.923531	0.015984000000116794	states													"          state_name
id                  
1   sending_trialnum"
2196.939515	0.22400599999991755	states													"      state_name
id              
3   wait_for_cin"
2197.163521	0.0025000000000545697	states													"   state_name
id           
4     nicstim"
2197.166021	0.0004939999998896383	states													"       state_name
id               
5   stimon_nosein"
2197.166515	0.42000000000007276	states													"   state_name
id           
4     nicstim"
2197.586515	0.16449999999986176	states													"       state_name
id               
8   wait_for_cout"
2197.751015	0.0010070000002997403	states													"   state_name
id           
9       csgap"
2197.752022	0.2804929999997512	states													"        state_name
id                
16  wait_for_spoke"
2198.032515	0.0005000000001018634	states													"             state_name
id                     
18  soff_reward_chooser"
2198.033015	0.12751600000001417	states													"         state_name
id                 
19  reward_big_soff"
2198.160531	0.3809839999998985	states													"         state_name
id                 
26  post_reward_off"
2198.541515	4.555000000000291	states													"         state_name
id                 
27  soft_drink_time"
2203.096515	0.0004999999996471161	states													"    state_name
id            
28  warndanger"
2203.097015	3.0	states													"            state_name
id                    
29  warndanger_warning"
2206.097515	9.713500000000295	trials	1.0	r	2.0	p	1.0	r	2.0	0.0	0.0	1.0	r	p	
2206.097515	9.713500000000295	states													"   state_name
id           
0     state_0"
2206.097515	0.016016000000036	states													"          state_name
id                  
1   sending_trialnum"
2206.113531	0.0005059999998593412	states													"      state_name
id              
3   wait_for_cin"
2206.114037	0.002478000000337488	states													"   state_name
id           
4     nicstim"
2206.116515	0.0004999999996471161	states													"       state_name
id               
5   stimon_nosein"
2206.117015	0.5165000000001783	states													"   state_name
id           
4     nicstim"
2206.633515	1.5515000000000327	states													"      state_name
id              
7   reinit_cpoke"
2208.185015	0.00201599999991231	states													"   state_name
id           
4     nicstim"
2208.187031	0.0005000000001018634	states													"       state_name
id               
5   stimon_nosein"
2208.187531	0.5479999999997744	states													"   state_name
id           
4     nicstim"
2208.735531	1.1729840000002696	states													"      state_name
id              
7   reinit_cpoke"
2209.908515	0.0025000000000545697	states													"   state_name
id           
4     nicstim"
2209.911015	0.0004999999996471161	states													"       state_name
id               
5   stimon_nosein"
2209.911515	0.42051000000037675	states													"   state_name
id           
4     nicstim"
2210.332025	0.037489999999706924	states													"       state_name
id               
8   wait_for_cout"
2210.369515	0.0010000000002037268	states													"   state_name
id           
9       csgap"
2210.370515	0.19050000000015643	states													"        state_name
id                
16  wait_for_spoke"
2210.561015	0.0004999999996471161	states													"             state_name
id                     
18  soff_reward_chooser"
2210.561515	0.06700000000000728	states													"     state_name
id             
22  reward_soff"
2210.628515	0.09700000000020736	states													"         state_name
id                 
26  post_reward_off"
2210.725515	2.0845190000000002	states													"         state_name
id                 
27  soft_drink_time"
2212.810034	0.00048100000003614696	states													"    state_name
id            
28  warndanger"
2212.810515	3.000500000000102	states													"            state_name
id                    
29  warndanger_warning"
2215.811515	10.798509000000195	trials	1.0	l	1.0	p	1.0	r	1.0	0.0	0.0	1.0	l	p	
2215.811515	10.798509000000195	states													"   state_name
id           
0     state_0"
2215.811515	0.016000000000076398	states													"          state_name
id                  
1   sending_trialnum"
2215.827515	0.03999999999996362	states													"      state_name
id              
3   wait_for_cin"
2215.867515	0.00201599999991231	states													"   state_name
id           
4     nicstim"
2215.869531	0.000503000000207976	states													"       state_name
id               
5   stimon_nosein"
2215.870034	0.49848100000008344	states													"   state_name
id           
4     nicstim"
2216.368515	1.0025000000000546	states													"      state_name
id              
7   reinit_cpoke"
2217.371015	0.0019999999999527063	states													"   state_name
id           
4     nicstim"
2217.373015	0.0005059999998593412	states													"       state_name
id               
5   stimon_nosein"
2217.373521	0.44450300000016796	states													"   state_name
id           
4     nicstim"
2217.818024	0.13149099999964164	states													"       state_name
id               
8   wait_for_cout"
2217.949515	0.0015000000003055902	states													"   state_name
id           
9       csgap"
2217.951015	0.2265159999997195	states													"        state_name
id                
16  wait_for_spoke"
2218.177531	0.0005020000003241876	states													"             state_name
id                     
18  soff_reward_chooser"
2218.178033	0.06398999999964872	states													"     state_name
id             
22  reward_soff"
2218.242023	0.09600300000010975	states													"         state_name
id                 
26  post_reward_off"
2218.338026	5.271005000000059	states													"         state_name
id                 
27  soft_drink_time"
2223.609031	0.0005000000001018634	states													"    state_name
id            
28  warndanger"
2223.609531	3.000493000000006	states													"            state_name
id                    
29  warndanger_warning"
2226.610515	10.763504000000012	trials	1.0	l	1.0	p	1.0	r	0.0	0.0	0.0	1.0	l	p	
2226.610515	10.763504000000012	states													"   state_name
id           
0     state_0"
2226.610515	0.016016000000036	states													"          state_name
id                  
1   sending_trialnum"
2226.626531	0.0004840000001422595	states													"      state_name
id              
3   wait_for_cin"
2226.627015	0.0025000000000545697	states													"   state_name
id           
4     nicstim"
2226.629515	0.0005029999997532286	states													"       state_name
id               
5   stimon_nosein"
2226.630018	0.4549970000002759	states													"   state_name
id           
4     nicstim"
2227.085015	0.027499999999690772	states													"       state_name
id               
8   wait_for_cout"
2227.112515	0.0015070000004016038	states													"   state_name
id           
9       csgap"
2227.114022	0.24200099999961822	states													"        state_name
id                
16  wait_for_spoke"
2227.356023	0.0004920000001220615	states													"             state_name
id                     
18  soff_reward_chooser"
2227.356515	0.12750700000015058	states													"         state_name
id                 
19  reward_big_soff"
2227.484022	0.1979959999998755	states													"         state_name
id                 
26  post_reward_off"
2227.682018	6.691497000000254	states													"         state_name
id                 
27  soft_drink_time"
2234.373515	0.000503999999637017	states													"    state_name
id            
28  warndanger"
2234.374019	3.0	states													"            state_name
id                    
29  warndanger_warning"
2237.374515	12.419511000000057	trials	1.0	r	2.0	p	1.0	r	0.0	0.0	0.0	1.0	r	p	
2237.374515	12.419511000000057	states													"   state_name
id           
0     state_0"
2237.374515	0.016000000000076398	states													"          state_name
id                  
1   sending_trialnum"
2237.390515	0.24950899999976173	states													"      state_name
id              
3   wait_for_cin"
2237.640024	0.0025070000001505832	states													"   state_name
id           
4     nicstim"
2237.642531	0.0004840000001422595	states													"       state_name
id               
5   stimon_nosein"
2237.643015	0.4584999999997308	states													"   state_name
id           
4     nicstim"
2238.101515	0.09600000000000364	states													"       state_name
id               
8   wait_for_cout"
2238.197515	0.0010000000002037268	states													"   state_name
id           
9       csgap"
2238.198515	0.40651600000001054	states													"        state_name
id                
16  wait_for_spoke"
2238.605031	0.0005000000001018634	states													"             state_name
id                     
18  soff_reward_chooser"
2238.605531	0.13398400000005495	states													"         state_name
id                 
19  reward_big_soff"
2238.739515	1.5014999999998508	states													"         state_name
id                 
26  post_reward_off"
2240.241015	6.552499999999782	states													"         state_name
id                 
27  soft_drink_time"
2246.793515	0.0005080000000816653	states													"    state_name
id            
28  warndanger"
2246.794023	3.000003000000106	states													"            state_name
id                    
29  warndanger_warning"
2249.794521	14.571000000000367	trials	1.0	r	2.0	p	1.0	r	2.0	0.0	0.0	1.0	r	p	
2249.794521	14.571000000000367	states													"   state_name
id           
0     state_0"
2249.794521	0.01599400000031892	states													"          state_name
id                  
1   sending_trialnum"
2249.810515	0.0005000000001018634	states													"      state_name
id              
3   wait_for_cin"
2249.811015	0.00201599999991231	states													"   state_name
id           
4     nicstim"
2249.813031	0.0004999999996471161	states													"       state_name
id               
5   stimon_nosein"
2249.813531	0.4624980000003234	states													"   state_name
id           
4     nicstim"
2250.276029	1.0024859999998625	states													"      state_name
id              
7   reinit_cpoke"
2251.278515	0.0019999999999527063	states													"   state_name
id           
4     nicstim"
2251.280515	0.0005059999998593412	states													"       state_name
id               
5   stimon_nosein"
2251.281021	0.15100200000006225	states													"   state_name
id           
4     nicstim"
2251.432023	1.047994000000017	states													"      state_name
id              
7   reinit_cpoke"
2252.480017	0.002011999999922409	states													"   state_name
id           
4     nicstim"
2252.482029	0.0004870000002483721	states													"       state_name
id               
5   stimon_nosein"
2252.482516	0.44099899999991976	states													"   state_name
id           
4     nicstim"
2252.923515	0.07349999999996726	states													"       state_name
id               
8   wait_for_cout"
2252.997015	0.0010070000002997403	states													"   state_name
id           
9       csgap"
2252.998022	0.22599499999978434	states													"        state_name
id                
16  wait_for_spoke"
2253.224017	0.0004979999998795392	states													"             state_name
id                     
18  soff_reward_chooser"
2253.224515	0.06700000000000728	states													"     state_name
id             
22  reward_soff"
2253.291515	0.13600600000017948	states													"         state_name
id                 
26  post_reward_off"
2253.427521	7.937493999999788	states													"         state_name
id                 
27  soft_drink_time"
2261.365015	0.0005000000001018634	states													"    state_name
id            
28  warndanger"
2261.365515	3.0000060000002122	states													"            state_name
id                    
29  warndanger_warning"
2264.366022	15.482992999999624	trials	1.0	l	1.0	p	1.0	r	2.0	0.0	0.0	1.0	l	p	
2264.366022	15.482992999999624	states													"   state_name
id           
0     state_0"
2264.366022	0.016002999999727763	states													"          state_name
id                  
1   sending_trialnum"
2264.382025	0.0004960000001119624	states													"      state_name
id              
3   wait_for_cin"
2264.382521	0.0024939999998423446	states													"   state_name
id           
4     nicstim"
2264.385015	0.0005000000001018634	states													"       state_name
id               
5   stimon_nosein"
2264.385515	0.5430080000000999	states													"   state_name
id           
4     nicstim"
2264.928523	1.001991999999973	states													"      state_name
id              
7   reinit_cpoke"
2265.930515	0.0025000000000545697	states													"   state_name
id           
4     nicstim"
2265.933015	0.0005059999998593412	states													"       state_name
id               
5   stimon_nosein"
2265.933521	0.597494000000097	states													"   state_name
id           
4     nicstim"
2266.531015	1.002006000000165	states													"      state_name
id              
7   reinit_cpoke"
2267.533021	0.0024939999998423446	states													"   state_name
id           
4     nicstim"
2267.535515	0.0005049999999755528	states													"       state_name
id               
5   stimon_nosein"
2267.53602	0.45149499999979525	states													"   state_name
id           
4     nicstim"
2267.987515	0.005500000000211003	states													"       state_name
id               
8   wait_for_cout"
2267.993015	0.001002999999855092	states													"   state_name
id           
9       csgap"
2267.994018	0.4820020000001932	states													"        state_name
id                
16  wait_for_spoke"
2268.47602	0.0004949999997734267	states													"             state_name
id                     
18  soff_reward_chooser"
2268.476515	0.06400000000030559	states													"     state_name
id             
22  reward_soff"
2268.540515	1.1739999999999782	states													"         state_name
id                 
26  post_reward_off"
2269.714515	7.133507000000009	states													"         state_name
id                 
27  soft_drink_time"
2276.848022	0.0004930000000058499	states													"    state_name
id            
28  warndanger"
2276.848515	3.000499999999647	states													"            state_name
id                    
29  warndanger_warning"
2279.849515	10.002506000000267	trials	1.0	r	2.0	p	1.0	r	1.0	0.0	0.0	1.0	r	p	
2279.849515	10.002506000000267	states													"   state_name
id           
0     state_0"
2279.849515	0.016006000000288623	states													"          state_name
id                  
1   sending_trialnum"
2279.865521	0.0004959999996572151	states													"      state_name
id              
3   wait_for_cin"
2279.866017	0.0020120000003771565	states													"   state_name
id           
4     nicstim"
2279.868029	0.00048599999990983633	states													"       state_name
id               
5   stimon_nosein"
2279.868515	0.5055170000000544	states													"   state_name
id           
4     nicstim"
2280.374032	1.1639900000000125	states													"      state_name
id              
7   reinit_cpoke"
2281.538022	0.00250899999991816	states													"   state_name
id           
4     nicstim"
2281.540531	0.00048399999968751217	states													"       state_name
id               
5   stimon_nosein"
2281.541015	0.4480100000000675	states													"   state_name
id           
4     nicstim"
2281.989025	0.16798999999991793	states													"       state_name
id               
8   wait_for_cout"
2282.157015	0.0010050000000774162	states													"   state_name
id           
9       csgap"
2282.15802	0.526002999999946	states													"        state_name
id                
16  wait_for_spoke"
2282.684023	0.0004920000001220615	states													"             state_name
id                     
18  soff_reward_chooser"
2282.684515	0.06701599999996688	states													"     state_name
id             
22  reward_soff"
2282.751531	0.2994850000000042	states													"         state_name
id                 
26  post_reward_off"
2283.051016	3.8000150000002577	states													"         state_name
id                 
27  soft_drink_time"
2286.851031	0.0004999999996471161	states													"    state_name
id            
28  warndanger"
2286.851531	3.0004900000003545	states													"            state_name
id                    
29  warndanger_warning"
2289.852515	9.271000000000186	trials	1.0	l	1.0	p	1.0	r	0.0	0.0	0.0	1.0	l	p	
2289.852515	9.271000000000186	states													"   state_name
id           
0     state_0"
2289.852515	0.016000000000076398	states													"          state_name
id                  
1   sending_trialnum"
2289.868515	0.05550700000003417	states													"      state_name
id              
3   wait_for_cin"
2289.924022	0.0024960000000646687	states													"   state_name
id           
4     nicstim"
2289.926518	0.0005129999999553547	states													"       state_name
id               
5   stimon_nosein"
2289.927031	0.42848400000002584	states													"   state_name
id           
4     nicstim"
2290.355515	0.05550099999982194	states													"       state_name
id               
8   wait_for_cout"
2290.411016	0.0010080000001835288	states													"   state_name
id           
9       csgap"
2290.412024	0.3344909999996162	states													"        state_name
id                
16  wait_for_spoke"
2290.746515	0.0005000000001018634	states													"             state_name
id                     
18  soff_reward_chooser"
2290.747015	0.1275020000002769	states													"         state_name
id                 
19  reward_big_soff"
2290.874517	0.7059989999997924	states													"         state_name
id                 
26  post_reward_off"
2291.580516	4.5419990000000325	states													"         state_name
id                 
27  soft_drink_time"
2296.122515	0.0005000000001018634	states													"    state_name
id            
28  warndanger"
2296.123015	3.000500000000102	states													"            state_name
id                    
29  warndanger_warning"
2299.124027	30.517995000000155	trials	1.0	l	1.0	p	1.0	r	1.0	0.0	0.0	1.0	l	p	
2299.124027	30.517995000000155	states													"   state_name
id           
0     state_0"
2299.124027	0.016000000000076398	states													"          state_name
id                  
1   sending_trialnum"
2299.140027	19.634488000000147	states													"      state_name
id              
3   wait_for_cin"
2318.774515	0.0019999999999527063	states													"   state_name
id           
4     nicstim"
2318.776515	0.0005000000001018634	states													"       state_name
id               
5   stimon_nosein"
2318.777015	0.5099999999997635	states													"   state_name
id           
4     nicstim"
2319.287015	1.0020100000001548	states													"      state_name
id              
7   reinit_cpoke"
2320.289025	0.002490999999736232	states													"   state_name
id           
4     nicstim"
2320.291516	0.0005040000000917644	states													"       state_name
id               
5   stimon_nosein"
2320.29202	0.4214950000000499	states													"   state_name
id           
4     nicstim"
2320.713515	0.028000000000247383	states													"       state_name
id               
8   wait_for_cout"
2320.741515	0.0009999999997489795	states													"   state_name
id           
9       csgap"
2320.742515	0.2820000000001528	states													"        state_name
id                
16  wait_for_spoke"
2321.024515	0.0005000000001018634	states													"             state_name
id                     
18  soff_reward_chooser"
2321.025015	0.06399999999985084	states													"     state_name
id             
22  reward_soff"
2321.089015	0.10851599999978134	states													"         state_name
id                 
26  post_reward_off"
2321.197531	5.443500000000313	states													"         state_name
id                 
27  soft_drink_time"
2326.641031	0.0005000000001018634	states													"    state_name
id            
28  warndanger"
2326.641531	3.0004909999997835	states													"            state_name
id                    
29  warndanger_warning"
2329.642531	11.691984000000048	trials	1.0	l	1.0	p	1.0	r	3.0	0.0	0.0	1.0	l	p	
2329.642531	11.691984000000048	states													"   state_name
id           
0     state_0"
2329.642531	0.016000000000076398	states													"          state_name
id                  
1   sending_trialnum"
2329.658531	0.04749099999980899	states													"      state_name
id              
3   wait_for_cin"
2329.706022	0.002001000000291242	states													"   state_name
id           
4     nicstim"
2329.708023	0.0004919999996673141	states													"       state_name
id               
5   stimon_nosein"
2329.708515	0.5815210000000661	states													"   state_name
id           
4     nicstim"
2330.290036	1.001999000000069	states													"      state_name
id              
7   reinit_cpoke"
2331.292035	0.002480000000105065	states													"   state_name
id           
4     nicstim"
2331.294515	0.0005000000001018634	states													"       state_name
id               
5   stimon_nosein"
2331.295015	0.17599999999993088	states													"   state_name
id           
4     nicstim"
2331.471015	1.0025000000000546	states													"      state_name
id              
7   reinit_cpoke"
2332.473515	0.0019999999999527063	states													"   state_name
id           
4     nicstim"
2332.475515	0.0005099999998492422	states													"       state_name
id               
5   stimon_nosein"
2332.476025	0.2754899999999907	states													"   state_name
id           
4     nicstim"
2332.751515	1.0025080000000344	states													"      state_name
id              
7   reinit_cpoke"
2333.754023	0.0024920000000747677	states													"   state_name
id           
4     nicstim"
2333.756515	0.0005000000001018634	states													"       state_name
id               
5   stimon_nosein"
2333.757015	0.43349999999963984	states													"   state_name
id           
4     nicstim"
2334.190515	0.21251600000005055	states													"       state_name
id               
8   wait_for_cout"
2334.403031	0.0014840000003459863	states													"   state_name
id           
9       csgap"
2334.404515	0.27150499999970634	states													"        state_name
id                
16  wait_for_spoke"
2334.67602	0.000495000000228174	states													"             state_name
id                     
18  soff_reward_chooser"
2334.676515	0.06401599999981045	states													"     state_name
id             
22  reward_soff"
2334.740531	0.36148899999989226	states													"         state_name
id                 
26  post_reward_off"
2335.10202	3.2315110000004097	states													"         state_name
id                 
27  soft_drink_time"
2338.333531	0.0004909999997835257	states													"    state_name
id            
28  warndanger"
2338.334022	3.000493000000006	states													"            state_name
id                    
29  warndanger_warning"
2341.335015	10.0625	trials	1.0	r	2.0	p	1.0	r	2.0	0.0	0.0	1.0	r	p	
2341.335015	10.0625	states													"   state_name
id           
0     state_0"
2341.335015	0.016000000000076398	states													"          state_name
id                  
1   sending_trialnum"
2341.351015	0.0004999999996471161	states													"      state_name
id              
3   wait_for_cin"
2341.351515	0.0020160000003670575	states													"   state_name
id           
4     nicstim"
2341.353531	0.0004909999997835257	states													"       state_name
id               
5   stimon_nosein"
2341.354022	0.5475089999999909	states													"   state_name
id           
4     nicstim"
2341.901531	1.001983999999993	states													"      state_name
id              
7   reinit_cpoke"
2342.903515	0.0025120000000242726	states													"   state_name
id           
4     nicstim"
2342.906027	0.0004880000001321605	states													"       state_name
id               
5   stimon_nosein"
2342.906515	0.48900000000003274	states													"   state_name
id           
4     nicstim"
2343.395515	1.008006000000023	states													"      state_name
id              
7   reinit_cpoke"
2344.403521	0.0024999999995998223	states													"   state_name
id           
4     nicstim"
2344.406021	0.0004940000003443856	states													"       state_name
id               
5   stimon_nosein"
2344.406515	0.45100000000002183	states													"   state_name
id           
4     nicstim"
2344.857515	0.053999999999632564	states													"       state_name
id               
8   wait_for_cout"
2344.911515	0.0010000000002037268	states													"   state_name
id           
9       csgap"
2344.912515	0.27300000000013824	states													"        state_name
id                
16  wait_for_spoke"
2345.185515	0.0005069999997431296	states													"             state_name
id                     
18  soff_reward_chooser"
2345.186022	0.06699299999991126	states													"     state_name
id             
22  reward_soff"
2345.253015	0.07351600000038161	states													"         state_name
id                 
26  post_reward_off"
2345.326531	3.0699899999999616	states													"         state_name
id                 
27  soft_drink_time"
2348.396521	0.0005099999998492422	states													"    state_name
id            
28  warndanger"
2348.397031	3.0004840000001423	states													"            state_name
id                    
29  warndanger_warning"
2351.398022	15.10949299999993	trials	1.0	r	2.0	p	1.0	r	4.0	0.0	0.0	1.0	r	p	
2351.398022	15.10949299999993	states													"   state_name
id           
0     state_0"
2351.398022	0.016000000000076398	states													"          state_name
id                  
1   sending_trialnum"
2351.414022	0.0004930000000058499	states													"      state_name
id              
3   wait_for_cin"
2351.414515	0.002009000000271044	states													"   state_name
id           
4     nicstim"
2351.416524	0.0005019999998694402	states													"       state_name
id               
5   stimon_nosein"
2351.417026	0.4994889999998122	states													"   state_name
id           
4     nicstim"
2351.916515	1.5050000000001091	states													"      state_name
id              
7   reinit_cpoke"
2353.421515	0.00201599999991231	states													"   state_name
id           
4     nicstim"
2353.423531	0.0004910000002382731	states													"       state_name
id               
5   stimon_nosein"
2353.424022	0.5214929999997366	states													"   state_name
id           
4     nicstim"
2353.945515	1.0019999999999527	states													"      state_name
id              
7   reinit_cpoke"
2354.947515	0.0020160000003670575	states													"   state_name
id           
4     nicstim"
2354.949531	0.0004979999998795392	states													"       state_name
id               
5   stimon_nosein"
2354.950029	0.1629859999998189	states													"   state_name
id           
4     nicstim"
2355.113015	1.0025160000000142	states													"      state_name
id              
7   reinit_cpoke"
2356.115531	0.0024859999998625426	states													"   state_name
id           
4     nicstim"
2356.118017	0.0004980000003342866	states													"       state_name
id               
5   stimon_nosein"
2356.118515	0.2795069999997395	states													"   state_name
id           
4     nicstim"
2356.398022	1.196494000000257	states													"      state_name
id              
7   reinit_cpoke"
2357.594516	0.0025099999998019484	states													"   state_name
id           
4     nicstim"
2357.597026	0.000499000000218075	states													"       state_name
id               
5   stimon_nosein"
2357.597525	0.4604959999996936	states													"   state_name
id           
4     nicstim"
2358.058021	0.04349400000000969	states													"       state_name
id               
8   wait_for_cout"
2358.101515	0.0010000000002037268	states													"   state_name
id           
9       csgap"
2358.102515	0.30550799999991796	states													"        state_name
id                
16  wait_for_spoke"
2358.408023	0.0005019999998694402	states													"             state_name
id                     
18  soff_reward_chooser"
2358.408525	0.0670060000002195	states													"     state_name
id             
22  reward_soff"
2358.475531	0.11748399999987669	states													"         state_name
id                 
26  post_reward_off"
2358.593015	4.913500000000113	states													"         state_name
id                 
27  soft_drink_time"
2363.506515	0.0005059999998593412	states													"    state_name
id            
28  warndanger"
2363.507021	3.0004939999998896	states													"            state_name
id                    
29  warndanger_warning"
2366.508024	18.794001999999637	trials	1.0	r	2.0	p	1.0	r	5.0	0.0	0.0	1.0	r	p	
2366.508024	18.794001999999637	states													"   state_name
id           
0     state_0"
2366.508024	0.015998999999737862	states													"          state_name
id                  
1   sending_trialnum"
2366.524023	0.0004920000001220615	states													"      state_name
id              
3   wait_for_cin"
2366.524515	0.0019999999999527063	states													"   state_name
id           
4     nicstim"
2366.526515	0.0005000000001018634	states													"       state_name
id               
5   stimon_nosein"
2366.527015	0.457014000000072	states													"   state_name
id           
4     nicstim"
2366.984029	1.00249199999962	states													"      state_name
id              
7   reinit_cpoke"
2367.986521	0.002494000000297092	states													"   state_name
id           
4     nicstim"
2367.989015	0.0005000000001018634	states													"       state_name
id               
5   stimon_nosein"
2367.989515	0.5955059999996593	states													"   state_name
id           
4     nicstim"
2368.585021	1.322494000000006	states													"      state_name
id              
7   reinit_cpoke"
2369.907515	0.0019999999999527063	states													"   state_name
id           
4     nicstim"
2369.909515	0.0005049999999755528	states													"       state_name
id               
5   stimon_nosein"
2369.91002	0.4534950000002027	states													"   state_name
id           
4     nicstim"
2370.363515	1.1914999999999054	states													"      state_name
id              
7   reinit_cpoke"
2371.555015	0.0019999999999527063	states													"   state_name
id           
4     nicstim"
2371.557015	0.0005000000001018634	states													"       state_name
id               
5   stimon_nosein"
2371.557515	0.5920000000000982	states													"   state_name
id           
4     nicstim"
2372.149515	3.219000000000051	states													"      state_name
id              
7   reinit_cpoke"
2375.368515	0.0019999999999527063	states													"   state_name
id           
4     nicstim"
2375.370515	0.0005059999998593412	states													"       state_name
id               
5   stimon_nosein"
2375.371021	0.48049399999990783	states													"   state_name
id           
4     nicstim"
2375.851515	1.2385180000001128	states													"      state_name
id              
7   reinit_cpoke"
2377.090033	0.0024819999998726416	states													"   state_name
id           
4     nicstim"
2377.092515	0.0005000000001018634	states													"       state_name
id               
5   stimon_nosein"
2377.093015	0.4479999999998654	states													"   state_name
id           
4     nicstim"
2377.541015	0.004016000000319764	states													"       state_name
id               
8   wait_for_cout"
2377.545031	0.001002999999855092	states													"   state_name
id           
9       csgap"
2377.546034	0.38198800000009214	states													"        state_name
id                
16  wait_for_spoke"
2377.928022	0.0004949999997734267	states													"             state_name
id                     
18  soff_reward_chooser"
2377.928517	0.0670140000001993	states													"     state_name
id             
22  reward_soff"
2377.995531	0.006491000000096392	states													"         state_name
id                 
26  post_reward_off"
2378.002022	4.299492999999984	states													"         state_name
id                 
27  soft_drink_time"
2382.301515	0.0005059999998593412	states													"    state_name
id            
28  warndanger"
2382.302021	3.0000049999998737	states													"            state_name
id                    
29  warndanger_warning"
2385.302515	17.179000000000087	trials	1.0	r	2.0	p	1.0	r	2.0	0.0	0.0	1.0	r	p	
2385.302515	17.179000000000087	states													"   state_name
id           
0     state_0"
2385.302515	0.016000000000076398	states													"          state_name
id                  
1   sending_trialnum"
2385.318515	4.514516000000185	states													"      state_name
id              
3   wait_for_cin"
2389.833031	0.002484000000094966	states													"   state_name
id           
4     nicstim"
2389.835515	0.0005099999998492422	states													"       state_name
id               
5   stimon_nosein"
2389.836025	0.36148999999977605	states													"   state_name
id           
4     nicstim"
2390.197515	1.0025160000000142	states													"      state_name
id              
7   reinit_cpoke"
2391.200031	0.002484000000094966	states													"   state_name
id           
4     nicstim"
2391.202515	0.0005009999999856518	states													"       state_name
id               
5   stimon_nosein"
2391.203016	0.5250040000000809	states													"   state_name
id           
4     nicstim"
2391.72802	1.0024950000001809	states													"      state_name
id              
7   reinit_cpoke"
2392.730515	0.0019999999999527063	states													"   state_name
id           
4     nicstim"
2392.732515	0.0005059999998593412	states													"       state_name
id               
5   stimon_nosein"
2392.733021	0.45100700000011784	states													"   state_name
id           
4     nicstim"
2393.184028	0.03598999999985608	states													"       state_name
id               
8   wait_for_cout"
2393.220018	0.0014970000001994777	states													"   state_name
id           
9       csgap"
2393.221515	0.3369999999999891	states													"        state_name
id                
16  wait_for_spoke"
2393.558515	0.0004999999996471161	states													"             state_name
id                     
18  soff_reward_chooser"
2393.559015	0.06700700000010329	states													"     state_name
id             
22  reward_soff"
2393.626022	0.09649300000000949	states													"         state_name
id                 
26  post_reward_off"
2393.722515	5.758000000000266	states													"         state_name
id                 
27  soft_drink_time"
2399.480515	0.0004999999996471161	states													"    state_name
id            
28  warndanger"
2399.481015	3.000500000000102	states													"            state_name
id                    
29  warndanger_warning"
2402.482027	9.723504000000048	trials	1.0	l	1.0	p	1.0	r	1.0	0.0	0.0	1.0	l	p	
2402.482027	9.723504000000048	states													"   state_name
id           
0     state_0"
2402.482027	0.016000000000076398	states													"          state_name
id                  
1   sending_trialnum"
2402.498027	0.0004880000001321605	states													"      state_name
id              
3   wait_for_cin"
2402.498515	0.0024999999995998223	states													"   state_name
id           
4     nicstim"
2402.501015	0.0005000000001018634	states													"       state_name
id               
5   stimon_nosein"
2402.501515	0.39400000000023283	states													"   state_name
id           
4     nicstim"
2402.895515	1.0025040000000445	states													"      state_name
id              
7   reinit_cpoke"
2403.898019	0.002019999999902211	states													"   state_name
id           
4     nicstim"
2403.900039	0.00047599999970771023	states													"       state_name
id               
5   stimon_nosein"
2403.900515	0.42250000000012733	states													"   state_name
id           
4     nicstim"
2404.323015	0.031007000000045082	states													"       state_name
id               
8   wait_for_cout"
2404.354022	0.001002999999855092	states													"   state_name
id           
9       csgap"
2404.355025	0.3314900000000307	states													"        state_name
id                
16  wait_for_spoke"
2404.686515	0.0005060000003140885	states													"             state_name
id                     
18  soff_reward_chooser"
2404.687021	0.06399399999963862	states													"     state_name
id             
22  reward_soff"
2404.751015	1.04950000000008	states													"         state_name
id                 
26  post_reward_off"
2405.800515	3.404015999999956	states													"         state_name
id                 
27  soft_drink_time"
2409.204531	0.0004840000001422595	states													"    state_name
id            
28  warndanger"
2409.205015	3.0005160000000615	states													"            state_name
id                    
29  warndanger_warning"
2412.206022	9.69699300000002	trials	1.0	r	2.0	p	1.0	r	0.0	0.0	0.0	1.0	r	p	
2412.206022	9.69699300000002	states													"   state_name
id           
0     state_0"
2412.206022	0.01600700000017241	states													"          state_name
id                  
1   sending_trialnum"
2412.222029	0.0004899999998997373	states													"      state_name
id              
3   wait_for_cin"
2412.222519	0.0024960000000646687	states													"   state_name
id           
4     nicstim"
2412.225015	0.0005000000001018634	states													"       state_name
id               
5   stimon_nosein"
2412.225515	0.42551099999991493	states													"   state_name
id           
4     nicstim"
2412.651026	0.1039890000001833	states													"       state_name
id               
8   wait_for_cout"
2412.755015	0.0010049999996226688	states													"   state_name
id           
9       csgap"
2412.75602	0.4060000000004038	states													"        state_name
id                
16  wait_for_spoke"
2413.16202	0.0004949999997734267	states													"             state_name
id                     
18  soff_reward_chooser"
2413.162515	0.13400000000001455	states													"         state_name
id                 
19  reward_big_soff"
2413.296515	0.6340000000000146	states													"         state_name
id                 
26  post_reward_off"
2413.930515	4.971508000000085	states													"         state_name
id                 
27  soft_drink_time"
2418.902023	0.0004920000001220615	states													"    state_name
id            
28  warndanger"
2418.902515	3.000499999999647	states													"            state_name
id                    
29  warndanger_warning"
2421.903515	13.33201599999984	trials	1.0	l	1.0	p	1.0	r	3.0	0.0	0.0	1.0	l	p	
2421.903515	13.33201599999984	states													"   state_name
id           
0     state_0"
2421.903515	0.016000000000076398	states													"          state_name
id                  
1   sending_trialnum"
2421.919515	0.08349999999973079	states													"      state_name
id              
3   wait_for_cin"
2422.003015	0.0020160000003670575	states													"   state_name
id           
4     nicstim"
2422.005031	0.0004899999998997373	states													"       state_name
id               
5   stimon_nosein"
2422.005521	0.5039940000001479	states													"   state_name
id           
4     nicstim"
2422.509515	1.0019999999999527	states													"      state_name
id              
7   reinit_cpoke"
2423.511515	0.0019999999999527063	states													"   state_name
id           
4     nicstim"
2423.513515	0.0005120000000715663	states													"       state_name
id               
5   stimon_nosein"
2423.514027	0.4604879999997138	states													"   state_name
id           
4     nicstim"
2423.974515	1.0020159999999123	states													"      state_name
id              
7   reinit_cpoke"
2424.976531	0.002484000000094966	states													"   state_name
id           
4     nicstim"
2424.979015	0.0005000000001018634	states													"       state_name
id               
5   stimon_nosein"
2424.979515	0.46050800000011805	states													"   state_name
id           
4     nicstim"
2425.440023	1.0099989999998797	states													"      state_name
id              
7   reinit_cpoke"
2426.450022	0.002492999999958556	states													"   state_name
id           
4     nicstim"
2426.452515	0.0005000000001018634	states													"       state_name
id               
5   stimon_nosein"
2426.453015	0.43100700000013603	states													"   state_name
id           
4     nicstim"
2426.884022	0.1109929999997803	states													"       state_name
id               
8   wait_for_cout"
2426.995015	0.0010099999999511056	states													"   state_name
id           
9       csgap"
2426.996025	0.2914900000000671	states													"        state_name
id                
16  wait_for_spoke"
2427.287515	0.0005110000001877779	states													"             state_name
id                     
18  soff_reward_chooser"
2427.288026	0.06399599999986094	states													"     state_name
id             
22  reward_soff"
2427.352022	0.8224989999998797	states													"         state_name
id                 
26  post_reward_off"
2428.174521	4.060503000000153	states													"         state_name
id                 
27  soft_drink_time"
2432.235024	0.0004909999997835257	states													"    state_name
id            
28  warndanger"
2432.235515	3.0000159999999596	states													"            state_name
id                    
29  warndanger_warning"
2435.236027	10.539995999999974	trials	1.0	l	1.0	p	1.0	r	0.0	0.0	0.0	1.0	l	p	
2435.236027	10.539995999999974	states													"   state_name
id           
0     state_0"
2435.236027	0.016004999999950087	states													"          state_name
id                  
1   sending_trialnum"
2435.252032	0.09548300000005838	states													"      state_name
id              
3   wait_for_cin"
2435.347515	0.0020060000001649314	states													"   state_name
id           
4     nicstim"
2435.349521	0.0005009999999856518	states													"       state_name
id               
5   stimon_nosein"
2435.350022	0.4364940000000388	states													"   state_name
id           
4     nicstim"
2435.786516	0.042498999999679654	states													"       state_name
id               
8   wait_for_cout"
2435.829015	0.0010040000001936278	states													"   state_name
id           
9       csgap"
2435.830019	0.3535019999999349	states													"        state_name
id                
16  wait_for_spoke"
2436.183521	0.0005009999999856518	states													"             state_name
id                     
18  soff_reward_chooser"
2436.184022	0.12749299999995856	states													"         state_name
id                 
19  reward_big_soff"
2436.311515	0.5820000000003347	states													"         state_name
id                 
26  post_reward_off"
2436.893515	5.881999999999607	states													"         state_name
id                 
27  soft_drink_time"
2442.775515	0.000503000000207976	states													"    state_name
id            
28  warndanger"
2442.776018	3.0000049999998737	states													"            state_name
id                    
29  warndanger_warning"
2445.776515	13.386015999999927	trials	1.0	l	1.0	p	1.0	r	3.0	0.0	0.0	1.0	l	p	
2445.776515	13.386015999999927	states													"   state_name
id           
0     state_0"
2445.776515	0.016016000000036	states													"          state_name
id                  
1   sending_trialnum"
2445.792531	0.0004939999998896383	states													"      state_name
id              
3   wait_for_cin"
2445.793025	0.0024899999998524436	states													"   state_name
id           
4     nicstim"
2445.795515	0.0005050000004303001	states													"       state_name
id               
5   stimon_nosein"
2445.79602	0.4824949999997443	states													"   state_name
id           
4     nicstim"
2446.278515	1.0025000000000546	states													"      state_name
id              
7   reinit_cpoke"
2447.281015	0.0019999999999527063	states													"   state_name
id           
4     nicstim"
2447.283015	0.0005000000001018634	states													"       state_name
id               
5   stimon_nosein"
2447.283515	0.17951599999969403	states													"   state_name
id           
4     nicstim"
2447.463031	1.002484000000095	states													"      state_name
id              
7   reinit_cpoke"
2448.465515	0.00201599999991231	states													"   state_name
id           
4     nicstim"
2448.467531	0.0005040000000917644	states													"       state_name
id               
5   stimon_nosein"
2448.468035	0.5609800000001997	states													"   state_name
id           
4     nicstim"
2449.029015	1.0025000000000546	states													"      state_name
id              
7   reinit_cpoke"
2450.031515	0.0025080000000343716	states													"   state_name
id           
4     nicstim"
2450.034023	0.0005019999998694402	states													"       state_name
id               
5   stimon_nosein"
2450.034525	0.4364900000000489	states													"   state_name
id           
4     nicstim"
2450.471015	0.016499999999723514	states													"       state_name
id               
8   wait_for_cout"
2450.487515	0.0010000000002037268	states													"   state_name
id           
9       csgap"
2450.488515	0.3079999999999927	states													"        state_name
id                
16  wait_for_spoke"
2450.796515	0.0005009999999856518	states													"             state_name
id                     
18  soff_reward_chooser"
2450.797016	0.06399899999996705	states													"     state_name
id             
22  reward_soff"
2450.861015	0.8080169999998361	states													"         state_name
id                 
26  post_reward_off"
2451.669032	4.492489000000205	states													"         state_name
id                 
27  soft_drink_time"
2456.161521	0.0005009999999856518	states													"    state_name
id            
28  warndanger"
2456.162022	3.0005089999999655	states													"            state_name
id                    
29  warndanger_warning"
2459.163025	9.985996000000341	trials	1.0	l	1.0	p	1.0	r	0.0	0.0	0.0	1.0	l	p	
2459.163025	9.985996000000341	states													"   state_name
id           
0     state_0"
2459.163025	0.01599000000032902	states													"          state_name
id                  
1   sending_trialnum"
2459.179015	0.20700699999997596	states													"      state_name
id              
3   wait_for_cin"
2459.386022	0.002492999999958556	states													"   state_name
id           
4     nicstim"
2459.388515	0.0005000000001018634	states													"       state_name
id               
5   stimon_nosein"
2459.389015	0.44400099999984377	states													"   state_name
id           
4     nicstim"
2459.833016	0.05400800000006711	states													"       state_name
id               
8   wait_for_cout"
2459.887024	0.0014909999999872525	states													"   state_name
id           
9       csgap"
2459.888515	0.36000000000012733	states													"        state_name
id                
16  wait_for_spoke"
2460.248515	0.0005009999999856518	states													"             state_name
id                     
18  soff_reward_chooser"
2460.249016	0.12749899999971603	states													"         state_name
id                 
19  reward_big_soff"
2460.376515	0.6840000000001965	states													"         state_name
id                 
26  post_reward_off"
2461.060515	5.087999999999738	states													"         state_name
id                 
27  soft_drink_time"
2466.148515	0.0005000000001018634	states													"    state_name
id            
28  warndanger"
2466.149015	3.0000060000002122	states													"            state_name
id                    
29  warndanger_warning"
2469.149531	14.30450299999984	trials	0.0	r	2.0	p	1.0	r	5.0	0.0	0.0	0.0	r	p	
2469.149531	14.30450299999984	states													"   state_name
id           
0     state_0"
2469.149531	0.016000000000076398	states													"          state_name
id                  
1   sending_trialnum"
2469.165531	0.1854840000000877	states													"      state_name
id              
3   wait_for_cin"
2469.351015	0.0019999999999527063	states													"   state_name
id           
4     nicstim"
2469.353015	0.0005059999998593412	states													"       state_name
id               
5   stimon_nosein"
2469.353521	0.49500099999977465	states													"   state_name
id           
4     nicstim"
2469.848522	1.0914950000001227	states													"      state_name
id              
7   reinit_cpoke"
2470.940017	0.0020110000000386208	states													"   state_name
id           
4     nicstim"
2470.942028	0.0004870000002483721	states													"       state_name
id               
5   stimon_nosein"
2470.942515	0.5430059999998775	states													"   state_name
id           
4     nicstim"
2471.485521	1.3074950000000172	states													"      state_name
id              
7   reinit_cpoke"
2472.793016	0.002498999999716034	states													"   state_name
id           
4     nicstim"
2472.795515	0.0005080000000816653	states													"       state_name
id               
5   stimon_nosein"
2472.796023	0.5064919999999802	states													"   state_name
id           
4     nicstim"
2473.302515	1.0025000000000546	states													"      state_name
id              
7   reinit_cpoke"
2474.305015	0.0020060000001649314	states													"   state_name
id           
4     nicstim"
2474.307021	0.0005099999998492422	states													"       state_name
id               
5   stimon_nosein"
2474.307531	0.5554999999999382	states													"   state_name
id           
4     nicstim"
2474.863031	1.2204839999999422	states													"      state_name
id              
7   reinit_cpoke"
2476.083515	0.0020060000001649314	states													"   state_name
id           
4     nicstim"
2476.085521	0.0005019999998694402	states													"       state_name
id               
5   stimon_nosein"
2476.086023	0.4769920000003367	states													"   state_name
id           
4     nicstim"
2476.563015	1.1434999999996762	states													"      state_name
id              
7   reinit_cpoke"
2477.706515	0.0019999999999527063	states													"   state_name
id           
4     nicstim"
2477.708515	0.0005000000001018634	states													"       state_name
id               
5   stimon_nosein"
2477.709015	0.45249999999987267	states													"   state_name
id           
4     nicstim"
2478.161515	0.04500000000007276	states													"       state_name
id               
8   wait_for_cout"
2478.206515	0.0015080000002853922	states													"   state_name
id           
9       csgap"
2478.208023	0.24499199999991106	states													"        state_name
id                
16  wait_for_spoke"
2478.453015	5.001018999999815	states													"     state_name
id             
31  error_state"
2483.454515	10.106000000000222	trials	1.0	l	1.0	p	1.0	r	0.0	0.0	0.0	1.0	l	p	
2483.454515	10.106000000000222	states													"   state_name
id           
0     state_0"
2483.454515	0.016000000000076398	states													"          state_name
id                  
1   sending_trialnum"
2483.470515	0.30701600000020335	states													"      state_name
id              
3   wait_for_cin"
2483.777531	0.002486999999746331	states													"   state_name
id           
4     nicstim"
2483.780018	0.0004969999999957508	states													"       state_name
id               
5   stimon_nosein"
2483.780515	0.45850000000018554	states													"   state_name
id           
4     nicstim"
2484.239015	0.05249999999978172	states													"       state_name
id               
8   wait_for_cout"
2484.291515	0.0010050000000774162	states													"   state_name
id           
9       csgap"
2484.29252	0.27699500000016997	states													"        state_name
id                
16  wait_for_spoke"
2484.569515	0.0005120000000715663	states													"             state_name
id                     
18  soff_reward_chooser"
2484.570027	0.12748799999963012	states													"         state_name
id                 
19  reward_big_soff"
2484.697515	0.47851500000024316	states													"         state_name
id                 
26  post_reward_off"
2485.17603	5.383484999999837	states													"         state_name
id                 
27  soft_drink_time"
2490.559515	0.0005120000000715663	states													"    state_name
id            
28  warndanger"
2490.560027	3.000488000000132	states													"            state_name
id                    
29  warndanger_warning"
2493.561015	13.528505999999652	trials	1.0	r	2.0	p	1.0	r	2.0	0.0	0.0	1.0	r	p	
2493.561015	13.528505999999652	states													"   state_name
id           
0     state_0"
2493.561015	0.01599999999962165	states													"          state_name
id                  
1   sending_trialnum"
2493.577015	1.837500000000091	states													"      state_name
id              
3   wait_for_cin"
2495.414515	0.0025000000000545697	states													"   state_name
id           
4     nicstim"
2495.417015	0.0005000000001018634	states													"       state_name
id               
5   stimon_nosein"
2495.417515	0.5265059999996993	states													"   state_name
id           
4     nicstim"
2495.944021	1.0020010000002912	states													"      state_name
id              
7   reinit_cpoke"
2496.946022	0.002492999999958556	states													"   state_name
id           
4     nicstim"
2496.948515	0.0005000000001018634	states													"       state_name
id               
5   stimon_nosein"
2496.949015	0.4624999999996362	states													"   state_name
id           
4     nicstim"
2497.411515	1.002016000000367	states													"      state_name
id              
7   reinit_cpoke"
2498.413531	0.002494999999726133	states													"   state_name
id           
4     nicstim"
2498.416026	0.0004920000001220615	states													"       state_name
id               
5   stimon_nosein"
2498.416518	0.4575169999998252	states													"   state_name
id           
4     nicstim"
2498.874035	0.17948599999999715	states													"       state_name
id               
8   wait_for_cout"
2499.053521	0.001494000000093365	states													"   state_name
id           
9       csgap"
2499.055015	0.33000600000013947	states													"        state_name
id                
16  wait_for_spoke"
2499.385021	0.0004939999998896383	states													"             state_name
id                     
18  soff_reward_chooser"
2499.385515	0.06700000000000728	states													"     state_name
id             
22  reward_soff"
2499.452515	0.9680160000002616	states													"         state_name
id                 
26  post_reward_off"
2500.420531	3.6679849999995895	states													"         state_name
id                 
27  soft_drink_time"
2504.088516	0.0005150000001776789	states													"    state_name
id            
28  warndanger"
2504.089031	3.0004899999998997	states													"            state_name
id                    
29  warndanger_warning"
2507.090022	5.836493000000246	trials	0.0	r	2.0	p	1.0	r	0.0	0.0	0.0	0.0	r	p	
2507.090022	5.836493000000246	states													"   state_name
id           
0     state_0"
2507.090022	0.015996000000086497	states													"          state_name
id                  
1   sending_trialnum"
2507.106018	0.0004969999999957508	states													"      state_name
id              
3   wait_for_cin"
2507.106515	0.0025000000000545697	states													"   state_name
id           
4     nicstim"
2507.109015	0.0005000000001018634	states													"       state_name
id               
5   stimon_nosein"
2507.109515	0.4535000000000764	states													"   state_name
id           
4     nicstim"
2507.563015	0.03249999999979991	states													"       state_name
id               
8   wait_for_cout"
2507.595515	0.0010000000002037268	states													"   state_name
id           
9       csgap"
2507.596515	0.3290009999996073	states													"        state_name
id                
16  wait_for_spoke"
2507.925516	5.00099900000032	states													"     state_name
id             
31  error_state"
2512.927015	10.737999999999829	trials	1.0	l	1.0	p	1.0	r	1.0	0.0	0.0	1.0	l	p	
2512.927015	10.737999999999829	states													"   state_name
id           
0     state_0"
2512.927015	0.01599999999962165	states													"          state_name
id                  
1   sending_trialnum"
2512.943015	0.0005000000001018634	states													"      state_name
id              
3   wait_for_cin"
2512.943515	0.00201599999991231	states													"   state_name
id           
4     nicstim"
2512.945531	0.000503000000207976	states													"       state_name
id               
5   stimon_nosein"
2512.946034	0.5679879999997866	states													"   state_name
id           
4     nicstim"
2513.514022	1.0024929999999586	states													"      state_name
id              
7   reinit_cpoke"
2514.516515	0.0020000000004074536	states													"   state_name
id           
4     nicstim"
2514.518515	0.0004999999996471161	states													"       state_name
id               
5   stimon_nosein"
2514.519015	0.4355000000000473	states													"   state_name
id           
4     nicstim"
2514.954515	0.009504000000106316	states													"       state_name
id               
8   wait_for_cout"
2514.964019	0.001495999999860942	states													"   state_name
id           
9       csgap"
2514.965515	0.36050999999997657	states													"        state_name
id                
16  wait_for_spoke"
2515.326025	0.0004900000003544847	states													"             state_name
id                     
18  soff_reward_chooser"
2515.326515	0.06399999999985084	states													"     state_name
id             
22  reward_soff"
2515.390515	0.5824999999999818	states													"         state_name
id                 
26  post_reward_off"
2515.973015	4.691499999999905	states													"         state_name
id                 
27  soft_drink_time"
2520.664515	0.0005000000001018634	states													"    state_name
id            
28  warndanger"
2520.665015	3.0	states													"            state_name
id                    
29  warndanger_warning"
2523.665515	13.05749999999989	trials	1.0	r	2.0	p	1.0	r	0.0	0.0	0.0	1.0	r	p	
2523.665515	13.05749999999989	states													"   state_name
id           
0     state_0"
2523.665515	0.016000000000076398	states													"          state_name
id                  
1   sending_trialnum"
2523.681515	0.3149999999995998	states													"      state_name
id              
3   wait_for_cin"
2523.996515	0.0020000000004074536	states													"   state_name
id           
4     nicstim"
2523.998515	0.0004999999996471161	states													"       state_name
id               
5   stimon_nosein"
2523.999015	0.43200000000024374	states													"   state_name
id           
4     nicstim"
2524.431015	0.20751599999994141	states													"       state_name
id               
8   wait_for_cout"
2524.638531	0.0014949999999771535	states													"   state_name
id           
9       csgap"
2524.640026	0.7049889999998413	states													"        state_name
id                
16  wait_for_spoke"
2525.345015	0.0005000000001018634	states													"             state_name
id                     
18  soff_reward_chooser"
2525.345515	0.13400000000001455	states													"         state_name
id                 
19  reward_big_soff"
2525.479515	1.40099999999984	states													"         state_name
id                 
26  post_reward_off"
2526.880515	6.841505000000325	states													"         state_name
id                 
27  soft_drink_time"
2533.72202	0.0004949999997734267	states													"    state_name
id            
28  warndanger"
2533.722515	3.000500000000102	states													"            state_name
id                    
29  warndanger_warning"
2536.723515	10.987499999999727	trials	1.0	l	1.0	p	1.0	r	1.0	0.0	0.0	1.0	l	p	
2536.723515	10.987499999999727	states													"   state_name
id           
0     state_0"
2536.723515	0.016016000000036	states													"          state_name
id                  
1   sending_trialnum"
2536.739531	0.0005009999999856518	states													"      state_name
id              
3   wait_for_cin"
2536.740032	0.00248299999975643	states													"   state_name
id           
4     nicstim"
2536.742515	0.0005000000001018634	states													"       state_name
id               
5   stimon_nosein"
2536.743015	0.5830040000000736	states													"   state_name
id           
4     nicstim"
2537.326019	1.0024960000000647	states													"      state_name
id              
7   reinit_cpoke"
2538.328515	0.0025000000000545697	states													"   state_name
id           
4     nicstim"
2538.331015	0.0005009999999856518	states													"       state_name
id               
5   stimon_nosein"
2538.331516	0.45149899999978516	states													"   state_name
id           
4     nicstim"
2538.783015	0.13201100000014776	states													"       state_name
id               
8   wait_for_cout"
2538.915026	0.0014889999997649284	states													"   state_name
id           
9       csgap"
2538.916515	0.6160039999999753	states													"        state_name
id                
16  wait_for_spoke"
2539.532519	0.0005120000000715663	states													"             state_name
id                     
18  soff_reward_chooser"
2539.533031	0.06399999999985084	states													"     state_name
id             
22  reward_soff"
2539.597031	0.6914870000000519	states													"         state_name
id                 
26  post_reward_off"
2540.288518	4.421500000000378	states													"         state_name
id                 
27  soft_drink_time"
2544.710018	0.0004969999999957508	states													"    state_name
id            
28  warndanger"
2544.710515	3.000499999999647	states													"            state_name
id                    
29  warndanger_warning"
2547.711515	10.095510999999988	trials	1.0	r	2.0	p	1.0	r	0.0	0.0	0.0	1.0	r	p	
2547.711515	10.095510999999988	states													"   state_name
id           
0     state_0"
2547.711515	0.016016000000036	states													"          state_name
id                  
1   sending_trialnum"
2547.727531	0.0005000000001018634	states													"      state_name
id              
3   wait_for_cin"
2547.728031	0.002484000000094966	states													"   state_name
id           
4     nicstim"
2547.730515	0.0004999999996471161	states													"       state_name
id               
5   stimon_nosein"
2547.731015	0.45000000000027285	states													"   state_name
id           
4     nicstim"
2548.181015	0.22501199999987875	states													"       state_name
id               
8   wait_for_cout"
2548.406027	0.0010040000001936278	states													"   state_name
id           
9       csgap"
2548.407031	0.33198399999992034	states													"        state_name
id                
16  wait_for_spoke"
2548.739015	0.0005000000001018634	states													"             state_name
id                     
18  soff_reward_chooser"
2548.739515	0.13400000000001455	states													"         state_name
id                 
19  reward_big_soff"
2548.873515	0.7270159999998214	states													"         state_name
id                 
26  post_reward_off"
2549.600531	5.205984000000171	states													"         state_name
id                 
27  soft_drink_time"
2554.806515	0.0004999999996471161	states													"    state_name
id            
28  warndanger"
2554.807015	3.000011000000086	states													"            state_name
id                    
29  warndanger_warning"
2557.807515	16.833999999999833	trials	1.0	r	2.0	p	1.0	r	1.0	0.0	0.0	1.0	r	p	
2557.807515	16.833999999999833	states													"   state_name
id           
0     state_0"
2557.807515	0.016005999999833875	states													"          state_name
id                  
1   sending_trialnum"
2557.823521	0.3074940000001334	states													"      state_name
id              
3   wait_for_cin"
2558.131015	0.0020100000001548324	states													"   state_name
id           
4     nicstim"
2558.133025	0.0004899999998997373	states													"       state_name
id               
5   stimon_nosein"
2558.133515	0.460015999999996	states													"   state_name
id           
4     nicstim"
2558.593531	1.0019999999999527	states													"      state_name
id              
7   reinit_cpoke"
2559.595531	0.002488999999968655	states													"   state_name
id           
4     nicstim"
2559.59802	0.000495000000228174	states													"       state_name
id               
5   stimon_nosein"
2559.598515	0.438499999999749	states													"   state_name
id           
4     nicstim"
2560.037015	0.5145000000002256	states													"       state_name
id               
8   wait_for_cout"
2560.551515	0.0009999999997489795	states													"   state_name
id           
9       csgap"
2560.552515	0.30600000000004	states													"        state_name
id                
16  wait_for_spoke"
2560.858515	0.0005000000001018634	states													"             state_name
id                     
18  soff_reward_chooser"
2560.859015	0.06700700000010329	states													"     state_name
id             
22  reward_soff"
2560.926022	0.7139999999999418	states													"         state_name
id                 
26  post_reward_off"
2561.640022	10.000993000000108	states													"         state_name
id                 
27  soft_drink_time"
2571.641015	0.0004999999996471161	states													"    state_name
id            
28  warndanger"
2571.641515	3.0	states													"            state_name
id                    
29  warndanger_warning"
2574.642024	20.919994999999744	trials	1.0	r	2.0	p	1.0	r	6.0	0.0	0.0	1.0	r	p	
2574.642024	20.919994999999744	states													"   state_name
id           
0     state_0"
2574.642024	0.01599499999974796	states													"          state_name
id                  
1   sending_trialnum"
2574.658019	0.0004960000001119624	states													"      state_name
id              
3   wait_for_cin"
2574.658515	0.00201599999991231	states													"   state_name
id           
4     nicstim"
2574.660531	0.0004930000000058499	states													"       state_name
id               
5   stimon_nosein"
2574.661024	0.4859910000000127	states													"   state_name
id           
4     nicstim"
2575.147015	1.0025000000000546	states													"      state_name
id              
7   reinit_cpoke"
2576.149515	0.0019999999999527063	states													"   state_name
id           
4     nicstim"
2576.151515	0.0005049999999755528	states													"       state_name
id               
5   stimon_nosein"
2576.15202	0.5009949999998753	states													"   state_name
id           
4     nicstim"
2576.653015	1.0025000000000546	states													"      state_name
id              
7   reinit_cpoke"
2577.655515	0.0019999999999527063	states													"   state_name
id           
4     nicstim"
2577.657515	0.0005070000001978769	states													"       state_name
id               
5   stimon_nosein"
2577.658022	0.4775089999998272	states													"   state_name
id           
4     nicstim"
2578.135531	1.3129840000001423	states													"      state_name
id              
7   reinit_cpoke"
2579.448515	0.0019999999999527063	states													"   state_name
id           
4     nicstim"
2579.450515	0.0005000000001018634	states													"       state_name
id               
5   stimon_nosein"
2579.451015	0.46949999999969805	states													"   state_name
id           
4     nicstim"
2579.920515	1.1890160000002652	states													"      state_name
id              
7   reinit_cpoke"
2581.109531	0.002490999999736232	states													"   state_name
id           
4     nicstim"
2581.112022	0.0004930000000058499	states													"       state_name
id               
5   stimon_nosein"
2581.112515	0.5824999999999818	states													"   state_name
id           
4     nicstim"
2581.695015	1.0200010000003203	states													"      state_name
id              
7   reinit_cpoke"
2582.715016	0.002498999999716034	states													"   state_name
id           
4     nicstim"
2582.717515	0.0005070000001978769	states													"       state_name
id               
5   stimon_nosein"
2582.718022	0.5280010000001312	states													"   state_name
id           
4     nicstim"
2583.246023	1.0570079999997688	states													"      state_name
id              
7   reinit_cpoke"
2584.303031	0.002490000000307191	states													"   state_name
id           
4     nicstim"
2584.305521	0.0005089999999654538	states													"       state_name
id               
5   stimon_nosein"
2584.30603	0.45600100000001476	states													"   state_name
id           
4     nicstim"
2584.762031	0.04898400000001857	states													"       state_name
id               
8   wait_for_cout"
2584.811015	0.0010089999996125698	states													"   state_name
id           
9       csgap"
2584.812024	0.5009910000003401	states													"        state_name
id                
16  wait_for_spoke"
2585.313015	0.0004999999996471161	states													"             state_name
id                     
18  soff_reward_chooser"
2585.313515	0.0670060000002195	states													"     state_name
id             
22  reward_soff"
2585.380521	0.35649400000011155	states													"         state_name
id                 
26  post_reward_off"
2585.737015	6.824499999999716	states													"         state_name
id                 
27  soft_drink_time"
2592.561515	0.000503000000207976	states													"    state_name
id            
28  warndanger"
2592.562018	3.000000999999884	states													"            state_name
id                    
29  warndanger_warning"
2595.562515	12.451508000000103	trials	1.0	r	2.0	p	1.0	r	0.0	0.0	0.0	1.0	r	p	
2595.562515	12.451508000000103	states													"   state_name
id           
0     state_0"
2595.562515	0.016000000000076398	states													"          state_name
id                  
1   sending_trialnum"
2595.578515	0.5410159999996722	states													"      state_name
id              
3   wait_for_cin"
2596.119531	0.0024920000000747677	states													"   state_name
id           
4     nicstim"
2596.122023	0.0004920000001220615	states													"       state_name
id               
5   stimon_nosein"
2596.122515	0.4364999999997963	states													"   state_name
id           
4     nicstim"
2596.559015	0.0035000000002582965	states													"       state_name
id               
8   wait_for_cout"
2596.562515	0.0015039999998407438	states													"   state_name
id           
9       csgap"
2596.564019	0.34600300000010975	states													"        state_name
id                
16  wait_for_spoke"
2596.910022	0.0004960000001119624	states													"             state_name
id                     
18  soff_reward_chooser"
2596.910518	0.13399699999990844	states													"         state_name
id                 
19  reward_big_soff"
2597.044515	1.7784999999998945	states													"         state_name
id                 
26  post_reward_off"
2598.823015	6.190500000000156	states													"         state_name
id                 
27  soft_drink_time"
2605.013515	0.0005069999997431296	states													"    state_name
id            
28  warndanger"
2605.014022	3.0000010000003385	states													"            state_name
id                    
29  warndanger_warning"
2608.014515	9.890499999999975	trials	1.0	l	1.0	p	1.0	r	2.0	0.0	0.0	1.0	l	p	
2608.014515	9.890499999999975	states													"   state_name
id           
0     state_0"
2608.014515	0.016000000000076398	states													"          state_name
id                  
1   sending_trialnum"
2608.030515	0.22450000000026193	states													"      state_name
id              
3   wait_for_cin"
2608.255015	0.00201599999991231	states													"   state_name
id           
4     nicstim"
2608.257031	0.0005000000001018634	states													"       state_name
id               
5   stimon_nosein"
2608.257531	0.3289839999997639	states													"   state_name
id           
4     nicstim"
2608.586515	1.002505999999812	states													"      state_name
id              
7   reinit_cpoke"
2609.589021	0.002494000000297092	states													"   state_name
id           
4     nicstim"
2609.591515	0.0005040000000917644	states													"       state_name
id               
5   stimon_nosein"
2609.592019	0.5189959999997882	states													"   state_name
id           
4     nicstim"
2610.111015	1.0025060000002668	states													"      state_name
id              
7   reinit_cpoke"
2611.113521	0.002502999999705935	states													"   state_name
id           
4     nicstim"
2611.116024	0.0004910000002382731	states													"       state_name
id               
5   stimon_nosein"
2611.116515	0.4339999999997417	states													"   state_name
id           
4     nicstim"
2611.550515	0.0005000000001018634	states													"       state_name
id               
8   wait_for_cout"
2611.551015	0.001010999999834894	states													"   state_name
id           
9       csgap"
2611.552026	0.27698899999995774	states													"        state_name
id                
16  wait_for_spoke"
2611.829015	0.0005000000001018634	states													"             state_name
id                     
18  soff_reward_chooser"
2611.829515	0.06400000000030559	states													"     state_name
id             
22  reward_soff"
2611.893515	0.819999999999709	states													"         state_name
id                 
26  post_reward_off"
2612.713515	2.190509999999904	states													"         state_name
id                 
27  soft_drink_time"
2614.904025	0.0004900000003544847	states													"    state_name
id            
28  warndanger"
2614.904515	3.000499999999647	states													"            state_name
id                    
29  warndanger_warning"
2617.905521	9.043009999999867	trials	1.0	l	1.0	p	1.0	r	0.0	0.0	0.0	1.0	l	p	
2617.905521	9.043009999999867	states													"   state_name
id           
0     state_0"
2617.905521	0.015993999999864172	states													"          state_name
id                  
1   sending_trialnum"
2617.921515	0.0005080000000816653	states													"      state_name
id              
3   wait_for_cin"
2617.922023	0.002011999999922409	states													"   state_name
id           
4     nicstim"
2617.924035	0.00048000000015235855	states													"       state_name
id               
5   stimon_nosein"
2617.924515	0.45650099999966187	states													"   state_name
id           
4     nicstim"
2618.381016	0.06900600000017221	states													"       state_name
id               
8   wait_for_cout"
2618.450022	0.0010040000001936278	states													"   state_name
id           
9       csgap"
2618.451026	0.262489999999616	states													"        state_name
id                
16  wait_for_spoke"
2618.713516	0.0005000000001018634	states													"             state_name
id                     
18  soff_reward_chooser"
2618.714016	0.12749900000017078	states													"         state_name
id                 
19  reward_big_soff"
2618.841515	0.5109999999999673	states													"         state_name
id                 
26  post_reward_off"
2619.352515	4.595518000000084	states													"         state_name
id                 
27  soft_drink_time"
2623.948033	0.00048199999991993536	states													"    state_name
id            
28  warndanger"
2623.948515	3.0000159999999596	states													"            state_name
id                    
29  warndanger_warning"
2626.949015	10.741003999999975	trials	1.0	l	1.0	p	1.0	r	1.0	0.0	0.0	1.0	l	p	
2626.949015	10.741003999999975	states													"   state_name
id           
0     state_0"
2626.949015	0.016000999999960186	states													"          state_name
id                  
1   sending_trialnum"
2626.965016	0.0005049999999755528	states													"      state_name
id              
3   wait_for_cin"
2626.965521	0.002500999999938358	states													"   state_name
id           
4     nicstim"
2626.968022	0.0004930000000058499	states													"       state_name
id               
5   stimon_nosein"
2626.968515	0.4070160000001124	states													"   state_name
id           
4     nicstim"
2627.375531	1.001983999999993	states													"      state_name
id              
7   reinit_cpoke"
2628.377515	0.0025059999998120475	states													"   state_name
id           
4     nicstim"
2628.380021	0.0004939999998896383	states													"       state_name
id               
5   stimon_nosein"
2628.380515	0.44600000000036744	states													"   state_name
id           
4     nicstim"
2628.826515	0.058999999999741704	states													"       state_name
id               
8   wait_for_cout"
2628.885515	0.0010000000002037268	states													"   state_name
id           
9       csgap"
2628.886515	0.22899999999981446	states													"        state_name
id                
16  wait_for_spoke"
2629.115515	0.0005080000000816653	states													"             state_name
id                     
18  soff_reward_chooser"
2629.116023	0.06399999999985084	states													"     state_name
id             
22  reward_soff"
2629.180023	0.6969990000002326	states													"         state_name
id                 
26  post_reward_off"
2629.877022	4.811999000000014	states													"         state_name
id                 
27  soft_drink_time"
2634.689021	0.0005099999998492422	states													"    state_name
id            
28  warndanger"
2634.689531	3.000488000000132	states													"            state_name
id                    
29  warndanger_warning"
2637.690515	20.250500000000102	trials	1.0	r	2.0	p	1.0	r	4.0	0.0	0.0	1.0	r	p	
2637.690515	20.250500000000102	states													"   state_name
id           
0     state_0"
2637.690515	0.016000000000076398	states													"          state_name
id                  
1   sending_trialnum"
2637.706515	0.40851599999996324	states													"      state_name
id              
3   wait_for_cin"
2638.115031	0.002484000000094966	states													"   state_name
id           
4     nicstim"
2638.117515	0.0005080000000816653	states													"       state_name
id               
5   stimon_nosein"
2638.118023	0.5529919999999038	states													"   state_name
id           
4     nicstim"
2638.671015	1.3690050000000156	states													"      state_name
id              
7   reinit_cpoke"
2640.04002	0.0020020000001750304	states													"   state_name
id           
4     nicstim"
2640.042022	0.0005089999999654538	states													"       state_name
id               
5   stimon_nosein"
2640.042531	0.5019839999999931	states													"   state_name
id           
4     nicstim"
2640.544515	8.051006000000143	states													"      state_name
id              
7   reinit_cpoke"
2648.595521	0.0024959999996099214	states													"   state_name
id           
4     nicstim"
2648.598017	0.0004980000003342866	states													"       state_name
id               
5   stimon_nosein"
2648.598515	0.5970159999997122	states													"   state_name
id           
4     nicstim"
2649.195531	1.0019999999999527	states													"      state_name
id              
7   reinit_cpoke"
2650.197531	0.00248600000031729	states													"   state_name
id           
4     nicstim"
2650.200017	0.0004979999998795392	states													"       state_name
id               
5   stimon_nosein"
2650.200515	0.3850000000002183	states													"   state_name
id           
4     nicstim"
2650.585515	1.0585049999999683	states													"      state_name
id              
7   reinit_cpoke"
2651.64402	0.002005999999710184	states													"   state_name
id           
4     nicstim"
2651.646026	0.0004899999998997373	states													"       state_name
id               
5   stimon_nosein"
2651.646516	0.45699899999999616	states													"   state_name
id           
4     nicstim"
2652.103515	0.03600600000027043	states													"       state_name
id               
8   wait_for_cout"
2652.139521	0.0010099999999511056	states													"   state_name
id           
9       csgap"
2652.140531	0.7319840000000113	states													"        state_name
id                
16  wait_for_spoke"
2652.872515	0.0005059999998593412	states													"             state_name
id                     
18  soff_reward_chooser"
2652.873021	0.06700100000034581	states													"     state_name
id             
22  reward_soff"
2652.940022	2.00000399999999	states													"         state_name
id                 
26  post_reward_off"
2654.940026	0.0005049999999755528	states													"    state_name
id            
28  warndanger"
2654.940531	3.0004839999996875	states													"            state_name
id                    
29  warndanger_warning"
2657.941515	5.986507000000074	trials	0.0	r	2.0	p	1.0	r	0.0	0.0	0.0	0.0	r	p	
2657.941515	5.986507000000074	states													"   state_name
id           
0     state_0"
2657.941515	0.016000000000076398	states													"          state_name
id                  
1   sending_trialnum"
2657.957515	0.04100000000016735	states													"      state_name
id              
3   wait_for_cin"
2657.998515	0.0019999999999527063	states													"   state_name
id           
4     nicstim"
2658.000515	0.0004999999996471161	states													"       state_name
id               
5   stimon_nosein"
2658.001015	0.4555000000000291	states													"   state_name
id           
4     nicstim"
2658.456515	0.21050000000013824	states													"       state_name
id               
8   wait_for_cout"
2658.667015	0.0010059999999612046	states													"   state_name
id           
9       csgap"
2658.668021	0.2589940000002571	states													"        state_name
id                
16  wait_for_spoke"
2658.927015	5.001006999999845	states													"     state_name
id             
31  error_state"
2663.928518	6.695502999999917	trials	1.0	r	2.0	p	1.0	r	0.0	0.0	0.0	1.0	r	p	
2663.928518	6.695502999999917	states													"   state_name
id           
0     state_0"
2663.928518	0.015996999999970285	states													"          state_name
id                  
1   sending_trialnum"
2663.944515	0.42000000000007276	states													"      state_name
id              
3   wait_for_cin"
2664.364515	0.0024999999995998223	states													"   state_name
id           
4     nicstim"
2664.367015	0.0005000000001018634	states													"       state_name
id               
5   stimon_nosein"
2664.367515	0.4414999999999054	states													"   state_name
id           
4     nicstim"
2664.809015	0.00700200000028417	states													"       state_name
id               
8   wait_for_cout"
2664.816017	0.0015039999998407438	states													"   state_name
id           
9       csgap"
2664.817521	0.6709940000000643	states													"        state_name
id                
16  wait_for_spoke"
2665.488515	0.0005000000001018634	states													"             state_name
id                     
18  soff_reward_chooser"
2665.489015	0.13400000000001455	states													"         state_name
id                 
19  reward_big_soff"
2665.623015	2.0	states													"         state_name
id                 
26  post_reward_off"
2667.623015	0.0005000000001018634	states													"    state_name
id            
28  warndanger"
2667.623515	3.0005059999998593	states													"            state_name
id                    
29  warndanger_warning"
2670.624515	15.264999999999873	trials	1.0	r	2.0	p	1.0	r	3.0	0.0	0.0	1.0	r	p	
2670.624515	15.264999999999873	states													"   state_name
id           
0     state_0"
2670.624515	0.016001999999843974	states													"          state_name
id                  
1   sending_trialnum"
2670.640517	0.5369980000000396	states													"      state_name
id              
3   wait_for_cin"
2671.177515	0.0019999999999527063	states													"   state_name
id           
4     nicstim"
2671.179515	0.0005110000001877779	states													"       state_name
id               
5   stimon_nosein"
2671.180026	0.47698899999977584	states													"   state_name
id           
4     nicstim"
2671.657015	1.0020170000002508	states													"      state_name
id              
7   reinit_cpoke"
2672.659032	0.00248299999975643	states													"   state_name
id           
4     nicstim"
2672.661515	0.0005110000001877779	states													"       state_name
id               
5   stimon_nosein"
2672.662026	0.5549890000002051	states													"   state_name
id           
4     nicstim"
2673.217015	1.3380170000000362	states													"      state_name
id              
7   reinit_cpoke"
2674.555032	0.00248299999975643	states													"   state_name
id           
4     nicstim"
2674.557515	0.0005019999998694402	states													"       state_name
id               
5   stimon_nosein"
2674.558017	0.47601299999996627	states													"   state_name
id           
4     nicstim"
2675.03403	1.1265010000001894	states													"      state_name
id              
7   reinit_cpoke"
2676.160531	0.002484000000094966	states													"   state_name
id           
4     nicstim"
2676.163015	0.0005000000001018634	states													"       state_name
id               
5   stimon_nosein"
2676.163515	0.450507000000016	states													"   state_name
id           
4     nicstim"
2676.614022	0.0809929999995802	states													"       state_name
id               
8   wait_for_cout"
2676.695015	0.0010070000002997403	states													"   state_name
id           
9       csgap"
2676.696022	0.36549299999978757	states													"        state_name
id                
16  wait_for_spoke"
2677.061515	0.0005040000000917644	states													"             state_name
id                     
18  soff_reward_chooser"
2677.062019	0.06699600000001737	states													"     state_name
id             
22  reward_soff"
2677.129015	0.09749999999985448	states													"         state_name
id                 
26  post_reward_off"
2677.226515	5.662000000000262	states													"         state_name
id                 
27  soft_drink_time"
2682.888515	0.0005000000001018634	states													"    state_name
id            
28  warndanger"
2682.889015	3.000499999999647	states													"            state_name
id                    
29  warndanger_warning"
2685.890018	8.516497000000072	trials	1.0	l	1.0	p	1.0	r	0.0	0.0	0.0	1.0	l	p	
2685.890018	8.516497000000072	states													"   state_name
id           
0     state_0"
2685.890018	0.016000000000076398	states													"          state_name
id                  
1   sending_trialnum"
2685.906018	0.11349699999982477	states													"      state_name
id              
3   wait_for_cin"
2686.019515	0.0019999999999527063	states													"   state_name
id           
4     nicstim"
2686.021515	0.0005169999999452557	states													"       state_name
id               
5   stimon_nosein"
2686.022032	0.4499909999999545	states													"   state_name
id           
4     nicstim"
2686.472023	0.034992000000329426	states													"       state_name
id               
8   wait_for_cout"
2686.507015	0.001006999999844993	states													"   state_name
id           
9       csgap"
2686.508022	0.2159999999998945	states													"        state_name
id                
16  wait_for_spoke"
2686.724022	0.0004960000001119624	states													"             state_name
id                     
18  soff_reward_chooser"
2686.724518	0.12750000000005457	states													"         state_name
id                 
19  reward_big_soff"
2686.852018	0.31400099999973463	states													"         state_name
id                 
26  post_reward_off"
2687.166019	4.2394970000000285	states													"         state_name
id                 
27  soft_drink_time"
2691.405516	0.0005110000001877779	states													"    state_name
id            
28  warndanger"
2691.406027	3.000488000000132	states													"            state_name
id                    
29  warndanger_warning"
2694.407015	10.30450000000019	trials	1.0	l	1.0	p	1.0	r	0.0	0.0	0.0	1.0	l	p	
2694.407015	10.30450000000019	states													"   state_name
id           
0     state_0"
2694.407015	0.016000000000076398	states													"          state_name
id                  
1   sending_trialnum"
2694.423015	0.0005009999999856518	states													"      state_name
id              
3   wait_for_cin"
2694.423516	0.0025080000000343716	states													"   state_name
id           
4     nicstim"
2694.426024	0.0004910000002382731	states													"       state_name
id               
5   stimon_nosein"
2694.426515	0.43499999999994543	states													"   state_name
id           
4     nicstim"
2694.861515	0.05099999999993088	states													"       state_name
id               
8   wait_for_cout"
2694.912515	0.0015149999999266583	states													"   state_name
id           
9       csgap"
2694.91403	0.38498500000014246	states													"        state_name
id                
16  wait_for_spoke"
2695.299015	0.0005000000001018634	states													"             state_name
id                     
18  soff_reward_chooser"
2695.299515	0.12750599999981205	states													"         state_name
id                 
19  reward_big_soff"
2695.427021	0.2150050000000192	states													"         state_name
id                 
26  post_reward_off"
2695.642026	6.068489000000227	states													"         state_name
id                 
27  soft_drink_time"
2701.710515	0.0004999999996471161	states													"    state_name
id            
28  warndanger"
2701.711015	3.000500000000102	states													"            state_name
id                    
29  warndanger_warning"
2704.71202	14.537996999999905	trials	1.0	r	2.0	p	1.0	r	1.0	0.0	0.0	1.0	r	p	
2704.71202	14.537996999999905	states													"   state_name
id           
0     state_0"
2704.71202	0.016000000000076398	states													"          state_name
id                  
1   sending_trialnum"
2704.72802	4.2869949999999335	states													"      state_name
id              
3   wait_for_cin"
2709.015015	0.0025160000000141736	states													"   state_name
id           
4     nicstim"
2709.017531	0.0004979999998795392	states													"       state_name
id               
5   stimon_nosein"
2709.018029	0.5344860000000153	states													"   state_name
id           
4     nicstim"
2709.552515	1.0025000000000546	states													"      state_name
id              
7   reinit_cpoke"
2710.555015	0.0019999999999527063	states													"   state_name
id           
4     nicstim"
2710.557015	0.0005000000001018634	states													"       state_name
id               
5   stimon_nosein"
2710.557515	0.44000000000005457	states													"   state_name
id           
4     nicstim"
2710.997515	0.06750000000010914	states													"       state_name
id               
8   wait_for_cout"
2711.065015	0.001006999999844993	states													"   state_name
id           
9       csgap"
2711.066022	0.2894930000002205	states													"        state_name
id                
16  wait_for_spoke"
2711.355515	0.000507999999626918	states													"             state_name
id                     
18  soff_reward_chooser"
2711.356023	0.06699200000002747	states													"     state_name
id             
22  reward_soff"
2711.423015	0.25850000000036744	states													"         state_name
id                 
26  post_reward_off"
2711.681515	4.567499999999654	states													"         state_name
id                 
27  soft_drink_time"
2716.249015	0.0005000000001018634	states													"    state_name
id            
28  warndanger"
2716.249515	3.0005019999998694	states													"            state_name
id                    
29  warndanger_warning"
2719.250515	31.768499999999676	trials	1.0	l	1.0	p	1.0	r	3.0	0.0	0.0	1.0	l	p	
2719.250515	31.768499999999676	states													"   state_name
id           
0     state_0"
2719.250515	0.01599999999962165	states													"          state_name
id                  
1   sending_trialnum"
2719.266515	0.7615020000002914	states													"      state_name
id              
3   wait_for_cin"
2720.028017	0.0020039999999426072	states													"   state_name
id           
4     nicstim"
2720.030021	0.0004939999998896383	states													"       state_name
id               
5   stimon_nosein"
2720.030515	0.45200000000022555	states													"   state_name
id           
4     nicstim"
2720.482515	18.653015999999752	states													"      state_name
id              
7   reinit_cpoke"
2739.135531	0.002488999999968655	states													"   state_name
id           
4     nicstim"
2739.13802	0.000495000000228174	states													"       state_name
id               
5   stimon_nosein"
2739.138515	0.5615090000001146	states													"   state_name
id           
4     nicstim"
2739.700024	1.0024909999997362	states													"      state_name
id              
7   reinit_cpoke"
2740.702515	0.0019999999999527063	states													"   state_name
id           
4     nicstim"
2740.704515	0.0005000000001018634	states													"       state_name
id               
5   stimon_nosein"
2740.705015	0.5210069999998268	states													"   state_name
id           
4     nicstim"
2741.226022	1.0020150000000285	states													"      state_name
id              
7   reinit_cpoke"
2742.228037	0.002478000000337488	states													"   state_name
id           
4     nicstim"
2742.230515	0.0004999999996471161	states													"       state_name
id               
5   stimon_nosein"
2742.231015	0.4594999999999345	states													"   state_name
id           
4     nicstim"
2742.690515	0.15551200000027166	states													"       state_name
id               
8   wait_for_cout"
2742.846027	0.0010039999997388804	states													"   state_name
id           
9       csgap"
2742.847031	0.28899200000023484	states													"        state_name
id                
16  wait_for_spoke"
2743.136023	0.0004979999998795392	states													"             state_name
id                     
18  soff_reward_chooser"
2743.136521	0.06400000000030559	states													"     state_name
id             
22  reward_soff"
2743.200521	0.7629939999997077	states													"         state_name
id                 
26  post_reward_off"
2743.963515	4.054507000000285	states													"         state_name
id                 
27  soft_drink_time"
2748.018022	0.0005089999999654538	states													"    state_name
id            
28  warndanger"
2748.018531	3.0004839999996875	states													"            state_name
id                    
29  warndanger_warning"
2751.019515	11.322516000000178	trials	1.0	r	2.0	p	1.0	r	1.0	0.0	0.0	1.0	r	p	
2751.019515	11.322516000000178	states													"   state_name
id           
0     state_0"
2751.019515	0.016000000000076398	states													"          state_name
id                  
1   sending_trialnum"
2751.035515	0.20901599999979226	states													"      state_name
id              
3   wait_for_cin"
2751.244531	0.002484000000094966	states													"   state_name
id           
4     nicstim"
2751.247015	0.0005000000001018634	states													"       state_name
id               
5   stimon_nosein"
2751.247515	0.537499999999909	states													"   state_name
id           
4     nicstim"
2751.785015	1.0025000000000546	states													"      state_name
id              
7   reinit_cpoke"
2752.787515	0.0025030000001606822	states													"   state_name
id           
4     nicstim"
2752.790018	0.0004969999999957508	states													"       state_name
id               
5   stimon_nosein"
2752.790515	0.44399999999996	states													"   state_name
id           
4     nicstim"
2753.234515	0.25250000000005457	states													"       state_name
id               
8   wait_for_cout"
2753.487015	0.0010039999997388804	states													"   state_name
id           
9       csgap"
2753.488019	0.26499599999988277	states													"        state_name
id                
16  wait_for_spoke"
2753.753015	0.0005000000001018634	states													"             state_name
id                     
18  soff_reward_chooser"
2753.753515	0.06700000000000728	states													"     state_name
id             
22  reward_soff"
2753.820515	0.8789999999999054	states													"         state_name
id                 
26  post_reward_off"
2754.699515	4.64200000000028	states													"         state_name
id                 
27  soft_drink_time"
2759.341515	0.0005049999999755528	states													"    state_name
id            
28  warndanger"
2759.34202	3.000011000000086	states													"            state_name
id                    
29  warndanger_warning"
2762.342515	32.16100000000006	trials	1.0	r	2.0	p	1.0	r	6.0	0.0	0.0	1.0	r	p	
2762.342515	32.16100000000006	states													"   state_name
id           
0     state_0"
2762.342515	0.016000000000076398	states													"          state_name
id                  
1   sending_trialnum"
2762.358515	11.736515999999938	states													"      state_name
id              
3   wait_for_cin"
2774.095031	0.002484000000094966	states													"   state_name
id           
4     nicstim"
2774.097515	0.0005080000000816653	states													"       state_name
id               
5   stimon_nosein"
2774.098023	0.47849200000018755	states													"   state_name
id           
4     nicstim"
2774.576515	1.0020019999997203	states													"      state_name
id              
7   reinit_cpoke"
2775.578517	0.002498000000286993	states													"   state_name
id           
4     nicstim"
2775.581015	0.0004999999996471161	states													"       state_name
id               
5   stimon_nosein"
2775.581515	0.5570010000001275	states													"   state_name
id           
4     nicstim"
2776.138516	1.0024990000001708	states													"      state_name
id              
7   reinit_cpoke"
2777.141015	0.0020089999998162966	states													"   state_name
id           
4     nicstim"
2777.143024	0.0004910000002382731	states													"       state_name
id               
5   stimon_nosein"
2777.143515	0.5109999999999673	states													"   state_name
id           
4     nicstim"
2777.654515	1.0025080000000344	states													"      state_name
id              
7   reinit_cpoke"
2778.657023	0.0024919999996200204	states													"   state_name
id           
4     nicstim"
2778.659515	0.000503000000207976	states													"       state_name
id               
5   stimon_nosein"
2778.660018	0.21751300000005358	states													"   state_name
id           
4     nicstim"
2778.877531	4.250488000000132	states													"      state_name
id              
7   reinit_cpoke"
2783.128019	0.002001999999720283	states													"   state_name
id           
4     nicstim"
2783.130021	0.0004939999998896383	states													"       state_name
id               
5   stimon_nosein"
2783.130515	0.5850000000000364	states													"   state_name
id           
4     nicstim"
2783.715515	1.0019999999999527	states													"      state_name
id              
7   reinit_cpoke"
2784.717515	0.0019999999999527063	states													"   state_name
id           
4     nicstim"
2784.719515	0.0005100000003039895	states													"       state_name
id               
5   stimon_nosein"
2784.720025	0.33498999999983425	states													"   state_name
id           
4     nicstim"
2785.055015	1.0019999999999527	states													"      state_name
id              
7   reinit_cpoke"
2786.057015	0.0019999999999527063	states													"   state_name
id           
4     nicstim"
2786.059015	0.0005060000003140885	states													"       state_name
id               
5   stimon_nosein"
2786.059521	0.4585010000000693	states													"   state_name
id           
4     nicstim"
2786.518022	0.30499399999962407	states													"       state_name
id               
8   wait_for_cout"
2786.823016	0.0010099999999511056	states													"   state_name
id           
9       csgap"
2786.824026	0.39898900000025606	states													"        state_name
id                
16  wait_for_spoke"
2787.223015	0.0005000000001018634	states													"             state_name
id                     
18  soff_reward_chooser"
2787.223515	0.06700000000000728	states													"     state_name
id             
22  reward_soff"
2787.290515	0.026015999999799533	states													"         state_name
id                 
26  post_reward_off"
2787.316531	4.186483999999837	states													"         state_name
id                 
27  soft_drink_time"
2791.503015	0.0005000000001018634	states													"    state_name
id            
28  warndanger"
2791.503515	3.0	states													"            state_name
id                    
29  warndanger_warning"
2794.504017	8.724514	trials	1.0	l	1.0	p	1.0	r	1.0	0.0	0.0	1.0	l	p	
2794.504017	8.724514	states													"   state_name
id           
0     state_0"
2794.504017	0.01599999999962165	states													"          state_name
id                  
1   sending_trialnum"
2794.520017	0.0004980000003342866	states													"      state_name
id              
3   wait_for_cin"
2794.520515	0.0025059999998120475	states													"   state_name
id           
4     nicstim"
2794.523021	0.0005099999998492422	states													"       state_name
id               
5   stimon_nosein"
2794.523531	0.5760000000000218	states													"   state_name
id           
4     nicstim"
2795.099531	1.0024960000000647	states													"      state_name
id              
7   reinit_cpoke"
2796.102027	0.0024880000000848668	states													"   state_name
id           
4     nicstim"
2796.104515	0.0005000000001018634	states													"       state_name
id               
5   stimon_nosein"
2796.105015	0.44251600000006874	states													"   state_name
id           
4     nicstim"
2796.547531	0.08798399999977846	states													"       state_name
id               
8   wait_for_cout"
2796.635515	0.0010010000000875152	states													"   state_name
id           
9       csgap"
2796.636516	0.30599900000015623	states													"        state_name
id                
16  wait_for_spoke"
2796.942515	0.0004999999996471161	states													"             state_name
id                     
18  soff_reward_chooser"
2796.943015	0.06400000000030559	states													"     state_name
id             
22  reward_soff"
2797.007015	0.11799999999993815	states													"         state_name
id                 
26  post_reward_off"
2797.125015	3.1030179999997927	states													"         state_name
id                 
27  soft_drink_time"
2800.228033	0.00048199999991993536	states													"    state_name
id            
28  warndanger"
2800.228515	3.0000160000004144	states													"            state_name
id                    
29  warndanger_warning"
2803.229026	10.424504999999954	trials	1.0	l	1.0	p	1.0	r	0.0	0.0	0.0	1.0	l	p	
2803.229026	10.424504999999954	states													"   state_name
id           
0     state_0"
2803.229026	0.015988999999990483	states													"          state_name
id                  
1   sending_trialnum"
2803.245015	0.09500200000002224	states													"      state_name
id              
3   wait_for_cin"
2803.340017	0.0020060000001649314	states													"   state_name
id           
4     nicstim"
2803.342023	0.0004919999996673141	states													"       state_name
id               
5   stimon_nosein"
2803.342515	0.4525060000000849	states													"   state_name
id           
4     nicstim"
2803.795021	0.04099900000028356	states													"       state_name
id               
8   wait_for_cout"
2803.83602	0.0014949999999771535	states													"   state_name
id           
9       csgap"
2803.837515	0.7849999999998545	states													"        state_name
id                
16  wait_for_spoke"
2804.622515	0.0005000000001018634	states													"             state_name
id                     
18  soff_reward_chooser"
2804.623015	0.12750000000005457	states													"         state_name
id                 
19  reward_big_soff"
2804.750515	0.8580009999996037	states													"         state_name
id                 
26  post_reward_off"
2805.608516	5.044499000000087	states													"         state_name
id                 
27  soft_drink_time"
2810.653015	0.0005000000001018634	states													"    state_name
id            
28  warndanger"
2810.653515	3.0000159999999596	states													"            state_name
id                    
29  warndanger_warning"
2813.654028	11.66248799999994	trials	1.0	l	1.0	p	1.0	r	2.0	0.0	0.0	1.0	l	p	
2813.654028	11.66248799999994	states													"   state_name
id           
0     state_0"
2813.654028	0.016000000000076398	states													"          state_name
id                  
1   sending_trialnum"
2813.670028	0.00048699999979362474	states													"      state_name
id              
3   wait_for_cin"
2813.670515	0.0020000000004074536	states													"   state_name
id           
4     nicstim"
2813.672515	0.0004999999996471161	states													"       state_name
id               
5   stimon_nosein"
2813.673015	0.44050000000015643	states													"   state_name
id           
4     nicstim"
2814.113515	1.0025070000001506	states													"      state_name
id              
7   reinit_cpoke"
2815.116022	0.002003000000058819	states													"   state_name
id           
4     nicstim"
2815.118025	0.0004899999998997373	states													"       state_name
id               
5   stimon_nosein"
2815.118515	0.5500159999996868	states													"   state_name
id           
4     nicstim"
2815.668531	1.1384840000000622	states													"      state_name
id              
7   reinit_cpoke"
2816.807015	0.0019999999999527063	states													"   state_name
id           
4     nicstim"
2816.809015	0.0005000000001018634	states													"       state_name
id               
5   stimon_nosein"
2816.809515	0.44000000000005457	states													"   state_name
id           
4     nicstim"
2817.249515	0.2745020000002114	states													"       state_name
id               
8   wait_for_cout"
2817.524017	0.0015039999998407438	states													"   state_name
id           
9       csgap"
2817.525521	0.3089939999999842	states													"        state_name
id                
16  wait_for_spoke"
2817.834515	0.0005160000000614673	states													"             state_name
id                     
18  soff_reward_chooser"
2817.835031	0.06398399999989124	states													"     state_name
id             
22  reward_soff"
2817.899015	0.9690110000001368	states													"         state_name
id                 
26  post_reward_off"
2818.868026	3.4479959999998755	states													"         state_name
id                 
27  soft_drink_time"
2822.316022	0.0004930000000058499	states													"    state_name
id            
28  warndanger"
2822.316515	3.000000999999884	states													"            state_name
id                    
29  warndanger_warning"
2825.317015	9.966499999999996	trials	1.0	l	1.0	p	1.0	r	0.0	0.0	0.0	1.0	l	p	
2825.317015	9.966499999999996	states													"   state_name
id           
0     state_0"
2825.317015	0.016005999999833875	states													"          state_name
id                  
1   sending_trialnum"
2825.333021	0.08299799999986135	states													"      state_name
id              
3   wait_for_cin"
2825.416019	0.0020120000003771565	states													"   state_name
id           
4     nicstim"
2825.418031	0.00048399999968751217	states													"       state_name
id               
5   stimon_nosein"
2825.418515	0.46849999999994907	states													"   state_name
id           
4     nicstim"
2825.887015	0.3725000000004002	states													"       state_name
id               
8   wait_for_cout"
2826.259515	0.0014999999998508429	states													"   state_name
id           
9       csgap"
2826.261015	0.26350000000002183	states													"        state_name
id                
16  wait_for_spoke"
2826.524515	0.0005000000001018634	states													"             state_name
id                     
18  soff_reward_chooser"
2826.525015	0.12750099999993836	states													"         state_name
id                 
19  reward_big_soff"
2826.652516	0.3295039999998153	states													"         state_name
id                 
26  post_reward_off"
2826.98202	5.300494999999955	states													"         state_name
id                 
27  soft_drink_time"
2832.282515	0.0005000000001018634	states													"    state_name
id            
28  warndanger"
2832.283015	3.000500000000102	states													"            state_name
id                    
29  warndanger_warning"
2835.284019	60.084511999999904	trials	1.0	r	2.0	p	1.0	r	4.0	0.0	0.0	1.0	r	p	
2835.284019	60.084511999999904	states													"   state_name
id           
0     state_0"
2835.284019	0.016001999999843974	states													"          state_name
id                  
1   sending_trialnum"
2835.300021	23.854007999999794	states													"      state_name
id              
3   wait_for_cin"
2859.154029	0.00248600000031729	states													"   state_name
id           
4     nicstim"
2859.156515	0.0004999999996471161	states													"       state_name
id               
5   stimon_nosein"
2859.157015	0.3990150000004178	states													"   state_name
id           
4     nicstim"
2859.55603	1.0024859999998625	states													"      state_name
id              
7   reinit_cpoke"
2860.558516	0.0024990000001707813	states													"   state_name
id           
4     nicstim"
2860.561015	0.0005059999998593412	states													"       state_name
id               
5   stimon_nosein"
2860.561521	0.5849939999998242	states													"   state_name
id           
4     nicstim"
2861.146515	1.183006000000205	states													"      state_name
id              
7   reinit_cpoke"
2862.329521	0.002498999999716034	states													"   state_name
id           
4     nicstim"
2862.33202	0.000495000000228174	states													"       state_name
id               
5   stimon_nosein"
2862.332515	0.39049999999997453	states													"   state_name
id           
4     nicstim"
2862.723015	21.25950899999998	states													"      state_name
id              
7   reinit_cpoke"
2883.982524	0.0024910000001909793	states													"   state_name
id           
4     nicstim"
2883.985015	0.0004999999996471161	states													"       state_name
id               
5   stimon_nosein"
2883.985515	0.4580160000000433	states													"   state_name
id           
4     nicstim"
2884.443531	1.002491000000191	states													"      state_name
id              
7   reinit_cpoke"
2885.446022	0.0024939999998423446	states													"   state_name
id           
4     nicstim"
2885.448516	0.000499000000218075	states													"       state_name
id               
5   stimon_nosein"
2885.449015	0.4510069999996631	states													"   state_name
id           
4     nicstim"
2885.900022	0.1890040000002955	states													"       state_name
id               
8   wait_for_cout"
2886.089026	0.001491999999871041	states													"   state_name
id           
9       csgap"
2886.090518	0.4469970000000103	states													"        state_name
id                
16  wait_for_spoke"
2886.537515	0.0005059999998593412	states													"             state_name
id                     
18  soff_reward_chooser"
2886.538021	0.0669940000002498	states													"     state_name
id             
22  reward_soff"
2886.605015	0.37550000000010186	states													"         state_name
id                 
26  post_reward_off"
2886.980515	5.387507999999798	states													"         state_name
id                 
27  soft_drink_time"
2892.368023	0.0004920000001220615	states													"    state_name
id            
28  warndanger"
2892.368515	3.0000159999999596	states													"            state_name
id                    
29  warndanger_warning"
2895.369015	14.061499999999796	trials	0.0	r	2.0	p	1.0	r	5.0	0.0	0.0	0.0	r	p	
2895.369015	14.061499999999796	states													"   state_name
id           
0     state_0"
2895.369015	0.016015999999581254	states													"          state_name
id                  
1   sending_trialnum"
2895.385031	0.0005000000001018634	states													"      state_name
id              
3   wait_for_cin"
2895.385531	0.002490000000307191	states													"   state_name
id           
4     nicstim"
2895.388021	0.0004939999998896383	states													"       state_name
id               
5   stimon_nosein"
2895.388515	0.5125159999997777	states													"   state_name
id           
4     nicstim"
2895.901031	1.8914840000002187	states													"      state_name
id              
7   reinit_cpoke"
2897.792515	0.00201599999991231	states													"   state_name
id           
4     nicstim"
2897.794531	0.00048500000002604793	states													"       state_name
id               
5   stimon_nosein"
2897.795016	0.41449899999997797	states													"   state_name
id           
4     nicstim"
2898.209515	1.0025070000001506	states													"      state_name
id              
7   reinit_cpoke"
2899.212022	0.002492999999958556	states													"   state_name
id           
4     nicstim"
2899.214515	0.0005000000001018634	states													"       state_name
id               
5   stimon_nosein"
2899.215015	0.181999999999789	states													"   state_name
id           
4     nicstim"
2899.397015	1.0025000000000546	states													"      state_name
id              
7   reinit_cpoke"
2900.399515	0.0019999999999527063	states													"   state_name
id           
4     nicstim"
2900.401515	0.0005089999999654538	states													"       state_name
id               
5   stimon_nosein"
2900.402024	0.4164909999999509	states													"   state_name
id           
4     nicstim"
2900.818515	1.0019999999999527	states													"      state_name
id              
7   reinit_cpoke"
2901.820515	0.0019999999999527063	states													"   state_name
id           
4     nicstim"
2901.822515	0.0005000000001018634	states													"       state_name
id               
5   stimon_nosein"
2901.823015	0.17250000000012733	states													"   state_name
id           
4     nicstim"
2901.995515	1.5574999999998909	states													"      state_name
id              
7   reinit_cpoke"
2903.553015	0.00201599999991231	states													"   state_name
id           
4     nicstim"
2903.555031	0.0005000000001018634	states													"       state_name
id               
5   stimon_nosein"
2903.555531	0.4404939999999442	states													"   state_name
id           
4     nicstim"
2903.996025	0.11650600000029954	states													"       state_name
id               
8   wait_for_cout"
2904.112531	0.0014949999999771535	states													"   state_name
id           
9       csgap"
2904.114026	0.31548899999961577	states													"        state_name
id                
16  wait_for_spoke"
2904.429515	5.001000000000204	states													"     state_name
id             
31  error_state"
2909.431016	23.2040149999998	trials	1.0	l	1.0	p	1.0	r	2.0	0.0	0.0	1.0	l	p	
2909.431016	23.2040149999998	states													"   state_name
id           
0     state_0"
2909.431016	0.01599900000019261	states													"          state_name
id                  
1   sending_trialnum"
2909.447015	12.384000000000015	states													"      state_name
id              
3   wait_for_cin"
2921.831015	0.0024999999995998223	states													"   state_name
id           
4     nicstim"
2921.833515	0.0005040000000917644	states													"       state_name
id               
5   stimon_nosein"
2921.834019	0.5329959999999119	states													"   state_name
id           
4     nicstim"
2922.367015	1.0025000000000546	states													"      state_name
id              
7   reinit_cpoke"
2923.369515	0.0020060000001649314	states													"   state_name
id           
4     nicstim"
2923.371521	0.0005009999999856518	states													"       state_name
id               
5   stimon_nosein"
2923.372022	0.21249299999999494	states													"   state_name
id           
4     nicstim"
2923.584515	1.02599999999984	states													"      state_name
id              
7   reinit_cpoke"
2924.610515	0.0019999999999527063	states													"   state_name
id           
4     nicstim"
2924.612515	0.0005000000001018634	states													"       state_name
id               
5   stimon_nosein"
2924.613015	0.44650000000001455	states													"   state_name
id           
4     nicstim"
2925.059515	0.0500000000001819	states													"       state_name
id               
8   wait_for_cout"
2925.109515	0.0009999999997489795	states													"   state_name
id           
9       csgap"
2925.110515	0.3975140000002284	states													"        state_name
id                
16  wait_for_spoke"
2925.508029	0.0004920000001220615	states													"             state_name
id                     
18  soff_reward_chooser"
2925.508521	0.06399399999963862	states													"     state_name
id             
22  reward_soff"
2925.572515	0.06500000000005457	states													"         state_name
id                 
26  post_reward_off"
2925.637515	3.9965070000002925	states													"         state_name
id                 
27  soft_drink_time"
2929.634022	0.0005089999999654538	states													"    state_name
id            
28  warndanger"
2929.634531	3.000499999999647	states													"            state_name
id                    
29  warndanger_warning"
2932.635531	9.394984000000022	trials	1.0	l	1.0	p	1.0	r	0.0	0.0	0.0	1.0	l	p	
2932.635531	9.394984000000022	states													"   state_name
id           
0     state_0"
2932.635531	0.015984000000116794	states													"          state_name
id                  
1   sending_trialnum"
2932.651515	0.0005049999999755528	states													"      state_name
id              
3   wait_for_cin"
2932.65202	0.0020079999999325082	states													"   state_name
id           
4     nicstim"
2932.654028	0.0004870000002483721	states													"       state_name
id               
5   stimon_nosein"
2932.654515	0.44399999999996	states													"   state_name
id           
4     nicstim"
2933.098515	0.10650799999984883	states													"       state_name
id               
8   wait_for_cout"
2933.205023	0.001491999999871041	states													"   state_name
id           
9       csgap"
2933.206515	0.27500000000009095	states													"        state_name
id                
16  wait_for_spoke"
2933.481515	0.0005000000001018634	states													"             state_name
id                     
18  soff_reward_chooser"
2933.482015	0.12750000000005457	states													"         state_name
id                 
19  reward_big_soff"
2933.609515	0.4035159999998541	states													"         state_name
id                 
26  post_reward_off"
2934.013031	5.016994000000068	states													"         state_name
id                 
27  soft_drink_time"
2939.030025	0.0004899999998997373	states													"    state_name
id            
28  warndanger"
2939.030515	3.0	states													"            state_name
id                    
29  warndanger_warning"
2942.031015	11.404500000000098	trials	1.0	l	1.0	p	1.0	r	0.0	0.0	0.0	1.0	l	p	
2942.031015	11.404500000000098	states													"   state_name
id           
0     state_0"
2942.031015	0.016000000000076398	states													"          state_name
id                  
1   sending_trialnum"
2942.047015	0.17849999999998545	states													"      state_name
id              
3   wait_for_cin"
2942.225515	0.002504999999928259	states													"   state_name
id           
4     nicstim"
2942.22802	0.0004949999997734267	states													"       state_name
id               
5   stimon_nosein"
2942.228515	0.44400000000041473	states													"   state_name
id           
4     nicstim"
2942.672515	0.021999999999934516	states													"       state_name
id               
8   wait_for_cout"
2942.694515	0.001510000000052969	states													"   state_name
id           
9       csgap"
2942.696025	0.7604899999996633	states													"        state_name
id                
16  wait_for_spoke"
2943.456515	0.0005000000001018634	states													"             state_name
id                     
18  soff_reward_chooser"
2943.457015	0.12750000000005457	states													"         state_name
id                 
19  reward_big_soff"
2943.584515	1.6735039999998662	states													"         state_name
id                 
26  post_reward_off"
2945.258019	5.176496000000043	states													"         state_name
id                 
27  soft_drink_time"
2950.434515	0.0005000000001018634	states													"    state_name
id            
28  warndanger"
2950.435015	3.000500000000102	states													"            state_name
id                    
29  warndanger_warning"
2953.436028	10.148005000000012	trials	1.0	r	2.0	p	1.0	r	0.0	0.0	0.0	1.0	r	p	
2953.436028	10.148005000000012	states													"   state_name
id           
0     state_0"
2953.436028	0.015992000000096596	states													"          state_name
id                  
1   sending_trialnum"
2953.45202	0.1925109999997403	states													"      state_name
id              
3   wait_for_cin"
2953.644531	0.002484000000094966	states													"   state_name
id           
4     nicstim"
2953.647015	0.0005000000001018634	states													"       state_name
id               
5   stimon_nosein"
2953.647515	0.4594999999999345	states													"   state_name
id           
4     nicstim"
2954.107015	0.020007999999961612	states													"       state_name
id               
8   wait_for_cout"
2954.127023	0.0010000000002037268	states													"   state_name
id           
9       csgap"
2954.128023	0.2869919999998274	states													"        state_name
id                
16  wait_for_spoke"
2954.415015	0.0005160000000614673	states													"             state_name
id                     
18  soff_reward_chooser"
2954.415531	0.13398400000005495	states													"         state_name
id                 
19  reward_big_soff"
2954.549515	0.7300000000000182	states													"         state_name
id                 
26  post_reward_off"
2955.279515	5.303505999999743	states													"         state_name
id                 
27  soft_drink_time"
2960.583021	0.0005100000003039895	states													"    state_name
id            
28  warndanger"
2960.583531	3.0005019999998694	states													"            state_name
id                    
29  warndanger_warning"
2963.584515	12.943509000000176	trials	1.0	r	2.0	p	1.0	r	2.0	0.0	0.0	1.0	r	p	
2963.584515	12.943509000000176	states													"   state_name
id           
0     state_0"
2963.584515	0.016016000000036	states													"          state_name
id                  
1   sending_trialnum"
2963.600531	0.21198400000002948	states													"      state_name
id              
3   wait_for_cin"
2963.812515	0.0025000000000545697	states													"   state_name
id           
4     nicstim"
2963.815015	0.0004999999996471161	states													"       state_name
id               
5   stimon_nosein"
2963.815515	0.49450700000033976	states													"   state_name
id           
4     nicstim"
2964.310022	1.0644939999997405	states													"      state_name
id              
7   reinit_cpoke"
2965.374516	0.0019999999999527063	states													"   state_name
id           
4     nicstim"
2965.376516	0.000499000000218075	states													"       state_name
id               
5   stimon_nosein"
2965.377015	0.5594999999998436	states													"   state_name
id           
4     nicstim"
2965.936515	1.0910000000003492	states													"      state_name
id              
7   reinit_cpoke"
2967.027515	0.00201599999991231	states													"   state_name
id           
4     nicstim"
2967.029531	0.0005040000000917644	states													"       state_name
id               
5   stimon_nosein"
2967.030035	0.46947999999974854	states													"   state_name
id           
4     nicstim"
2967.499515	0.3710000000000946	states													"       state_name
id               
8   wait_for_cout"
2967.870515	0.0015089999997144332	states													"   state_name
id           
9       csgap"
2967.872024	0.5764910000002601	states													"        state_name
id                
16  wait_for_spoke"
2968.448515	0.0005000000001018634	states													"             state_name
id                     
18  soff_reward_chooser"
2968.449015	0.06700399999999718	states													"     state_name
id             
22  reward_soff"
2968.516019	1.71000499999991	states													"         state_name
id                 
26  post_reward_off"
2970.226024	3.301491000000169	states													"         state_name
id                 
27  soft_drink_time"
2973.527515	0.0005069999997431296	states													"    state_name
id            
28  warndanger"
2973.528022	3.0000020000002223	states													"            state_name
id                    
29  warndanger_warning"
2976.528519	9.027996000000257	trials	1.0	l	1.0	p	1.0	r	0.0	0.0	0.0	1.0	l	p	
2976.528519	9.027996000000257	states													"   state_name
id           
0     state_0"
2976.528519	0.015996000000086497	states													"          state_name
id                  
1   sending_trialnum"
2976.544515	0.3455069999999978	states													"      state_name
id              
3   wait_for_cin"
2976.890022	0.002003000000058819	states													"   state_name
id           
4     nicstim"
2976.892025	0.0004899999998997373	states													"       state_name
id               
5   stimon_nosein"
2976.892515	0.443000000000211	states													"   state_name
id           
4     nicstim"
2977.335515	0.026015999999799533	states													"       state_name
id               
8   wait_for_cout"
2977.361531	0.0014849999997750274	states													"   state_name
id           
9       csgap"
2977.363016	0.36849900000015623	states													"        state_name
id                
16  wait_for_spoke"
2977.731515	0.0005120000000715663	states													"             state_name
id                     
18  soff_reward_chooser"
2977.732027	0.12748800000008487	states													"         state_name
id                 
19  reward_big_soff"
2977.859515	0.14250899999979083	states													"         state_name
id                 
26  post_reward_off"
2978.002024	4.55399800000032	states													"         state_name
id                 
27  soft_drink_time"
2982.556022	0.0004930000000058499	states													"    state_name
id            
28  warndanger"
2982.556515	3.0	states													"            state_name
id                    
29  warndanger_warning"
2985.557015	7.727006999999958	trials	0.0	r	2.0	p	1.0	r	1.0	0.0	0.0	0.0	r	p	
2985.557015	7.727006999999958	states													"   state_name
id           
0     state_0"
2985.557015	0.016000000000076398	states													"          state_name
id                  
1   sending_trialnum"
2985.573015	0.0005000000001018634	states													"      state_name
id              
3   wait_for_cin"
2985.573515	0.00201599999991231	states													"   state_name
id           
4     nicstim"
2985.575531	0.0005000000001018634	states													"       state_name
id               
5   stimon_nosein"
2985.576031	0.5605000000000473	states													"   state_name
id           
4     nicstim"
2986.136531	1.2504839999996875	states													"      state_name
id              
7   reinit_cpoke"
2987.387015	0.0020000000004074536	states													"   state_name
id           
4     nicstim"
2987.389015	0.0005059999998593412	states													"       state_name
id               
5   stimon_nosein"
2987.389521	0.4534939999998642	states													"   state_name
id           
4     nicstim"
2987.843015	0.18150000000014188	states													"       state_name
id               
8   wait_for_cout"
2988.024515	0.0010159999997085833	states													"   state_name
id           
9       csgap"
2988.025531	0.2574840000002041	states													"        state_name
id                
16  wait_for_spoke"
2988.283015	5.001006999999845	states													"     state_name
id             
31  error_state"
2993.284521	12.503495999999814	trials	1.0	l	1.0	p	1.0	r	3.0	0.0	0.0	1.0	l	p	
2993.284521	12.503495999999814	states													"   state_name
id           
0     state_0"
2993.284521	0.015993999999864172	states													"          state_name
id                  
1   sending_trialnum"
2993.300515	0.7885160000000724	states													"      state_name
id              
3   wait_for_cin"
2994.089031	0.002484000000094966	states													"   state_name
id           
4     nicstim"
2994.091515	0.0005040000000917644	states													"       state_name
id               
5   stimon_nosein"
2994.092019	0.4019989999997051	states													"   state_name
id           
4     nicstim"
2994.494018	1.0024969999999485	states													"      state_name
id              
7   reinit_cpoke"
2995.496515	0.0025000000000545697	states													"   state_name
id           
4     nicstim"
2995.499015	0.0005000000001018634	states													"       state_name
id               
5   stimon_nosein"
2995.499515	0.5320000000001528	states													"   state_name
id           
4     nicstim"
2996.031515	1.0025040000000445	states													"      state_name
id              
7   reinit_cpoke"
2997.034019	0.002013999999689986	states													"   state_name
id           
4     nicstim"
2997.036033	0.00048199999991993536	states													"       state_name
id               
5   stimon_nosein"
2997.036515	0.57950400000027	states													"   state_name
id           
4     nicstim"
2997.616019	1.0404960000000756	states													"      state_name
id              
7   reinit_cpoke"
2998.656515	0.0019999999999527063	states													"   state_name
id           
4     nicstim"
2998.658515	0.0005000000001018634	states													"       state_name
id               
5   stimon_nosein"
2998.659015	0.4630059999999503	states													"   state_name
id           
4     nicstim"
2999.122021	0.06899399999974776	states													"       state_name
id               
8   wait_for_cout"
2999.191015	0.0010059999999612046	states													"   state_name
id           
9       csgap"
2999.192021	0.3574940000003153	states													"        state_name
id                
16  wait_for_spoke"
2999.549515	0.000507999999626918	states													"             state_name
id                     
18  soff_reward_chooser"
2999.550023	0.06400900000016918	states													"     state_name
id             
22  reward_soff"
2999.614032	0.8574830000002294	states													"         state_name
id                 
26  post_reward_off"
3000.471515	2.31550900000002	states													"         state_name
id                 
27  soft_drink_time"
3002.787024	0.0004909999997835257	states													"    state_name
id            
28  warndanger"
3002.787515	3.0005019999998694	states													"            state_name
id                    
29  warndanger_warning"
3005.788515	39.222499999999854	trials	1.0	l	1.0	p	1.0	r	1.0	0.0	0.0	1.0	l	p	
3005.788515	39.222499999999854	states													"   state_name
id           
0     state_0"
3005.788515	0.01599999999962165	states													"          state_name
id                  
1   sending_trialnum"
3005.804515	29.011503000000175	states													"      state_name
id              
3   wait_for_cin"
3034.816018	0.0020169999997960986	states													"   state_name
id           
4     nicstim"
3034.818035	0.00048000000015235855	states													"       state_name
id               
5   stimon_nosein"
3034.818515	0.48701600000003964	states													"   state_name
id           
4     nicstim"
3035.305531	1.002491000000191	states													"      state_name
id              
7   reinit_cpoke"
3036.308022	0.002001999999720283	states													"   state_name
id           
4     nicstim"
3036.310024	0.0004910000002382731	states													"       state_name
id               
5   stimon_nosein"
3036.310515	0.45100000000002183	states													"   state_name
id           
4     nicstim"
3036.761515	0.016999999999825377	states													"       state_name
id               
8   wait_for_cout"
3036.778515	0.0015069999999468564	states													"   state_name
id           
9       csgap"
3036.780022	0.31700899999987087	states													"        state_name
id                
16  wait_for_spoke"
3037.097031	0.0005000000001018634	states													"             state_name
id                     
18  soff_reward_chooser"
3037.097531	0.06398399999989124	states													"     state_name
id             
22  reward_soff"
3037.161515	0.9510000000000218	states													"         state_name
id                 
26  post_reward_off"
3038.112515	3.8975060000002486	states													"         state_name
id                 
27  soft_drink_time"
3042.010021	0.0004939999998896383	states													"    state_name
id            
28  warndanger"
3042.010515	3.000500000000102	states													"            state_name
id                    
29  warndanger_warning"
3045.011515	10.219499999999698	trials	1.0	l	1.0	p	1.0	r	2.0	0.0	0.0	1.0	l	p	
3045.011515	10.219499999999698	states													"   state_name
id           
0     state_0"
3045.011515	0.016016000000036	states													"          state_name
id                  
1   sending_trialnum"
3045.027531	0.21548399999983303	states													"      state_name
id              
3   wait_for_cin"
3045.243015	0.0019999999999527063	states													"   state_name
id           
4     nicstim"
3045.245015	0.0005059999998593412	states													"       state_name
id               
5   stimon_nosein"
3045.245521	0.4865060000001904	states													"   state_name
id           
4     nicstim"
3045.732027	1.0024960000000647	states													"      state_name
id              
7   reinit_cpoke"
3046.734523	0.0024920000000747677	states													"   state_name
id           
4     nicstim"
3046.737015	0.0004999999996471161	states													"       state_name
id               
5   stimon_nosein"
3046.737515	0.5040000000003602	states													"   state_name
id           
4     nicstim"
3047.241515	1.002512999999908	states													"      state_name
id              
7   reinit_cpoke"
3048.244028	0.002486999999746331	states													"   state_name
id           
4     nicstim"
3048.246515	0.0005000000001018634	states													"       state_name
id               
5   stimon_nosein"
3048.247015	0.4440060000001722	states													"   state_name
id           
4     nicstim"
3048.691021	0.15749400000004243	states													"       state_name
id               
8   wait_for_cout"
3048.848515	0.0015049999997245322	states													"   state_name
id           
9       csgap"
3048.85002	0.2839990000002217	states													"        state_name
id                
16  wait_for_spoke"
3049.134019	0.0004960000001119624	states													"             state_name
id                     
18  soff_reward_chooser"
3049.134515	0.06400299999995696	states													"     state_name
id             
22  reward_soff"
3049.198518	0.7284970000000612	states													"         state_name
id                 
26  post_reward_off"
3049.927015	2.3030049999997573	states													"         state_name
id                 
27  soft_drink_time"
3052.23002	0.000495000000228174	states													"    state_name
id            
28  warndanger"
3052.230515	3.000499999999647	states													"            state_name
id                    
29  warndanger_warning"
3055.231515	21.21349999999984	trials	1.0	r	2.0	p	1.0	r	4.0	0.0	0.0	1.0	r	p	
3055.231515	21.21349999999984	states													"   state_name
id           
0     state_0"
3055.231515	0.016000000000076398	states													"          state_name
id                  
1   sending_trialnum"
3055.247515	0.0005029999997532286	states													"      state_name
id              
3   wait_for_cin"
3055.248018	0.002005000000281143	states													"   state_name
id           
4     nicstim"
3055.250023	0.0004920000001220615	states													"       state_name
id               
5   stimon_nosein"
3055.250515	0.4564999999997781	states													"   state_name
id           
4     nicstim"
3055.707015	4.363008000000264	states													"      state_name
id              
7   reinit_cpoke"
3060.070023	0.0020069999995939725	states													"   state_name
id           
4     nicstim"
3060.07203	0.00048500000002604793	states													"       state_name
id               
5   stimon_nosein"
3060.072515	0.47451600000022154	states													"   state_name
id           
4     nicstim"
3060.547031	2.9069909999998345	states													"      state_name
id              
7   reinit_cpoke"
3063.454022	0.002494000000297092	states													"   state_name
id           
4     nicstim"
3063.456516	0.0005049999999755528	states													"       state_name
id               
5   stimon_nosein"
3063.457021	0.41749399999980596	states													"   state_name
id           
4     nicstim"
3063.874515	2.1415069999998195	states													"      state_name
id              
7   reinit_cpoke"
3066.016022	0.0024930000004133035	states													"   state_name
id           
4     nicstim"
3066.018515	0.0005059999998593412	states													"       state_name
id               
5   stimon_nosein"
3066.019021	0.5519939999999224	states													"   state_name
id           
4     nicstim"
3066.571015	1.72400000000016	states													"      state_name
id              
7   reinit_cpoke"
3068.295015	0.002005999999710184	states													"   state_name
id           
4     nicstim"
3068.297021	0.0005100000003039895	states													"       state_name
id               
5   stimon_nosein"
3068.297531	0.44098399999984395	states													"   state_name
id           
4     nicstim"
3068.738515	0.12449999999989814	states													"       state_name
id               
8   wait_for_cout"
3068.863015	0.0010080000001835288	states													"   state_name
id           
9       csgap"
3068.864023	0.29599999999982174	states													"        state_name
id                
16  wait_for_spoke"
3069.160023	0.0005000000001018634	states													"             state_name
id                     
18  soff_reward_chooser"
3069.160523	0.06699200000002747	states													"     state_name
id             
22  reward_soff"
3069.227515	0.4435009999997419	states													"         state_name
id                 
26  post_reward_off"
3069.671016	3.773015000000214	states													"         state_name
id                 
27  soft_drink_time"
3073.444031	0.0004840000001422595	states													"    state_name
id            
28  warndanger"
3073.444515	3.000499999999647	states													"            state_name
id                    
29  warndanger_warning"
3076.445515	17.378999999999905	trials	0.0	r	2.0	p	1.0	r	2.0	0.0	0.0	0.0	r	p	
3076.445515	17.378999999999905	states													"   state_name
id           
0     state_0"
3076.445515	0.016006000000288623	states													"          state_name
id                  
1   sending_trialnum"
3076.461521	0.7829979999996795	states													"      state_name
id              
3   wait_for_cin"
3077.244519	0.0024960000000646687	states													"   state_name
id           
4     nicstim"
3077.247015	0.0005000000001018634	states													"       state_name
id               
5   stimon_nosein"
3077.247515	0.5019999999999527	states													"   state_name
id           
4     nicstim"
3077.749515	1.0025110000001405	states													"      state_name
id              
7   reinit_cpoke"
3078.752026	0.002488999999968655	states													"   state_name
id           
4     nicstim"
3078.754515	0.0005000000001018634	states													"       state_name
id               
5   stimon_nosein"
3078.755015	0.5344999999997526	states													"   state_name
id           
4     nicstim"
3079.289515	8.603000000000065	states													"      state_name
id              
7   reinit_cpoke"
3087.892515	0.0019999999999527063	states													"   state_name
id           
4     nicstim"
3087.894515	0.0005000000001018634	states													"       state_name
id               
5   stimon_nosein"
3087.895015	0.4619999999999891	states													"   state_name
id           
4     nicstim"
3088.357015	0.16100700000015422	states													"       state_name
id               
8   wait_for_cout"
3088.518022	0.0014929999997548293	states													"   state_name
id           
9       csgap"
3088.519515	0.3040000000000873	states													"        state_name
id                
16  wait_for_spoke"
3088.823515	5.000999999999749	states													"     state_name
id             
31  error_state"
3093.825015	9.66301199999998	trials	1.0	l	1.0	p	1.0	r	1.0	0.0	0.0	1.0	l	p	
3093.825015	9.66301199999998	states													"   state_name
id           
0     state_0"
3093.825015	0.016000000000076398	states													"          state_name
id                  
1   sending_trialnum"
3093.841015	0.0005000000001018634	states													"      state_name
id              
3   wait_for_cin"
3093.841515	0.00201599999991231	states													"   state_name
id           
4     nicstim"
3093.843531	0.0004910000002382731	states													"       state_name
id               
5   stimon_nosein"
3093.844022	0.5954929999998058	states													"   state_name
id           
4     nicstim"
3094.439515	1.0019999999999527	states													"      state_name
id              
7   reinit_cpoke"
3095.441515	0.0025120000000242726	states													"   state_name
id           
4     nicstim"
3095.444027	0.0004880000001321605	states													"       state_name
id               
5   stimon_nosein"
3095.444515	0.4624999999996362	states													"   state_name
id           
4     nicstim"
3095.907015	0.10450000000037107	states													"       state_name
id               
8   wait_for_cout"
3096.011515	0.0009999999997489795	states													"   state_name
id           
9       csgap"
3096.012515	0.4420000000000073	states													"        state_name
id                
16  wait_for_spoke"
3096.454515	0.0005000000001018634	states													"             state_name
id                     
18  soff_reward_chooser"
3096.455015	0.06399999999985084	states													"     state_name
id             
22  reward_soff"
3096.519015	0.5815000000002328	states													"         state_name
id                 
26  post_reward_off"
3097.100515	3.3869999999997162	states													"         state_name
id                 
27  soft_drink_time"
3100.487515	0.0005060000003140885	states													"    state_name
id            
28  warndanger"
3100.488021	3.0000059999997575	states													"            state_name
id                    
29  warndanger_warning"
3103.488518	12.461997999999767	trials	1.0	r	2.0	p	1.0	r	0.0	0.0	0.0	1.0	r	p	
3103.488518	12.461997999999767	states													"   state_name
id           
0     state_0"
3103.488518	0.015996999999970285	states													"          state_name
id                  
1   sending_trialnum"
3103.504515	0.9009999999998399	states													"      state_name
id              
3   wait_for_cin"
3104.405515	0.0019999999999527063	states													"   state_name
id           
4     nicstim"
3104.407515	0.0005070000001978769	states													"       state_name
id               
5   stimon_nosein"
3104.408022	0.44099299999970754	states													"   state_name
id           
4     nicstim"
3104.849015	0.07301100000040606	states													"       state_name
id               
8   wait_for_cout"
3104.922026	0.0010049999996226688	states													"   state_name
id           
9       csgap"
3104.923031	0.3284840000001168	states													"        state_name
id                
16  wait_for_spoke"
3105.251515	0.0005080000000816653	states													"             state_name
id                     
18  soff_reward_chooser"
3105.252023	0.13399600000002465	states													"         state_name
id                 
19  reward_big_soff"
3105.386019	0.040011000000049535	states													"         state_name
id                 
26  post_reward_off"
3105.42603	7.523988999999801	states													"         state_name
id                 
27  soft_drink_time"
3112.950019	0.0004960000001119624	states													"    state_name
id            
28  warndanger"
3112.950515	3.000000999999884	states													"            state_name
id                    
29  warndanger_warning"
3115.951015	13.595506000000114	trials	1.0	r	2.0	p	1.0	r	0.0	0.0	0.0	1.0	r	p	
3115.951015	13.595506000000114	states													"   state_name
id           
0     state_0"
3115.951015	0.016009999999823776	states													"          state_name
id                  
1   sending_trialnum"
3115.967025	0.07649600000013379	states													"      state_name
id              
3   wait_for_cin"
3116.043521	0.0025019999998221465	states													"   state_name
id           
4     nicstim"
3116.046023	0.0004920000001220615	states													"       state_name
id               
5   stimon_nosein"
3116.046515	0.4580000000000837	states													"   state_name
id           
4     nicstim"
3116.504515	0.12599999999974898	states													"       state_name
id               
8   wait_for_cout"
3116.630515	0.001506000000063068	states													"   state_name
id           
9       csgap"
3116.632021	0.4864950000001045	states													"        state_name
id                
16  wait_for_spoke"
3117.118516	0.000499000000218075	states													"             state_name
id                     
18  soff_reward_chooser"
3117.119015	0.1339999999995598	states													"         state_name
id                 
19  reward_big_soff"
3117.253015	0.3580000000001746	states													"         state_name
id                 
26  post_reward_off"
3117.611015	8.935003999999935	states													"         state_name
id                 
27  soft_drink_time"
3126.546019	0.0004960000001119624	states													"    state_name
id            
28  warndanger"
3126.546515	3.0000060000002122	states													"            state_name
id                    
29  warndanger_warning"
3129.547021	10.411497000000054	trials	1.0	r	2.0	p	1.0	r	1.0	0.0	0.0	1.0	r	p	
3129.547021	10.411497000000054	states													"   state_name
id           
0     state_0"
3129.547021	0.01599400000031892	states													"          state_name
id                  
1   sending_trialnum"
3129.563015	0.0004999999996471161	states													"      state_name
id              
3   wait_for_cin"
3129.563515	0.0020160000003670575	states													"   state_name
id           
4     nicstim"
3129.565531	0.0005019999998694402	states													"       state_name
id               
5   stimon_nosein"
3129.566033	0.48648199999979624	states													"   state_name
id           
4     nicstim"
3130.052515	1.6325000000001637	states													"      state_name
id              
7   reinit_cpoke"
3131.685015	0.0020100000001548324	states													"   state_name
id           
4     nicstim"
3131.687025	0.0004899999998997373	states													"       state_name
id               
5   stimon_nosein"
3131.687515	0.46549999999979264	states													"   state_name
id           
4     nicstim"
3132.153015	0.005500000000211003	states													"       state_name
id               
8   wait_for_cout"
3132.158515	0.001506000000063068	states													"   state_name
id           
9       csgap"
3132.160021	0.394010999999864	states													"        state_name
id                
16  wait_for_spoke"
3132.554032	0.00048299999980372377	states													"             state_name
id                     
18  soff_reward_chooser"
3132.554515	0.06700000000000728	states													"     state_name
id             
22  reward_soff"
3132.621515	0.7235000000000582	states													"         state_name
id                 
26  post_reward_off"
3133.345015	3.6130050000001575	states													"         state_name
id                 
27  soft_drink_time"
3136.95802	0.0004949999997734267	states													"    state_name
id            
28  warndanger"
3136.958515	3.000003000000106	states													"            state_name
id                    
29  warndanger_warning"
3139.959016	13.130499000000327	trials	1.0	r	2.0	p	1.0	r	1.0	0.0	0.0	1.0	r	p	
3139.959016	13.130499000000327	states													"   state_name
id           
0     state_0"
3139.959016	0.01600700000017241	states													"          state_name
id                  
1   sending_trialnum"
3139.975023	0.39049199999999473	states													"      state_name
id              
3   wait_for_cin"
3140.365515	0.0020060000001649314	states													"   state_name
id           
4     nicstim"
3140.367521	0.0005009999999856518	states													"       state_name
id               
5   stimon_nosein"
3140.368022	0.5414929999997184	states													"   state_name
id           
4     nicstim"
3140.909515	1.091008000000329	states													"      state_name
id              
7   reinit_cpoke"
3142.000523	0.0024919999996200204	states													"   state_name
id           
4     nicstim"
3142.003015	0.0005000000001018634	states													"       state_name
id               
5   stimon_nosein"
3142.003515	0.47750600000017585	states													"   state_name
id           
4     nicstim"
3142.481021	0.11999400000013338	states													"       state_name
id               
8   wait_for_cout"
3142.601015	0.001006999999844993	states													"   state_name
id           
9       csgap"
3142.602022	0.28649300000006406	states													"        state_name
id                
16  wait_for_spoke"
3142.888515	0.0005059999998593412	states													"             state_name
id                     
18  soff_reward_chooser"
3142.889021	0.06700000000000728	states													"     state_name
id             
22  reward_soff"
3142.956021	0.12800100000004022	states													"         state_name
id                 
26  post_reward_off"
3143.084022	7.004493999999795	states													"         state_name
id                 
27  soft_drink_time"
3150.088516	0.0005049999999755528	states													"    state_name
id            
28  warndanger"
3150.089021	3.0004940000003444	states													"            state_name
id                    
29  warndanger_warning"
3153.090026	9.639000000000124	trials	1.0	l	1.0	p	1.0	r	0.0	0.0	0.0	1.0	l	p	
3153.090026	9.639000000000124	states													"   state_name
id           
0     state_0"
3153.090026	0.015996999999970285	states													"          state_name
id                  
1   sending_trialnum"
3153.106023	0.000495000000228174	states													"      state_name
id              
3   wait_for_cin"
3153.106518	0.002496999999948457	states													"   state_name
id           
4     nicstim"
3153.109015	0.0005000000001018634	states													"       state_name
id               
5   stimon_nosein"
3153.109515	0.4499999999998181	states													"   state_name
id           
4     nicstim"
3153.559515	0.0680160000001706	states													"       state_name
id               
8   wait_for_cout"
3153.627531	0.001483999999891239	states													"   state_name
id           
9       csgap"
3153.629015	0.4214999999999236	states													"        state_name
id                
16  wait_for_spoke"
3154.050515	0.0005000000001018634	states													"             state_name
id                     
18  soff_reward_chooser"
3154.051015	0.12750099999993836	states													"         state_name
id                 
19  reward_big_soff"
3154.178516	0.27999899999986155	states													"         state_name
id                 
26  post_reward_off"
3154.458515	5.269999999999982	states													"         state_name
id                 
27  soft_drink_time"
3159.728515	0.0005000000001018634	states													"    state_name
id            
28  warndanger"
3159.729015	3.000011000000086	states													"            state_name
id                    
29  warndanger_warning"
3162.729516	16.785999000000174	trials	1.0	l	1.0	p	1.0	r	1.0	0.0	0.0	1.0	l	p	
3162.729516	16.785999000000174	states													"   state_name
id           
0     state_0"
3162.729516	0.01599900000019261	states													"          state_name
id                  
1   sending_trialnum"
3162.745515	3.934506000000056	states													"      state_name
id              
3   wait_for_cin"
3166.680021	0.0024939999998423446	states													"   state_name
id           
4     nicstim"
3166.682515	0.0005059999998593412	states													"       state_name
id               
5   stimon_nosein"
3166.683021	0.2450080000003254	states													"   state_name
id           
4     nicstim"
3166.928029	1.2699949999996534	states													"      state_name
id              
7   reinit_cpoke"
3168.198024	0.0024960000000646687	states													"   state_name
id           
4     nicstim"
3168.20052	0.0005110000001877779	states													"       state_name
id               
5   stimon_nosein"
3168.201031	0.45600000000013097	states													"   state_name
id           
4     nicstim"
3168.657031	0.15998399999989488	states													"       state_name
id               
8   wait_for_cout"
3168.817015	0.0010019999999713036	states													"   state_name
id           
9       csgap"
3168.818017	0.39349799999990864	states													"        state_name
id                
16  wait_for_spoke"
3169.211515	0.0005120000000715663	states													"             state_name
id                     
18  soff_reward_chooser"
3169.212027	0.06399499999997715	states													"     state_name
id             
22  reward_soff"
3169.276022	0.2149930000000495	states													"         state_name
id                 
26  post_reward_off"
3169.491015	7.023499999999785	states													"         state_name
id                 
27  soft_drink_time"
3176.514515	0.0005000000001018634	states													"    state_name
id            
28  warndanger"
3176.515015	3.000500000000102	states													"            state_name
id                    
29  warndanger_warning"
3179.516027	13.349993999999697	trials	1.0	r	2.0	p	1.0	r	2.0	0.0	0.0	1.0	r	p	
3179.516027	13.349993999999697	states													"   state_name
id           
0     state_0"
3179.516027	0.01599499999974796	states													"          state_name
id                  
1   sending_trialnum"
3179.532022	1.0104930000002241	states													"      state_name
id              
3   wait_for_cin"
3180.542515	0.0019999999999527063	states													"   state_name
id           
4     nicstim"
3180.544515	0.0005000000001018634	states													"       state_name
id               
5   stimon_nosein"
3180.545015	0.5484999999998763	states													"   state_name
id           
4     nicstim"
3181.093515	1.3854999999998654	states													"      state_name
id              
7   reinit_cpoke"
3182.479015	0.00201599999991231	states													"   state_name
id           
4     nicstim"
3182.481031	0.0004900000003544847	states													"       state_name
id               
5   stimon_nosein"
3182.481521	0.43250199999965844	states													"   state_name
id           
4     nicstim"
3182.914023	1.2644920000002458	states													"      state_name
id              
7   reinit_cpoke"
3184.178515	0.0019999999999527063	states													"   state_name
id           
4     nicstim"
3184.180515	0.0005000000001018634	states													"       state_name
id               
5   stimon_nosein"
3184.181015	0.4450240000001031	states													"   state_name
id           
4     nicstim"
3184.626039	0.07847599999968224	states													"       state_name
id               
8   wait_for_cout"
3184.704515	0.001516000000265194	states													"   state_name
id           
9       csgap"
3184.706031	0.3649839999998221	states													"        state_name
id                
16  wait_for_spoke"
3185.071015	0.0005000000001018634	states													"             state_name
id                     
18  soff_reward_chooser"
3185.071515	0.06700099999989106	states													"     state_name
id             
22  reward_soff"
3185.138516	0.34249899999986155	states													"         state_name
id                 
26  post_reward_off"
3185.481015	4.384015999999974	states													"         state_name
id                 
27  soft_drink_time"
3189.865031	0.0005000000001018634	states													"    state_name
id            
28  warndanger"
3189.865531	3.0004899999998997	states													"            state_name
id                    
29  warndanger_warning"
3192.866515	10.708999999999833	trials	1.0	r	2.0	p	1.0	r	0.0	0.0	0.0	1.0	r	p	
3192.866515	10.708999999999833	states													"   state_name
id           
0     state_0"
3192.866515	0.01599999999962165	states													"          state_name
id                  
1   sending_trialnum"
3192.882515	0.0005000000001018634	states													"      state_name
id              
3   wait_for_cin"
3192.883015	0.0025000000000545697	states													"   state_name
id           
4     nicstim"
3192.885515	0.0005019999998694402	states													"       state_name
id               
5   stimon_nosein"
3192.886017	0.4534980000003088	states													"   state_name
id           
4     nicstim"
3193.339515	0.2105189999997492	states													"       state_name
id               
8   wait_for_cout"
3193.550034	0.0014810000002398738	states													"   state_name
id           
9       csgap"
3193.551515	0.27700000000004366	states													"        state_name
id                
16  wait_for_spoke"
3193.828515	0.0004999999996471161	states													"             state_name
id                     
18  soff_reward_chooser"
3193.829015	0.13400600000022678	states													"         state_name
id                 
19  reward_big_soff"
3193.963021	0.8850019999999859	states													"         state_name
id                 
26  post_reward_off"
3194.848023	5.726497999999992	states													"         state_name
id                 
27  soft_drink_time"
3200.574521	0.0005000000001018634	states													"    state_name
id            
28  warndanger"
3200.575021	3.0004939999998896	states													"            state_name
id                    
29  warndanger_warning"
3203.576021	11.508003000000372	trials	1.0	r	2.0	p	1.0	r	0.0	0.0	0.0	1.0	r	p	
3203.576021	11.508003000000372	states													"   state_name
id           
0     state_0"
3203.576021	0.016000000000076398	states													"          state_name
id                  
1   sending_trialnum"
3203.592021	0.0004939999998896383	states													"      state_name
id              
3   wait_for_cin"
3203.592515	0.0025000000000545697	states													"   state_name
id           
4     nicstim"
3203.595015	0.0005160000000614673	states													"       state_name
id               
5   stimon_nosein"
3203.595531	0.4625019999998585	states													"   state_name
id           
4     nicstim"
3204.058033	0.14898800000037227	states													"       state_name
id               
8   wait_for_cout"
3204.207021	0.001017000000047119	states													"   state_name
id           
9       csgap"
3204.208038	0.25647699999990436	states													"        state_name
id                
16  wait_for_spoke"
3204.464515	0.0005000000001018634	states													"             state_name
id                     
18  soff_reward_chooser"
3204.465015	0.1339999999995598	states													"         state_name
id                 
19  reward_big_soff"
3204.599015	0.38200000000006185	states													"         state_name
id                 
26  post_reward_off"
3204.981015	7.102499999999964	states													"         state_name
id                 
27  soft_drink_time"
3212.083515	0.0005070000001978769	states													"    state_name
id            
28  warndanger"
3212.084022	3.0000020000002223	states													"            state_name
id                    
29  warndanger_warning"
3215.084515	9.30101599999989	trials	1.0	l	1.0	p	1.0	r	1.0	0.0	0.0	1.0	l	p	
3215.084515	9.30101599999989	states													"   state_name
id           
0     state_0"
3215.084515	0.016000000000076398	states													"          state_name
id                  
1   sending_trialnum"
3215.100515	0.33550400000012814	states													"      state_name
id              
3   wait_for_cin"
3215.436019	0.0020039999999426072	states													"   state_name
id           
4     nicstim"
3215.438023	0.0004919999996673141	states													"       state_name
id               
5   stimon_nosein"
3215.438515	0.5410000000001673	states													"   state_name
id           
4     nicstim"
3215.979515	1.0025040000000445	states													"      state_name
id              
7   reinit_cpoke"
3216.982019	0.0020060000001649314	states													"   state_name
id           
4     nicstim"
3216.984025	0.0004909999997835257	states													"       state_name
id               
5   stimon_nosein"
3216.984516	0.44451500000013766	states													"   state_name
id           
4     nicstim"
3217.429031	0.14899100000002363	states													"       state_name
id               
8   wait_for_cout"
3217.578022	0.0014929999997548293	states													"   state_name
id           
9       csgap"
3217.579515	0.2690010000001166	states													"        state_name
id                
16  wait_for_spoke"
3217.848516	0.0004989999997633277	states													"             state_name
id                     
18  soff_reward_chooser"
3217.849015	0.06400000000030559	states													"     state_name
id             
22  reward_soff"
3217.913015	0.7395050000000083	states													"         state_name
id                 
26  post_reward_off"
3218.65252	2.7324949999997443	states													"         state_name
id                 
27  soft_drink_time"
3221.385015	0.0005000000001018634	states													"    state_name
id            
28  warndanger"
3221.385515	3.0000159999999596	states													"            state_name
id                    
29  warndanger_warning"
3224.386032	9.011483000000226	trials	1.0	l	1.0	p	1.0	r	0.0	0.0	0.0	1.0	l	p	
3224.386032	9.011483000000226	states													"   state_name
id           
0     state_0"
3224.386032	0.01599000000032902	states													"          state_name
id                  
1   sending_trialnum"
3224.402022	0.0005089999999654538	states													"      state_name
id              
3   wait_for_cin"
3224.402531	0.0024839999996402184	states													"   state_name
id           
4     nicstim"
3224.405015	0.0005000000001018634	states													"       state_name
id               
5   stimon_nosein"
3224.405515	0.4665070000000924	states													"   state_name
id           
4     nicstim"
3224.872022	0.1895089999998163	states													"       state_name
id               
8   wait_for_cout"
3225.061531	0.0014840000003459863	states													"   state_name
id           
9       csgap"
3225.063015	0.36599999999998545	states													"        state_name
id                
16  wait_for_spoke"
3225.429015	0.0004999999996471161	states													"             state_name
id                     
18  soff_reward_chooser"
3225.429515	0.1275060000002668	states													"         state_name
id                 
19  reward_big_soff"
3225.557021	0.20600999999987835	states													"         state_name
id                 
26  post_reward_off"
3225.763031	4.633483999999953	states													"         state_name
id                 
27  soft_drink_time"
3230.396515	0.0005000000001018634	states													"    state_name
id            
28  warndanger"
3230.397015	3.000500000000102	states													"            state_name
id                    
29  warndanger_warning"
3233.398022	9.538993000000119	trials	1.0	l	1.0	p	1.0	r	1.0	0.0	0.0	1.0	l	p	
3233.398022	9.538993000000119	states													"   state_name
id           
0     state_0"
3233.398022	0.016000000000076398	states													"          state_name
id                  
1   sending_trialnum"
3233.414022	0.0004930000000058499	states													"      state_name
id              
3   wait_for_cin"
3233.414515	0.00201599999991231	states													"   state_name
id           
4     nicstim"
3233.416531	0.000495000000228174	states													"       state_name
id               
5   stimon_nosein"
3233.417026	0.5799889999998413	states													"   state_name
id           
4     nicstim"
3233.997015	1.0020159999999123	states													"      state_name
id              
7   reinit_cpoke"
3234.999031	0.002484000000094966	states													"   state_name
id           
4     nicstim"
3235.001515	0.000503000000207976	states													"       state_name
id               
5   stimon_nosein"
3235.002018	0.47600999999986016	states													"   state_name
id           
4     nicstim"
3235.478028	0.18300300000009884	states													"       state_name
id               
8   wait_for_cout"
3235.661031	0.0010019999999713036	states													"   state_name
id           
9       csgap"
3235.662033	0.39748199999985445	states													"        state_name
id                
16  wait_for_spoke"
3236.059515	0.0005019999998694402	states													"             state_name
id                     
18  soff_reward_chooser"
3236.060017	0.06400000000030559	states													"     state_name
id             
22  reward_soff"
3236.124017	0.610005000000001	states													"         state_name
id                 
26  post_reward_off"
3236.734022	3.2024929999997767	states													"         state_name
id                 
27  soft_drink_time"
3239.936515	0.0005000000001018634	states													"    state_name
id            
28  warndanger"
3239.937015	3.0	states													"            state_name
id                    
29  warndanger_warning"
3242.937515	9.603000000000065	trials	1.0	r	2.0	p	1.0	r	1.0	0.0	0.0	1.0	r	p	
3242.937515	9.603000000000065	states													"   state_name
id           
0     state_0"
3242.937515	0.016016000000036	states													"          state_name
id                  
1   sending_trialnum"
3242.953531	0.0005000000001018634	states													"      state_name
id              
3   wait_for_cin"
3242.954031	0.0024839999996402184	states													"   state_name
id           
4     nicstim"
3242.956515	0.0005000000001018634	states													"       state_name
id               
5   stimon_nosein"
3242.957015	0.5380000000000109	states													"   state_name
id           
4     nicstim"
3243.495015	1.0025160000000142	states													"      state_name
id              
7   reinit_cpoke"
3244.497531	0.002488999999968655	states													"   state_name
id           
4     nicstim"
3244.50002	0.000495000000228174	states													"       state_name
id               
5   stimon_nosein"
3244.500515	0.47951899999998204	states													"   state_name
id           
4     nicstim"
3244.980034	0.07598899999993591	states													"       state_name
id               
8   wait_for_cout"
3245.056023	0.001491999999871041	states													"   state_name
id           
9       csgap"
3245.057515	0.4630160000001524	states													"        state_name
id                
16  wait_for_spoke"
3245.520531	0.0004949999997734267	states													"             state_name
id                     
18  soff_reward_chooser"
3245.521026	0.0669940000002498	states													"     state_name
id             
22  reward_soff"
3245.58802	0.3414949999996679	states													"         state_name
id                 
26  post_reward_off"
3245.929515	3.610504000000219	states													"         state_name
id                 
27  soft_drink_time"
3249.540019	0.0004960000001119624	states													"    state_name
id            
28  warndanger"
3249.540515	3.0	states													"            state_name
id                    
29  warndanger_warning"
3252.541015	6.01250600000003	trials	0.0	l	1.0	p	1.0	r	0.0	0.0	0.0	0.0	l	p	
3252.541015	6.01250600000003	states													"   state_name
id           
0     state_0"
3252.541015	0.016000000000076398	states													"          state_name
id                  
1   sending_trialnum"
3252.557015	0.1190110000002278	states													"      state_name
id              
3   wait_for_cin"
3252.676026	0.002005999999710184	states													"   state_name
id           
4     nicstim"
3252.678032	0.0004830000002584711	states													"       state_name
id               
5   stimon_nosein"
3252.678515	0.4619999999999891	states													"   state_name
id           
4     nicstim"
3253.140515	0.06799999999975626	states													"       state_name
id               
8   wait_for_cout"
3253.208515	0.0015110000003915047	states													"   state_name
id           
9       csgap"
3253.210026	0.3424889999996594	states													"        state_name
id                
16  wait_for_spoke"
3253.552515	5.001005999999961	states													"     state_name
id             
31  error_state"
3258.554022	19.495998000000327	trials	1.0	r	2.0	p	1.0	r	3.0	0.0	0.0	1.0	r	p	
3258.554022	19.495998000000327	states													"   state_name
id           
0     state_0"
3258.554022	0.015995000000202708	states													"          state_name
id                  
1   sending_trialnum"
3258.570017	0.0004979999998795392	states													"      state_name
id              
3   wait_for_cin"
3258.570515	0.00201599999991231	states													"   state_name
id           
4     nicstim"
3258.572531	0.0004940000003443856	states													"       state_name
id               
5   stimon_nosein"
3258.573025	0.4829999999997199	states													"   state_name
id           
4     nicstim"
3259.056025	1.6764900000002854	states													"      state_name
id              
7   reinit_cpoke"
3260.732515	0.0019999999999527063	states													"   state_name
id           
4     nicstim"
3260.734515	0.0005000000001018634	states													"       state_name
id               
5   stimon_nosein"
3260.735015	0.42849999999998545	states													"   state_name
id           
4     nicstim"
3261.163515	1.5679999999997563	states													"      state_name
id              
7   reinit_cpoke"
3262.731515	0.00201599999991231	states													"   state_name
id           
4     nicstim"
3262.733531	0.0004910000002382731	states													"       state_name
id               
5   stimon_nosein"
3262.734022	0.5844969999998284	states													"   state_name
id           
4     nicstim"
3263.318519	5.296495999999934	states													"      state_name
id              
7   reinit_cpoke"
3268.615015	0.0019999999999527063	states													"   state_name
id           
4     nicstim"
3268.617015	0.0005160000000614673	states													"       state_name
id               
5   stimon_nosein"
3268.617531	0.4809840000002623	states													"   state_name
id           
4     nicstim"
3269.098515	0.1495070000000851	states													"       state_name
id               
8   wait_for_cout"
3269.248022	0.0014989999999670545	states													"   state_name
id           
9       csgap"
3269.249521	0.3014939999998205	states													"        state_name
id                
16  wait_for_spoke"
3269.551015	0.0005059999998593412	states													"             state_name
id                     
18  soff_reward_chooser"
3269.551521	0.0669940000002498	states													"     state_name
id             
22  reward_soff"
3269.618515	0.59150499999987	states													"         state_name
id                 
26  post_reward_off"
3270.21002	4.838995000000068	states													"         state_name
id                 
27  soft_drink_time"
3275.049015	0.0005059999998593412	states													"    state_name
id            
28  warndanger"
3275.049521	3.000499000000218	states													"            state_name
id                    
29  warndanger_warning"
3278.050515	13.519506999999976	trials	1.0	l	1.0	p	1.0	r	2.0	0.0	0.0	1.0	l	p	
3278.050515	13.519506999999976	states													"   state_name
id           
0     state_0"
3278.050515	0.016000000000076398	states													"          state_name
id                  
1   sending_trialnum"
3278.066515	0.07250000000021828	states													"      state_name
id              
3   wait_for_cin"
3278.139015	0.0019999999999527063	states													"   state_name
id           
4     nicstim"
3278.141015	0.0004999999996471161	states													"       state_name
id               
5   stimon_nosein"
3278.141515	0.5790160000001379	states													"   state_name
id           
4     nicstim"
3278.720531	1.002484000000095	states													"      state_name
id              
7   reinit_cpoke"
3279.723015	0.0019999999999527063	states													"   state_name
id           
4     nicstim"
3279.725015	0.0005000000001018634	states													"       state_name
id               
5   stimon_nosein"
3279.725515	0.5199999999999818	states													"   state_name
id           
4     nicstim"
3280.245515	1.0020159999999123	states													"      state_name
id              
7   reinit_cpoke"
3281.247531	0.002488999999968655	states													"   state_name
id           
4     nicstim"
3281.25002	0.000495000000228174	states													"       state_name
id               
5   stimon_nosein"
3281.250515	0.4704999999999018	states													"   state_name
id           
4     nicstim"
3281.721015	0.2465159999997013	states													"       state_name
id               
8   wait_for_cout"
3281.967531	0.0014840000003459863	states													"   state_name
id           
9       csgap"
3281.969015	0.4915000000000873	states													"        state_name
id                
16  wait_for_spoke"
3282.460515	0.0004999999996471161	states													"             state_name
id                     
18  soff_reward_chooser"
3282.461015	0.06400000000030559	states													"     state_name
id             
22  reward_soff"
3282.525015	0.7170059999998557	states													"         state_name
id                 
26  post_reward_off"
3283.242021	5.327002999999877	states													"         state_name
id                 
27  soft_drink_time"
3288.569024	0.0004910000002382731	states													"    state_name
id            
28  warndanger"
3288.569515	3.000506999999743	states													"            state_name
id                    
29  warndanger_warning"
3291.570523	10.283994000000348	trials	1.0	l	1.0	p	1.0	r	0.0	0.0	0.0	1.0	l	p	
3291.570523	10.283994000000348	states													"   state_name
id           
0     state_0"
3291.570523	0.015992000000096596	states													"          state_name
id                  
1   sending_trialnum"
3291.586515	0.0005000000001018634	states													"      state_name
id              
3   wait_for_cin"
3291.587015	0.0025160000000141736	states													"   state_name
id           
4     nicstim"
3291.589531	0.0004909999997835257	states													"       state_name
id               
5   stimon_nosein"
3291.590022	0.4839990000000398	states													"   state_name
id           
4     nicstim"
3292.074021	0.061494000000038795	states													"       state_name
id               
8   wait_for_cout"
3292.135515	0.0010000000002037268	states													"   state_name
id           
9       csgap"
3292.136515	1.143999999999778	states													"        state_name
id                
16  wait_for_spoke"
3293.280515	0.0005000000001018634	states													"             state_name
id                     
18  soff_reward_chooser"
3293.281015	0.12750300000016068	states													"         state_name
id                 
19  reward_big_soff"
3293.408518	0.27899699999989025	states													"         state_name
id                 
26  post_reward_off"
3293.687515	5.166507999999794	states													"         state_name
id                 
27  soft_drink_time"
3298.854023	0.0004920000001220615	states													"    state_name
id            
28  warndanger"
3298.854515	3.0000020000002223	states													"            state_name
id                    
29  warndanger_warning"
3301.855015	10.923009999999977	trials	1.0	l	1.0	p	1.0	r	0.0	0.0	0.0	1.0	l	p	
3301.855015	10.923009999999977	states													"   state_name
id           
0     state_0"
3301.855015	0.016000000000076398	states													"          state_name
id                  
1   sending_trialnum"
3301.871015	0.034016999999948894	states													"      state_name
id              
3   wait_for_cin"
3301.905032	0.00248299999975643	states													"   state_name
id           
4     nicstim"
3301.907515	0.0005049999999755528	states													"       state_name
id               
5   stimon_nosein"
3301.90802	0.4629960000002029	states													"   state_name
id           
4     nicstim"
3302.371016	0.16300400000000081	states													"       state_name
id               
8   wait_for_cout"
3302.53402	0.0015009999997346313	states													"   state_name
id           
9       csgap"
3302.535521	0.24499400000013338	states													"        state_name
id                
16  wait_for_spoke"
3302.780515	0.0005000000001018634	states													"             state_name
id                     
18  soff_reward_chooser"
3302.781015	0.12750000000005457	states													"         state_name
id                 
19  reward_big_soff"
3302.908515	0.3704999999999927	states													"         state_name
id                 
26  post_reward_off"
3303.279015	6.498011000000133	states													"         state_name
id                 
27  soft_drink_time"
3309.777026	0.0004890000000159489	states													"    state_name
id            
28  warndanger"
3309.777515	3.0005099999998492	states													"            state_name
id                    
29  warndanger_warning"
3312.778521	16.069009999999707	trials	1.0	r	2.0	p	1.0	r	3.0	0.0	0.0	1.0	r	p	
3312.778521	16.069009999999707	states													"   state_name
id           
0     state_0"
3312.778521	0.01599999999962165	states													"          state_name
id                  
1   sending_trialnum"
3312.794521	0.23149700000021767	states													"      state_name
id              
3   wait_for_cin"
3313.026018	0.0020020000001750304	states													"   state_name
id           
4     nicstim"
3313.02802	0.0004949999997734267	states													"       state_name
id               
5   stimon_nosein"
3313.028515	0.20600000000013097	states													"   state_name
id           
4     nicstim"
3313.234515	1.77599999999984	states													"      state_name
id              
7   reinit_cpoke"
3315.010515	0.0019999999999527063	states													"   state_name
id           
4     nicstim"
3315.012515	0.0005000000001018634	states													"       state_name
id               
5   stimon_nosein"
3315.013015	0.4715000000001055	states													"   state_name
id           
4     nicstim"
3315.484515	1.295509999999922	states													"      state_name
id              
7   reinit_cpoke"
3316.780025	0.0024899999998524436	states													"   state_name
id           
4     nicstim"
3316.782515	0.0005000000001018634	states													"       state_name
id               
5   stimon_nosein"
3316.783015	0.5399999999999636	states													"   state_name
id           
4     nicstim"
3317.323015	1.6880000000001019	states													"      state_name
id              
7   reinit_cpoke"
3319.011015	0.0020060000001649314	states													"   state_name
id           
4     nicstim"
3319.013021	0.0005099999998492422	states													"       state_name
id               
5   stimon_nosein"
3319.013531	0.4489840000001095	states													"   state_name
id           
4     nicstim"
3319.462515	0.25999999999976353	states													"       state_name
id               
8   wait_for_cout"
3319.722515	0.0015120000002752931	states													"   state_name
id           
9       csgap"
3319.724027	0.49298799999996845	states													"        state_name
id                
16  wait_for_spoke"
3320.217015	0.0004999999996471161	states													"             state_name
id                     
18  soff_reward_chooser"
3320.217515	0.06700000000000728	states													"     state_name
id             
22  reward_soff"
3320.284515	0.37650600000006307	states													"         state_name
id                 
26  post_reward_off"
3320.661021	5.185496000000057	states													"         state_name
id                 
27  soft_drink_time"
3325.846517	0.0004979999998795392	states													"    state_name
id            
28  warndanger"
3325.847015	3.0005160000000615	states													"            state_name
id                    
29  warndanger_warning"
3328.848023	19.0789920000002	trials	1.0	r	2.0	p	1.0	r	4.0	0.0	0.0	1.0	r	p	
3328.848023	19.0789920000002	states													"   state_name
id           
0     state_0"
3328.848023	0.016000999999960186	states													"          state_name
id                  
1   sending_trialnum"
3328.864024	0.0004930000000058499	states													"      state_name
id              
3   wait_for_cin"
3328.864517	0.0024979999998322455	states													"   state_name
id           
4     nicstim"
3328.867015	0.0005000000001018634	states													"       state_name
id               
5   stimon_nosein"
3328.867515	0.5985120000000279	states													"   state_name
id           
4     nicstim"
3329.466027	5.559998000000178	states													"      state_name
id              
7   reinit_cpoke"
3335.026025	0.0025059999998120475	states													"   state_name
id           
4     nicstim"
3335.028531	0.00048500000002604793	states													"       state_name
id               
5   stimon_nosein"
3335.029016	0.43249900000000707	states													"   state_name
id           
4     nicstim"
3335.461515	1.0025070000001506	states													"      state_name
id              
7   reinit_cpoke"
3336.464022	0.002003000000058819	states													"   state_name
id           
4     nicstim"
3336.466025	0.0004899999998997373	states													"       state_name
id               
5   stimon_nosein"
3336.466515	0.4935159999999996	states													"   state_name
id           
4     nicstim"
3336.960031	1.3134839999997894	states													"      state_name
id              
7   reinit_cpoke"
3338.273515	0.0019999999999527063	states													"   state_name
id           
4     nicstim"
3338.275515	0.0005020000003241876	states													"       state_name
id               
5   stimon_nosein"
3338.276017	0.5760019999997894	states													"   state_name
id           
4     nicstim"
3338.852019	1.1240029999999024	states													"      state_name
id              
7   reinit_cpoke"
3339.976022	0.002492999999958556	states													"   state_name
id           
4     nicstim"
3339.978515	0.0005000000001018634	states													"       state_name
id               
5   stimon_nosein"
3339.979015	0.45300700000007055	states													"   state_name
id           
4     nicstim"
3340.432022	0.41899300000022777	states													"       state_name
id               
8   wait_for_cout"
3340.851015	0.001006999999844993	states													"   state_name
id           
9       csgap"
3340.852022	0.34149299999990035	states													"        state_name
id                
16  wait_for_spoke"
3341.193515	0.0005080000000816653	states													"             state_name
id                     
18  soff_reward_chooser"
3341.194023	0.06699200000002747	states													"     state_name
id             
22  reward_soff"
3341.261015	0.441508999999769	states													"         state_name
id                 
26  post_reward_off"
3341.702524	3.223497000000407	states													"         state_name
id                 
27  soft_drink_time"
3344.926021	0.0004939999998896383	states													"    state_name
id            
28  warndanger"
3344.926515	3.000500000000102	states													"            state_name
id                    
29  warndanger_warning"
3347.927515	11.057500000000346	trials	1.0	r	2.0	p	1.0	r	0.0	0.0	0.0	1.0	r	p	
3347.927515	11.057500000000346	states													"   state_name
id           
0     state_0"
3347.927515	0.016000000000076398	states													"          state_name
id                  
1   sending_trialnum"
3347.943515	0.0005040000000917644	states													"      state_name
id              
3   wait_for_cin"
3347.944019	0.0020049999998263957	states													"   state_name
id           
4     nicstim"
3347.946024	0.0004910000002382731	states													"       state_name
id               
5   stimon_nosein"
3347.946515	0.45600599999988845	states													"   state_name
id           
4     nicstim"
3348.402521	0.08100999999987835	states													"       state_name
id               
8   wait_for_cout"
3348.483531	0.0014840000003459863	states													"   state_name
id           
9       csgap"
3348.485015	0.7300000000000182	states													"        state_name
id                
16  wait_for_spoke"
3349.215015	0.0004999999996471161	states													"             state_name
id                     
18  soff_reward_chooser"
3349.215515	0.13400000000001455	states													"         state_name
id                 
19  reward_big_soff"
3349.349515	0.6040060000000267	states													"         state_name
id                 
26  post_reward_off"
3349.953521	6.030501000000186	states													"         state_name
id                 
27  soft_drink_time"
3355.984022	0.0005089999999654538	states													"    state_name
id            
28  warndanger"
3355.984531	3.0004840000001423	states													"            state_name
id                    
29  warndanger_warning"
3358.985515	12.425000000000182	trials	1.0	r	2.0	p	1.0	r	0.0	0.0	0.0	1.0	r	p	
3358.985515	12.425000000000182	states													"   state_name
id           
0     state_0"
3358.985515	0.016000000000076398	states													"          state_name
id                  
1   sending_trialnum"
3359.001515	0.000503000000207976	states													"      state_name
id              
3   wait_for_cin"
3359.002018	0.002001999999720283	states													"   state_name
id           
4     nicstim"
3359.00402	0.000495000000228174	states													"       state_name
id               
5   stimon_nosein"
3359.004515	0.4829999999997199	states													"   state_name
id           
4     nicstim"
3359.487515	0.011001000000305794	states													"       state_name
id               
8   wait_for_cout"
3359.498516	0.0015089999997144332	states													"   state_name
id           
9       csgap"
3359.500025	0.5900000000001455	states													"        state_name
id                
16  wait_for_spoke"
3360.090025	0.0004910000002382731	states													"             state_name
id                     
18  soff_reward_chooser"
3360.090516	0.13399899999967602	states													"         state_name
id                 
19  reward_big_soff"
3360.224515	0.4590000000002874	states													"         state_name
id                 
26  post_reward_off"
3360.683515	7.725999999999658	states													"         state_name
id                 
27  soft_drink_time"
3368.409515	0.0005070000001978769	states													"    state_name
id            
28  warndanger"
3368.410022	3.000493000000006	states													"            state_name
id                    
29  warndanger_warning"
3371.411015	9.905999999999949	trials	1.0	l	1.0	p	1.0	r	0.0	0.0	0.0	1.0	l	p	
3371.411015	9.905999999999949	states													"   state_name
id           
0     state_0"
3371.411015	0.016000000000076398	states													"          state_name
id                  
1   sending_trialnum"
3371.427015	0.24951599999985774	states													"      state_name
id              
3   wait_for_cin"
3371.676531	0.002484000000094966	states													"   state_name
id           
4     nicstim"
3371.679015	0.0004999999996471161	states													"       state_name
id               
5   stimon_nosein"
3371.679515	0.48250400000006266	states													"   state_name
id           
4     nicstim"
3372.162019	0.019512000000304397	states													"       state_name
id               
8   wait_for_cout"
3372.181531	0.001483999999891239	states													"   state_name
id           
9       csgap"
3372.183015	0.4210050000001502	states													"        state_name
id                
16  wait_for_spoke"
3372.60402	0.0004949999997734267	states													"             state_name
id                     
18  soff_reward_chooser"
3372.604515	0.12750499999992826	states													"         state_name
id                 
19  reward_big_soff"
3372.73202	0.27101100000027145	states													"         state_name
id                 
26  post_reward_off"
3373.003031	5.3129909999997835	states													"         state_name
id                 
27  soft_drink_time"
3378.316022	0.000499000000218075	states													"    state_name
id            
28  warndanger"
3378.316521	3.0004939999998896	states													"            state_name
id                    
29  warndanger_warning"
3381.317515	11.81899999999996	trials	1.0	r	2.0	p	1.0	r	0.0	0.0	0.0	1.0	r	p	
3381.317515	11.81899999999996	states													"   state_name
id           
0     state_0"
3381.317515	0.01599999999962165	states													"          state_name
id                  
1   sending_trialnum"
3381.333515	0.000503000000207976	states													"      state_name
id              
3   wait_for_cin"
3381.334018	0.0020060000001649314	states													"   state_name
id           
4     nicstim"
3381.336024	0.0004919999996673141	states													"       state_name
id               
5   stimon_nosein"
3381.336516	0.4740150000002359	states													"   state_name
id           
4     nicstim"
3381.810531	0.10598399999980757	states													"       state_name
id               
8   wait_for_cout"
3381.916515	0.0010160000001633307	states													"   state_name
id           
9       csgap"
3381.917531	0.6794839999997748	states													"        state_name
id                
16  wait_for_spoke"
3382.597015	0.0005060000003140885	states													"             state_name
id                     
18  soff_reward_chooser"
3382.597521	0.13399399999980233	states													"         state_name
id                 
19  reward_big_soff"
3382.731515	1.6675100000002203	states													"         state_name
id                 
26  post_reward_off"
3384.399025	5.736995999999635	states													"         state_name
id                 
27  soft_drink_time"
3390.136021	0.0004940000003443856	states													"    state_name
id            
28  warndanger"
3390.136515	3.0	states													"            state_name
id                    
29  warndanger_warning"
3393.137015	23.674000000000433	trials	0.0	r	2.0	p	1.0	r	8.0	0.0	0.0	0.0	r	p	
3393.137015	23.674000000000433	states													"   state_name
id           
0     state_0"
3393.137015	0.016000000000076398	states													"          state_name
id                  
1   sending_trialnum"
3393.153015	1.00649999999996	states													"      state_name
id              
3   wait_for_cin"
3394.159515	0.0020160000003670575	states													"   state_name
id           
4     nicstim"
3394.161531	0.0005009999999856518	states													"       state_name
id               
5   stimon_nosein"
3394.162032	0.5509829999996327	states													"   state_name
id           
4     nicstim"
3394.713015	1.8414999999999964	states													"      state_name
id              
7   reinit_cpoke"
3396.554515	0.0020000000004074536	states													"   state_name
id           
4     nicstim"
3396.556515	0.0004999999996471161	states													"       state_name
id               
5   stimon_nosein"
3396.557015	0.4145000000003165	states													"   state_name
id           
4     nicstim"
3396.971515	1.0019999999999527	states													"      state_name
id              
7   reinit_cpoke"
3397.973515	0.002512999999908061	states													"   state_name
id           
4     nicstim"
3397.976028	0.0004920000001220615	states													"       state_name
id               
5   stimon_nosein"
3397.97652	0.20750699999962308	states													"   state_name
id           
4     nicstim"
3398.184027	1.0024890000004234	states													"      state_name
id              
7   reinit_cpoke"
3399.186516	0.002498999999716034	states													"   state_name
id           
4     nicstim"
3399.189015	0.0005160000000614673	states													"       state_name
id               
5   stimon_nosein"
3399.189531	0.33298400000012407	states													"   state_name
id           
4     nicstim"
3399.522515	1.0025000000000546	states													"      state_name
id              
7   reinit_cpoke"
3400.525015	0.0019999999999527063	states													"   state_name
id           
4     nicstim"
3400.527015	0.0005000000001018634	states													"       state_name
id               
5   stimon_nosein"
3400.527515	0.17851599999994505	states													"   state_name
id           
4     nicstim"
3400.706031	1.0024869999997463	states													"      state_name
id              
7   reinit_cpoke"
3401.708518	0.002496999999948457	states													"   state_name
id           
4     nicstim"
3401.711015	0.0005000000001018634	states													"       state_name
id               
5   stimon_nosein"
3401.711515	0.4980000000000473	states													"   state_name
id           
4     nicstim"
3402.209515	2.3674999999998363	states													"      state_name
id              
7   reinit_cpoke"
3404.577015	0.0025000000000545697	states													"   state_name
id           
4     nicstim"
3404.579515	0.0005080000000816653	states													"       state_name
id               
5   stimon_nosein"
3404.580023	0.43049199999995835	states													"   state_name
id           
4     nicstim"
3405.010515	1.53650000000016	states													"      state_name
id              
7   reinit_cpoke"
3406.547015	0.0025000000000545697	states													"   state_name
id           
4     nicstim"
3406.549515	0.0005089999999654538	states													"       state_name
id               
5   stimon_nosein"
3406.550024	0.5154909999996562	states													"   state_name
id           
4     nicstim"
3407.065515	3.9205070000002706	states													"      state_name
id              
7   reinit_cpoke"
3410.986022	0.0019999999999527063	states													"   state_name
id           
4     nicstim"
3410.988022	0.0005089999999654538	states													"       state_name
id               
5   stimon_nosein"
3410.988531	0.46098399999982576	states													"   state_name
id           
4     nicstim"
3411.449515	0.10050200000023324	states													"       state_name
id               
8   wait_for_cout"
3411.550017	0.001498000000083266	states													"   state_name
id           
9       csgap"
3411.551515	0.2585100000001148	states													"        state_name
id                
16  wait_for_spoke"
3411.810025	5.000990000000002	states													"     state_name
id             
31  error_state"
3416.811515	11.490505000000212	trials	1.0	r	2.0	p	1.0	r	0.0	0.0	0.0	1.0	r	p	
3416.811515	11.490505000000212	states													"   state_name
id           
0     state_0"
3416.811515	0.016000000000076398	states													"          state_name
id                  
1   sending_trialnum"
3416.827515	0.0005070000001978769	states													"      state_name
id              
3   wait_for_cin"
3416.828022	0.0020039999999426072	states													"   state_name
id           
4     nicstim"
3416.830026	0.0004890000000159489	states													"       state_name
id               
5   stimon_nosein"
3416.830515	0.4704999999999018	states													"   state_name
id           
4     nicstim"
3417.301015	0.0015159999998104468	states													"       state_name
id               
8   wait_for_cout"
3417.302531	0.0014909999999872525	states													"   state_name
id           
9       csgap"
3417.304022	0.316993000000366	states													"        state_name
id                
16  wait_for_spoke"
3417.621015	0.0004999999996471161	states													"             state_name
id                     
18  soff_reward_chooser"
3417.621515	0.13400000000001455	states													"         state_name
id                 
19  reward_big_soff"
3417.755515	0.09650700000020151	states													"         state_name
id                 
26  post_reward_off"
3417.852022	7.449493000000075	states													"         state_name
id                 
27  soft_drink_time"
3425.301515	0.0005019999998694402	states													"    state_name
id            
28  warndanger"
3425.302017	3.000003000000106	states													"            state_name
id                    
29  warndanger_warning"
3428.302515	15.023016000000098	trials	1.0	r	2.0	p	1.0	r	5.0	0.0	0.0	1.0	r	p	
3428.302515	15.023016000000098	states													"   state_name
id           
0     state_0"
3428.302515	0.016000000000076398	states													"          state_name
id                  
1   sending_trialnum"
3428.318515	0.15099999999983993	states													"      state_name
id              
3   wait_for_cin"
3428.469515	0.0020000000004074536	states													"   state_name
id           
4     nicstim"
3428.471515	0.0005059999998593412	states													"       state_name
id               
5   stimon_nosein"
3428.472021	0.5704940000000533	states													"   state_name
id           
4     nicstim"
3429.042515	1.0484999999998763	states													"      state_name
id              
7   reinit_cpoke"
3430.091015	0.0020009999998364947	states													"   state_name
id           
4     nicstim"
3430.093016	0.000499000000218075	states													"       state_name
id               
5   stimon_nosein"
3430.093515	0.5805179999997563	states													"   state_name
id           
4     nicstim"
3430.674033	1.0019890000003215	states													"      state_name
id              
7   reinit_cpoke"
3431.676022	0.002492999999958556	states													"   state_name
id           
4     nicstim"
3431.678515	0.0005000000001018634	states													"       state_name
id               
5   stimon_nosein"
3431.679015	0.5399999999999636	states													"   state_name
id           
4     nicstim"
3432.219015	1.0025160000000142	states													"      state_name
id              
7   reinit_cpoke"
3433.221531	0.002490999999736232	states													"   state_name
id           
4     nicstim"
3433.224022	0.0005089999999654538	states													"       state_name
id               
5   stimon_nosein"
3433.224531	0.16900000000032378	states													"   state_name
id           
4     nicstim"
3433.393531	1.001983999999993	states													"      state_name
id              
7   reinit_cpoke"
3434.395515	0.0025120000000242726	states													"   state_name
id           
4     nicstim"
3434.398027	0.0004939999998896383	states													"       state_name
id               
5   stimon_nosein"
3434.398521	0.5279940000000352	states													"   state_name
id           
4     nicstim"
3434.926515	1.0020059999997102	states													"      state_name
id              
7   reinit_cpoke"
3435.928521	0.002494000000297092	states													"   state_name
id           
4     nicstim"
3435.931015	0.0005000000001018634	states													"       state_name
id               
5   stimon_nosein"
3435.931515	0.4614999999998872	states													"   state_name
id           
4     nicstim"
3436.393015	0.047999999999774445	states													"       state_name
id               
8   wait_for_cout"
3436.441015	0.0010050000000774162	states													"   state_name
id           
9       csgap"
3436.44202	0.3314949999999044	states													"        state_name
id                
16  wait_for_spoke"
3436.773515	0.0005100000003039895	states													"             state_name
id                     
18  soff_reward_chooser"
3436.774025	0.06700000000000728	states													"     state_name
id             
22  reward_soff"
3436.841025	0.6954899999996087	states													"         state_name
id                 
26  post_reward_off"
3437.536515	2.788507000000209	states													"         state_name
id                 
27  soft_drink_time"
3440.325022	0.0004930000000058499	states													"    state_name
id            
28  warndanger"
3440.325515	3.0000159999999596	states													"            state_name
id                    
29  warndanger_warning"
3443.326022	10.814992999999959	trials	1.0	l	1.0	p	1.0	r	2.0	0.0	0.0	1.0	l	p	
3443.326022	10.814992999999959	states													"   state_name
id           
0     state_0"
3443.326022	0.016006999999717664	states													"          state_name
id                  
1   sending_trialnum"
3443.342029	0.16498600000022634	states													"      state_name
id              
3   wait_for_cin"
3443.507015	0.0019999999999527063	states													"   state_name
id           
4     nicstim"
3443.509015	0.0005000000001018634	states													"       state_name
id               
5   stimon_nosein"
3443.509515	0.42851399999972273	states													"   state_name
id           
4     nicstim"
3443.938029	1.0474859999999353	states													"      state_name
id              
7   reinit_cpoke"
3444.985515	0.0019999999999527063	states													"   state_name
id           
4     nicstim"
3444.987515	0.0005070000001978769	states													"       state_name
id               
5   stimon_nosein"
3444.988022	0.5644929999998567	states													"   state_name
id           
4     nicstim"
3445.552515	1.0025000000000546	states													"      state_name
id              
7   reinit_cpoke"
3446.555015	0.0025160000000141736	states													"   state_name
id           
4     nicstim"
3446.557531	0.0004910000002382731	states													"       state_name
id               
5   stimon_nosein"
3446.558022	0.47999799999979587	states													"   state_name
id           
4     nicstim"
3447.03802	0.08099500000025728	states													"       state_name
id               
8   wait_for_cout"
3447.119015	0.0010019999999713036	states													"   state_name
id           
9       csgap"
3447.120017	0.2489980000000287	states													"        state_name
id                
16  wait_for_spoke"
3447.369015	0.0004999999996471161	states													"             state_name
id                     
18  soff_reward_chooser"
3447.369515	0.06400000000030559	states													"     state_name
id             
22  reward_soff"
3447.433515	0.3135059999999612	states													"         state_name
id                 
26  post_reward_off"
3447.747021	3.393000999999913	states													"         state_name
id                 
27  soft_drink_time"
3451.140022	0.0004949999997734267	states													"    state_name
id            
28  warndanger"
3451.140517	3.0004980000003343	states													"            state_name
id                    
29  warndanger_warning"
3454.141515	14.34550100000024	trials	1.0	r	2.0	p	1.0	r	1.0	0.0	0.0	1.0	r	p	
3454.141515	14.34550100000024	states													"   state_name
id           
0     state_0"
3454.141515	0.016000000000076398	states													"          state_name
id                  
1   sending_trialnum"
3454.157515	1.9670000000000982	states													"      state_name
id              
3   wait_for_cin"
3456.124515	0.0019999999999527063	states													"   state_name
id           
4     nicstim"
3456.126515	0.0005000000001018634	states													"       state_name
id               
5   stimon_nosein"
3456.127015	0.5540000000000873	states													"   state_name
id           
4     nicstim"
3456.681015	1.0025000000000546	states													"      state_name
id              
7   reinit_cpoke"
3457.683515	0.002005999999710184	states													"   state_name
id           
4     nicstim"
3457.685521	0.0005009999999856518	states													"       state_name
id               
5   stimon_nosein"
3457.686022	0.47849300000007133	states													"   state_name
id           
4     nicstim"
3458.164515	0.1230000000000473	states													"       state_name
id               
8   wait_for_cout"
3458.287515	0.0010000000002037268	states													"   state_name
id           
9       csgap"
3458.288515	0.5889999999999418	states													"        state_name
id                
16  wait_for_spoke"
3458.877515	0.0005029999997532286	states													"             state_name
id                     
18  soff_reward_chooser"
3458.878018	0.06699699999990116	states													"     state_name
id             
22  reward_soff"
3458.945015	0.18400000000019645	states													"         state_name
id                 
26  post_reward_off"
3459.129015	6.357500000000073	states													"         state_name
id                 
27  soft_drink_time"
3465.486515	0.0005000000001018634	states													"    state_name
id            
28  warndanger"
3465.487015	3.000000999999884	states													"            state_name
id                    
29  warndanger_warning"
3468.487531	13.96849099999963	trials	1.0	r	2.0	p	1.0	r	0.0	0.0	0.0	1.0	r	p	
3468.487531	13.96849099999963	states													"   state_name
id           
0     state_0"
3468.487531	0.01598999999987427	states													"          state_name
id                  
1   sending_trialnum"
3468.503521	0.13650000000006912	states													"      state_name
id              
3   wait_for_cin"
3468.640021	0.002001999999720283	states													"   state_name
id           
4     nicstim"
3468.642023	0.0004920000001220615	states													"       state_name
id               
5   stimon_nosein"
3468.642515	0.4585010000000693	states													"   state_name
id           
4     nicstim"
3469.101016	0.053003999999873486	states													"       state_name
id               
8   wait_for_cout"
3469.15402	0.0014949999999771535	states													"   state_name
id           
9       csgap"
3469.155515	0.4290000000000873	states													"        state_name
id                
16  wait_for_spoke"
3469.584515	0.0005000000001018634	states													"             state_name
id                     
18  soff_reward_chooser"
3469.585015	0.13400000000001455	states													"         state_name
id                 
19  reward_big_soff"
3469.719015	0.322016000000076	states													"         state_name
id                 
26  post_reward_off"
3470.041031	9.4139839999998	states													"         state_name
id                 
27  soft_drink_time"
3479.455015	0.0005000000001018634	states													"    state_name
id            
28  warndanger"
3479.455515	3.000506999999743	states													"            state_name
id                    
29  warndanger_warning"
3482.456516	9.355998999999883	trials	1.0	l	1.0	p	1.0	r	0.0	0.0	0.0	1.0	l	p	
3482.456516	9.355998999999883	states													"   state_name
id           
0     state_0"
3482.456516	0.015998999999737862	states													"          state_name
id                  
1   sending_trialnum"
3482.472515	0.4415070000000014	states													"      state_name
id              
3   wait_for_cin"
3482.914022	0.002492999999958556	states													"   state_name
id           
4     nicstim"
3482.916515	0.0005000000001018634	states													"       state_name
id               
5   stimon_nosein"
3482.917015	0.45200000000022555	states													"   state_name
id           
4     nicstim"
3483.369015	0.09300199999961478	states													"       state_name
id               
8   wait_for_cout"
3483.462017	0.001498000000083266	states													"   state_name
id           
9       csgap"
3483.463515	0.4175000000000182	states													"        state_name
id                
16  wait_for_spoke"
3483.881015	0.0005000000001018634	states													"             state_name
id                     
18  soff_reward_chooser"
3483.881515	0.12750599999981205	states													"         state_name
id                 
19  reward_big_soff"
3484.009021	0.1249960000000101	states													"         state_name
id                 
26  post_reward_off"
3484.134017	4.678005000000212	states													"         state_name
id                 
27  soft_drink_time"
3488.812022	0.0004930000000058499	states													"    state_name
id            
28  warndanger"
3488.812515	3.0	states													"            state_name
id                    
29  warndanger_warning"
3491.813015	13.6899999999996	trials	1.0	r	2.0	p	1.0	r	2.0	0.0	0.0	1.0	r	p	
3491.813015	13.6899999999996	states													"   state_name
id           
0     state_0"
3491.813015	0.016016000000036	states													"          state_name
id                  
1   sending_trialnum"
3491.829031	0.0004999999996471161	states													"      state_name
id              
3   wait_for_cin"
3491.829531	0.0024870000002010784	states													"   state_name
id           
4     nicstim"
3491.832018	0.0004969999999957508	states													"       state_name
id               
5   stimon_nosein"
3491.832515	0.17499999999972715	states													"   state_name
id           
4     nicstim"
3492.007515	1.0090000000000146	states													"      state_name
id              
7   reinit_cpoke"
3493.016515	0.0020000000004074536	states													"   state_name
id           
4     nicstim"
3493.018515	0.0004999999996471161	states													"       state_name
id               
5   stimon_nosein"
3493.019015	0.47250000000030923	states													"   state_name
id           
4     nicstim"
3493.491515	1.002509999999802	states													"      state_name
id              
7   reinit_cpoke"
3494.494025	0.0024920000000747677	states													"   state_name
id           
4     nicstim"
3494.496517	0.0004979999998795392	states													"       state_name
id               
5   stimon_nosein"
3494.497015	0.4819999999999709	states													"   state_name
id           
4     nicstim"
3494.979015	0.6480000000001382	states													"       state_name
id               
8   wait_for_cout"
3495.627015	0.0010040000001936278	states													"   state_name
id           
9       csgap"
3495.628019	0.5164959999997336	states													"        state_name
id                
16  wait_for_spoke"
3496.144515	0.0005000000001018634	states													"             state_name
id                     
18  soff_reward_chooser"
3496.145015	0.06700700000010329	states													"     state_name
id             
22  reward_soff"
3496.212022	0.05600000000004002	states													"         state_name
id                 
26  post_reward_off"
3496.268022	6.2344929999999295	states													"         state_name
id                 
27  soft_drink_time"
3502.502515	0.0004999999996471161	states													"    state_name
id            
28  warndanger"
3502.503015	3.0	states													"            state_name
id                    
29  warndanger_warning"
3505.503515	11.747499999999945	trials	1.0	r	2.0	p	1.0	r	0.0	0.0	0.0	1.0	r	p	
3505.503515	11.747499999999945	states													"   state_name
id           
0     state_0"
3505.503515	0.016000000000076398	states													"          state_name
id                  
1   sending_trialnum"
3505.519515	0.0005040000000917644	states													"      state_name
id              
3   wait_for_cin"
3505.520019	0.002019999999902211	states													"   state_name
id           
4     nicstim"
3505.522039	0.0004760000001624576	states													"       state_name
id               
5   stimon_nosein"
3505.522515	0.4584999999997308	states													"   state_name
id           
4     nicstim"
3505.981015	0.18800000000010186	states													"       state_name
id               
8   wait_for_cout"
3506.169015	0.0010090000000673172	states													"   state_name
id           
9       csgap"
3506.170024	0.523497000000134	states													"        state_name
id                
16  wait_for_spoke"
3506.693521	0.0004979999998795392	states													"             state_name
id                     
18  soff_reward_chooser"
3506.694019	0.13400599999977203	states													"         state_name
id                 
19  reward_big_soff"
3506.828025	0.4629910000003292	states													"         state_name
id                 
26  post_reward_off"
3507.291016	6.959499000000051	states													"         state_name
id                 
27  soft_drink_time"
3514.250515	0.0004999999996471161	states													"    state_name
id            
28  warndanger"
3514.251015	3.0	states													"            state_name
id                    
29  warndanger_warning"
3517.251515	16.421000000000276	trials	1.0	r	2.0	p	1.0	r	3.0	0.0	0.0	1.0	r	p	
3517.251515	16.421000000000276	states													"   state_name
id           
0     state_0"
3517.251515	0.016000000000076398	states													"          state_name
id                  
1   sending_trialnum"
3517.267515	0.0005019999998694402	states													"      state_name
id              
3   wait_for_cin"
3517.268017	0.0020079999999325082	states													"   state_name
id           
4     nicstim"
3517.270025	0.0004900000003544847	states													"       state_name
id               
5   stimon_nosein"
3517.270515	0.5979999999999563	states													"   state_name
id           
4     nicstim"
3517.868515	1.539502000000084	states													"      state_name
id              
7   reinit_cpoke"
3519.408017	0.0019999999999527063	states													"   state_name
id           
4     nicstim"
3519.410017	0.0004979999998795392	states													"       state_name
id               
5   stimon_nosein"
3519.410515	0.5244999999999891	states													"   state_name
id           
4     nicstim"
3519.935015	1.0025000000000546	states													"      state_name
id              
7   reinit_cpoke"
3520.937515	0.002005999999710184	states													"   state_name
id           
4     nicstim"
3520.939521	0.0005010000004403992	states													"       state_name
id               
5   stimon_nosein"
3520.940022	0.5889929999998458	states													"   state_name
id           
4     nicstim"
3521.529015	1.3490069999998013	states													"      state_name
id              
7   reinit_cpoke"
3522.878022	0.0020020000001750304	states													"   state_name
id           
4     nicstim"
3522.880024	0.0004909999997835257	states													"       state_name
id               
5   stimon_nosein"
3522.880515	0.4770000000003165	states													"   state_name
id           
4     nicstim"
3523.357515	0.03699999999980719	states													"       state_name
id               
8   wait_for_cout"
3523.394515	0.0010059999999612046	states													"   state_name
id           
9       csgap"
3523.395521	0.25050199999986944	states													"        state_name
id                
16  wait_for_spoke"
3523.646023	0.0004980000003342866	states													"             state_name
id                     
18  soff_reward_chooser"
3523.646521	0.06699399999979505	states													"     state_name
id             
22  reward_soff"
3523.713515	0.3085089999999582	states													"         state_name
id                 
26  post_reward_off"
3524.022024	6.6494910000001255	states													"         state_name
id                 
27  soft_drink_time"
3530.671515	0.0005070000001978769	states													"    state_name
id            
28  warndanger"
3530.672022	3.000493000000006	states													"            state_name
id                    
29  warndanger_warning"
3533.673015	9.126000000000204	trials	1.0	l	1.0	p	1.0	r	0.0	0.0	0.0	1.0	l	p	
3533.673015	9.126000000000204	states													"   state_name
id           
0     state_0"
3533.673015	0.016000000000076398	states													"          state_name
id                  
1   sending_trialnum"
3533.689015	0.0005000000001018634	states													"      state_name
id              
3   wait_for_cin"
3533.689515	0.0020060000001649314	states													"   state_name
id           
4     nicstim"
3533.691521	0.0005009999999856518	states													"       state_name
id               
5   stimon_nosein"
3533.692022	0.46850899999981266	states													"   state_name
id           
4     nicstim"
3534.160531	0.08498400000007678	states													"       state_name
id               
8   wait_for_cout"
3534.245515	0.0009999999997489795	states													"   state_name
id           
9       csgap"
3534.246515	0.5410060000003796	states													"        state_name
id                
16  wait_for_spoke"
3534.787521	0.0004969999999957508	states													"             state_name
id                     
18  soff_reward_chooser"
3534.788018	0.12749699999994846	states													"         state_name
id                 
19  reward_big_soff"
3534.915515	0.2710159999996904	states													"         state_name
id                 
26  post_reward_off"
3535.186531	4.611505000000307	states													"         state_name
id                 
27  soft_drink_time"
3539.798036	0.00048100000003614696	states													"    state_name
id            
28  warndanger"
3539.798517	3.0004979999998795	states													"            state_name
id                    
29  warndanger_warning"
3542.799515	9.68349999999964	trials	1.0	l	1.0	p	1.0	r	1.0	0.0	0.0	1.0	l	p	
3542.799515	9.68349999999964	states													"   state_name
id           
0     state_0"
3542.799515	0.01599999999962165	states													"          state_name
id                  
1   sending_trialnum"
3542.815515	0.0005070000001978769	states													"      state_name
id              
3   wait_for_cin"
3542.816022	0.0019999999999527063	states													"   state_name
id           
4     nicstim"
3542.818022	0.0004930000000058499	states													"       state_name
id               
5   stimon_nosein"
3542.818515	0.6204999999999927	states													"   state_name
id           
4     nicstim"
3543.439015	1.0020100000001548	states													"      state_name
id              
7   reinit_cpoke"
3544.441025	0.0024899999998524436	states													"   state_name
id           
4     nicstim"
3544.443515	0.0005089999999654538	states													"       state_name
id               
5   stimon_nosein"
3544.444024	0.4724909999999909	states													"   state_name
id           
4     nicstim"
3544.916515	0.262000000000171	states													"       state_name
id               
8   wait_for_cout"
3545.178515	0.001510000000052969	states													"   state_name
id           
9       csgap"
3545.180025	0.38499000000001615	states													"        state_name
id                
16  wait_for_spoke"
3545.565015	0.0004999999996471161	states													"             state_name
id                     
18  soff_reward_chooser"
3545.565515	0.06400000000030559	states													"     state_name
id             
22  reward_soff"
3545.629515	0.5119999999997162	states													"         state_name
id                 
26  post_reward_off"
3546.141515	3.3405179999999746	states													"         state_name
id                 
27  soft_drink_time"
3549.482033	0.0004820000003746827	states													"    state_name
id            
28  warndanger"
3549.482515	3.000499999999647	states													"            state_name
id                    
29  warndanger_warning"
3552.483521	16.519493999999668	trials	1.0	r	2.0	p	1.0	r	1.0	0.0	0.0	1.0	r	p	
3552.483521	16.519493999999668	states													"   state_name
id           
0     state_0"
3552.483521	0.015993999999864172	states													"          state_name
id                  
1   sending_trialnum"
3552.499515	6.554000000000087	states													"      state_name
id              
3   wait_for_cin"
3559.053515	0.0019999999999527063	states													"   state_name
id           
4     nicstim"
3559.055515	0.0005080000000816653	states													"       state_name
id               
5   stimon_nosein"
3559.056023	0.4804919999996855	states													"   state_name
id           
4     nicstim"
3559.536515	1.4570000000003347	states													"      state_name
id              
7   reinit_cpoke"
3560.993515	0.00201599999991231	states													"   state_name
id           
4     nicstim"
3560.995531	0.0005019999998694402	states													"       state_name
id               
5   stimon_nosein"
3560.996033	0.486482000000251	states													"   state_name
id           
4     nicstim"
3561.482515	0.06099999999969441	states													"       state_name
id               
8   wait_for_cout"
3561.543515	0.0010000000002037268	states													"   state_name
id           
9       csgap"
3561.544515	0.3324999999999818	states													"        state_name
id                
16  wait_for_spoke"
3561.877015	0.0005059999998593412	states													"             state_name
id                     
18  soff_reward_chooser"
3561.877521	0.0669940000002498	states													"     state_name
id             
22  reward_soff"
3561.944515	0.08449999999993452	states													"         state_name
id                 
26  post_reward_off"
3562.029015	3.973005999999714	states													"         state_name
id                 
27  soft_drink_time"
3566.002021	0.0004940000003443856	states													"    state_name
id            
28  warndanger"
3566.002515	3.000499999999647	states													"            state_name
id                    
29  warndanger_warning"
3569.003515	16.5954999999999	trials	1.0	r	2.0	p	1.0	r	2.0	0.0	0.0	1.0	r	p	
3569.003515	16.5954999999999	states													"   state_name
id           
0     state_0"
3569.003515	0.016000000000076398	states													"          state_name
id                  
1   sending_trialnum"
3569.019515	4.287499999999909	states													"      state_name
id              
3   wait_for_cin"
3573.307015	0.0019999999999527063	states													"   state_name
id           
4     nicstim"
3573.309015	0.0005160000000614673	states													"       state_name
id               
5   stimon_nosein"
3573.309531	0.56899999999996	states													"   state_name
id           
4     nicstim"
3573.878531	1.001983999999993	states													"      state_name
id              
7   reinit_cpoke"
3574.880515	0.002001000000291242	states													"   state_name
id           
4     nicstim"
3574.882516	0.0005149999997229315	states													"       state_name
id               
5   stimon_nosein"
3574.883031	0.5934839999999895	states													"   state_name
id           
4     nicstim"
3575.476515	1.294499999999971	states													"      state_name
id              
7   reinit_cpoke"
3576.771015	0.0020160000003670575	states													"   state_name
id           
4     nicstim"
3576.773031	0.0004999999996471161	states													"       state_name
id               
5   stimon_nosein"
3576.773531	0.49450100000012753	states													"   state_name
id           
4     nicstim"
3577.268032	0.01148300000022573	states													"       state_name
id               
8   wait_for_cout"
3577.279515	0.0009999999997489795	states													"   state_name
id           
9       csgap"
3577.280515	0.5830000000000837	states													"        state_name
id                
16  wait_for_spoke"
3577.863515	0.0005049999999755528	states													"             state_name
id                     
18  soff_reward_chooser"
3577.86402	0.06699500000013359	states													"     state_name
id             
22  reward_soff"
3577.931015	0.34049999999979264	states													"         state_name
id                 
26  post_reward_off"
3578.271515	4.32650700000022	states													"         state_name
id                 
27  soft_drink_time"
3582.598022	0.0004959999996572151	states													"    state_name
id            
28  warndanger"
3582.598518	3.0004969999999958	states													"            state_name
id                    
29  warndanger_warning"
3585.599515	9.548514000000068	trials	1.0	l	1.0	p	1.0	r	1.0	0.0	0.0	1.0	l	p	
3585.599515	9.548514000000068	states													"   state_name
id           
0     state_0"
3585.599515	0.016016000000036	states													"          state_name
id                  
1   sending_trialnum"
3585.615531	0.0004930000000058499	states													"      state_name
id              
3   wait_for_cin"
3585.616024	0.0024910000001909793	states													"   state_name
id           
4     nicstim"
3585.618515	0.0005000000001018634	states													"       state_name
id               
5   stimon_nosein"
3585.619015	0.5395159999998214	states													"   state_name
id           
4     nicstim"
3586.158531	1.001983999999993	states													"      state_name
id              
7   reinit_cpoke"
3587.160515	0.0025000000000545697	states													"   state_name
id           
4     nicstim"
3587.163015	0.0005059999998593412	states													"       state_name
id               
5   stimon_nosein"
3587.163521	0.46249900000020716	states													"   state_name
id           
4     nicstim"
3587.62602	0.3109949999998207	states													"       state_name
id               
8   wait_for_cout"
3587.937015	0.0010130000000572181	states													"   state_name
id           
9       csgap"
3587.938028	0.32048699999995733	states													"        state_name
id                
16  wait_for_spoke"
3588.258515	0.0005160000000614673	states													"             state_name
id                     
18  soff_reward_chooser"
3588.259031	0.06399999999985084	states													"     state_name
id             
22  reward_soff"
3588.323031	0.13299200000028577	states													"         state_name
id                 
26  post_reward_off"
3588.456023	3.691507999999885	states													"         state_name
id                 
27  soft_drink_time"
3592.147531	0.0004840000001422595	states													"    state_name
id            
28  warndanger"
3592.148015	3.0000139999997373	states													"            state_name
id                    
29  warndanger_warning"
3595.148515	11.536000000000058	trials	1.0	r	2.0	p	1.0	r	0.0	0.0	0.0	1.0	r	p	
3595.148515	11.536000000000058	states													"   state_name
id           
0     state_0"
3595.148515	0.016006000000288623	states													"          state_name
id                  
1   sending_trialnum"
3595.164521	0.04899399999976595	states													"      state_name
id              
3   wait_for_cin"
3595.213515	0.0019999999999527063	states													"   state_name
id           
4     nicstim"
3595.215515	0.0005080000000816653	states													"       state_name
id               
5   stimon_nosein"
3595.216023	0.47200000000020736	states													"   state_name
id           
4     nicstim"
3595.688023	0.12200200000006589	states													"       state_name
id               
8   wait_for_cout"
3595.810025	0.0015059999996083206	states													"   state_name
id           
9       csgap"
3595.811531	0.3079840000000331	states													"        state_name
id                
16  wait_for_spoke"
3596.119515	0.000503000000207976	states													"             state_name
id                     
18  soff_reward_chooser"
3596.120018	0.13400400000000445	states													"         state_name
id                 
19  reward_big_soff"
3596.254022	0.04899299999988216	states													"         state_name
id                 
26  post_reward_off"
3596.303015	7.381011999999828	states													"         state_name
id                 
27  soft_drink_time"
3603.684027	0.0004880000001321605	states													"    state_name
id            
28  warndanger"
3603.684515	3.0	states													"            state_name
id                    
29  warndanger_warning"
3606.685015	9.711017000000083	trials	1.0	l	1.0	p	1.0	r	1.0	0.0	0.0	1.0	l	p	
3606.685015	9.711017000000083	states													"   state_name
id           
0     state_0"
3606.685015	0.016000000000076398	states													"          state_name
id                  
1   sending_trialnum"
3606.701015	0.790505999999823	states													"      state_name
id              
3   wait_for_cin"
3607.491521	0.002498000000286993	states													"   state_name
id           
4     nicstim"
3607.494019	0.0004959999996572151	states													"       state_name
id               
5   stimon_nosein"
3607.494515	0.5650009999999384	states													"   state_name
id           
4     nicstim"
3608.059516	1.001999000000069	states													"      state_name
id              
7   reinit_cpoke"
3609.061515	0.0019999999999527063	states													"   state_name
id           
4     nicstim"
3609.063515	0.000503000000207976	states													"       state_name
id               
5   stimon_nosein"
3609.064018	0.48649699999987206	states													"   state_name
id           
4     nicstim"
3609.550515	0.1155069999999796	states													"       state_name
id               
8   wait_for_cout"
3609.666022	0.0014930000002095767	states													"   state_name
id           
9       csgap"
3609.667515	0.3155059999999139	states													"        state_name
id                
16  wait_for_spoke"
3609.983021	0.0004939999998896383	states													"             state_name
id                     
18  soff_reward_chooser"
3609.983515	0.0640160000002652	states													"     state_name
id             
22  reward_soff"
3610.047531	0.18998399999964022	states													"         state_name
id                 
26  post_reward_off"
3610.237515	3.1580000000003565	states													"         state_name
id                 
27  soft_drink_time"
3613.395515	0.0005019999998694402	states													"    state_name
id            
28  warndanger"
3613.396017	3.000015000000076	states													"            state_name
id                    
29  warndanger_warning"
3616.396515	10.514999999999873	trials	1.0	l	1.0	p	1.0	r	1.0	0.0	0.0	1.0	l	p	
3616.396515	10.514999999999873	states													"   state_name
id           
0     state_0"
3616.396515	0.016000000000076398	states													"          state_name
id                  
1   sending_trialnum"
3616.412515	0.9740000000001601	states													"      state_name
id              
3   wait_for_cin"
3617.386515	0.0020009999998364947	states													"   state_name
id           
4     nicstim"
3617.388516	0.0005150000001776789	states													"       state_name
id               
5   stimon_nosein"
3617.389031	0.5704839999998512	states													"   state_name
id           
4     nicstim"
3617.959515	1.0025080000000344	states													"      state_name
id              
7   reinit_cpoke"
3618.962023	0.0024920000000747677	states													"   state_name
id           
4     nicstim"
3618.964515	0.0005009999999856518	states													"       state_name
id               
5   stimon_nosein"
3618.965016	0.4965149999998175	states													"   state_name
id           
4     nicstim"
3619.461531	0.21248900000000503	states													"       state_name
id               
8   wait_for_cout"
3619.67402	0.0014949999999771535	states													"   state_name
id           
9       csgap"
3619.675515	0.22600000000011278	states													"        state_name
id                
16  wait_for_spoke"
3619.901515	0.000503000000207976	states													"             state_name
id                     
18  soff_reward_chooser"
3619.902018	0.06400099999973463	states													"     state_name
id             
22  reward_soff"
3619.966019	0.29699600000003556	states													"         state_name
id                 
26  post_reward_off"
3620.263015	3.6475000000000364	states													"         state_name
id                 
27  soft_drink_time"
3623.910515	0.0005000000001018634	states													"    state_name
id            
28  warndanger"
3623.911015	3.000499999999647	states													"            state_name
id                    
29  warndanger_warning"
3626.912027	9.36048800000026	trials	1.0	r	2.0	p	1.0	r	1.0	0.0	0.0	1.0	r	p	
3626.912027	9.36048800000026	states													"   state_name
id           
0     state_0"
3626.912027	0.016000000000076398	states													"          state_name
id                  
1   sending_trialnum"
3626.928027	0.0004880000001321605	states													"      state_name
id              
3   wait_for_cin"
3626.928515	0.0020060000001649314	states													"   state_name
id           
4     nicstim"
3626.930521	0.0004999999996471161	states													"       state_name
id               
5   stimon_nosein"
3626.931021	0.5245100000001912	states													"   state_name
id           
4     nicstim"
3627.455531	1.0025000000000546	states													"      state_name
id              
7   reinit_cpoke"
3628.458031	0.002484000000094966	states													"   state_name
id           
4     nicstim"
3628.460515	0.0004999999996471161	states													"       state_name
id               
5   stimon_nosein"
3628.461015	0.47400000000016007	states													"   state_name
id           
4     nicstim"
3628.935015	0.13799999999991996	states													"       state_name
id               
8   wait_for_cout"
3629.073015	0.001006999999844993	states													"   state_name
id           
9       csgap"
3629.074022	0.5559950000001663	states													"        state_name
id                
16  wait_for_spoke"
3629.630017	0.0004979999998795392	states													"             state_name
id                     
18  soff_reward_chooser"
3629.630515	0.06701599999996688	states													"     state_name
id             
22  reward_soff"
3629.697531	0.4469840000001568	states													"         state_name
id                 
26  post_reward_off"
3630.144515	3.1269999999999527	states													"         state_name
id                 
27  soft_drink_time"
3633.271515	0.0005180000002837915	states													"    state_name
id            
28  warndanger"
3633.272033	3.00048199999992	states													"            state_name
id                    
29  warndanger_warning"
3636.273015	10.83400599999959	trials	1.0	l	1.0	p	1.0	r	2.0	0.0	0.0	1.0	l	p	
3636.273015	10.83400599999959	states													"   state_name
id           
0     state_0"
3636.273015	0.01599999999962165	states													"          state_name
id                  
1   sending_trialnum"
3636.289015	0.0005000000001018634	states													"      state_name
id              
3   wait_for_cin"
3636.289515	0.002516999999897962	states													"   state_name
id           
4     nicstim"
3636.292032	0.0004830000002584711	states													"       state_name
id               
5   stimon_nosein"
3636.292515	0.5440020000000914	states													"   state_name
id           
4     nicstim"
3636.836517	1.0019979999997304	states													"      state_name
id              
7   reinit_cpoke"
3637.838515	0.0025000000000545697	states													"   state_name
id           
4     nicstim"
3637.841015	0.0005000000001018634	states													"       state_name
id               
5   stimon_nosein"
3637.841515	0.4280159999998432	states													"   state_name
id           
4     nicstim"
3638.269531	1.0019999999999527	states													"      state_name
id              
7   reinit_cpoke"
3639.271531	0.00248600000031729	states													"   state_name
id           
4     nicstim"
3639.274017	0.0004979999998795392	states													"       state_name
id               
5   stimon_nosein"
3639.274515	0.47950700000001234	states													"   state_name
id           
4     nicstim"
3639.754022	0.22200599999996484	states													"       state_name
id               
8   wait_for_cout"
3639.976028	0.0014869999999973516	states													"   state_name
id           
9       csgap"
3639.977515	0.26350000000002183	states													"        state_name
id                
16  wait_for_spoke"
3640.241015	0.0005000000001018634	states													"             state_name
id                     
18  soff_reward_chooser"
3640.241515	0.06399999999985084	states													"     state_name
id             
22  reward_soff"
3640.305515	0.29700000000002547	states													"         state_name
id                 
26  post_reward_off"
3640.602515	3.5039999999999054	states													"         state_name
id                 
27  soft_drink_time"
3644.106515	0.0005000000001018634	states													"    state_name
id            
28  warndanger"
3644.107015	3.0000059999997575	states													"            state_name
id                    
29  warndanger_warning"
3647.107531	51.9604989999998	trials	1.0	r	2.0	p	1.0	r	2.0	0.0	0.0	1.0	r	p	
3647.107531	51.9604989999998	states													"   state_name
id           
0     state_0"
3647.107531	0.015984000000116794	states													"          state_name
id                  
1   sending_trialnum"
3647.123515	39.70499999999993	states													"      state_name
id              
3   wait_for_cin"
3686.828515	0.002500999999938358	states													"   state_name
id           
4     nicstim"
3686.831016	0.0004989999997633277	states													"       state_name
id               
5   stimon_nosein"
3686.831515	0.586514999999963	states													"   state_name
id           
4     nicstim"
3687.41803	1.249485000000277	states													"      state_name
id              
7   reinit_cpoke"
3688.667515	0.0019999999999527063	states													"   state_name
id           
4     nicstim"
3688.669515	0.0005019999998694402	states													"       state_name
id               
5   stimon_nosein"
3688.670017	0.5769980000000032	states													"   state_name
id           
4     nicstim"
3689.247015	1.543999999999869	states													"      state_name
id              
7   reinit_cpoke"
3690.791015	0.0020000000004074536	states													"   state_name
id           
4     nicstim"
3690.793015	0.0005159999996067199	states													"       state_name
id               
5   stimon_nosein"
3690.793531	0.47398400000020047	states													"   state_name
id           
4     nicstim"
3691.267515	0.014000000000123691	states													"       state_name
id               
8   wait_for_cout"
3691.281515	0.0010039999997388804	states													"   state_name
id           
9       csgap"
3691.282519	0.6249960000000101	states													"        state_name
id                
16  wait_for_spoke"
3691.907515	0.0005110000001877779	states													"             state_name
id                     
18  soff_reward_chooser"
3691.908026	0.06698899999992136	states													"     state_name
id             
22  reward_soff"
3691.975015	0.34799999999995634	states													"         state_name
id                 
26  post_reward_off"
3692.323015	3.7445160000002033	states													"         state_name
id                 
27  soft_drink_time"
3696.067531	0.0004959999996572151	states													"    state_name
id            
28  warndanger"
3696.068027	3.000003000000106	states													"            state_name
id                    
29  warndanger_warning"
3699.068515	9.841015999999854	trials	1.0	l	1.0	p	1.0	r	0.0	0.0	0.0	1.0	l	p	
3699.068515	9.841015999999854	states													"   state_name
id           
0     state_0"
3699.068515	0.016000000000076398	states													"          state_name
id                  
1   sending_trialnum"
3699.084515	0.0005000000001018634	states													"      state_name
id              
3   wait_for_cin"
3699.085015	0.0025000000000545697	states													"   state_name
id           
4     nicstim"
3699.087515	0.0005089999999654538	states													"       state_name
id               
5   stimon_nosein"
3699.088024	0.47400100000004386	states													"   state_name
id           
4     nicstim"
3699.562025	0.1829969999998866	states													"       state_name
id               
8   wait_for_cout"
3699.745022	0.0010019999999713036	states													"   state_name
id           
9       csgap"
3699.746024	0.5099949999998898	states													"        state_name
id                
16  wait_for_spoke"
3700.256019	0.0004960000001119624	states													"             state_name
id                     
18  soff_reward_chooser"
3700.256515	0.12750700000015058	states													"         state_name
id                 
19  reward_big_soff"
3700.384022	0.5370029999999133	states													"         state_name
id                 
26  post_reward_off"
3700.921025	4.98749799999996	states													"         state_name
id                 
27  soft_drink_time"
3705.908523	0.0005080000000816653	states													"    state_name
id            
28  warndanger"
3705.909031	3.000499999999647	states													"            state_name
id                    
29  warndanger_warning"
3708.910022	10.286493000000064	trials	1.0	l	1.0	p	1.0	r	1.0	0.0	0.0	1.0	l	p	
3708.910022	10.286493000000064	states													"   state_name
id           
0     state_0"
3708.910022	0.016001999999843974	states													"          state_name
id                  
1   sending_trialnum"
3708.926024	0.0004960000001119624	states													"      state_name
id              
3   wait_for_cin"
3708.92652	0.0024960000000646687	states													"   state_name
id           
4     nicstim"
3708.929016	0.0004989999997633277	states													"       state_name
id               
5   stimon_nosein"
3708.929515	0.61200000000008	states													"   state_name
id           
4     nicstim"
3709.541515	1.0019999999999527	states													"      state_name
id              
7   reinit_cpoke"
3710.543515	0.0019999999999527063	states													"   state_name
id           
4     nicstim"
3710.545515	0.0005070000001978769	states													"       state_name
id               
5   stimon_nosein"
3710.546022	0.4780049999999392	states													"   state_name
id           
4     nicstim"
3711.024027	0.12550400000009176	states													"       state_name
id               
8   wait_for_cout"
3711.149531	0.001483999999891239	states													"   state_name
id           
9       csgap"
3711.151015	0.5245060000002013	states													"        state_name
id                
16  wait_for_spoke"
3711.675521	0.0005009999999856518	states													"             state_name
id                     
18  soff_reward_chooser"
3711.676022	0.06399499999997715	states													"     state_name
id             
22  reward_soff"
3711.740017	0.3295140000000174	states													"         state_name
id                 
26  post_reward_off"
3712.069531	4.125983999999789	states													"         state_name
id                 
27  soft_drink_time"
3716.195515	0.0005120000000715663	states													"    state_name
id            
28  warndanger"
3716.196027	3.000488000000132	states													"            state_name
id                    
29  warndanger_warning"
3719.197015	11.737499999999727	trials	1.0	r	2.0	p	1.0	r	1.0	0.0	0.0	1.0	r	p	
3719.197015	11.737499999999727	states													"   state_name
id           
0     state_0"
3719.197015	0.016005999999833875	states													"          state_name
id                  
1   sending_trialnum"
3719.213021	0.45800999999983105	states													"      state_name
id              
3   wait_for_cin"
3719.671031	0.002484000000094966	states													"   state_name
id           
4     nicstim"
3719.673515	0.0005129999999553547	states													"       state_name
id               
5   stimon_nosein"
3719.674028	0.6194869999999355	states													"   state_name
id           
4     nicstim"
3720.293515	1.0019999999999527	states													"      state_name
id              
7   reinit_cpoke"
3721.295515	0.0020060000001649314	states													"   state_name
id           
4     nicstim"
3721.297521	0.0005009999999856518	states													"       state_name
id               
5   stimon_nosein"
3721.298022	0.4754929999999149	states													"   state_name
id           
4     nicstim"
3721.773515	0.040015999999923224	states													"       state_name
id               
8   wait_for_cout"
3721.813531	0.0014950000004319008	states													"   state_name
id           
9       csgap"
3721.815026	0.3144889999998668	states													"        state_name
id                
16  wait_for_spoke"
3722.129515	0.0005019999998694402	states													"             state_name
id                     
18  soff_reward_chooser"
3722.130017	0.0670140000001993	states													"     state_name
id             
22  reward_soff"
3722.197031	0.4389899999996487	states													"         state_name
id                 
26  post_reward_off"
3722.636021	5.298004000000219	states													"         state_name
id                 
27  soft_drink_time"
3727.934025	0.0004899999998997373	states													"    state_name
id            
28  warndanger"
3727.934515	3.0	states													"            state_name
id                    
29  warndanger_warning"
3730.935015	11.63149999999996	trials	1.0	r	2.0	p	1.0	r	0.0	0.0	0.0	1.0	r	p	
3730.935015	11.63149999999996	states													"   state_name
id           
0     state_0"
3730.935015	0.016000000000076398	states													"          state_name
id                  
1   sending_trialnum"
3730.951015	0.0005160000000614673	states													"      state_name
id              
3   wait_for_cin"
3730.951531	0.0024859999998625426	states													"   state_name
id           
4     nicstim"
3730.954017	0.0004979999998795392	states													"       state_name
id               
5   stimon_nosein"
3730.954515	0.4600000000000364	states													"   state_name
id           
4     nicstim"
3731.414515	0.0805000000000291	states													"       state_name
id               
8   wait_for_cout"
3731.495015	0.0010160000001633307	states													"   state_name
id           
9       csgap"
3731.496031	0.4624839999996766	states													"        state_name
id                
16  wait_for_spoke"
3731.958515	0.0005000000001018634	states													"             state_name
id                     
18  soff_reward_chooser"
3731.959015	0.13400600000022678	states													"         state_name
id                 
19  reward_big_soff"
3732.093021	0.24849399999993693	states													"         state_name
id                 
26  post_reward_off"
3732.341515	7.224505000000136	states													"         state_name
id                 
27  soft_drink_time"
3739.56602	0.0004949999997734267	states													"    state_name
id            
28  warndanger"
3739.566515	3.0	states													"            state_name
id                    
29  warndanger_warning"
3742.567015	11.71701499999972	trials	1.0	r	2.0	p	1.0	r	0.0	0.0	0.0	1.0	r	p	
3742.567015	11.71701499999972	states													"   state_name
id           
0     state_0"
3742.567015	0.016000000000076398	states													"          state_name
id                  
1   sending_trialnum"
3742.583015	0.041999999999916326	states													"      state_name
id              
3   wait_for_cin"
3742.625015	0.0019999999999527063	states													"   state_name
id           
4     nicstim"
3742.627015	0.0005000000001018634	states													"       state_name
id               
5   stimon_nosein"
3742.627515	0.47599999999965803	states													"   state_name
id           
4     nicstim"
3743.103515	0.28700000000026193	states													"       state_name
id               
8   wait_for_cout"
3743.390515	0.0009999999997489795	states													"   state_name
id           
9       csgap"
3743.391515	0.37451800000008006	states													"        state_name
id                
16  wait_for_spoke"
3743.766033	0.00048199999991993536	states													"             state_name
id                     
18  soff_reward_chooser"
3743.766515	0.13400200000023688	states													"         state_name
id                 
19  reward_big_soff"
3743.900517	0.4130139999997482	states													"         state_name
id                 
26  post_reward_off"
3744.313531	6.969484000000193	states													"         state_name
id                 
27  soft_drink_time"
3751.283015	0.0005000000001018634	states													"    state_name
id            
28  warndanger"
3751.283515	3.000514999999723	states													"            state_name
id                    
29  warndanger_warning"
3754.284515	11.080506000000241	trials	1.0	r	2.0	p	1.0	r	0.0	0.0	0.0	1.0	r	p	
3754.284515	11.080506000000241	states													"   state_name
id           
0     state_0"
3754.284515	0.016000000000076398	states													"          state_name
id                  
1   sending_trialnum"
3754.300515	0.023999999999887223	states													"      state_name
id              
3   wait_for_cin"
3754.324515	0.0020000000004074536	states													"   state_name
id           
4     nicstim"
3754.326515	0.0004999999996471161	states													"       state_name
id               
5   stimon_nosein"
3754.327015	0.49350100000037855	states													"   state_name
id           
4     nicstim"
3754.820516	0.007998999999927037	states													"       state_name
id               
8   wait_for_cout"
3754.828515	0.0010159999997085833	states													"   state_name
id           
9       csgap"
3754.829531	0.4524910000000091	states													"        state_name
id                
16  wait_for_spoke"
3755.282022	0.0004940000003443856	states													"             state_name
id                     
18  soff_reward_chooser"
3755.282516	0.13399899999967602	states													"         state_name
id                 
19  reward_big_soff"
3755.416515	0.13599999999996726	states													"         state_name
id                 
26  post_reward_off"
3755.552515	6.812000000000353	states													"         state_name
id                 
27  soft_drink_time"
3762.364515	0.0004999999996471161	states													"    state_name
id            
28  warndanger"
3762.365015	3.0000060000002122	states													"            state_name
id                    
29  warndanger_warning"
3765.365515	9.989500000000135	trials	1.0	l	1.0	p	1.0	r	0.0	0.0	0.0	1.0	l	p	
3765.365515	9.989500000000135	states													"   state_name
id           
0     state_0"
3765.365515	0.016000000000076398	states													"          state_name
id                  
1   sending_trialnum"
3765.381515	0.0005009999999856518	states													"      state_name
id              
3   wait_for_cin"
3765.382016	0.0020089999998162966	states													"   state_name
id           
4     nicstim"
3765.384025	0.0004900000003544847	states													"        state_name
id                
6   stimon_noseout"
3765.384515	0.0009999999997489795	states													"   state_name
id           
4     nicstim"
3765.385515	0.6100000000001273	states													"       state_name
id               
8   wait_for_cout"
3765.995515	0.0009999999997489795	states													"   state_name
id           
9       csgap"
3765.996515	0.3760010000000875	states													"        state_name
id                
16  wait_for_spoke"
3766.372516	0.0005150000001776789	states													"             state_name
id                     
18  soff_reward_chooser"
3766.373031	0.12748400000009497	states													"         state_name
id                 
19  reward_big_soff"
3766.500515	0.13049999999975626	states													"         state_name
id                 
26  post_reward_off"
3766.631015	5.723021000000244	states													"         state_name
id                 
27  soft_drink_time"
3772.354036	0.0004789999998138228	states													"    state_name
id            
28  warndanger"
3772.354515	3.000500000000102	states													"            state_name
id                    
29  warndanger_warning"
3775.355515	9.385499999999865	trials	1.0	l	1.0	p	1.0	r	0.0	0.0	0.0	1.0	l	p	
3775.355515	9.385499999999865	states													"   state_name
id           
0     state_0"
3775.355515	0.016015999999581254	states													"          state_name
id                  
1   sending_trialnum"
3775.371531	0.06298400000014226	states													"      state_name
id              
3   wait_for_cin"
3775.434515	0.0019999999999527063	states													"   state_name
id           
4     nicstim"
3775.436515	0.0005000000001018634	states													"       state_name
id               
5   stimon_nosein"
3775.437015	0.4954999999999927	states													"   state_name
id           
4     nicstim"
3775.932515	0.09000000000014552	states													"       state_name
id               
8   wait_for_cout"
3776.022515	0.0015039999998407438	states													"   state_name
id           
9       csgap"
3776.024019	0.33351200000015524	states													"        state_name
id                
16  wait_for_spoke"
3776.357531	0.0005040000000917644	states													"             state_name
id                     
18  soff_reward_chooser"
3776.358035	0.12747999999965032	states													"         state_name
id                 
19  reward_big_soff"
3776.485515	0.2590060000002268	states													"         state_name
id                 
26  post_reward_off"
3776.744521	4.9955009999998765	states													"         state_name
id                 
27  soft_drink_time"
3781.740022	0.0005089999999654538	states													"    state_name
id            
28  warndanger"
3781.740531	3.0004840000001423	states													"            state_name
id                    
29  warndanger_warning"
3784.741515	11.925506000000041	trials	1.0	r	2.0	p	1.0	r	0.0	0.0	0.0	1.0	r	p	
3784.741515	11.925506000000041	states													"   state_name
id           
0     state_0"
3784.741515	0.016016000000036	states													"          state_name
id                  
1   sending_trialnum"
3784.757531	0.425499999999829	states													"      state_name
id              
3   wait_for_cin"
3785.183031	0.002484000000094966	states													"   state_name
id           
4     nicstim"
3785.185515	0.0005129999999553547	states													"       state_name
id               
5   stimon_nosein"
3785.186028	0.4914869999997791	states													"   state_name
id           
4     nicstim"
3785.677515	0.05750000000034561	states													"       state_name
id               
8   wait_for_cout"
3785.735015	0.001006999999844993	states													"   state_name
id           
9       csgap"
3785.736022	0.5114929999999731	states													"        state_name
id                
16  wait_for_spoke"
3786.247515	0.0005040000000917644	states													"             state_name
id                     
18  soff_reward_chooser"
3786.248019	0.13399799999979223	states													"         state_name
id                 
19  reward_big_soff"
3786.382017	0.8465140000002975	states													"         state_name
id                 
26  post_reward_off"
3787.228531	6.4379839999996875	states													"         state_name
id                 
27  soft_drink_time"
3793.666515	0.0005000000001018634	states													"    state_name
id            
28  warndanger"
3793.667015	3.0000060000002122	states													"            state_name
id                    
29  warndanger_warning"
3796.667531	9.284489000000121	trials	1.0	l	1.0	p	1.0	r	0.0	0.0	0.0	1.0	l	p	
3796.667531	9.284489000000121	states													"   state_name
id           
0     state_0"
3796.667531	0.015984000000116794	states													"          state_name
id                  
1   sending_trialnum"
3796.683515	0.0005099999998492422	states													"      state_name
id              
3   wait_for_cin"
3796.684025	0.0020060000001649314	states													"   state_name
id           
4     nicstim"
3796.686031	0.00048399999968751217	states													"       state_name
id               
5   stimon_nosein"
3796.686515	0.4905100000000857	states													"   state_name
id           
4     nicstim"
3797.177025	0.02349000000003798	states													"       state_name
id               
8   wait_for_cout"
3797.200515	0.001506000000063068	states													"   state_name
id           
9       csgap"
3797.202021	0.5135099999997692	states													"        state_name
id                
16  wait_for_spoke"
3797.715531	0.00048500000002604793	states													"             state_name
id                     
18  soff_reward_chooser"
3797.716016	0.12749900000017078	states													"         state_name
id                 
19  reward_big_soff"
3797.843515	0.3040160000000469	states													"         state_name
id                 
26  post_reward_off"
3798.147531	4.803484000000026	states													"         state_name
id                 
27  soft_drink_time"
3802.951015	0.0005000000001018634	states													"    state_name
id            
28  warndanger"
3802.951515	3.0005049999999756	states													"            state_name
id                    
29  warndanger_warning"
3805.952521	10.529505999999856	trials	1.0	r	2.0	p	1.0	r	1.0	0.0	0.0	1.0	r	p	
3805.952521	10.529505999999856	states													"   state_name
id           
0     state_0"
3805.952521	0.0160040000000663	states													"          state_name
id                  
1   sending_trialnum"
3805.968525	0.0005059999998593412	states													"      state_name
id              
3   wait_for_cin"
3805.969031	0.002484000000094966	states													"   state_name
id           
4     nicstim"
3805.971515	0.0005139999998391431	states													"       state_name
id               
5   stimon_nosein"
3805.972029	0.6384859999998298	states													"   state_name
id           
4     nicstim"
3806.610515	1.0925000000002	states													"      state_name
id              
7   reinit_cpoke"
3807.703015	0.0025000000000545697	states													"   state_name
id           
4     nicstim"
3807.705515	0.0005029999997532286	states													"       state_name
id               
5   stimon_nosein"
3807.706018	0.4989970000001449	states													"   state_name
id           
4     nicstim"
3808.205015	0.05949999999984357	states													"       state_name
id               
8   wait_for_cout"
3808.264515	0.0015029999999569554	states													"   state_name
id           
9       csgap"
3808.266018	0.2110130000000936	states													"        state_name
id                
16  wait_for_spoke"
3808.477031	0.0005000000001018634	states													"             state_name
id                     
18  soff_reward_chooser"
3808.477531	0.06698400000004767	states													"     state_name
id             
22  reward_soff"
3808.544515	0.19751399999995556	states													"         state_name
id                 
26  post_reward_off"
3808.742029	4.739485999999943	states													"         state_name
id                 
27  soft_drink_time"
3813.481515	0.000503000000207976	states													"    state_name
id            
28  warndanger"
3813.482018	3.0000089999998636	states													"            state_name
id                    
29  warndanger_warning"
3816.482521	10.425509000000147	trials	1.0	r	2.0	p	1.0	r	0.0	0.0	0.0	1.0	r	p	
3816.482521	10.425509000000147	states													"   state_name
id           
0     state_0"
3816.482521	0.01599400000031892	states													"          state_name
id                  
1   sending_trialnum"
3816.498515	0.050499999999829015	states													"      state_name
id              
3   wait_for_cin"
3816.549015	0.0019999999999527063	states													"   state_name
id           
4     nicstim"
3816.551015	0.0005000000001018634	states													"       state_name
id               
5   stimon_nosein"
3816.551515	0.5025019999998221	states													"   state_name
id           
4     nicstim"
3817.054017	0.009513999999853695	states													"       state_name
id               
8   wait_for_cout"
3817.063531	0.0014840000003459863	states													"   state_name
id           
9       csgap"
3817.065015	0.2984999999998763	states													"        state_name
id                
16  wait_for_spoke"
3817.363515	0.0005089999999654538	states													"             state_name
id                     
18  soff_reward_chooser"
3817.364024	0.13400200000023688	states													"         state_name
id                 
19  reward_big_soff"
3817.498026	0.3600019999998949	states													"         state_name
id                 
26  post_reward_off"
3817.858028	6.049003000000084	states													"         state_name
id                 
27  soft_drink_time"
3823.907031	0.0004999999996471161	states													"    state_name
id            
28  warndanger"
3823.907531	3.000499000000218	states													"            state_name
id                    
29  warndanger_warning"
3826.908516	8.771512000000257	trials	1.0	l	1.0	p	1.0	r	1.0	0.0	0.0	1.0	l	p	
3826.908516	8.771512000000257	states													"   state_name
id           
0     state_0"
3826.908516	0.01599900000019261	states													"          state_name
id                  
1   sending_trialnum"
3826.924515	0.0004999999996471161	states													"      state_name
id              
3   wait_for_cin"
3826.925015	0.0020080000003872556	states													"   state_name
id           
4     nicstim"
3826.927023	0.0004919999996673141	states													"       state_name
id               
5   stimon_nosein"
3826.927515	0.5665120000003299	states													"   state_name
id           
4     nicstim"
3827.494027	1.0024879999996301	states													"      state_name
id              
7   reinit_cpoke"
3828.496515	0.0020040000003973546	states													"   state_name
id           
4     nicstim"
3828.498519	0.000511999999616819	states													"       state_name
id               
5   stimon_nosein"
3828.499031	0.49198500000011336	states													"   state_name
id           
4     nicstim"
3828.991016	0.005498999999872467	states													"       state_name
id               
8   wait_for_cout"
3828.996515	0.0010000000002037268	states													"   state_name
id           
9       csgap"
3828.997515	0.36201600000003964	states													"        state_name
id                
16  wait_for_spoke"
3829.359531	0.0005019999998694402	states													"             state_name
id                     
18  soff_reward_chooser"
3829.360033	0.06398900000021968	states													"     state_name
id             
22  reward_soff"
3829.424022	0.14749299999994037	states													"         state_name
id                 
26  post_reward_off"
3829.571515	3.10799999999972	states													"         state_name
id                 
27  soft_drink_time"
3832.679515	0.0005020000003241876	states													"    state_name
id            
28  warndanger"
3832.680017	3.000011000000086	states													"            state_name
id                    
29  warndanger_warning"
3835.680515	8.54351399999996	trials	1.0	l	1.0	p	1.0	r	0.0	0.0	0.0	1.0	l	p	
3835.680515	8.54351399999996	states													"   state_name
id           
0     state_0"
3835.680515	0.016000000000076398	states													"          state_name
id                  
1   sending_trialnum"
3835.696515	0.0005000000001018634	states													"      state_name
id              
3   wait_for_cin"
3835.697015	0.0019999999999527063	states													"   state_name
id           
4     nicstim"
3835.699015	0.0004999999996471161	states													"       state_name
id               
5   stimon_nosein"
3835.699515	0.4950010000002294	states													"   state_name
id           
4     nicstim"
3836.194516	0.05849899999975605	states													"       state_name
id               
8   wait_for_cout"
3836.253015	0.001002000000426051	states													"   state_name
id           
9       csgap"
3836.254017	0.4089979999998832	states													"        state_name
id                
16  wait_for_spoke"
3836.663015	0.0005000000001018634	states													"             state_name
id                     
18  soff_reward_chooser"
3836.663515	0.12749999999959982	states													"         state_name
id                 
19  reward_big_soff"
3836.791015	0.4285160000003998	states													"         state_name
id                 
26  post_reward_off"
3837.219531	4.003983999999946	states													"         state_name
id                 
27  soft_drink_time"
3841.223515	0.0005129999999553547	states													"    state_name
id            
28  warndanger"
3841.224028	3.000000999999884	states													"            state_name
id                    
29  warndanger_warning"
3844.224531	10.185491000000184	trials	1.0	l	1.0	p	1.0	r	0.0	0.0	0.0	1.0	l	p	
3844.224531	10.185491000000184	states													"   state_name
id           
0     state_0"
3844.224531	0.015984000000116794	states													"          state_name
id                  
1   sending_trialnum"
3844.240515	0.0005059999998593412	states													"      state_name
id              
3   wait_for_cin"
3844.241021	0.002494000000297092	states													"   state_name
id           
4     nicstim"
3844.243515	0.0005059999998593412	states													"       state_name
id               
5   stimon_nosein"
3844.244021	0.5009939999999915	states													"   state_name
id           
4     nicstim"
3844.745015	0.07600000000002183	states													"       state_name
id               
8   wait_for_cout"
3844.821015	0.001006999999844993	states													"   state_name
id           
9       csgap"
3844.822022	0.6844930000002023	states													"        state_name
id                
16  wait_for_spoke"
3845.506515	0.0005009999999856518	states													"             state_name
id                     
18  soff_reward_chooser"
3845.507016	0.12749900000017078	states													"         state_name
id                 
19  reward_big_soff"
3845.634515	0.27599999999983993	states													"         state_name
id                 
26  post_reward_off"
3845.910515	5.498516000000109	states													"         state_name
id                 
27  soft_drink_time"
3851.409031	0.0004899999998997373	states													"    state_name
id            
28  warndanger"
3851.409521	3.0005009999999857	states													"            state_name
id                    
29  warndanger_warning"
3854.410521	10.619994000000133	trials	1.0	r	2.0	p	1.0	r	2.0	0.0	0.0	1.0	r	p	
3854.410521	10.619994000000133	states													"   state_name
id           
0     state_0"
3854.410521	0.01599400000031892	states													"          state_name
id                  
1   sending_trialnum"
3854.426515	0.0005000000001018634	states													"      state_name
id              
3   wait_for_cin"
3854.427015	0.00201599999991231	states													"   state_name
id           
4     nicstim"
3854.429031	0.0005000000001018634	states													"       state_name
id               
5   stimon_nosein"
3854.429531	0.22498399999994945	states													"   state_name
id           
4     nicstim"
3854.654515	1.0019999999999527	states													"      state_name
id              
7   reinit_cpoke"
3855.656515	0.0019999999999527063	states													"   state_name
id           
4     nicstim"
3855.658515	0.0005000000001018634	states													"       state_name
id               
5   stimon_nosein"
3855.659015	0.39550599999984115	states													"   state_name
id           
4     nicstim"
3856.054521	1.0024939999998423	states													"      state_name
id              
7   reinit_cpoke"
3857.057015	0.0020060000001649314	states													"   state_name
id           
4     nicstim"
3857.059021	0.0004939999998896383	states													"       state_name
id               
5   stimon_nosein"
3857.059515	0.49099999999998545	states													"   state_name
id           
4     nicstim"
3857.550515	0.13000000000010914	states													"       state_name
id               
8   wait_for_cout"
3857.680515	0.0010160000001633307	states													"   state_name
id           
9       csgap"
3857.681531	0.5345019999999749	states													"        state_name
id                
16  wait_for_spoke"
3858.216033	0.00048199999991993536	states													"             state_name
id                     
18  soff_reward_chooser"
3858.216515	0.06701599999996688	states													"     state_name
id             
22  reward_soff"
3858.283531	0.1999839999998585	states													"         state_name
id                 
26  post_reward_off"
3858.483515	3.546016000000236	states													"         state_name
id                 
27  soft_drink_time"
3862.029531	0.0004939999998896383	states													"    state_name
id            
28  warndanger"
3862.030025	3.0004899999998997	states													"            state_name
id                    
29  warndanger_warning"
3865.031015	8.95049999999992	trials	1.0	l	1.0	p	1.0	r	0.0	0.0	0.0	1.0	l	p	
3865.031015	8.95049999999992	states													"   state_name
id           
0     state_0"
3865.031015	0.016000000000076398	states													"          state_name
id                  
1   sending_trialnum"
3865.047015	0.0005000000001018634	states													"      state_name
id              
3   wait_for_cin"
3865.047515	0.002502999999705935	states													"   state_name
id           
4     nicstim"
3865.050018	0.0004969999999957508	states													"       state_name
id               
5   stimon_nosein"
3865.050515	0.47100600000021586	states													"   state_name
id           
4     nicstim"
3865.521521	0.044500999999854685	states													"       state_name
id               
8   wait_for_cout"
3865.566022	0.0014930000002095767	states													"   state_name
id           
9       csgap"
3865.567515	0.250999999999749	states													"        state_name
id                
16  wait_for_spoke"
3865.818515	0.0005000000001018634	states													"             state_name
id                     
18  soff_reward_chooser"
3865.819015	0.12750000000005457	states													"         state_name
id                 
19  reward_big_soff"
3865.946515	0.1590000000001055	states													"         state_name
id                 
26  post_reward_off"
3866.105515	4.875	states													"         state_name
id                 
27  soft_drink_time"
3870.980515	0.0005009999999856518	states													"    state_name
id            
28  warndanger"
3870.981016	3.0004989999997633	states													"            state_name
id                    
29  warndanger_warning"
3873.982028	13.721999000000324	trials	1.0	l	1.0	p	1.0	r	1.0	0.0	0.0	1.0	l	p	
3873.982028	13.721999000000324	states													"   state_name
id           
0     state_0"
3873.982028	0.01599400000031892	states													"          state_name
id                  
1   sending_trialnum"
3873.998022	4.532998999999563	states													"      state_name
id              
3   wait_for_cin"
3878.531021	0.002494000000297092	states													"   state_name
id           
4     nicstim"
3878.533515	0.0005059999998593412	states													"       state_name
id               
5   stimon_nosein"
3878.534021	0.4355100000002494	states													"   state_name
id           
4     nicstim"
3878.969531	1.0024889999999687	states													"      state_name
id              
7   reinit_cpoke"
3879.97202	0.002001999999720283	states													"   state_name
id           
4     nicstim"
3879.974022	0.0005089999999654538	states													"       state_name
id               
5   stimon_nosein"
3879.974531	0.4884900000001835	states													"   state_name
id           
4     nicstim"
3880.463021	0.0024939999998423446	states													"       state_name
id               
8   wait_for_cout"
3880.465515	0.0010000000002037268	states													"   state_name
id           
9       csgap"
3880.466515	0.3200059999999212	states													"        state_name
id                
16  wait_for_spoke"
3880.786521	0.0005099999998492422	states													"             state_name
id                     
18  soff_reward_chooser"
3880.787031	0.06400000000030559	states													"     state_name
id             
22  reward_soff"
3880.851031	0.05648399999972753	states													"         state_name
id                 
26  post_reward_off"
3880.907515	3.7955000000001746	states													"         state_name
id                 
27  soft_drink_time"
3884.703015	0.0005000000001018634	states													"    state_name
id            
28  warndanger"
3884.703515	3.0005120000000716	states													"            state_name
id                    
29  warndanger_warning"
3887.704515	9.254500000000007	trials	1.0	l	1.0	p	1.0	r	0.0	0.0	0.0	1.0	l	p	
3887.704515	9.254500000000007	states													"   state_name
id           
0     state_0"
3887.704515	0.016000000000076398	states													"          state_name
id                  
1   sending_trialnum"
3887.720515	0.0005160000000614673	states													"      state_name
id              
3   wait_for_cin"
3887.721031	0.002484000000094966	states													"   state_name
id           
4     nicstim"
3887.723515	0.0005040000000917644	states													"       state_name
id               
5   stimon_nosein"
3887.724019	0.47801099999969665	states													"   state_name
id           
4     nicstim"
3888.20203	0.03748500000028798	states													"       state_name
id               
8   wait_for_cout"
3888.239515	0.0009999999997489795	states													"   state_name
id           
9       csgap"
3888.240515	0.3455069999999978	states													"        state_name
id                
16  wait_for_spoke"
3888.586022	0.0004930000000058499	states													"             state_name
id                     
18  soff_reward_chooser"
3888.586515	0.12752000000000407	states													"         state_name
id                 
19  reward_big_soff"
3888.714035	0.2899849999998878	states													"         state_name
id                 
26  post_reward_off"
3889.00402	4.954494999999952	states													"         state_name
id                 
27  soft_drink_time"
3893.958515	0.0005000000001018634	states													"    state_name
id            
28  warndanger"
3893.959015	3.0	states													"            state_name
id                    
29  warndanger_warning"
3896.959515	99.00199999999995	trials	1.0	l	1.0	p	1.0	r	1.0	0.0	0.0	1.0	l	p	
3896.959515	99.00199999999995	states													"   state_name
id           
0     state_0"
3896.959515	0.016000000000076398	states													"          state_name
id                  
1   sending_trialnum"
3896.975515	89.4425040000001	states													"      state_name
id              
3   wait_for_cin"
3986.418019	0.0020029999996040715	states													"   state_name
id           
4     nicstim"
3986.420022	0.0004930000000058499	states													"       state_name
id               
5   stimon_nosein"
3986.420515	0.5320000000001528	states													"   state_name
id           
4     nicstim"
3986.952515	1.0025000000000546	states													"      state_name
id              
7   reinit_cpoke"
3987.955015	0.0025000000000545697	states													"   state_name
id           
4     nicstim"
3987.957515	0.0005069999997431296	states													"       state_name
id               
5   stimon_nosein"
3987.958022	0.48600000000033106	states													"   state_name
id           
4     nicstim"
3988.444022	0.0070019999998294224	states													"       state_name
id               
8   wait_for_cout"
3988.451024	0.0014909999999872525	states													"   state_name
id           
9       csgap"
3988.452515	0.5419999999999163	states													"        state_name
id                
16  wait_for_spoke"
3988.994515	0.0005000000001018634	states													"             state_name
id                     
18  soff_reward_chooser"
3988.995015	0.06399999999985084	states													"     state_name
id             
22  reward_soff"
3989.059015	0.20500700000002325	states													"         state_name
id                 
26  post_reward_off"
3989.264022	3.6964930000003733	states													"         state_name
id                 
27  soft_drink_time"
3992.960515	0.0004999999996471161	states													"    state_name
id            
28  warndanger"
3992.961015	3.000500000000102	states													"            state_name
id                    
29  warndanger_warning"
3995.962025	9.912990000000264	trials	1.0	r	2.0	p	1.0	r	1.0	0.0	0.0	1.0	r	p	
3995.962025	9.912990000000264	states													"   state_name
id           
0     state_0"
3995.962025	0.015992000000096596	states													"          state_name
id                  
1   sending_trialnum"
3995.978017	0.4164980000000469	states													"      state_name
id              
3   wait_for_cin"
3996.394515	0.0025000000000545697	states													"   state_name
id           
4     nicstim"
3996.397015	0.0005000000001018634	states													"       state_name
id               
5   stimon_nosein"
3996.397515	0.6109999999998763	states													"   state_name
id           
4     nicstim"
3997.008515	2.581502999999884	states													"      state_name
id              
7   reinit_cpoke"
3999.590018	0.0020039999999426072	states													"   state_name
id           
4     nicstim"
3999.592022	0.000499000000218075	states													"       state_name
id               
5   stimon_nosein"
3999.592521	0.5030099999999038	states													"   state_name
id           
4     nicstim"
4000.095531	0.03698399999984758	states													"       state_name
id               
8   wait_for_cout"
4000.132515	0.0015030000004117028	states													"   state_name
id           
9       csgap"
4000.134018	0.402512999999999	states													"        state_name
id                
16  wait_for_spoke"
4000.536531	0.00048500000002604793	states													"             state_name
id                     
18  soff_reward_chooser"
4000.537016	0.06700399999999718	states													"     state_name
id             
22  reward_soff"
4000.60402	0.07749499999999898	states													"         state_name
id                 
26  post_reward_off"
4000.681515	2.192507999999634	states													"         state_name
id                 
27  soft_drink_time"
4002.874023	0.0004930000000058499	states													"    state_name
id            
28  warndanger"
4002.874516	3.000499000000218	states													"            state_name
id                    
29  warndanger_warning"
4005.875515	11.735999999999876	trials	1.0	r	2.0	p	1.0	r	0.0	0.0	0.0	1.0	r	p	
4005.875515	11.735999999999876	states													"   state_name
id           
0     state_0"
4005.875515	0.016016000000036	states													"          state_name
id                  
1   sending_trialnum"
4005.891531	0.0004989999997633277	states													"      state_name
id              
3   wait_for_cin"
4005.89203	0.002484999999978754	states													"   state_name
id           
4     nicstim"
4005.894515	0.0005000000001018634	states													"       state_name
id               
5   stimon_nosein"
4005.895015	0.5070070000001579	states													"   state_name
id           
4     nicstim"
4006.402022	0.00699899999972331	states													"       state_name
id               
8   wait_for_cout"
4006.409021	0.0010120000001734297	states													"   state_name
id           
9       csgap"
4006.410033	0.31048199999986537	states													"        state_name
id                
16  wait_for_spoke"
4006.720515	0.0005000000001018634	states													"             state_name
id                     
18  soff_reward_chooser"
4006.721015	0.13400000000001455	states													"         state_name
id                 
19  reward_big_soff"
4006.855015	0.069007000000056	states													"         state_name
id                 
26  post_reward_off"
4006.924022	7.6864929999997	states													"         state_name
id                 
27  soft_drink_time"
4014.610515	0.0005060000003140885	states													"    state_name
id            
28  warndanger"
4014.611021	3.0004939999998896	states													"            state_name
id                    
29  warndanger_warning"
4017.61202	15.040495000000192	trials	1.0	r	2.0	p	1.0	r	3.0	0.0	0.0	1.0	r	p	
4017.61202	15.040495000000192	states													"   state_name
id           
0     state_0"
4017.61202	0.016000000000076398	states													"          state_name
id                  
1   sending_trialnum"
4017.62802	0.2329949999998462	states													"      state_name
id              
3   wait_for_cin"
4017.861015	0.0025000000000545697	states													"   state_name
id           
4     nicstim"
4017.863515	0.0005110000001877779	states													"       state_name
id               
5   stimon_nosein"
4017.864026	0.5739929999999731	states													"   state_name
id           
4     nicstim"
4018.438019	1.00249599999961	states													"      state_name
id              
7   reinit_cpoke"
4019.440515	0.002005000000281143	states													"   state_name
id           
4     nicstim"
4019.44252	0.0005109999997330306	states													"       state_name
id               
5   stimon_nosein"
4019.443031	0.4734849999999824	states													"   state_name
id           
4     nicstim"
4019.916516	1.4169990000000325	states													"      state_name
id              
7   reinit_cpoke"
4021.333515	0.0020060000001649314	states													"   state_name
id           
4     nicstim"
4021.335521	0.000499000000218075	states													"       state_name
id               
5   stimon_nosein"
4021.33602	0.5745109999998022	states													"   state_name
id           
4     nicstim"
4021.910531	1.002484000000095	states													"      state_name
id              
7   reinit_cpoke"
4022.913015	0.0025160000000141736	states													"   state_name
id           
4     nicstim"
4022.915531	0.0004949999997734267	states													"       state_name
id               
5   stimon_nosein"
4022.916026	0.4709889999999177	states													"   state_name
id           
4     nicstim"
4023.387015	0.06951600000002145	states													"       state_name
id               
8   wait_for_cout"
4023.456531	0.0014880000003358873	states													"   state_name
id           
9       csgap"
4023.458019	0.42400199999974575	states													"        state_name
id                
16  wait_for_spoke"
4023.882021	0.0004939999998896383	states													"             state_name
id                     
18  soff_reward_chooser"
4023.882515	0.06700000000000728	states													"     state_name
id             
22  reward_soff"
4023.949515	0.32050900000012916	states													"         state_name
id                 
26  post_reward_off"
4024.270024	5.381507000000056	states													"         state_name
id                 
27  soft_drink_time"
4029.651531	0.0004960000001119624	states													"    state_name
id            
28  warndanger"
4029.652027	3.000488000000132	states													"            state_name
id                    
29  warndanger_warning"
4032.653021	9.349001000000044	trials	1.0	l	1.0	p	1.0	r	1.0	0.0	0.0	1.0	l	p	
4032.653021	9.349001000000044	states													"   state_name
id           
0     state_0"
4032.653021	0.015993999999864172	states													"          state_name
id                  
1   sending_trialnum"
4032.669015	0.245010000000093	states													"      state_name
id              
3   wait_for_cin"
4032.914025	0.0025059999998120475	states													"   state_name
id           
4     nicstim"
4032.916531	0.000495000000228174	states													"       state_name
id               
5   stimon_nosein"
4032.917026	0.619988999999805	states													"   state_name
id           
4     nicstim"
4033.537015	1.0025000000000546	states													"      state_name
id              
7   reinit_cpoke"
4034.539515	0.00201599999991231	states													"   state_name
id           
4     nicstim"
4034.541531	0.0005000000001018634	states													"       state_name
id               
5   stimon_nosein"
4034.542031	0.4714840000001459	states													"   state_name
id           
4     nicstim"
4035.013515	0.04300000000012005	states													"       state_name
id               
8   wait_for_cout"
4035.056515	0.0009999999997489795	states													"   state_name
id           
9       csgap"
4035.057515	0.3240160000000287	states													"        state_name
id                
16  wait_for_spoke"
4035.381531	0.000499000000218075	states													"             state_name
id                     
18  soff_reward_chooser"
4035.38203	0.06399399999963862	states													"     state_name
id             
22  reward_soff"
4035.446024	0.2984910000000127	states													"         state_name
id                 
26  post_reward_off"
4035.744515	3.25649999999996	states													"         state_name
id                 
27  soft_drink_time"
4039.001015	0.0005000000001018634	states													"    state_name
id            
28  warndanger"
4039.001515	3.000507000000198	states													"            state_name
id                    
29  warndanger_warning"
4042.002521	10.338994000000184	trials	1.0	r	2.0	p	1.0	r	1.0	0.0	0.0	1.0	r	p	
4042.002521	10.338994000000184	states													"   state_name
id           
0     state_0"
4042.002521	0.01599400000031892	states													"          state_name
id                  
1   sending_trialnum"
4042.018515	0.0005059999998593412	states													"      state_name
id              
3   wait_for_cin"
4042.019021	0.0024939999998423446	states													"   state_name
id           
4     nicstim"
4042.021515	0.0005049999999755528	states													"       state_name
id               
5   stimon_nosein"
4042.02202	0.5975109999999404	states													"   state_name
id           
4     nicstim"
4042.619531	1.895984000000226	states													"      state_name
id              
7   reinit_cpoke"
4044.515515	0.00201599999991231	states													"   state_name
id           
4     nicstim"
4044.517531	0.0004910000002382731	states													"       state_name
id               
5   stimon_nosein"
4044.518022	0.497508999999809	states													"   state_name
id           
4     nicstim"
4045.015531	0.051984000000175	states													"       state_name
id               
8   wait_for_cout"
4045.067515	0.0009999999997489795	states													"   state_name
id           
9       csgap"
4045.068515	0.2919999999999163	states													"        state_name
id                
16  wait_for_spoke"
4045.360515	0.0005000000001018634	states													"             state_name
id                     
18  soff_reward_chooser"
4045.361015	0.06700399999999718	states													"     state_name
id             
22  reward_soff"
4045.428019	0.3775120000000243	states													"         state_name
id                 
26  post_reward_off"
4045.805531	3.534983999999895	states													"         state_name
id                 
27  soft_drink_time"
4049.340515	0.0005009999999856518	states													"    state_name
id            
28  warndanger"
4049.341016	3.000499000000218	states													"            state_name
id                    
29  warndanger_warning"
4052.34202	11.769495000000006	trials	1.0	r	2.0	p	1.0	r	1.0	0.0	0.0	1.0	r	p	
4052.34202	11.769495000000006	states													"   state_name
id           
0     state_0"
4052.34202	0.016001999999843974	states													"          state_name
id                  
1   sending_trialnum"
4052.358022	0.8065090000000055	states													"      state_name
id              
3   wait_for_cin"
4053.164531	0.002484000000094966	states													"   state_name
id           
4     nicstim"
4053.167015	0.0005000000001018634	states													"       state_name
id               
5   stimon_nosein"
4053.167515	0.625999999999749	states													"   state_name
id           
4     nicstim"
4053.793515	1.0025110000001405	states													"      state_name
id              
7   reinit_cpoke"
4054.796026	0.002504999999928259	states													"   state_name
id           
4     nicstim"
4054.798531	0.0004840000001422595	states													"       state_name
id               
5   stimon_nosein"
4054.799015	0.4860009999997601	states													"   state_name
id           
4     nicstim"
4055.285016	0.22700600000007398	states													"       state_name
id               
8   wait_for_cout"
4055.512022	0.0014989999999670545	states													"   state_name
id           
9       csgap"
4055.513521	0.46050600000035047	states													"        state_name
id                
16  wait_for_spoke"
4055.974027	0.00048799999967741314	states													"             state_name
id                     
18  soff_reward_chooser"
4055.974515	0.06700000000000728	states													"     state_name
id             
22  reward_soff"
4056.041515	0.07799999999997453	states													"         state_name
id                 
26  post_reward_off"
4056.119515	4.9909999999999854	states													"         state_name
id                 
27  soft_drink_time"
4061.110515	0.0005160000000614673	states													"    state_name
id            
28  warndanger"
4061.111031	3.0004840000001423	states													"            state_name
id                    
29  warndanger_warning"
4064.112029	9.022985999999946	trials	1.0	l	1.0	p	1.0	r	1.0	0.0	0.0	1.0	l	p	
4064.112029	9.022985999999946	states													"   state_name
id           
0     state_0"
4064.112029	0.015992999999980384	states													"          state_name
id                  
1   sending_trialnum"
4064.128022	0.0005089999999654538	states													"      state_name
id              
3   wait_for_cin"
4064.128531	0.002484000000094966	states													"   state_name
id           
4     nicstim"
4064.131015	0.0005000000001018634	states													"       state_name
id               
5   stimon_nosein"
4064.131515	0.6100000000001273	states													"   state_name
id           
4     nicstim"
4064.741515	1.0025069999996958	states													"      state_name
id              
7   reinit_cpoke"
4065.744022	0.002003000000058819	states													"   state_name
id           
4     nicstim"
4065.746025	0.0004899999998997373	states													"       state_name
id               
5   stimon_nosein"
4065.746515	0.47350900000037655	states													"   state_name
id           
4     nicstim"
4066.220024	0.040490999999747146	states													"       state_name
id               
8   wait_for_cout"
4066.260515	0.0015050000001792796	states													"   state_name
id           
9       csgap"
4066.26202	0.24349499999971158	states													"        state_name
id                
16  wait_for_spoke"
4066.505515	0.0005080000000816653	states													"             state_name
id                     
18  soff_reward_chooser"
4066.506023	0.06399800000008327	states													"     state_name
id             
22  reward_soff"
4066.570021	0.09099400000013702	states													"         state_name
id                 
26  post_reward_off"
4066.661015	3.473007999999936	states													"         state_name
id                 
27  soft_drink_time"
4070.134023	0.0004920000001220615	states													"    state_name
id            
28  warndanger"
4070.134515	3.000499999999647	states													"            state_name
id                    
29  warndanger_warning"
4073.135531	9.822000000000116	trials	1.0	r	2.0	p	1.0	r	0.0	0.0	0.0	1.0	r	p	
4073.135531	9.822000000000116	states													"   state_name
id           
0     state_0"
4073.135531	0.016000000000076398	states													"          state_name
id                  
1   sending_trialnum"
4073.151531	0.0004920000001220615	states													"      state_name
id              
3   wait_for_cin"
4073.152023	0.002003000000058819	states													"   state_name
id           
4     nicstim"
4073.154026	0.0004890000000159489	states													"       state_name
id               
5   stimon_nosein"
4073.154515	0.47699999999986176	states													"   state_name
id           
4     nicstim"
4073.631515	0.1590000000001055	states													"       state_name
id               
8   wait_for_cout"
4073.790515	0.0015029999999569554	states													"   state_name
id           
9       csgap"
4073.792018	0.39349700000002485	states													"        state_name
id                
16  wait_for_spoke"
4074.185515	0.0005049999999755528	states													"             state_name
id                     
18  soff_reward_chooser"
4074.18602	0.13399799999979223	states													"         state_name
id                 
19  reward_big_soff"
4074.320018	1.0714969999999084	states													"         state_name
id                 
26  post_reward_off"
4075.391515	4.565000000000055	states													"         state_name
id                 
27  soft_drink_time"
4079.956515	0.0005160000000614673	states													"    state_name
id            
28  warndanger"
4079.957031	3.000500000000102	states													"            state_name
id                    
29  warndanger_warning"
4082.958022	18.652493000000504	trials	0.0	r	2.0	p	1.0	r	4.0	0.0	0.0	0.0	r	p	
4082.958022	18.652493000000504	states													"   state_name
id           
0     state_0"
4082.958022	0.016000000000076398	states													"          state_name
id                  
1   sending_trialnum"
4082.974022	0.0004930000000058499	states													"      state_name
id              
3   wait_for_cin"
4082.974515	0.0025000000000545697	states													"   state_name
id           
4     nicstim"
4082.977015	0.0005000000001018634	states													"       state_name
id               
5   stimon_nosein"
4082.977515	0.4680159999998068	states													"   state_name
id           
4     nicstim"
4083.445531	1.0094840000001568	states													"      state_name
id              
7   reinit_cpoke"
4084.455015	0.0019999999999527063	states													"   state_name
id           
4     nicstim"
4084.457015	0.0005000000001018634	states													"       state_name
id               
5   stimon_nosein"
4084.457515	0.15200000000004366	states													"   state_name
id           
4     nicstim"
4084.609515	1.0019999999999527	states													"      state_name
id              
7   reinit_cpoke"
4085.611515	0.0020060000001649314	states													"   state_name
id           
4     nicstim"
4085.613521	0.0005019999998694402	states													"       state_name
id               
5   stimon_nosein"
4085.614023	0.5190029999998842	states													"   state_name
id           
4     nicstim"
4086.133026	1.1634890000000269	states													"      state_name
id              
7   reinit_cpoke"
4087.296515	0.0019999999999527063	states													"   state_name
id           
4     nicstim"
4087.298515	0.0005000000001018634	states													"       state_name
id               
5   stimon_nosein"
4087.299015	0.6090079999999034	states													"   state_name
id           
4     nicstim"
4087.908023	7.846992000000228	states													"      state_name
id              
7   reinit_cpoke"
4095.755015	0.0019999999999527063	states													"   state_name
id           
4     nicstim"
4095.757015	0.0004999999996471161	states													"       state_name
id               
5   stimon_nosein"
4095.757515	0.5095000000005712	states													"   state_name
id           
4     nicstim"
4096.267015	0.07799999999951979	states													"       state_name
id               
8   wait_for_cout"
4096.345015	0.001006000000415952	states													"   state_name
id           
9       csgap"
4096.346021	0.2635099999997692	states													"        state_name
id                
16  wait_for_spoke"
4096.609531	5.000984000000244	states													"     state_name
id             
31  error_state"
4101.611015	9.473008999999365	trials	1.0	l	1.0	p	1.0	r	0.0	0.0	0.0	1.0	l	p	
4101.611015	9.473008999999365	states													"   state_name
id           
0     state_0"
4101.611015	0.01599999999962165	states													"          state_name
id                  
1   sending_trialnum"
4101.627015	0.05349999999998545	states													"      state_name
id              
3   wait_for_cin"
4101.680515	0.0024999999995998223	states													"   state_name
id           
4     nicstim"
4101.683015	0.0005000000001018634	states													"       state_name
id               
5   stimon_nosein"
4101.683515	0.49900000000070577	states													"   state_name
id           
4     nicstim"
4102.182515	0.10151499999938096	states													"       state_name
id               
8   wait_for_cout"
4102.28403	0.0014849999997750274	states													"   state_name
id           
9       csgap"
4102.285515	0.30500000000029104	states													"        state_name
id                
16  wait_for_spoke"
4102.590515	0.0005000000001018634	states													"             state_name
id                     
18  soff_reward_chooser"
4102.591015	0.12749999999959982	states													"         state_name
id                 
19  reward_big_soff"
4102.718515	0.4165000000002692	states													"         state_name
id                 
26  post_reward_off"
4103.135015	4.94800000000032	states													"         state_name
id                 
27  soft_drink_time"
4108.083015	0.0005160000000614673	states													"    state_name
id            
28  warndanger"
4108.083531	3.000492999999551	states													"            state_name
id                    
29  warndanger_warning"
4111.084515	21.004500000000007	trials	1.0	l	1.0	p	1.0	r	1.0	0.0	0.0	1.0	l	p	
4111.084515	21.004500000000007	states													"   state_name
id           
0     state_0"
4111.084515	0.016000000000531145	states													"          state_name
id                  
1   sending_trialnum"
4111.100515	12.12750700000015	states													"      state_name
id              
3   wait_for_cin"
4123.228022	0.002492999999958556	states													"   state_name
id           
4     nicstim"
4123.230515	0.0005000000001018634	states													"       state_name
id               
5   stimon_nosein"
4123.231015	0.5565159999996467	states													"   state_name
id           
4     nicstim"
4123.787531	1.0024899999998524	states													"      state_name
id              
7   reinit_cpoke"
4124.790021	0.002494000000297092	states													"   state_name
id           
4     nicstim"
4124.792515	0.0005000000001018634	states													"       state_name
id               
5   stimon_nosein"
4124.793015	0.47700499999973545	states													"   state_name
id           
4     nicstim"
4125.27002	0.01999900000009802	states													"       state_name
id               
8   wait_for_cout"
4125.290019	0.001495999999860942	states													"   state_name
id           
9       csgap"
4125.291515	0.36800599999969563	states													"        state_name
id                
16  wait_for_spoke"
4125.659521	0.0005010000004403992	states													"             state_name
id                     
18  soff_reward_chooser"
4125.660022	0.06400500000017928	states													"     state_name
id             
22  reward_soff"
4125.724027	0.23898800000006304	states													"         state_name
id                 
26  post_reward_off"
4125.963015	3.125500000000102	states													"         state_name
id                 
27  soft_drink_time"
4129.088515	0.0004999999991923687	states													"    state_name
id            
28  warndanger"
4129.089015	3.0	states													"            state_name
id                    
29  warndanger_warning"
4132.089521	15.923993999999766	trials	0.0	r	2.0	p	1.0	r	2.0	0.0	0.0	0.0	r	p	
4132.089521	15.923993999999766	states													"   state_name
id           
0     state_0"
4132.089521	0.01599400000031892	states													"          state_name
id                  
1   sending_trialnum"
4132.105515	0.0005080000000816653	states													"      state_name
id              
3   wait_for_cin"
4132.106023	0.0020039999999426072	states													"   state_name
id           
4     nicstim"
4132.108027	0.0004909999997835257	states													"       state_name
id               
5   stimon_nosein"
4132.108518	0.6475069999996776	states													"   state_name
id           
4     nicstim"
4132.756025	1.002490000000762	states													"      state_name
id              
7   reinit_cpoke"
4133.758515	0.0024999999995998223	states													"   state_name
id           
4     nicstim"
4133.761015	0.0005060000003140885	states													"       state_name
id               
5   stimon_nosein"
4133.761521	0.6165019999998549	states													"   state_name
id           
4     nicstim"
4134.378023	7.594009999999798	states													"      state_name
id              
7   reinit_cpoke"
4141.972033	0.0024819999998726416	states													"   state_name
id           
4     nicstim"
4141.974515	0.0005000000001018634	states													"       state_name
id               
5   stimon_nosein"
4141.975015	0.5079999999998108	states													"   state_name
id           
4     nicstim"
4142.483015	0.17050000000017462	states													"       state_name
id               
8   wait_for_cout"
4142.653515	0.0010000000002037268	states													"   state_name
id           
9       csgap"
4142.654515	0.3580000000001746	states													"        state_name
id                
16  wait_for_spoke"
4143.012515	5.000999999999294	states													"     state_name
id             
31  error_state"
4148.014028	8.85499400000026	trials	1.0	l	1.0	p	1.0	r	0.0	0.0	0.0	1.0	l	p	
4148.014028	8.85499400000026	states													"   state_name
id           
0     state_0"
4148.014028	0.015992999999980384	states													"          state_name
id                  
1   sending_trialnum"
4148.030021	0.000494000000799133	states													"      state_name
id              
3   wait_for_cin"
4148.030515	0.002005999999710184	states													"   state_name
id           
4     nicstim"
4148.032521	0.0005009999995309045	states													"       state_name
id               
5   stimon_nosein"
4148.033022	0.49999900000057096	states													"   state_name
id           
4     nicstim"
4148.533021	0.03449399999954039	states													"       state_name
id               
8   wait_for_cout"
4148.567515	0.0010019999999713036	states													"   state_name
id           
9       csgap"
4148.568517	0.4939990000002581	states													"        state_name
id                
16  wait_for_spoke"
4149.062516	0.0005149999997229315	states													"             state_name
id                     
18  soff_reward_chooser"
4149.063031	0.1274840000005497	states													"         state_name
id                 
19  reward_big_soff"
4149.190515	0.3710059999993973	states													"         state_name
id                 
26  post_reward_off"
4149.561521	4.306994000000486	states													"         state_name
id                 
27  soft_drink_time"
4153.868515	0.0005000000001018634	states													"    state_name
id            
28  warndanger"
4153.869015	3.0000069999996413	states													"            state_name
id                    
29  warndanger_warning"
4156.869515	10.759500000000116	trials	1.0	r	2.0	p	1.0	r	0.0	0.0	0.0	1.0	r	p	
4156.869515	10.759500000000116	states													"   state_name
id           
0     state_0"
4156.869515	0.016015999999581254	states													"          state_name
id                  
1   sending_trialnum"
4156.885531	0.14398400000027323	states													"      state_name
id              
3   wait_for_cin"
4157.029515	0.002015999999457563	states													"   state_name
id           
4     nicstim"
4157.031531	0.0004980000003342866	states													"       state_name
id               
5   stimon_nosein"
4157.032029	0.507991999999831	states													"   state_name
id           
4     nicstim"
4157.540021	0.09249400000044261	states													"       state_name
id               
8   wait_for_cout"
4157.632515	0.0010160000001633307	states													"   state_name
id           
9       csgap"
4157.633531	0.7114899999996851	states													"        state_name
id                
16  wait_for_spoke"
4158.345021	0.0005099999998492422	states													"             state_name
id                     
18  soff_reward_chooser"
4158.345531	0.13398400000005495	states													"         state_name
id                 
19  reward_big_soff"
4158.479515	0.32301600000027975	states													"         state_name
id                 
26  post_reward_off"
4158.802531	5.825984000000062	states													"         state_name
id                 
27  soft_drink_time"
4164.628515	0.0005000000001018634	states													"    state_name
id            
28  warndanger"
4164.629015	3.0	states													"            state_name
id                    
29  warndanger_warning"
4167.629515	11.911000000000058	trials	1.0	r	2.0	p	1.0	r	2.0	0.0	0.0	1.0	r	p	
4167.629515	11.911000000000058	states													"   state_name
id           
0     state_0"
4167.629515	0.01601600000049075	states													"          state_name
id                  
1   sending_trialnum"
4167.645531	0.33048799999960465	states													"      state_name
id              
3   wait_for_cin"
4167.976019	0.002011999999922409	states													"   state_name
id           
4     nicstim"
4167.978031	0.0004840000001422595	states													"       state_name
id               
5   stimon_nosein"
4167.978515	0.5895040000004883	states													"   state_name
id           
4     nicstim"
4168.568019	1.0020109999995839	states													"      state_name
id              
7   reinit_cpoke"
4169.57003	0.002484999999978754	states													"   state_name
id           
4     nicstim"
4169.572515	0.0005000000001018634	states													"       state_name
id               
5   stimon_nosein"
4169.573015	0.2780000000002474	states													"   state_name
id           
4     nicstim"
4169.851015	1.0020009999998365	states													"      state_name
id              
7   reinit_cpoke"
4170.853016	0.0024990000001707813	states													"   state_name
id           
4     nicstim"
4170.855515	0.0005110000001877779	states													"       state_name
id               
5   stimon_nosein"
4170.856026	0.4969889999993029	states													"   state_name
id           
4     nicstim"
4171.353015	0.16750000000047294	states													"       state_name
id               
8   wait_for_cout"
4171.520515	0.0010059999995064572	states													"   state_name
id           
9       csgap"
4171.521521	0.3534939999999551	states													"        state_name
id                
16  wait_for_spoke"
4171.875015	0.0005000000001018634	states													"             state_name
id                     
18  soff_reward_chooser"
4171.875515	0.06700000000000728	states													"     state_name
id             
22  reward_soff"
4171.942515	0.7584999999999127	states													"         state_name
id                 
26  post_reward_off"
4172.701015	3.839006000000154	states													"         state_name
id                 
27  soft_drink_time"
4176.540021	0.0004939999998896383	states													"    state_name
id            
28  warndanger"
4176.540515	3.0	states													"            state_name
id                    
29  warndanger_warning"
4179.541015	18.563012000000526	trials	0.0	r	2.0	p	1.0	r	1.0	0.0	0.0	0.0	r	p	
4179.541015	18.563012000000526	states													"   state_name
id           
0     state_0"
4179.541015	0.016000000000531145	states													"          state_name
id                  
1   sending_trialnum"
4179.557015	0.18549999999959255	states													"      state_name
id              
3   wait_for_cin"
4179.742515	0.0020000000004074536	states													"   state_name
id           
4     nicstim"
4179.744515	0.0005000000001018634	states													"       state_name
id               
5   stimon_nosein"
4179.745015	0.4734999999991487	states													"   state_name
id           
4     nicstim"
4180.218515	12.0120050000005	states													"      state_name
id              
7   reinit_cpoke"
4192.23052	0.002494999999726133	states													"   state_name
id           
4     nicstim"
4192.233015	0.0005000000001018634	states													"       state_name
id               
5   stimon_nosein"
4192.233515	0.5034999999998035	states													"   state_name
id           
4     nicstim"
4192.737015	0.028500000000349246	states													"       state_name
id               
8   wait_for_cout"
4192.765515	0.0010000000002037268	states													"   state_name
id           
9       csgap"
4192.766515	0.3364999999994325	states													"        state_name
id                
16  wait_for_spoke"
4193.103015	5.001012000000628	states													"     state_name
id             
31  error_state"
4198.104524	14.962490999999318	trials	1.0	r	2.0	p	1.0	r	0.0	0.0	0.0	1.0	r	p	
4198.104524	14.962490999999318	states													"   state_name
id           
0     state_0"
4198.104524	0.015998999999283114	states													"          state_name
id                  
1   sending_trialnum"
4198.120523	3.2699920000004568	states													"      state_name
id              
3   wait_for_cin"
4201.390515	0.002005000000281143	states													"   state_name
id           
4     nicstim"
4201.39252	0.0005109999992782832	states													"       state_name
id               
5   stimon_nosein"
4201.393031	0.4859840000008262	states													"   state_name
id           
4     nicstim"
4201.879015	0.01700899999923422	states													"       state_name
id               
8   wait_for_cout"
4201.896024	0.0014909999999872525	states													"   state_name
id           
9       csgap"
4201.897515	0.3955000000005384	states													"        state_name
id                
16  wait_for_spoke"
4202.293015	0.0005000000001018634	states													"             state_name
id                     
18  soff_reward_chooser"
4202.293515	0.13400000000001455	states													"         state_name
id                 
19  reward_big_soff"
4202.427515	0.24201599999923928	states													"         state_name
id                 
26  post_reward_off"
4202.669531	7.396499000000404	states													"         state_name
id                 
27  soft_drink_time"
4210.06603	0.0004890000000159489	states													"    state_name
id            
28  warndanger"
4210.066519	3.000495999999657	states													"            state_name
id                    
29  warndanger_warning"
4213.067515	9.042505000000347	trials	1.0	l	1.0	p	1.0	r	0.0	0.0	0.0	1.0	l	p	
4213.067515	9.042505000000347	states													"   state_name
id           
0     state_0"
4213.067515	0.016000000000531145	states													"          state_name
id                  
1   sending_trialnum"
4213.083515	0.0005019999998694402	states													"      state_name
id              
3   wait_for_cin"
4213.084017	0.002021000000240747	states													"   state_name
id           
4     nicstim"
4213.086038	0.00047699999959149864	states													"       state_name
id               
5   stimon_nosein"
4213.086515	0.48701600000003964	states													"   state_name
id           
4     nicstim"
4213.573531	0.10948499999994965	states													"       state_name
id               
8   wait_for_cout"
4213.683016	0.001006000000415952	states													"   state_name
id           
9       csgap"
4213.684022	0.37049299999944196	states													"        state_name
id                
16  wait_for_spoke"
4214.054515	0.0005000000001018634	states													"             state_name
id                     
18  soff_reward_chooser"
4214.055015	0.12750000000050932	states													"         state_name
id                 
19  reward_big_soff"
4214.182515	0.29649999999946886	states													"         state_name
id                 
26  post_reward_off"
4214.479015	4.630006000000321	states													"         state_name
id                 
27  soft_drink_time"
4219.109021	0.0004939999998896383	states													"    state_name
id            
28  warndanger"
4219.109515	3.0005049999999756	states													"            state_name
id                    
29  warndanger_warning"
4222.110515	10.66649999999936	trials	1.0	l	1.0	p	1.0	r	0.0	0.0	0.0	1.0	l	p	
4222.110515	10.66649999999936	states													"   state_name
id           
0     state_0"
4222.110515	0.01599999999962165	states													"          state_name
id                  
1   sending_trialnum"
4222.126515	0.09850000000005821	states													"      state_name
id              
3   wait_for_cin"
4222.225015	0.002516000000468921	states													"   state_name
id           
4     nicstim"
4222.227531	0.0004909999997835257	states													"       state_name
id               
5   stimon_nosein"
4222.228022	0.4894930000000386	states													"   state_name
id           
4     nicstim"
4222.717515	0.09400000000005093	states													"       state_name
id               
8   wait_for_cout"
4222.811515	0.0009999999992942321	states													"   state_name
id           
9       csgap"
4222.812515	0.5360000000000582	states													"        state_name
id                
16  wait_for_spoke"
4223.348515	0.0005000000001018634	states													"             state_name
id                     
18  soff_reward_chooser"
4223.349015	0.12750000000050932	states													"         state_name
id                 
19  reward_big_soff"
4223.476515	0.3350000000000364	states													"         state_name
id                 
26  post_reward_off"
4223.811515	5.964512999999897	states													"         state_name
id                 
27  soft_drink_time"
4229.776028	0.0004869999993388774	states													"    state_name
id            
28  warndanger"
4229.776515	3.000500000000102	states													"            state_name
id                    
29  warndanger_warning"
4232.777515	5.983000000000175	trials	0.0	r	2.0	p	1.0	r	0.0	0.0	0.0	0.0	r	p	
4232.777515	5.983000000000175	states													"   state_name
id           
0     state_0"
4232.777515	0.016000000000531145	states													"          state_name
id                  
1   sending_trialnum"
4232.793515	0.13949999999931606	states													"      state_name
id              
3   wait_for_cin"
4232.933015	0.0020000000004074536	states													"   state_name
id           
4     nicstim"
4232.935015	0.0005060000003140885	states													"       state_name
id               
5   stimon_nosein"
4232.935521	0.49199399999997695	states													"   state_name
id           
4     nicstim"
4233.427515	0.03899999999975989	states													"       state_name
id               
8   wait_for_cout"
4233.466515	0.0010000000002037268	states													"   state_name
id           
9       csgap"
4233.467515	0.2919999999994616	states													"        state_name
id                
16  wait_for_spoke"
4233.759515	5.001000000000204	states													"     state_name
id             
31  error_state"
4238.761015	10.804000000000087	trials	1.0	l	1.0	p	1.0	r	2.0	0.0	0.0	1.0	l	p	
4238.761015	10.804000000000087	states													"   state_name
id           
0     state_0"
4238.761015	0.01599999999962165	states													"          state_name
id                  
1   sending_trialnum"
4238.777015	0.32999999999992724	states													"      state_name
id              
3   wait_for_cin"
4239.107015	0.0020060000006196788	states													"   state_name
id           
4     nicstim"
4239.109021	0.0005099999998492422	states													"       state_name
id               
5   stimon_nosein"
4239.109531	0.4664919999995618	states													"   state_name
id           
4     nicstim"
4239.576023	1.0024920000005295	states													"      state_name
id              
7   reinit_cpoke"
4240.578515	0.002005000000281143	states													"   state_name
id           
4     nicstim"
4240.58052	0.0005109999992782832	states													"       state_name
id               
5   stimon_nosein"
4240.581031	0.427983999999924	states													"   state_name
id           
4     nicstim"
4241.009015	1.0025000000005093	states													"      state_name
id              
7   reinit_cpoke"
4242.011515	0.002015999999457563	states													"   state_name
id           
4     nicstim"
4242.013531	0.0004910000006930204	states													"       state_name
id               
5   stimon_nosein"
4242.014022	0.4949929999993401	states													"   state_name
id           
4     nicstim"
4242.509015	0.27851600000030885	states													"       state_name
id               
8   wait_for_cout"
4242.787531	0.0014840000003459863	states													"   state_name
id           
9       csgap"
4242.789015	0.23550499999964813	states													"        state_name
id                
16  wait_for_spoke"
4243.02452	0.0005110000001877779	states													"             state_name
id                     
18  soff_reward_chooser"
4243.025031	0.06398999999964872	states													"     state_name
id             
22  reward_soff"
4243.089021	0.24049400000058085	states													"         state_name
id                 
26  post_reward_off"
4243.329515	3.2345159999995303	states													"         state_name
id                 
27  soft_drink_time"
4246.564031	0.0004840000001422595	states													"    state_name
id            
28  warndanger"
4246.564515	3.000500000000102	states													"            state_name
id                    
29  warndanger_warning"
4249.565515	10.329506000000038	trials	1.0	r	2.0	p	1.0	r	1.0	0.0	0.0	1.0	r	p	
4249.565515	10.329506000000038	states													"   state_name
id           
0     state_0"
4249.565515	0.01599999999962165	states													"          state_name
id                  
1   sending_trialnum"
4249.581515	0.21200000000044383	states													"      state_name
id              
3   wait_for_cin"
4249.793515	0.001999999999497959	states													"   state_name
id           
4     nicstim"
4249.795515	0.0005129999999553547	states													"       state_name
id               
5   stimon_nosein"
4249.796028	0.6330029999999169	states													"   state_name
id           
4     nicstim"
4250.429031	1.512484000000768	states													"      state_name
id              
7   reinit_cpoke"
4251.941515	0.002015999999457563	states													"   state_name
id           
4     nicstim"
4251.943531	0.0005010000004403992	states													"       state_name
id               
5   stimon_nosein"
4251.944032	0.4964829999998983	states													"   state_name
id           
4     nicstim"
4252.440515	0.054999999999381544	states													"       state_name
id               
8   wait_for_cout"
4252.495515	0.0010000000002037268	states													"   state_name
id           
9       csgap"
4252.496515	0.6850000000004002	states													"        state_name
id                
16  wait_for_spoke"
4253.181515	0.0005110000001877779	states													"             state_name
id                     
18  soff_reward_chooser"
4253.182026	0.0669899999993504	states													"     state_name
id             
22  reward_soff"
4253.249016	0.4494990000002872	states													"         state_name
id                 
26  post_reward_off"
4253.698515	3.1959999999999127	states													"         state_name
id                 
27  soft_drink_time"
4256.894515	0.0005000000001018634	states													"    state_name
id            
28  warndanger"
4256.895015	3.0000060000002122	states													"            state_name
id                    
29  warndanger_warning"
4259.895531	11.305489999999736	trials	1.0	l	1.0	p	1.0	r	2.0	0.0	0.0	1.0	l	p	
4259.895531	11.305489999999736	states													"   state_name
id           
0     state_0"
4259.895531	0.015983999999662046	states													"          state_name
id                  
1   sending_trialnum"
4259.911515	0.0005060000003140885	states													"      state_name
id              
3   wait_for_cin"
4259.912021	0.0020100000001548324	states													"   state_name
id           
4     nicstim"
4259.914031	0.0004840000001422595	states													"       state_name
id               
5   stimon_nosein"
4259.914515	0.5524999999997817	states													"   state_name
id           
4     nicstim"
4260.467015	1.0024999999995998	states													"      state_name
id              
7   reinit_cpoke"
4261.469515	0.0025059999998120475	states													"   state_name
id           
4     nicstim"
4261.472021	0.000494000000799133	states													"       state_name
id               
5   stimon_nosein"
4261.472515	0.618015999999443	states													"   state_name
id           
4     nicstim"
4262.090531	1.0024899999998524	states													"      state_name
id              
7   reinit_cpoke"
4263.093021	0.002494000000297092	states													"   state_name
id           
4     nicstim"
4263.095515	0.0005019999998694402	states													"       state_name
id               
5   stimon_nosein"
4263.096017	0.5080100000004677	states													"   state_name
id           
4     nicstim"
4263.604027	0.2534939999995913	states													"       state_name
id               
8   wait_for_cout"
4263.857521	0.001494000000093365	states													"   state_name
id           
9       csgap"
4263.859015	0.2570159999995667	states													"        state_name
id                
16  wait_for_spoke"
4264.116031	0.0004840000001422595	states													"             state_name
id                     
18  soff_reward_chooser"
4264.116515	0.06400000000030559	states													"     state_name
id             
22  reward_soff"
4264.180515	0.19049999999970169	states													"         state_name
id                 
26  post_reward_off"
4264.371015	3.829500000000735	states													"         state_name
id                 
27  soft_drink_time"
4268.200515	0.0004999999991923687	states													"    state_name
id            
28  warndanger"
4268.201015	3.0000060000002122	states													"            state_name
id                    
29  warndanger_warning"
4271.201515	12.895000000000437	trials	1.0	l	1.0	p	1.0	r	0.0	0.0	0.0	1.0	l	p	
4271.201515	12.895000000000437	states													"   state_name
id           
0     state_0"
4271.201515	0.01601600000049075	states													"          state_name
id                  
1   sending_trialnum"
4271.217531	3.8265000000001237	states													"      state_name
id              
3   wait_for_cin"
4275.044031	0.0024839999996402184	states													"   state_name
id           
4     nicstim"
4275.046515	0.0005000000001018634	states													"       state_name
id               
5   stimon_nosein"
4275.047015	0.4899999999997817	states													"   state_name
id           
4     nicstim"
4275.537015	0.00451599999996688	states													"       state_name
id               
8   wait_for_cout"
4275.541531	0.0014840000003459863	states													"   state_name
id           
9       csgap"
4275.543015	0.2630090000002383	states													"        state_name
id                
16  wait_for_spoke"
4275.806024	0.0004909999997835257	states													"             state_name
id                     
18  soff_reward_chooser"
4275.806515	0.1275180000002365	states													"         state_name
id                 
19  reward_big_soff"
4275.934033	0.6854819999998654	states													"         state_name
id                 
26  post_reward_off"
4276.619515	4.476505999999972	states													"         state_name
id                 
27  soft_drink_time"
4281.096021	0.0004939999998896383	states													"    state_name
id            
28  warndanger"
4281.096515	3.0	states													"            state_name
id                    
29  warndanger_warning"
4284.097031	11.560483999999633	trials	1.0	r	2.0	p	1.0	r	1.0	0.0	0.0	1.0	r	p	
4284.097031	11.560483999999633	states													"   state_name
id           
0     state_0"
4284.097031	0.015983999999662046	states													"          state_name
id                  
1   sending_trialnum"
4284.113015	0.0005160000000614673	states													"      state_name
id              
3   wait_for_cin"
4284.113531	0.0024899999998524436	states													"   state_name
id           
4     nicstim"
4284.116021	0.0004939999998896383	states													"       state_name
id               
5   stimon_nosein"
4284.116515	0.6360050000002957	states													"   state_name
id           
4     nicstim"
4284.75252	1.7599950000003446	states													"      state_name
id              
7   reinit_cpoke"
4286.512515	0.001999999999497959	states													"   state_name
id           
4     nicstim"
4286.514515	0.0005000000001018634	states													"       state_name
id               
5   stimon_nosein"
4286.515015	0.5145000000002256	states													"   state_name
id           
4     nicstim"
4287.029515	0.023500000000240107	states													"       state_name
id               
8   wait_for_cout"
4287.053015	0.001006999999844993	states													"   state_name
id           
9       csgap"
4287.054022	0.3989929999997912	states													"        state_name
id                
16  wait_for_spoke"
4287.453015	0.0005000000001018634	states													"             state_name
id                     
18  soff_reward_chooser"
4287.453515	0.06700000000000728	states													"     state_name
id             
22  reward_soff"
4287.520515	0.19750699999985954	states													"         state_name
id                 
26  post_reward_off"
4287.718022	4.938492999999653	states													"         state_name
id                 
27  soft_drink_time"
4292.656515	0.0005000000001018634	states													"    state_name
id            
28  warndanger"
4292.657015	3.000500000000102	states													"            state_name
id                    
29  warndanger_warning"
4295.658019	9.417496000000028	trials	1.0	l	1.0	p	1.0	r	0.0	0.0	0.0	1.0	l	p	
4295.658019	9.417496000000028	states													"   state_name
id           
0     state_0"
4295.658019	0.01599999999962165	states													"          state_name
id                  
1   sending_trialnum"
4295.674019	0.0004959999996572151	states													"      state_name
id              
3   wait_for_cin"
4295.674515	0.0020000000004074536	states													"   state_name
id           
4     nicstim"
4295.676515	0.0005060000003140885	states													"       state_name
id               
5   stimon_nosein"
4295.677021	0.49700299999949493	states													"   state_name
id           
4     nicstim"
4296.174024	0.16850700000031793	states													"       state_name
id               
8   wait_for_cout"
4296.342531	0.001488999999310181	states													"   state_name
id           
9       csgap"
4296.34402	0.32049500000084663	states													"        state_name
id                
16  wait_for_spoke"
4296.664515	0.0005059999994045938	states													"             state_name
id                     
18  soff_reward_chooser"
4296.665021	0.1275100000002567	states													"         state_name
id                 
19  reward_big_soff"
4296.792531	0.11998899999980495	states													"         state_name
id                 
26  post_reward_off"
4296.91252	5.16249500000049	states													"         state_name
id                 
27  soft_drink_time"
4302.075015	0.0005000000001018634	states													"    state_name
id            
28  warndanger"
4302.075515	3.0	states													"            state_name
id                    
29  warndanger_warning"
4305.076019	10.510495999999875	trials	1.0	r	2.0	p	1.0	r	0.0	0.0	0.0	1.0	r	p	
4305.076019	10.510495999999875	states													"   state_name
id           
0     state_0"
4305.076019	0.01599900000019261	states													"          state_name
id                  
1   sending_trialnum"
4305.092018	0.36549699999977747	states													"      state_name
id              
3   wait_for_cin"
4305.457515	0.001999999999497959	states													"   state_name
id           
4     nicstim"
4305.459515	0.0005080000000816653	states													"       state_name
id               
5   stimon_nosein"
4305.460023	0.5154920000004495	states													"   state_name
id           
4     nicstim"
4305.975515	0.06300000000010186	states													"       state_name
id               
8   wait_for_cout"
4306.038515	0.0015119999998205458	states													"   state_name
id           
9       csgap"
4306.040027	0.26498799999990297	states													"        state_name
id                
16  wait_for_spoke"
4306.305015	0.0005000000001018634	states													"             state_name
id                     
18  soff_reward_chooser"
4306.305515	0.13401599999997416	states													"         state_name
id                 
19  reward_big_soff"
4306.439531	0.13498400000025867	states													"         state_name
id                 
26  post_reward_off"
4306.574515	6.0109999999995125	states													"         state_name
id                 
27  soft_drink_time"
4312.585515	0.0005070000006526243	states													"    state_name
id            
28  warndanger"
4312.586022	3.000492999999551	states													"            state_name
id                    
29  warndanger_warning"
4315.587015	11.108500000000276	trials	1.0	r	2.0	p	1.0	r	1.0	0.0	0.0	1.0	r	p	
4315.587015	11.108500000000276	states													"   state_name
id           
0     state_0"
4315.587015	0.01599999999962165	states													"          state_name
id                  
1   sending_trialnum"
4315.603015	0.0005060000003140885	states													"      state_name
id              
3   wait_for_cin"
4315.603521	0.0025050000003830064	states													"   state_name
id           
4     nicstim"
4315.606026	0.0004890000000159489	states													"       state_name
id               
5   stimon_nosein"
4315.606515	0.6135089999997945	states													"   state_name
id           
4     nicstim"
4316.220024	1.166497000000163	states													"      state_name
id              
7   reinit_cpoke"
4317.386521	0.002493999999387597	states													"   state_name
id           
4     nicstim"
4317.389015	0.0005000000001018634	states													"       state_name
id               
5   stimon_nosein"
4317.389515	0.51299999999992	states													"   state_name
id           
4     nicstim"
4317.902515	0.26950699999997596	states													"       state_name
id               
8   wait_for_cout"
4318.172022	0.001493000000664324	states													"   state_name
id           
9       csgap"
4318.173515	0.2500159999999596	states													"        state_name
id                
16  wait_for_spoke"
4318.423531	0.0004989999997633277	states													"             state_name
id                     
18  soff_reward_chooser"
4318.42403	0.06698499999947671	states													"     state_name
id             
22  reward_soff"
4318.491015	0.11100700000042707	states													"         state_name
id                 
26  post_reward_off"
4318.602022	5.093004000000292	states													"         state_name
id                 
27  soft_drink_time"
4323.695026	0.0004890000000159489	states													"    state_name
id            
28  warndanger"
4323.695515	3.0	states													"            state_name
id                    
29  warndanger_warning"
4326.696025	15.124001999999564	trials	1.0	r	2.0	p	1.0	r	1.0	0.0	0.0	1.0	r	p	
4326.696025	15.124001999999564	states													"   state_name
id           
0     state_0"
4326.696025	0.016000999999960186	states													"          state_name
id                  
1   sending_trialnum"
4326.712026	3.148489000000154	states													"      state_name
id              
3   wait_for_cin"
4329.860515	0.001999999999497959	states													"   state_name
id           
4     nicstim"
4329.862515	0.0005000000001018634	states													"       state_name
id               
5   stimon_nosein"
4329.863015	0.6544999999996435	states													"   state_name
id           
4     nicstim"
4330.517515	1.0020000000004075	states													"      state_name
id              
7   reinit_cpoke"
4331.519515	0.0020000000004074536	states													"   state_name
id           
4     nicstim"
4331.521515	0.0005109999992782832	states													"       state_name
id               
5   stimon_nosein"
4331.522026	0.5149890000002415	states													"   state_name
id           
4     nicstim"
4332.037015	0.2490139999999883	states													"       state_name
id               
8   wait_for_cout"
4332.286029	0.0014860000001135631	states													"   state_name
id           
9       csgap"
4332.287515	0.35850200000004406	states													"        state_name
id                
16  wait_for_spoke"
4332.646017	0.0004980000003342866	states													"             state_name
id                     
18  soff_reward_chooser"
4332.646515	0.06701599999996688	states													"     state_name
id             
22  reward_soff"
4332.713531	0.14049699999941367	states													"         state_name
id                 
26  post_reward_off"
4332.854028	5.964993000000504	states													"         state_name
id                 
27  soft_drink_time"
4338.819021	0.0004939999998896383	states													"    state_name
id            
28  warndanger"
4338.819515	3.000511999999617	states													"            state_name
id                    
29  warndanger_warning"
4341.820521	12.635009999999966	trials	1.0	r	2.0	p	1.0	r	2.0	0.0	0.0	1.0	r	p	
4341.820521	12.635009999999966	states													"   state_name
id           
0     state_0"
4341.820521	0.015995000000657456	states													"          state_name
id                  
1   sending_trialnum"
4341.836516	0.0005149999997229315	states													"      state_name
id              
3   wait_for_cin"
4341.837031	0.0024839999996402184	states													"   state_name
id           
4     nicstim"
4341.839515	0.0005020000007789349	states													"       state_name
id               
5   stimon_nosein"
4341.840017	0.6084979999995994	states													"   state_name
id           
4     nicstim"
4342.448515	1.167000000000371	states													"      state_name
id              
7   reinit_cpoke"
4343.615515	0.001999999999497959	states													"   state_name
id           
4     nicstim"
4343.617515	0.0005110000001877779	states													"       state_name
id               
5   stimon_nosein"
4343.618026	0.6060049999996409	states													"   state_name
id           
4     nicstim"
4344.224031	1.9499869999999646	states													"      state_name
id              
7   reinit_cpoke"
4346.174018	0.0020039999999426072	states													"   state_name
id           
4     nicstim"
4346.176022	0.0004930000004605972	states													"       state_name
id               
5   stimon_nosein"
4346.176515	0.4995069999995394	states													"   state_name
id           
4     nicstim"
4346.676022	0.1949930000000677	states													"       state_name
id               
8   wait_for_cout"
4346.871015	0.0010080000001835288	states													"   state_name
id           
9       csgap"
4346.872023	0.4669919999996637	states													"        state_name
id                
16  wait_for_spoke"
4347.339015	0.0005000000001018634	states													"             state_name
id                     
18  soff_reward_chooser"
4347.339515	0.06700000000000728	states													"     state_name
id             
22  reward_soff"
4347.406515	0.6595160000006217	states													"         state_name
id                 
26  post_reward_off"
4348.066031	3.3889949999993405	states													"         state_name
id                 
27  soft_drink_time"
4351.455026	0.0004890000000159489	states													"    state_name
id            
28  warndanger"
4351.455515	3.0000159999999596	states													"            state_name
id                    
29  warndanger_warning"
4354.456031	12.238490000000638	trials	1.0	l	1.0	p	1.0	r	1.0	0.0	0.0	1.0	l	p	
4354.456031	12.238490000000638	states													"   state_name
id           
0     state_0"
4354.456031	0.015991000000212807	states													"          state_name
id                  
1   sending_trialnum"
4354.472022	3.0170090000001437	states													"      state_name
id              
3   wait_for_cin"
4357.489031	0.0024839999996402184	states													"   state_name
id           
4     nicstim"
4357.491515	0.0005049999999755528	states													"       state_name
id               
5   stimon_nosein"
4357.49202	0.6154950000000099	states													"   state_name
id           
4     nicstim"
4358.107515	1.002505000000383	states													"      state_name
id              
7   reinit_cpoke"
4359.11002	0.002494999999726133	states													"   state_name
id           
4     nicstim"
4359.112515	0.0005000000001018634	states													"       state_name
id               
5   stimon_nosein"
4359.113015	0.5135000000000218	states													"   state_name
id           
4     nicstim"
4359.626515	0.06350699999984499	states													"       state_name
id               
8   wait_for_cout"
4359.690022	0.0010019999999713036	states													"   state_name
id           
9       csgap"
4359.691024	0.4534910000002128	states													"        state_name
id                
16  wait_for_spoke"
4360.144515	0.0005000000001018634	states													"             state_name
id                     
18  soff_reward_chooser"
4360.145015	0.0640160000002652	states													"     state_name
id             
22  reward_soff"
4360.209031	0.4124999999994543	states													"         state_name
id                 
26  post_reward_off"
4360.621531	3.072487999999794	states													"         state_name
id                 
27  soft_drink_time"
4363.694019	0.0004960000005667098	states													"    state_name
id            
28  warndanger"
4363.694515	3.0000060000002122	states													"            state_name
id                    
29  warndanger_warning"
4366.695021	26.19499799999994	trials	1.0	r	2.0	p	1.0	r	0.0	0.0	0.0	1.0	r	p	
4366.695021	26.19499799999994	states													"   state_name
id           
0     state_0"
4366.695021	0.01599999999962165	states													"          state_name
id                  
1   sending_trialnum"
4366.711021	16.539001999999527	states													"      state_name
id              
3   wait_for_cin"
4383.250023	0.002492000000529515	states													"   state_name
id           
4     nicstim"
4383.252515	0.0005000000001018634	states													"       state_name
id               
5   stimon_nosein"
4383.253015	0.49799999999959255	states													"   state_name
id           
4     nicstim"
4383.751015	0.1150100000004386	states													"       state_name
id               
8   wait_for_cout"
4383.866025	0.0014899999996487168	states													"   state_name
id           
9       csgap"
4383.867515	0.5794999999998254	states													"        state_name
id                
16  wait_for_spoke"
4384.447015	0.0005000000001018634	states													"             state_name
id                     
18  soff_reward_chooser"
4384.447515	0.13400600000022678	states													"         state_name
id                 
19  reward_big_soff"
4384.581521	0.3509940000003553	states													"         state_name
id                 
26  post_reward_off"
4384.932515	4.956499999999323	states													"         state_name
id                 
27  soft_drink_time"
4389.889015	0.0005000000001018634	states													"    state_name
id            
28  warndanger"
4389.889515	3.0005040000005465	states													"            state_name
id                    
29  warndanger_warning"
4392.890515	9.016999999999825	trials	1.0	l	1.0	p	1.0	r	1.0	0.0	0.0	1.0	l	p	
4392.890515	9.016999999999825	states													"   state_name
id           
0     state_0"
4392.890515	0.01599999999962165	states													"          state_name
id                  
1   sending_trialnum"
4392.906515	0.0005000000001018634	states													"      state_name
id              
3   wait_for_cin"
4392.907015	0.0020160000003670575	states													"   state_name
id           
4     nicstim"
4392.909031	0.0005000000001018634	states													"       state_name
id               
5   stimon_nosein"
4392.909531	0.5429839999997057	states													"   state_name
id           
4     nicstim"
4393.452515	1.0020009999998365	states													"      state_name
id              
7   reinit_cpoke"
4394.454516	0.0024990000001707813	states													"   state_name
id           
4     nicstim"
4394.457015	0.0005000000001018634	states													"       state_name
id               
5   stimon_nosein"
4394.457515	0.4865159999999378	states													"   state_name
id           
4     nicstim"
4394.944031	0.15448399999968387	states													"       state_name
id               
8   wait_for_cout"
4395.098515	0.0015069999999468564	states													"   state_name
id           
9       csgap"
4395.100022	0.2975089999999909	states													"        state_name
id                
16  wait_for_spoke"
4395.397531	0.0005010000004403992	states													"             state_name
id                     
18  soff_reward_chooser"
4395.398032	0.0639869999995426	states													"     state_name
id             
22  reward_soff"
4395.462019	0.2284960000006322	states													"         state_name
id                 
26  post_reward_off"
4395.690515	3.2159999999994398	states													"         state_name
id                 
27  soft_drink_time"
4398.906515	0.0005060000003140885	states													"    state_name
id            
28  warndanger"
4398.907021	3.0004939999998896	states													"            state_name
id                    
29  warndanger_warning"
4401.908021	386.1804940000002	trials	1.0	l	1.0	p	1.0	r	0.0	0.0	0.0	1.0	l	p	
4401.908021	386.1804940000002	states													"   state_name
id           
0     state_0"
4401.908021	0.016010999999707565	states													"          state_name
id                  
1   sending_trialnum"
4401.924032	375.9304830000001	states													"      state_name
id              
3   wait_for_cin"
4777.854515	0.0020039999999426072	states													"   state_name
id           
4     nicstim"
4777.856519	0.000511999999616819	states													"       state_name
id               
5   stimon_nosein"
4777.857031	0.4859840000008262	states													"   state_name
id           
4     nicstim"
4778.343015	0.1054999999996653	states													"       state_name
id               
8   wait_for_cout"
4778.448515	0.0015080000002853922	states													"   state_name
id           
9       csgap"
4778.450023	0.30300199999965116	states													"        state_name
id                
16  wait_for_spoke"
4778.753025	0.0004900000003544847	states													"             state_name
id                     
18  soff_reward_chooser"
4778.753515	0.12749999999959982	states													"         state_name
id                 
19  reward_big_soff"
4778.881015	1.1114999999999782	states													"         state_name
id                 
26  post_reward_off"
4779.992515	5.095516999999745	states													"         state_name
id                 
27  soft_drink_time"
4785.088032	0.00048300000071321847	states													"    state_name
id            
28  warndanger"
4785.088515	3.0	states													"            state_name
id                    
29  warndanger_warning"
4788.089015	9.65350000000035	trials	1.0	r	2.0	p	1.0	r	0.0	0.0	0.0	1.0	r	p	
4788.089015	9.65350000000035	states													"   state_name
id           
0     state_0"
4788.089015	0.016000000000531145	states													"          state_name
id                  
1   sending_trialnum"
4788.105015	1.1114999999999782	states													"      state_name
id              
3   wait_for_cin"
4789.216515	0.0020160000003670575	states													"   state_name
id           
4     nicstim"
4789.218531	0.0004839999992327648	states													"       state_name
id               
5   stimon_nosein"
4789.219015	0.5120160000005853	states													"   state_name
id           
4     nicstim"
4789.731031	0.08548400000017864	states													"       state_name
id               
8   wait_for_cout"
4789.816515	0.0010059999995064572	states													"   state_name
id           
9       csgap"
4789.817521	0.8885069999996631	states													"        state_name
id                
16  wait_for_spoke"
4790.706028	0.0004870000002483721	states													"             state_name
id                     
18  soff_reward_chooser"
4790.706515	0.1340040000004592	states													"         state_name
id                 
19  reward_big_soff"
4790.840519	0.8279959999999846	states													"         state_name
id                 
26  post_reward_off"
4791.668515	3.0735070000000633	states													"         state_name
id                 
27  soft_drink_time"
4794.742022	0.0004929999995511025	states													"    state_name
id            
28  warndanger"
4794.742515	3.0	states													"            state_name
id                    
29  warndanger_warning"
4797.743015	22.57300699999996	trials	1.0	r	2.0	p	1.0	r	3.0	0.0	0.0	1.0	r	p	
4797.743015	22.57300699999996	states													"   state_name
id           
0     state_0"
4797.743015	0.016015999999581254	states													"          state_name
id                  
1   sending_trialnum"
4797.759031	5.21598400000039	states													"      state_name
id              
3   wait_for_cin"
4802.975015	0.0024999999995998223	states													"   state_name
id           
4     nicstim"
4802.977515	0.0005100000007587369	states													"       state_name
id               
5   stimon_nosein"
4802.978025	0.559505999999601	states													"   state_name
id           
4     nicstim"
4803.537531	1.0354999999999563	states													"      state_name
id              
7   reinit_cpoke"
4804.573031	0.002484000000549713	states													"   state_name
id           
4     nicstim"
4804.575515	0.0005049999999755528	states													"       state_name
id               
5   stimon_nosein"
4804.57602	0.5589949999994133	states													"   state_name
id           
4     nicstim"
4805.135015	4.654000000000451	states													"      state_name
id              
7   reinit_cpoke"
4809.789015	0.001999999999497959	states													"   state_name
id           
4     nicstim"
4809.791015	0.0005000000001018634	states													"       state_name
id               
5   stimon_nosein"
4809.791515	0.6295099999997547	states													"   state_name
id           
4     nicstim"
4810.421025	1.0020060000006197	states													"      state_name
id              
7   reinit_cpoke"
4811.423031	0.0024839999996402184	states													"   state_name
id           
4     nicstim"
4811.425515	0.0005099999998492422	states													"       state_name
id               
5   stimon_nosein"
4811.426025	0.522490000000289	states													"   state_name
id           
4     nicstim"
4811.948515	0.11449999999967986	states													"       state_name
id               
8   wait_for_cout"
4812.063015	0.0010019999999713036	states													"   state_name
id           
9       csgap"
4812.064017	0.3195140000007086	states													"        state_name
id                
16  wait_for_spoke"
4812.383531	0.0004909999997835257	states													"             state_name
id                     
18  soff_reward_chooser"
4812.384022	0.06699299999945652	states													"     state_name
id             
22  reward_soff"
4812.451015	0.0500000000001819	states													"         state_name
id                 
26  post_reward_off"
4812.501015	4.81450600000062	states													"         state_name
id                 
27  soft_drink_time"
4817.315521	0.0005009999995309045	states													"    state_name
id            
28  warndanger"
4817.316022	3.0	states													"            state_name
id                    
29  warndanger_warning"
4820.316515	8.93750799999998	trials	1.0	r	2.0	p	1.0	r	0.0	0.0	0.0	1.0	r	p	
4820.316515	8.93750799999998	states													"   state_name
id           
0     state_0"
4820.316515	0.01599999999962165	states													"          state_name
id                  
1   sending_trialnum"
4820.332515	0.16049999999995634	states													"      state_name
id              
3   wait_for_cin"
4820.493015	0.0020160000003670575	states													"   state_name
id           
4     nicstim"
4820.495031	0.00048999999944499	states													"       state_name
id               
5   stimon_nosein"
4820.495521	0.49899400000049354	states													"   state_name
id           
4     nicstim"
4820.994515	0.016999999999825377	states													"       state_name
id               
8   wait_for_cout"
4821.011515	0.0010000000002037268	states													"   state_name
id           
9       csgap"
4821.012515	0.32699999999931606	states													"        state_name
id                
16  wait_for_spoke"
4821.339515	0.000503000000207976	states													"             state_name
id                     
18  soff_reward_chooser"
4821.340018	0.1340010000003531	states													"         state_name
id                 
19  reward_big_soff"
4821.474019	0.0464959999999337	states													"         state_name
id                 
26  post_reward_off"
4821.520515	4.733005999999477	states													"         state_name
id                 
27  soft_drink_time"
4826.253521	0.0005010000004403992	states													"    state_name
id            
28  warndanger"
4826.254022	3.0000010000003385	states													"            state_name
id                    
29  warndanger_warning"
4829.254516	10.941998999999669	trials	1.0	r	2.0	p	1.0	r	1.0	0.0	0.0	1.0	r	p	
4829.254516	10.941998999999669	states													"   state_name
id           
0     state_0"
4829.254516	0.01599900000019261	states													"          state_name
id                  
1   sending_trialnum"
4829.270515	0.0005059999994045938	states													"      state_name
id              
3   wait_for_cin"
4829.271021	0.002494000000297092	states													"   state_name
id           
4     nicstim"
4829.273515	0.0005049999999755528	states													"       state_name
id               
5   stimon_nosein"
4829.27402	0.4590010000001712	states													"   state_name
id           
4     nicstim"
4829.733021	2.171494000000166	states													"      state_name
id              
7   reinit_cpoke"
4831.904515	0.001999999999497959	states													"   state_name
id           
4     nicstim"
4831.906515	0.0005060000003140885	states													"       state_name
id               
5   stimon_nosein"
4831.907021	0.4859939999996641	states													"   state_name
id           
4     nicstim"
4832.393015	0.021999999999934516	states													"       state_name
id               
8   wait_for_cout"
4832.415015	0.0010140000003957539	states													"   state_name
id           
9       csgap"
4832.416029	0.4679900000000998	states													"        state_name
id                
16  wait_for_spoke"
4832.884019	0.0004959999996572151	states													"             state_name
id                     
18  soff_reward_chooser"
4832.884515	0.06700000000000728	states													"     state_name
id             
22  reward_soff"
4832.951515	0.046000000000276486	states													"         state_name
id                 
26  post_reward_off"
4832.997515	4.198005999999623	states													"         state_name
id                 
27  soft_drink_time"
4837.195521	0.0005010000004403992	states													"    state_name
id            
28  warndanger"
4837.196022	3.000492999999551	states													"            state_name
id                    
29  warndanger_warning"
4840.197015	10.186001000000033	trials	1.0	l	1.0	p	1.0	r	1.0	0.0	0.0	1.0	l	p	
4840.197015	10.186001000000033	states													"   state_name
id           
0     state_0"
4840.197015	0.016000000000531145	states													"          state_name
id                  
1   sending_trialnum"
4840.213015	0.34649999999965075	states													"      state_name
id              
3   wait_for_cin"
4840.559515	0.0020160000003670575	states													"   state_name
id           
4     nicstim"
4840.561531	0.0005000000001018634	states													"       state_name
id               
5   stimon_nosein"
4840.562031	0.5634839999993346	states													"   state_name
id           
4     nicstim"
4841.125515	1.0025009999999384	states													"      state_name
id              
7   reinit_cpoke"
4842.128016	0.002003000000513566	states													"   state_name
id           
4     nicstim"
4842.130019	0.0004959999996572151	states													"       state_name
id               
5   stimon_nosein"
4842.130515	0.5084999999999127	states													"   state_name
id           
4     nicstim"
4842.639015	0.06350000000020373	states													"       state_name
id               
8   wait_for_cout"
4842.702515	0.001510000000052969	states													"   state_name
id           
9       csgap"
4842.704025	0.4200039999996079	states													"        state_name
id                
16  wait_for_spoke"
4843.124029	0.0004890000000159489	states													"             state_name
id                     
18  soff_reward_chooser"
4843.124518	0.06399700000019948	states													"     state_name
id             
22  reward_soff"
4843.188515	0.1195079999997688	states													"         state_name
id                 
26  post_reward_off"
4843.308023	4.074492000000646	states													"         state_name
id                 
27  soft_drink_time"
4847.382515	0.0005000000001018634	states													"    state_name
id            
28  warndanger"
4847.383015	3.000000999999429	states													"            state_name
id                    
29  warndanger_warning"
4850.383515	9.20051599999988	trials	1.0	l	1.0	p	1.0	r	0.0	0.0	0.0	1.0	l	p	
4850.383515	9.20051599999988	states													"   state_name
id           
0     state_0"
4850.383515	0.01599999999962165	states													"          state_name
id                  
1   sending_trialnum"
4850.399515	0.000503000000207976	states													"      state_name
id              
3   wait_for_cin"
4850.400018	0.0020039999999426072	states													"   state_name
id           
4     nicstim"
4850.402022	0.0005089999995107064	states													"       state_name
id               
5   stimon_nosein"
4850.402531	0.4914969999999812	states													"   state_name
id           
4     nicstim"
4850.894028	0.09999100000004546	states													"       state_name
id               
8   wait_for_cout"
4850.994019	0.001495999999860942	states													"   state_name
id           
9       csgap"
4850.995515	0.45350800000051095	states													"        state_name
id                
16  wait_for_spoke"
4851.449023	0.0004920000001220615	states													"             state_name
id                     
18  soff_reward_chooser"
4851.449515	0.12749999999959982	states													"         state_name
id                 
19  reward_big_soff"
4851.577015	0.9764999999997599	states													"         state_name
id                 
26  post_reward_off"
4852.553515	4.029500000000553	states													"         state_name
id                 
27  soft_drink_time"
4856.583015	0.0005000000001018634	states													"    state_name
id            
28  warndanger"
4856.583515	3.0005160000000615	states													"            state_name
id                    
29  warndanger_warning"
4859.584515	25.119506	trials	1.0	r	2.0	p	1.0	r	5.0	0.0	0.0	1.0	r	p	
4859.584515	25.119506	states													"   state_name
id           
0     state_0"
4859.584515	0.01601600000049075	states													"          state_name
id                  
1   sending_trialnum"
4859.600531	4.608484000000317	states													"      state_name
id              
3   wait_for_cin"
4864.209015	0.0025059999998120475	states													"   state_name
id           
4     nicstim"
4864.211521	0.0005009999995309045	states													"       state_name
id               
5   stimon_nosein"
4864.212022	0.6469940000006318	states													"   state_name
id           
4     nicstim"
4864.859016	1.0024989999992613	states													"      state_name
id              
7   reinit_cpoke"
4865.861515	0.0020160000003670575	states													"   state_name
id           
4     nicstim"
4865.863531	0.0005010000004403992	states													"       state_name
id               
5   stimon_nosein"
4865.864032	0.45148299999982555	states													"   state_name
id           
4     nicstim"
4866.315515	1.001999999999498	states													"      state_name
id              
7   reinit_cpoke"
4867.317515	0.0020000000004074536	states													"   state_name
id           
4     nicstim"
4867.319515	0.0005160000000614673	states													"       state_name
id               
5   stimon_nosein"
4867.320031	0.3514839999998003	states													"   state_name
id           
4     nicstim"
4867.671515	1.4035000000003492	states													"      state_name
id              
7   reinit_cpoke"
4869.075015	0.0024999999995998223	states													"   state_name
id           
4     nicstim"
4869.077515	0.0005090000004202011	states													"       state_name
id               
5   stimon_nosein"
4869.078024	0.5784909999993033	states													"   state_name
id           
4     nicstim"
4869.656515	1.0335030000005645	states													"      state_name
id              
7   reinit_cpoke"
4870.690018	0.0020039999999426072	states													"   state_name
id           
4     nicstim"
4870.692022	0.0005089999995107064	states													"       state_name
id               
5   stimon_nosein"
4870.692531	0.5699840000006589	states													"   state_name
id           
4     nicstim"
4871.262515	5.171999999999571	states													"      state_name
id              
7   reinit_cpoke"
4876.434515	0.0020000000004074536	states													"   state_name
id           
4     nicstim"
4876.436515	0.0005000000001018634	states													"       state_name
id               
5   stimon_nosein"
4876.437015	0.5250139999998282	states													"   state_name
id           
4     nicstim"
4876.962029	0.0455019999999422	states													"       state_name
id               
8   wait_for_cout"
4877.007531	0.0014839999994364916	states													"   state_name
id           
9       csgap"
4877.009015	0.3875000000007276	states													"        state_name
id                
16  wait_for_spoke"
4877.396515	0.0005009999995309045	states													"             state_name
id                     
18  soff_reward_chooser"
4877.397016	0.0670060000002195	states													"     state_name
id             
22  reward_soff"
4877.464022	0.21299900000030902	states													"         state_name
id                 
26  post_reward_off"
4877.677021	4.025993999999628	states													"         state_name
id                 
27  soft_drink_time"
4881.703015	0.0005000000001018634	states													"    state_name
id            
28  warndanger"
4881.703515	3.0005059999994046	states													"            state_name
id                    
29  warndanger_warning"
4884.704515	9.301005999999688	trials	1.0	l	1.0	p	1.0	r	0.0	0.0	0.0	1.0	l	p	
4884.704515	9.301005999999688	states													"   state_name
id           
0     state_0"
4884.704515	0.016015999999581254	states													"          state_name
id                  
1   sending_trialnum"
4884.720531	0.0004939999998896383	states													"      state_name
id              
3   wait_for_cin"
4884.721025	0.0024899999998524436	states													"   state_name
id           
4     nicstim"
4884.723515	0.0005090000004202011	states													"       state_name
id               
5   stimon_nosein"
4884.724024	0.495506999999634	states													"   state_name
id           
4     nicstim"
4885.219531	0.09248999999999796	states													"       state_name
id               
8   wait_for_cout"
4885.312021	0.001494000000093365	states													"   state_name
id           
9       csgap"
4885.313515	0.29050400000051013	states													"        state_name
id                
16  wait_for_spoke"
4885.604019	0.0004959999996572151	states													"             state_name
id                     
18  soff_reward_chooser"
4885.604515	0.1275020000002769	states													"         state_name
id                 
19  reward_big_soff"
4885.732017	0.22600599999987026	states													"         state_name
id                 
26  post_reward_off"
4885.958023	5.046491999999489	states													"         state_name
id                 
27  soft_drink_time"
4891.004515	0.0005000000001018634	states													"    state_name
id            
28  warndanger"
4891.005015	3.000506000000314	states													"            state_name
id                    
29  warndanger_warning"
4894.006022	12.85699300000033	trials	1.0	r	2.0	p	1.0	r	2.0	0.0	0.0	1.0	r	p	
4894.006022	12.85699300000033	states													"   state_name
id           
0     state_0"
4894.006022	0.01600100000086968	states													"          state_name
id                  
1   sending_trialnum"
4894.022023	0.0005009999995309045	states													"      state_name
id              
3   wait_for_cin"
4894.022524	0.0024910000001909793	states													"   state_name
id           
4     nicstim"
4894.025015	0.0005000000001018634	states													"       state_name
id               
5   stimon_nosein"
4894.025515	0.6265189999994618	states													"   state_name
id           
4     nicstim"
4894.652034	1.0024810000004436	states													"      state_name
id              
7   reinit_cpoke"
4895.654515	0.002015999999457563	states													"   state_name
id           
4     nicstim"
4895.656531	0.000494000000799133	states													"       state_name
id               
5   stimon_nosein"
4895.657025	0.5074899999999616	states													"   state_name
id           
4     nicstim"
4896.164515	2.688999999999396	states													"      state_name
id              
7   reinit_cpoke"
4898.853515	0.0020160000003670575	states													"   state_name
id           
4     nicstim"
4898.855531	0.0004909999997835257	states													"       state_name
id               
5   stimon_nosein"
4898.856022	0.48749299999963114	states													"   state_name
id           
4     nicstim"
4899.343515	0.0420060000005833	states													"       state_name
id               
8   wait_for_cout"
4899.385521	0.001494000000093365	states													"   state_name
id           
9       csgap"
4899.387015	0.3870099999994636	states													"        state_name
id                
16  wait_for_spoke"
4899.774025	0.0004900000003544847	states													"             state_name
id                     
18  soff_reward_chooser"
4899.774515	0.06700000000000728	states													"     state_name
id             
22  reward_soff"
4899.841515	0.5680160000001706	states													"         state_name
id                 
26  post_reward_off"
4900.409531	3.4524929999997767	states													"         state_name
id                 
27  soft_drink_time"
4903.862024	0.0004909999997835257	states													"    state_name
id            
28  warndanger"
4903.862515	3.000500000000102	states													"            state_name
id                    
29  warndanger_warning"
4906.863521	12.060993999999482	trials	1.0	r	2.0	p	1.0	r	0.0	0.0	0.0	1.0	r	p	
4906.863521	12.060993999999482	states													"   state_name
id           
0     state_0"
4906.863521	0.015993999999409425	states													"          state_name
id                  
1   sending_trialnum"
4906.879515	0.0005060000003140885	states													"      state_name
id              
3   wait_for_cin"
4906.880021	0.0020039999999426072	states													"   state_name
id           
4     nicstim"
4906.882025	0.0004930000004605972	states													"       state_name
id               
5   stimon_nosein"
4906.882518	0.5249969999995301	states													"   state_name
id           
4     nicstim"
4907.407515	0.12700000000040745	states													"       state_name
id               
8   wait_for_cout"
4907.534515	0.0015119999998205458	states													"   state_name
id           
9       csgap"
4907.536027	0.30150400000002264	states													"        state_name
id                
16  wait_for_spoke"
4907.837531	0.0004969999999957508	states													"             state_name
id                     
18  soff_reward_chooser"
4907.838028	0.13399399999980233	states													"         state_name
id                 
19  reward_big_soff"
4907.972022	0.1574929999997039	states													"         state_name
id                 
26  post_reward_off"
4908.129515	7.794016000000738	states													"         state_name
id                 
27  soft_drink_time"
4915.923531	0.0004909999997835257	states													"    state_name
id            
28  warndanger"
4915.924022	3.000492999999551	states													"            state_name
id                    
29  warndanger_warning"
4918.925016	9.769003999999768	trials	1.0	r	2.0	p	1.0	r	0.0	0.0	0.0	1.0	r	p	
4918.925016	9.769003999999768	states													"   state_name
id           
0     state_0"
4918.925016	0.01599900000019261	states													"          state_name
id                  
1   sending_trialnum"
4918.941015	0.0999999999994543	states													"      state_name
id              
3   wait_for_cin"
4919.041015	0.0020000000004074536	states													"   state_name
id           
4     nicstim"
4919.043015	0.0005000000001018634	states													"       state_name
id               
5   stimon_nosein"
4919.043515	0.5055089999996198	states													"   state_name
id           
4     nicstim"
4919.549024	0.08699799999976676	states													"       state_name
id               
8   wait_for_cout"
4919.636022	0.0010019999999713036	states													"   state_name
id           
9       csgap"
4919.637024	0.5359910000006494	states													"        state_name
id                
16  wait_for_spoke"
4920.173015	0.0005000000001018634	states													"             state_name
id                     
18  soff_reward_chooser"
4920.173515	0.13401599999997416	states													"         state_name
id                 
19  reward_big_soff"
4920.307531	0.3624969999991663	states													"         state_name
id                 
26  post_reward_off"
4920.670028	5.022987000000285	states													"         state_name
id                 
27  soft_drink_time"
4925.693015	0.0005160000000614673	states													"    state_name
id            
28  warndanger"
4925.693531	3.000489000000016	states													"            state_name
id                    
29  warndanger_warning"
4928.694515	9.844500000000153	trials	1.0	r	2.0	p	1.0	r	1.0	0.0	0.0	1.0	r	p	
4928.694515	9.844500000000153	states													"   state_name
id           
0     state_0"
4928.694515	0.01599999999962165	states													"          state_name
id                  
1   sending_trialnum"
4928.710515	0.0005010000004403992	states													"      state_name
id              
3   wait_for_cin"
4928.711016	0.002515000000130385	states													"   state_name
id           
4     nicstim"
4928.713531	0.0004909999997835257	states													"       state_name
id               
5   stimon_nosein"
4928.714022	0.5474930000000313	states													"   state_name
id           
4     nicstim"
4929.261515	1.16399999999976	states													"      state_name
id              
7   reinit_cpoke"
4930.425515	0.0020000000004074536	states													"   state_name
id           
4     nicstim"
4930.427515	0.000503999999637017	states													"       state_name
id               
5   stimon_nosein"
4930.428019	0.5275119999996605	states													"   state_name
id           
4     nicstim"
4930.955531	0.053484000000025844	states													"       state_name
id               
8   wait_for_cout"
4931.009015	0.0010030000003098394	states													"   state_name
id           
9       csgap"
4931.010018	0.2840040000000954	states													"        state_name
id                
16  wait_for_spoke"
4931.294022	0.0005089999995107064	states													"             state_name
id                     
18  soff_reward_chooser"
4931.294531	0.06698400000004767	states													"     state_name
id             
22  reward_soff"
4931.361515	0.08250200000020413	states													"         state_name
id                 
26  post_reward_off"
4931.444017	4.094498000000385	states													"         state_name
id                 
27  soft_drink_time"
4935.538515	0.0005000000001018634	states													"    state_name
id            
28  warndanger"
4935.539015	3.0	states													"            state_name
id                    
29  warndanger_warning"
4938.539515	16.3179999999993	trials	1.0	l	1.0	p	1.0	r	2.0	0.0	0.0	1.0	l	p	
4938.539515	16.3179999999993	states													"   state_name
id           
0     state_0"
4938.539515	0.01599999999962165	states													"          state_name
id                  
1   sending_trialnum"
4938.555515	0.9210000000002765	states													"      state_name
id              
3   wait_for_cin"
4939.476515	0.001999999999497959	states													"   state_name
id           
4     nicstim"
4939.478515	0.0005000000001018634	states													"       state_name
id               
5   stimon_nosein"
4939.479015	0.5100000000002183	states													"   state_name
id           
4     nicstim"
4939.989015	1.0020159999994576	states													"      state_name
id              
7   reinit_cpoke"
4940.991031	0.002484000000549713	states													"   state_name
id           
4     nicstim"
4940.993515	0.0005129999999553547	states													"       state_name
id               
5   stimon_nosein"
4940.994028	0.6384900000002744	states													"   state_name
id           
4     nicstim"
4941.632518	5.859012999999322	states													"      state_name
id              
7   reinit_cpoke"
4947.491531	0.00248600000031729	states													"   state_name
id           
4     nicstim"
4947.494017	0.0004980000003342866	states													"       state_name
id               
5   stimon_nosein"
4947.494515	0.5159999999996217	states													"   state_name
id           
4     nicstim"
4948.010515	0.06599999999980355	states													"       state_name
id               
8   wait_for_cout"
4948.076515	0.001509000000623928	states													"   state_name
id           
9       csgap"
4948.078024	0.2724920000000566	states													"        state_name
id                
16  wait_for_spoke"
4948.350516	0.0004989999997633277	states													"             state_name
id                     
18  soff_reward_chooser"
4948.351015	0.06400099999973463	states													"     state_name
id             
22  reward_soff"
4948.415016	0.10449900000003254	states													"         state_name
id                 
26  post_reward_off"
4948.519515	3.3370160000004034	states													"         state_name
id                 
27  soft_drink_time"
4951.856531	0.0004949999993186793	states													"    state_name
id            
28  warndanger"
4951.857026	3.000489000000016	states													"            state_name
id                    
29  warndanger_warning"
4954.858024	8.701490999999805	trials	1.0	r	2.0	p	1.0	r	0.0	0.0	0.0	1.0	r	p	
4954.858024	8.701490999999805	states													"   state_name
id           
0     state_0"
4954.858024	0.015997999999854073	states													"          state_name
id                  
1   sending_trialnum"
4954.874022	0.0004930000004605972	states													"      state_name
id              
3   wait_for_cin"
4954.874515	0.001999999999497959	states													"   state_name
id           
4     nicstim"
4954.876515	0.0005000000001018634	states													"       state_name
id               
5   stimon_nosein"
4954.877015	0.5244999999995343	states													"   state_name
id           
4     nicstim"
4955.401515	0.1180000000003929	states													"       state_name
id               
8   wait_for_cout"
4955.519515	0.0010000000002037268	states													"   state_name
id           
9       csgap"
4955.520515	0.3415079999995214	states													"        state_name
id                
16  wait_for_spoke"
4955.862023	0.0004920000001220615	states													"             state_name
id                     
18  soff_reward_chooser"
4955.862515	0.13400000000001455	states													"         state_name
id                 
19  reward_big_soff"
4955.996515	0.22800000000006548	states													"         state_name
id                 
26  post_reward_off"
4956.224515	4.333999999999833	states													"         state_name
id                 
27  soft_drink_time"
4960.558515	0.0005000000001018634	states													"    state_name
id            
28  warndanger"
4960.559015	3.000500000000102	states													"            state_name
id                    
29  warndanger_warning"
4963.560022	11.003998000000138	trials	1.0	l	1.0	p	1.0	r	0.0	0.0	0.0	1.0	l	p	
4963.560022	11.003998000000138	states													"   state_name
id           
0     state_0"
4963.560022	0.01599900000019261	states													"          state_name
id                  
1   sending_trialnum"
4963.576021	1.776002000000517	states													"      state_name
id              
3   wait_for_cin"
4965.352023	0.00200700000004872	states													"   state_name
id           
4     nicstim"
4965.35403	0.00048799999967741314	states													"       state_name
id               
5   stimon_nosein"
4965.354518	0.5210129999995843	states													"   state_name
id           
4     nicstim"
4965.875531	0.0369909999999436	states													"       state_name
id               
8   wait_for_cout"
4965.912522	0.0015000000003055902	states													"   state_name
id           
9       csgap"
4965.914022	0.45200000000022555	states													"        state_name
id                
16  wait_for_spoke"
4966.366022	0.0005089999995107064	states													"             state_name
id                     
18  soff_reward_chooser"
4966.366531	0.12748700000065583	states													"         state_name
id                 
19  reward_big_soff"
4966.494018	0.2874969999993482	states													"         state_name
id                 
26  post_reward_off"
4966.781515	4.782000000000153	states													"         state_name
id                 
27  soft_drink_time"
4971.563515	0.0005019999998694402	states													"    state_name
id            
28  warndanger"
4971.564017	3.000003000000106	states													"            state_name
id                    
29  warndanger_warning"
4974.564515	9.6175089999997	trials	1.0	r	2.0	p	1.0	r	0.0	0.0	0.0	1.0	r	p	
4974.564515	9.6175089999997	states													"   state_name
id           
0     state_0"
4974.564515	0.01599999999962165	states													"          state_name
id                  
1   sending_trialnum"
4974.580515	0.0005010000004403992	states													"      state_name
id              
3   wait_for_cin"
4974.581016	0.002515000000130385	states													"   state_name
id           
4     nicstim"
4974.583531	0.0004909999997835257	states													"       state_name
id               
5   stimon_nosein"
4974.584022	0.5114929999999731	states													"   state_name
id           
4     nicstim"
4975.095515	0.0640160000002652	states													"       state_name
id               
8   wait_for_cout"
4975.159531	0.0014839999994364916	states													"   state_name
id           
9       csgap"
4975.161015	0.2695000000003347	states													"        state_name
id                
16  wait_for_spoke"
4975.430515	0.0005000000001018634	states													"             state_name
id                     
18  soff_reward_chooser"
4975.431015	0.13400000000001455	states													"         state_name
id                 
19  reward_big_soff"
4975.565015	0.04249999999956344	states													"         state_name
id                 
26  post_reward_off"
4975.607515	5.573500000000422	states													"         state_name
id                 
27  soft_drink_time"
4981.181015	0.0005000000001018634	states													"    state_name
id            
28  warndanger"
4981.181515	3.0005089999995107	states													"            state_name
id                    
29  warndanger_warning"
4984.182515	21.982499999999163	trials	1.0	r	2.0	p	1.0	r	3.0	0.0	0.0	1.0	r	p	
4984.182515	21.982499999999163	states													"   state_name
id           
0     state_0"
4984.182515	0.01599999999962165	states													"          state_name
id                  
1   sending_trialnum"
4984.198515	0.0005000000001018634	states													"      state_name
id              
3   wait_for_cin"
4984.199015	0.002015999999457563	states													"   state_name
id           
4     nicstim"
4984.201031	0.0005000000001018634	states													"       state_name
id               
5   stimon_nosein"
4984.201531	0.54649100000006	states													"   state_name
id           
4     nicstim"
4984.748022	9.000003000000106	states													"      state_name
id              
7   reinit_cpoke"
4993.748025	0.002492000000529515	states													"   state_name
id           
4     nicstim"
4993.750517	0.0004979999994247919	states													"       state_name
id               
5   stimon_nosein"
4993.751015	0.6010080000005473	states													"   state_name
id           
4     nicstim"
4994.352023	1.6374919999998383	states													"      state_name
id              
7   reinit_cpoke"
4995.989515	0.001999999999497959	states													"   state_name
id           
4     nicstim"
4995.991515	0.0005070000006526243	states													"       state_name
id               
5   stimon_nosein"
4995.992022	0.6454929999999877	states													"   state_name
id           
4     nicstim"
4996.637515	1.116015999999945	states													"      state_name
id              
7   reinit_cpoke"
4997.753531	0.002486999999746331	states													"   state_name
id           
4     nicstim"
4997.756018	0.0004969999999957508	states													"       state_name
id               
5   stimon_nosein"
4997.756515	0.4960000000000946	states													"   state_name
id           
4     nicstim"
4998.252515	0.2944999999999709	states													"       state_name
id               
8   wait_for_cout"
4998.547015	0.0010059999995064572	states													"   state_name
id           
9       csgap"
4998.548021	0.2324960000005376	states													"        state_name
id                
16  wait_for_spoke"
4998.780517	0.0004979999994247919	states													"             state_name
id                     
18  soff_reward_chooser"
4998.781015	0.06700799999998708	states													"     state_name
id             
22  reward_soff"
4998.848023	0.1069919999999911	states													"         state_name
id                 
26  post_reward_off"
4998.955015	4.209014000000025	states													"         state_name
id                 
27  soft_drink_time"
5003.164029	0.00048600000081933104	states													"    state_name
id            
28  warndanger"
5003.164515	3.0004999999991924	states													"            state_name
id                    
29  warndanger_warning"
5006.165515	8.956503000000339	trials	1.0	l	1.0	p	1.0	r	0.0	0.0	0.0	1.0	l	p	
5006.165515	8.956503000000339	states													"   state_name
id           
0     state_0"
5006.165515	0.01601600000049075	states													"          state_name
id                  
1   sending_trialnum"
5006.181531	0.28798399999959656	states													"      state_name
id              
3   wait_for_cin"
5006.469515	0.0020000000004074536	states													"   state_name
id           
4     nicstim"
5006.471515	0.0005019999998694402	states													"       state_name
id               
5   stimon_nosein"
5006.472017	0.5214980000000651	states													"   state_name
id           
4     nicstim"
5006.993515	0.1105070000003252	states													"       state_name
id               
8   wait_for_cout"
5007.104022	0.0010009999996327679	states													"   state_name
id           
9       csgap"
5007.105023	0.5534980000002179	states													"        state_name
id                
16  wait_for_spoke"
5007.658521	0.0005000000001018634	states													"             state_name
id                     
18  soff_reward_chooser"
5007.659021	0.1274939999993876	states													"         state_name
id                 
19  reward_big_soff"
5007.786515	0.12449999999989814	states													"         state_name
id                 
26  post_reward_off"
5007.911015	4.210000000000036	states													"         state_name
id                 
27  soft_drink_time"
5012.121015	0.0005000000001018634	states													"    state_name
id            
28  warndanger"
5012.121515	3.000503000000208	states													"            state_name
id                    
29  warndanger_warning"
5015.122515	60.452000000000226	trials	1.0	r	2.0	p	1.0	r	4.0	0.0	0.0	1.0	r	p	
5015.122515	60.452000000000226	states													"   state_name
id           
0     state_0"
5015.122515	0.01599999999962165	states													"          state_name
id                  
1   sending_trialnum"
5015.138515	46.06350199999997	states													"      state_name
id              
3   wait_for_cin"
5061.202017	0.002005000000281143	states													"   state_name
id           
4     nicstim"
5061.204022	0.0004989999997633277	states													"       state_name
id               
5   stimon_nosein"
5061.204521	0.6559940000006463	states													"   state_name
id           
4     nicstim"
5061.860515	1.0024999999995998	states													"      state_name
id              
7   reinit_cpoke"
5062.863015	0.0020000000004074536	states													"   state_name
id           
4     nicstim"
5062.865015	0.0005000000001018634	states													"       state_name
id               
5   stimon_nosein"
5062.865515	0.5979999999999563	states													"   state_name
id           
4     nicstim"
5063.463515	1.644015999999283	states													"      state_name
id              
7   reinit_cpoke"
5065.107531	0.0024890000004234025	states													"   state_name
id           
4     nicstim"
5065.11002	0.0004959999996572151	states													"       state_name
id               
5   stimon_nosein"
5065.110516	0.2575010000000475	states													"   state_name
id           
4     nicstim"
5065.368017	1.0025040000000445	states													"      state_name
id              
7   reinit_cpoke"
5066.370521	0.002494000000297092	states													"   state_name
id           
4     nicstim"
5066.373015	0.0005000000001018634	states													"       state_name
id               
5   stimon_nosein"
5066.373515	0.545999999999367	states													"   state_name
id           
4     nicstim"
5066.919515	1.0025070000001506	states													"      state_name
id              
7   reinit_cpoke"
5067.922022	0.002492999999958556	states													"   state_name
id           
4     nicstim"
5067.924515	0.0005019999998694402	states													"       state_name
id               
5   stimon_nosein"
5067.925017	0.5310100000006059	states													"   state_name
id           
4     nicstim"
5068.456027	0.035003999999389634	states													"       state_name
id               
8   wait_for_cout"
5068.491031	0.0014840000003459863	states													"   state_name
id           
9       csgap"
5068.492515	0.43701599999985774	states													"        state_name
id                
16  wait_for_spoke"
5068.929531	0.0004990000006728224	states													"             state_name
id                     
18  soff_reward_chooser"
5068.93003	0.06699299999945652	states													"     state_name
id             
22  reward_soff"
5068.997023	0.11649200000010751	states													"         state_name
id                 
26  post_reward_off"
5069.113515	3.4605060000003505	states													"         state_name
id                 
27  soft_drink_time"
5072.574021	0.0004939999998896383	states													"    state_name
id            
28  warndanger"
5072.574515	3.0	states													"            state_name
id                    
29  warndanger_warning"
5075.575015	8.633006999999452	trials	1.0	l	1.0	p	1.0	r	0.0	0.0	0.0	1.0	l	p	
5075.575015	8.633006999999452	states													"   state_name
id           
0     state_0"
5075.575015	0.01599999999962165	states													"          state_name
id                  
1   sending_trialnum"
5075.591015	0.04749999999967258	states													"      state_name
id              
3   wait_for_cin"
5075.638515	0.0020160000003670575	states													"   state_name
id           
4     nicstim"
5075.640531	0.0004929999995511025	states													"       state_name
id               
5   stimon_nosein"
5075.641024	0.4954910000005839	states													"   state_name
id           
4     nicstim"
5076.136515	0.03600600000027043	states													"       state_name
id               
8   wait_for_cout"
5076.172521	0.0010099999999511056	states													"   state_name
id           
9       csgap"
5076.173531	0.4154839999991964	states													"        state_name
id                
16  wait_for_spoke"
5076.589015	0.0005000000001018634	states													"             state_name
id                     
18  soff_reward_chooser"
5076.589515	0.12750000000050932	states													"         state_name
id                 
19  reward_big_soff"
5076.717015	0.09500399999978981	states													"         state_name
id                 
26  post_reward_off"
5076.812019	4.394995999999992	states													"         state_name
id                 
27  soft_drink_time"
5081.207015	0.0005060000003140885	states													"    state_name
id            
28  warndanger"
5081.207521	3.000500999999531	states													"            state_name
id                    
29  warndanger_warning"
5084.208515	9.498999999999796	trials	1.0	l	1.0	p	1.0	r	0.0	0.0	0.0	1.0	l	p	
5084.208515	9.498999999999796	states													"   state_name
id           
0     state_0"
5084.208515	0.016000999999960186	states													"          state_name
id                  
1   sending_trialnum"
5084.224516	0.0005049999999755528	states													"      state_name
id              
3   wait_for_cin"
5084.225021	0.002493999999387597	states													"   state_name
id           
4     nicstim"
5084.227515	0.0005040000005465117	states													"       state_name
id               
5   stimon_nosein"
5084.228019	0.5004959999996572	states													"   state_name
id           
4     nicstim"
5084.728515	0.044499999999970896	states													"       state_name
id               
8   wait_for_cout"
5084.773015	0.0010030000003098394	states													"   state_name
id           
9       csgap"
5084.774018	0.26049700000021403	states													"        state_name
id                
16  wait_for_spoke"
5085.034515	0.0005000000001018634	states													"             state_name
id                     
18  soff_reward_chooser"
5085.035015	0.12749999999959982	states													"         state_name
id                 
19  reward_big_soff"
5085.162515	0.11999999999989086	states													"         state_name
id                 
26  post_reward_off"
5085.282515	5.424001000000317	states													"         state_name
id                 
27  soft_drink_time"
5090.706516	0.0005149999997229315	states													"    state_name
id            
28  warndanger"
5090.707031	3.0004840000001423	states													"            state_name
id                    
29  warndanger_warning"
5093.70802	12.054995000000417	trials	1.0	r	2.0	p	1.0	r	0.0	0.0	0.0	1.0	r	p	
5093.70802	12.054995000000417	states													"   state_name
id           
0     state_0"
5093.70802	0.0160040000000663	states													"          state_name
id                  
1   sending_trialnum"
5093.724024	0.0004909999997835257	states													"      state_name
id              
3   wait_for_cin"
5093.724515	0.002500000000509317	states													"   state_name
id           
4     nicstim"
5093.727015	0.0004999999991923687	states													"       state_name
id               
5   stimon_nosein"
5093.727515	0.49650800000017625	states													"   state_name
id           
4     nicstim"
5094.224023	0.03699200000028213	states													"       state_name
id               
8   wait_for_cout"
5094.261015	0.0010160000001633307	states													"   state_name
id           
9       csgap"
5094.262031	1.130483999999342	states													"        state_name
id                
16  wait_for_spoke"
5095.392515	0.0005010000004403992	states													"             state_name
id                     
18  soff_reward_chooser"
5095.393016	0.13401499999963562	states													"         state_name
id                 
19  reward_big_soff"
5095.527031	0.352484000000004	states													"         state_name
id                 
26  post_reward_off"
5095.879515	6.8825140000008105	states													"         state_name
id                 
27  soft_drink_time"
5102.762029	0.00048599999990983633	states													"    state_name
id            
28  warndanger"
5102.762515	3.000500000000102	states													"            state_name
id                    
29  warndanger_warning"
5105.763515	12.181000000000495	trials	1.0	r	2.0	p	1.0	r	2.0	0.0	0.0	1.0	r	p	
5105.763515	12.181000000000495	states													"   state_name
id           
0     state_0"
5105.763515	0.01601600000049075	states													"          state_name
id                  
1   sending_trialnum"
5105.779531	0.0005060000003140885	states													"      state_name
id              
3   wait_for_cin"
5105.780037	0.0024779999994279933	states													"   state_name
id           
4     nicstim"
5105.782515	0.0005000000001018634	states													"       state_name
id               
5   stimon_nosein"
5105.783015	0.5910100000000966	states													"   state_name
id           
4     nicstim"
5106.374025	1.0024899999998524	states													"      state_name
id              
7   reinit_cpoke"
5107.376515	0.002500000000509317	states													"   state_name
id           
4     nicstim"
5107.379015	0.0005059999994045938	states													"       state_name
id               
5   stimon_nosein"
5107.379521	0.5190050000001065	states													"   state_name
id           
4     nicstim"
5107.898526	1.137496999999712	states													"      state_name
id              
7   reinit_cpoke"
5109.036023	0.0020090000007257913	states													"   state_name
id           
4     nicstim"
5109.038032	0.00048299999980372377	states													"       state_name
id               
5   stimon_nosein"
5109.038515	0.5050000000001091	states													"   state_name
id           
4     nicstim"
5109.543515	0.2539999999999054	states													"       state_name
id               
8   wait_for_cout"
5109.797515	0.0014999999993960955	states													"   state_name
id           
9       csgap"
5109.799015	0.3015000000004875	states													"        state_name
id                
16  wait_for_spoke"
5110.100515	0.0005000000001018634	states													"             state_name
id                     
18  soff_reward_chooser"
5110.101015	0.06700699999964854	states													"     state_name
id             
22  reward_soff"
5110.168022	0.1324930000000677	states													"         state_name
id                 
26  post_reward_off"
5110.300515	4.643015999999989	states													"         state_name
id                 
27  soft_drink_time"
5114.943531	0.0004989999997633277	states													"    state_name
id            
28  warndanger"
5114.94403	3.000485000000481	states													"            state_name
id                    
29  warndanger_warning"
5117.945015	9.811499999999796	trials	1.0	r	2.0	p	1.0	r	0.0	0.0	0.0	1.0	r	p	
5117.945015	9.811499999999796	states													"   state_name
id           
0     state_0"
5117.945015	0.01599999999962165	states													"          state_name
id                  
1   sending_trialnum"
5117.961015	0.03150000000005093	states													"      state_name
id              
3   wait_for_cin"
5117.992515	0.002500000000509317	states													"   state_name
id           
4     nicstim"
5117.995015	0.0004999999991923687	states													"       state_name
id               
5   stimon_nosein"
5117.995515	0.5050000000001091	states													"   state_name
id           
4     nicstim"
5118.500515	0.04899999999997817	states													"       state_name
id               
8   wait_for_cout"
5118.549515	0.0010000000002037268	states													"   state_name
id           
9       csgap"
5118.550515	0.4459999999999127	states													"        state_name
id                
16  wait_for_spoke"
5118.996515	0.0005000000001018634	states													"             state_name
id                     
18  soff_reward_chooser"
5118.997015	0.13400000000001455	states													"         state_name
id                 
19  reward_big_soff"
5119.131015	0.3419999999996435	states													"         state_name
id                 
26  post_reward_off"
5119.473015	5.282500000000255	states													"         state_name
id                 
27  soft_drink_time"
5124.755515	0.0005040000005465117	states													"    state_name
id            
28  warndanger"
5124.756019	3.000495999999657	states													"            state_name
id                    
29  warndanger_warning"
5127.757015	25.66651600000023	trials	1.0	l	1.0	p	1.0	r	3.0	0.0	0.0	1.0	l	p	
5127.757015	25.66651600000023	states													"   state_name
id           
0     state_0"
5127.757015	0.01599999999962165	states													"          state_name
id                  
1   sending_trialnum"
5127.773015	0.6250170000002981	states													"      state_name
id              
3   wait_for_cin"
5128.398032	0.0024830000002111774	states													"   state_name
id           
4     nicstim"
5128.400515	0.0005000000001018634	states													"       state_name
id               
5   stimon_nosein"
5128.401015	0.5730100000000675	states													"   state_name
id           
4     nicstim"
5128.974025	13.214489999999387	states													"      state_name
id              
7   reinit_cpoke"
5142.188515	0.0020000000004074536	states													"   state_name
id           
4     nicstim"
5142.190515	0.0005000000001018634	states													"       state_name
id               
5   stimon_nosein"
5142.191015	0.6704999999992651	states													"   state_name
id           
4     nicstim"
5142.861515	1.0025060000007215	states													"      state_name
id              
7   reinit_cpoke"
5143.864021	0.0020009999998364947	states													"   state_name
id           
4     nicstim"
5143.866022	0.0005089999995107064	states													"       state_name
id               
5   stimon_nosein"
5143.866531	0.5939850000004299	states													"   state_name
id           
4     nicstim"
5144.460516	1.0024990000001708	states													"      state_name
id              
7   reinit_cpoke"
5145.463015	0.0025059999998120475	states													"   state_name
id           
4     nicstim"
5145.465521	0.0005009999995309045	states													"       state_name
id               
5   stimon_nosein"
5145.466022	0.528493000000708	states													"   state_name
id           
4     nicstim"
5145.994515	0.3605099999995218	states													"       state_name
id               
8   wait_for_cout"
5146.355025	0.0010000000002037268	states													"   state_name
id           
9       csgap"
5146.356025	0.27048999999988155	states													"        state_name
id                
16  wait_for_spoke"
5146.626515	0.0005000000001018634	states													"             state_name
id                     
18  soff_reward_chooser"
5146.627015	0.0640160000002652	states													"     state_name
id             
22  reward_soff"
5146.691031	0.09148399999958201	states													"         state_name
id                 
26  post_reward_off"
5146.782515	3.6405000000004293	states													"         state_name
id                 
27  soft_drink_time"
5150.423015	0.0005160000000614673	states													"    state_name
id            
28  warndanger"
5150.423531	3.0	states													"            state_name
id                    
29  warndanger_warning"
5153.424037	248.61649399999988	trials	1.0	r	2.0	p	1.0	r	5.0	0.0	0.0	1.0	r	p	
5153.424037	248.61649399999988	states													"   state_name
id           
0     state_0"
5153.424037	0.015985000000000582	states													"          state_name
id                  
1   sending_trialnum"
5153.440022	204.3314930000006	states													"      state_name
id              
3   wait_for_cin"
5357.771515	0.001999999999497959	states													"   state_name
id           
4     nicstim"
5357.773515	0.0005080000000816653	states													"       state_name
id               
5   stimon_nosein"
5357.774023	0.5164919999997437	states													"   state_name
id           
4     nicstim"
5358.290515	1.2690160000001924	states													"      state_name
id              
7   reinit_cpoke"
5359.559531	0.0024890000004234025	states													"   state_name
id           
4     nicstim"
5359.56202	0.0004949999993186793	states													"       state_name
id               
5   stimon_nosein"
5359.562515	0.5040000000008149	states													"   state_name
id           
4     nicstim"
5360.066515	1.0020159999994576	states													"      state_name
id              
7   reinit_cpoke"
5361.068531	0.002484999999978754	states													"   state_name
id           
4     nicstim"
5361.071016	0.0004989999997633277	states													"       state_name
id               
5   stimon_nosein"
5361.071515	0.5260000000007494	states													"   state_name
id           
4     nicstim"
5361.597515	1.0565090000000055	states													"      state_name
id              
7   reinit_cpoke"
5362.654024	0.0024909999992814846	states													"   state_name
id           
4     nicstim"
5362.656515	0.0005000000001018634	states													"       state_name
id               
5   stimon_nosein"
5362.657015	0.40700699999979406	states													"   state_name
id           
4     nicstim"
5363.064022	1.1144930000000386	states													"      state_name
id              
7   reinit_cpoke"
5364.178515	0.002003000000513566	states													"   state_name
id           
4     nicstim"
5364.180518	0.0005129999999553547	states													"       state_name
id               
5   stimon_nosein"
5364.181031	0.6134839999995165	states													"   state_name
id           
4     nicstim"
5364.794515	28.05151300000034	states													"      state_name
id              
7   reinit_cpoke"
5392.846028	0.002486999999746331	states													"   state_name
id           
4     nicstim"
5392.848515	0.0005000000001018634	states													"       state_name
id               
5   stimon_nosein"
5392.849015	0.5250130000003992	states													"   state_name
id           
4     nicstim"
5393.374028	0.009487000000262924	states													"       state_name
id               
8   wait_for_cout"
5393.383515	0.0009999999992942321	states													"   state_name
id           
9       csgap"
5393.384515	0.4215170000006765	states													"        state_name
id                
16  wait_for_spoke"
5393.806032	0.00048299999980372377	states													"             state_name
id                     
18  soff_reward_chooser"
5393.806515	0.06701599999996688	states													"     state_name
id             
22  reward_soff"
5393.873531	0.28798399999959656	states													"         state_name
id                 
26  post_reward_off"
5394.161515	4.878000000000611	states													"         state_name
id                 
27  soft_drink_time"
5399.039515	0.0005069999997431296	states													"    state_name
id            
28  warndanger"
5399.040022	3.0005089999995107	states													"            state_name
id                    
29  warndanger_warning"
5402.041022	14.729992999999922	trials	1.0	r	2.0	p	1.0	r	0.0	0.0	0.0	1.0	r	p	
5402.041022	14.729992999999922	states													"   state_name
id           
0     state_0"
5402.041022	0.016008999999939988	states													"          state_name
id                  
1   sending_trialnum"
5402.057031	0.0005000000001018634	states													"      state_name
id              
3   wait_for_cin"
5402.057531	0.002487999999175372	states													"   state_name
id           
4     nicstim"
5402.060019	0.0004960000005667098	states													"       state_name
id               
5   stimon_nosein"
5402.060515	0.5105000000003201	states													"   state_name
id           
4     nicstim"
5402.571015	0.014000999999552732	states													"       state_name
id               
8   wait_for_cout"
5402.585016	0.0010050000000774162	states													"   state_name
id           
9       csgap"
5402.586021	0.42649400000027526	states													"        state_name
id                
16  wait_for_spoke"
5403.012515	0.0005000000001018634	states													"             state_name
id                     
18  soff_reward_chooser"
5403.013015	0.13399999999910506	states													"         state_name
id                 
19  reward_big_soff"
5403.147015	0.9195000000008804	states													"         state_name
id                 
26  post_reward_off"
5404.066515	9.703506999999263	states													"         state_name
id                 
27  soft_drink_time"
5413.770022	0.0005090000004202011	states													"    state_name
id            
28  warndanger"
5413.770531	3.0004840000001423	states													"            state_name
id                    
29  warndanger_warning"
5416.771515	10.731516999999258	trials	1.0	r	2.0	p	1.0	r	0.0	0.0	0.0	1.0	r	p	
5416.771515	10.731516999999258	states													"   state_name
id           
0     state_0"
5416.771515	0.016015999999581254	states													"          state_name
id                  
1   sending_trialnum"
5416.787531	0.5959840000004988	states													"      state_name
id              
3   wait_for_cin"
5417.383515	0.002015999999457563	states													"   state_name
id           
4     nicstim"
5417.385531	0.0005040000005465117	states													"       state_name
id               
5   stimon_nosein"
5417.386035	0.5344859999995606	states													"   state_name
id           
4     nicstim"
5417.920521	0.0689940000002025	states													"       state_name
id               
8   wait_for_cout"
5417.989515	0.0010000000002037268	states													"   state_name
id           
9       csgap"
5417.990515	0.4664999999995416	states													"        state_name
id                
16  wait_for_spoke"
5418.457015	0.0005000000001018634	states													"             state_name
id                     
18  soff_reward_chooser"
5418.457515	0.13400000000001455	states													"         state_name
id                 
19  reward_big_soff"
5418.591515	0.2600000000002183	states													"         state_name
id                 
26  post_reward_off"
5418.851515	5.65099999999984	states													"         state_name
id                 
27  soft_drink_time"
5424.502515	0.0005000000001018634	states													"    state_name
id            
28  warndanger"
5424.503015	3.0000169999993886	states													"            state_name
id                    
29  warndanger_warning"
5427.503531	20.37848799999938	trials	1.0	r	2.0	p	1.0	r	5.0	0.0	0.0	1.0	r	p	
5427.503531	20.37848799999938	states													"   state_name
id           
0     state_0"
5427.503531	0.015983999999662046	states													"          state_name
id                  
1   sending_trialnum"
5427.519515	1.3650029999998878	states													"      state_name
id              
3   wait_for_cin"
5428.884518	0.0024970000004032045	states													"   state_name
id           
4     nicstim"
5428.887015	0.0005000000001018634	states													"       state_name
id               
5   stimon_nosein"
5428.887515	0.41299999999955617	states													"   state_name
id           
4     nicstim"
5429.300515	1.4690060000002632	states													"      state_name
id              
7   reinit_cpoke"
5430.769521	0.0025049999994735117	states													"   state_name
id           
4     nicstim"
5430.772026	0.0004900000003544847	states													"       state_name
id               
5   stimon_nosein"
5430.772516	0.5165150000002541	states													"   state_name
id           
4     nicstim"
5431.289031	1.05448399999932	states													"      state_name
id              
7   reinit_cpoke"
5432.343515	0.0020000000004074536	states													"   state_name
id           
4     nicstim"
5432.345515	0.0005049999999755528	states													"       state_name
id               
5   stimon_nosein"
5432.34602	0.6404949999996461	states													"   state_name
id           
4     nicstim"
5432.986515	1.0025000000005093	states													"      state_name
id              
7   reinit_cpoke"
5433.989015	0.0024999999995998223	states													"   state_name
id           
4     nicstim"
5433.991515	0.0005070000006526243	states													"       state_name
id               
5   stimon_nosein"
5433.992022	0.19399799999973766	states													"   state_name
id           
4     nicstim"
5434.18602	3.24049500000001	states													"      state_name
id              
7   reinit_cpoke"
5437.426515	0.0020009999998364947	states													"   state_name
id           
4     nicstim"
5437.428516	0.0005149999997229315	states													"       state_name
id               
5   stimon_nosein"
5437.429031	0.6389880000006087	states													"   state_name
id           
4     nicstim"
5438.068019	1.4244959999996354	states													"      state_name
id              
7   reinit_cpoke"
5439.492515	0.0020009999998364947	states													"   state_name
id           
4     nicstim"
5439.494516	0.0005150000006324262	states													"       state_name
id               
5   stimon_nosein"
5439.495031	0.5019839999995384	states													"   state_name
id           
4     nicstim"
5439.997015	0.2915000000002692	states													"       state_name
id               
8   wait_for_cout"
5440.288515	0.0010059999995064572	states													"   state_name
id           
9       csgap"
5440.289521	0.289494000000559	states													"        state_name
id                
16  wait_for_spoke"
5440.579015	0.0005000000001018634	states													"             state_name
id                     
18  soff_reward_chooser"
5440.579515	0.06700000000000728	states													"     state_name
id             
22  reward_soff"
5440.646515	0.5515059999997902	states													"         state_name
id                 
26  post_reward_off"
5441.198021	3.682995000000119	states													"         state_name
id                 
27  soft_drink_time"
5444.881016	0.0004989999997633277	states													"    state_name
id            
28  warndanger"
5444.881515	3.000503999999637	states													"            state_name
id                    
29  warndanger_warning"
5447.882515	64.8739999999998	trials	1.0	l	1.0	p	1.0	r	2.0	0.0	0.0	1.0	l	p	
5447.882515	64.8739999999998	states													"   state_name
id           
0     state_0"
5447.882515	0.01599999999962165	states													"          state_name
id                  
1   sending_trialnum"
5447.898515	53.06750600000032	states													"      state_name
id              
3   wait_for_cin"
5500.966021	0.002005999999710184	states													"   state_name
id           
4     nicstim"
5500.968027	0.0004920000001220615	states													"       state_name
id               
5   stimon_nosein"
5500.968519	0.45700200000010227	states													"   state_name
id           
4     nicstim"
5501.425521	1.4654940000000352	states													"      state_name
id              
7   reinit_cpoke"
5502.891015	0.002015999999457563	states													"   state_name
id           
4     nicstim"
5502.893031	0.0005000000001018634	states													"       state_name
id               
5   stimon_nosein"
5502.893531	0.6474840000000768	states													"   state_name
id           
4     nicstim"
5503.541015	1.0025000000005093	states													"      state_name
id              
7   reinit_cpoke"
5504.543515	0.002005999999710184	states													"   state_name
id           
4     nicstim"
5504.545521	0.0004980000003342866	states													"       state_name
id               
5   stimon_nosein"
5504.546019	0.5220149999995556	states													"   state_name
id           
4     nicstim"
5505.068034	0.022990000000390864	states													"       state_name
id               
8   wait_for_cout"
5505.091024	0.0014909999999872525	states													"   state_name
id           
9       csgap"
5505.092515	0.3890000000001237	states													"        state_name
id                
16  wait_for_spoke"
5505.481515	0.000503999999637017	states													"             state_name
id                     
18  soff_reward_chooser"
5505.482019	0.06399899999996705	states													"     state_name
id             
22  reward_soff"
5505.546018	0.5694970000004105	states													"         state_name
id                 
26  post_reward_off"
5506.115515	3.639999999999418	states													"         state_name
id                 
27  soft_drink_time"
5509.755515	0.0005060000003140885	states													"    state_name
id            
28  warndanger"
5509.756021	3.0004939999998896	states													"            state_name
id                    
29  warndanger_warning"
5512.757015	8.404007999999521	trials	1.0	l	1.0	p	1.0	r	0.0	0.0	0.0	1.0	l	p	
5512.757015	8.404007999999521	states													"   state_name
id           
0     state_0"
5512.757015	0.01599999999962165	states													"          state_name
id                  
1   sending_trialnum"
5512.773015	0.0005000000001018634	states													"      state_name
id              
3   wait_for_cin"
5512.773515	0.0020160000003670575	states													"   state_name
id           
4     nicstim"
5512.775531	0.0004969999999957508	states													"       state_name
id               
5   stimon_nosein"
5512.776028	0.510986999999659	states													"   state_name
id           
4     nicstim"
5513.287015	0.03650000000016007	states													"       state_name
id               
8   wait_for_cout"
5513.323515	0.0010000000002037268	states													"   state_name
id           
9       csgap"
5513.324515	0.36299999999937427	states													"        state_name
id                
16  wait_for_spoke"
5513.687515	0.0005060000003140885	states													"             state_name
id                     
18  soff_reward_chooser"
5513.688021	0.1275100000002567	states													"         state_name
id                 
19  reward_big_soff"
5513.815531	0.5849929999994856	states													"         state_name
id                 
26  post_reward_off"
5514.400524	3.7599909999999	states													"         state_name
id                 
27  soft_drink_time"
5518.160515	0.0005000000001018634	states													"    state_name
id            
28  warndanger"
5518.161015	3.00000799999998	states													"            state_name
id                    
29  warndanger_warning"
5521.161515	10.074000000000524	trials	1.0	r	2.0	p	1.0	r	1.0	0.0	0.0	1.0	r	p	
5521.161515	10.074000000000524	states													"   state_name
id           
0     state_0"
5521.161515	0.016000000000531145	states													"          state_name
id                  
1   sending_trialnum"
5521.177515	0.0005069999997431296	states													"      state_name
id              
3   wait_for_cin"
5521.178022	0.002013000000260945	states													"   state_name
id           
4     nicstim"
5521.180035	0.0004799999996976112	states													"       state_name
id               
5   stimon_nosein"
5521.180515	0.5560059999997975	states													"   state_name
id           
4     nicstim"
5521.736521	3.5059940000001006	states													"      state_name
id              
7   reinit_cpoke"
5525.242515	0.0020000000004074536	states													"   state_name
id           
4     nicstim"
5525.244515	0.0005000000001018634	states													"       state_name
id               
5   stimon_nosein"
5525.245015	0.521005999999943	states													"   state_name
id           
4     nicstim"
5525.766021	0.008493999999700463	states													"       state_name
id               
8   wait_for_cout"
5525.774515	0.0010160000001633307	states													"   state_name
id           
9       csgap"
5525.775531	0.3914839999997639	states													"        state_name
id                
16  wait_for_spoke"
5526.167015	0.0005060000003140885	states													"             state_name
id                     
18  soff_reward_chooser"
5526.167521	0.06699399999979505	states													"     state_name
id             
22  reward_soff"
5526.234515	2.0000159999999596	states													"         state_name
id                 
26  post_reward_off"
5528.234531	0.000495000000228174	states													"    state_name
id            
28  warndanger"
5528.235026	3.000489000000016	states													"            state_name
id                    
29  warndanger_warning"
5531.236024	17.17899099999977	trials	1.0	l	1.0	p	1.0	r	1.0	0.0	0.0	1.0	l	p	
5531.236024	17.17899099999977	states													"   state_name
id           
0     state_0"
5531.236024	0.015997999999854073	states													"          state_name
id                  
1   sending_trialnum"
5531.252022	7.482999000000746	states													"      state_name
id              
3   wait_for_cin"
5538.735021	0.002493999999387597	states													"   state_name
id           
4     nicstim"
5538.737515	0.0005019999998694402	states													"       state_name
id               
5   stimon_nosein"
5538.738017	0.6524980000003779	states													"   state_name
id           
4     nicstim"
5539.390515	1.0024999999995998	states													"      state_name
id              
7   reinit_cpoke"
5540.393015	0.0020000000004074536	states													"   state_name
id           
4     nicstim"
5540.395015	0.0005060000003140885	states													"       state_name
id               
5   stimon_nosein"
5540.395521	0.5174999999999272	states													"   state_name
id           
4     nicstim"
5540.913021	0.2980039999993096	states													"       state_name
id               
8   wait_for_cout"
5541.211025	0.0014900000005582115	states													"   state_name
id           
9       csgap"
5541.212515	0.40899999999965075	states													"        state_name
id                
16  wait_for_spoke"
5541.621515	0.0005090000004202011	states													"             state_name
id                     
18  soff_reward_chooser"
5541.622024	0.0639949999995224	states													"     state_name
id             
22  reward_soff"
5541.686019	0.34699600000021746	states													"         state_name
id                 
26  post_reward_off"
5542.033015	3.3810199999998076	states													"         state_name
id                 
27  soft_drink_time"
5545.414035	0.0004800000006071059	states													"    state_name
id            
28  warndanger"
5545.414515	3.0004999999991924	states													"            state_name
id                    
29  warndanger_warning"
5548.415521	9.399510000000191	trials	1.0	r	2.0	p	1.0	r	0.0	0.0	0.0	1.0	r	p	
5548.415521	9.399510000000191	states													"   state_name
id           
0     state_0"
5548.415521	0.01599400000031892	states													"          state_name
id                  
1   sending_trialnum"
5548.431515	0.0005080000000816653	states													"      state_name
id              
3   wait_for_cin"
5548.432023	0.0024919999996200204	states													"   state_name
id           
4     nicstim"
5548.434515	0.0005060000003140885	states													"       state_name
id               
5   stimon_nosein"
5548.435021	0.5084939999997005	states													"   state_name
id           
4     nicstim"
5548.943515	0.01451199999974051	states													"       state_name
id               
8   wait_for_cout"
5548.958027	0.0010040000006483751	states													"   state_name
id           
9       csgap"
5548.959031	0.28548399999999674	states													"        state_name
id                
16  wait_for_spoke"
5549.244515	0.0005000000001018634	states													"             state_name
id                     
18  soff_reward_chooser"
5549.245015	0.13401599999997416	states													"         state_name
id                 
19  reward_big_soff"
5549.379031	0.008483999999953085	states													"         state_name
id                 
26  post_reward_off"
5549.387515	5.426501999999346	states													"         state_name
id                 
27  soft_drink_time"
5554.814017	0.0004980000003342866	states													"    state_name
id            
28  warndanger"
5554.814515	3.0005160000000615	states													"            state_name
id                    
29  warndanger_warning"
5557.815521	12.59250399999928	trials	1.0	r	2.0	p	1.0	r	1.0	0.0	0.0	1.0	r	p	
5557.815521	12.59250399999928	states													"   state_name
id           
0     state_0"
5557.815521	0.015993999999409425	states													"          state_name
id                  
1   sending_trialnum"
5557.831515	1.9540160000005926	states													"      state_name
id              
3   wait_for_cin"
5559.785531	0.002486999999746331	states													"   state_name
id           
4     nicstim"
5559.788018	0.0004969999999957508	states													"       state_name
id               
5   stimon_nosein"
5559.788515	0.6284999999998035	states													"   state_name
id           
4     nicstim"
5560.417015	1.2254999999995562	states													"      state_name
id              
7   reinit_cpoke"
5561.642515	0.0020010000007459894	states													"   state_name
id           
4     nicstim"
5561.644516	0.0004989999997633277	states													"       state_name
id               
5   stimon_nosein"
5561.645015	0.5030100000003586	states													"   state_name
id           
4     nicstim"
5562.148025	0.02298999999948137	states													"       state_name
id               
8   wait_for_cout"
5562.171015	0.0010090000005220645	states													"   state_name
id           
9       csgap"
5562.172024	0.28749099999913597	states													"        state_name
id                
16  wait_for_spoke"
5562.459515	0.0005100000007587369	states													"             state_name
id                     
18  soff_reward_chooser"
5562.460025	0.0669899999993504	states													"     state_name
id             
22  reward_soff"
5562.527015	0.21750000000065484	states													"         state_name
id                 
26  post_reward_off"
5562.744515	4.662499999999454	states													"         state_name
id                 
27  soft_drink_time"
5567.407015	0.0005000000001018634	states													"    state_name
id            
28  warndanger"
5567.407515	3.0005099999998492	states													"            state_name
id                    
29  warndanger_warning"
5570.408519	31.416496000000734	trials	1.0	r	2.0	p	1.0	r	2.0	0.0	0.0	1.0	r	p	
5570.408519	31.416496000000734	states													"   state_name
id           
0     state_0"
5570.408519	0.015996000000086497	states													"          state_name
id                  
1   sending_trialnum"
5570.424515	0.0005000000001018634	states													"      state_name
id              
3   wait_for_cin"
5570.425015	0.0020000000004074536	states													"   state_name
id           
4     nicstim"
5570.427015	0.0005000000001018634	states													"       state_name
id               
5   stimon_nosein"
5570.427515	0.6260159999992538	states													"   state_name
id           
4     nicstim"
5571.053531	1.383984000000055	states													"      state_name
id              
7   reinit_cpoke"
5572.437515	0.0020160000003670575	states													"   state_name
id           
4     nicstim"
5572.439531	0.0005060000003140885	states													"       state_name
id               
5   stimon_nosein"
5572.440037	0.640477999999348	states													"   state_name
id           
4     nicstim"
5573.080515	20.659006000000772	states													"      state_name
id              
7   reinit_cpoke"
5593.739521	0.0024969999994937098	states													"   state_name
id           
4     nicstim"
5593.742018	0.0004969999999957508	states													"       state_name
id               
5   stimon_nosein"
5593.742515	0.5375009999997928	states													"   state_name
id           
4     nicstim"
5594.280016	0.010006000000430504	states													"       state_name
id               
8   wait_for_cout"
5594.290022	0.0014929999997548293	states													"   state_name
id           
9       csgap"
5594.291515	0.4475010000005568	states													"        state_name
id                
16  wait_for_spoke"
5594.739016	0.0004989999997633277	states													"             state_name
id                     
18  soff_reward_chooser"
5594.739515	0.06700000000000728	states													"     state_name
id             
22  reward_soff"
5594.806515	0.2539999999999054	states													"         state_name
id                 
26  post_reward_off"
5595.060515	3.763506999999663	states													"         state_name
id                 
27  soft_drink_time"
5598.824022	0.0005090000004202011	states													"    state_name
id            
28  warndanger"
5598.824531	3.0004840000001423	states													"            state_name
id                    
29  warndanger_warning"
5601.825515	12.998999999999796	trials	1.0	r	2.0	p	1.0	r	1.0	0.0	0.0	1.0	r	p	
5601.825515	12.998999999999796	states													"   state_name
id           
0     state_0"
5601.825515	0.01599999999962165	states													"          state_name
id                  
1   sending_trialnum"
5601.841515	0.9080000000003565	states													"      state_name
id              
3   wait_for_cin"
5602.749515	0.002015999999457563	states													"   state_name
id           
4     nicstim"
5602.751531	0.0004909999997835257	states													"       state_name
id               
5   stimon_nosein"
5602.752022	0.5214930000001914	states													"   state_name
id           
4     nicstim"
5603.273515	1.0020000000004075	states													"      state_name
id              
7   reinit_cpoke"
5604.275515	0.001999999999497959	states													"   state_name
id           
4     nicstim"
5604.277515	0.0005070000006526243	states													"       state_name
id               
5   stimon_nosein"
5604.278022	0.5230089999995471	states													"   state_name
id           
4     nicstim"
5604.801031	0.018500000000130967	states													"       state_name
id               
8   wait_for_cout"
5604.819531	0.0014840000003459863	states													"   state_name
id           
9       csgap"
5604.821015	0.31700999999975465	states													"        state_name
id                
16  wait_for_spoke"
5605.138025	0.0004929999995511025	states													"             state_name
id                     
18  soff_reward_chooser"
5605.138518	0.0669980000002397	states													"     state_name
id             
22  reward_soff"
5605.205516	0.09349899999961053	states													"         state_name
id                 
26  post_reward_off"
5605.299015	6.524500000000444	states													"         state_name
id                 
27  soft_drink_time"
5611.823515	0.0005089999995107064	states													"    state_name
id            
28  warndanger"
5611.824024	3.000491000000693	states													"            state_name
id                    
29  warndanger_warning"
5614.825016	8.749499000000469	trials	1.0	l	1.0	p	1.0	r	0.0	0.0	0.0	1.0	l	p	
5614.825016	8.749499000000469	states													"   state_name
id           
0     state_0"
5614.825016	0.016000000000531145	states													"          state_name
id                  
1   sending_trialnum"
5614.841016	0.0004989999997633277	states													"      state_name
id              
3   wait_for_cin"
5614.841515	0.001999999999497959	states													"   state_name
id           
4     nicstim"
5614.843515	0.0005090000004202011	states													"       state_name
id               
5   stimon_nosein"
5614.844024	0.5274909999998272	states													"   state_name
id           
4     nicstim"
5615.371515	0.007000000000516593	states													"       state_name
id               
8   wait_for_cout"
5615.378515	0.001015999999253836	states													"   state_name
id           
9       csgap"
5615.379531	0.6419840000007753	states													"        state_name
id                
16  wait_for_spoke"
5616.021515	0.000503999999637017	states													"             state_name
id                     
18  soff_reward_chooser"
5616.022019	0.12749600000006467	states													"         state_name
id                 
19  reward_big_soff"
5616.149515	0.26749999999992724	states													"         state_name
id                 
26  post_reward_off"
5616.417015	4.156500000000051	states													"         state_name
id                 
27  soft_drink_time"
5620.573515	0.0005140000002938905	states													"    state_name
id            
28  warndanger"
5620.574029	3.00048599999991	states													"            state_name
id                    
29  warndanger_warning"
5623.575015	10.618505999999797	trials	1.0	r	2.0	p	1.0	r	0.0	0.0	0.0	1.0	r	p	
5623.575015	10.618505999999797	states													"   state_name
id           
0     state_0"
5623.575015	0.01599999999962165	states													"          state_name
id                  
1   sending_trialnum"
5623.591015	0.8595020000002478	states													"      state_name
id              
3   wait_for_cin"
5624.450517	0.0024979999998322455	states													"   state_name
id           
4     nicstim"
5624.453015	0.0005000000001018634	states													"       state_name
id               
5   stimon_nosein"
5624.453515	0.5029999999997017	states													"   state_name
id           
4     nicstim"
5624.956515	0.15900599999986298	states													"       state_name
id               
8   wait_for_cout"
5625.115521	0.0010099999999511056	states													"   state_name
id           
9       csgap"
5625.116531	0.47698399999990215	states													"        state_name
id                
16  wait_for_spoke"
5625.593515	0.0005070000006526243	states													"             state_name
id                     
18  soff_reward_chooser"
5625.594022	0.13400000000001455	states													"         state_name
id                 
19  reward_big_soff"
5625.728022	0.31249299999944924	states													"         state_name
id                 
26  post_reward_off"
5626.040515	5.1525000000001455	states													"         state_name
id                 
27  soft_drink_time"
5631.193015	0.0005000000001018634	states													"    state_name
id            
28  warndanger"
5631.193515	3.0000060000002122	states													"            state_name
id                    
29  warndanger_warning"
5634.194022	1957.3055090000007	trials	1.0	r	2.0	p	1.0	r	1.0	0.0	0.0	1.0	r	p	
5634.194022	1957.3055090000007	states													"   state_name
id           
0     state_0"
5634.194022	0.016008000000510947	states													"          state_name
id                  
1   sending_trialnum"
5634.21003	186.944485	states													"      state_name
id              
3   wait_for_cin"
5821.154515	0.002015999999457563	states													"   state_name
id           
4     nicstim"
5821.156531	0.0004840000001422595	states													"       state_name
id               
5   stimon_nosein"
5821.157015	0.4774999999999636	states													"   state_name
id           
4     nicstim"
5821.634515	1760.1165	states													"      state_name
id              
7   reinit_cpoke"
7581.751015	0.002500000000509317	states													"   state_name
id           
4     nicstim"
7581.753515	0.0005080000000816653	states													"       state_name
id               
5   stimon_nosein"
7581.754023	0.5320089999995616	states													"   state_name
id           
4     nicstim"
7582.286032	1.371994000000086	states													"       state_name
id               
8   wait_for_cout"
7583.658026	0.0010050000000774162	states													"   state_name
id           
9       csgap"
7583.659031	0.45099500000014814	states													"        state_name
id                
16  wait_for_spoke"
7584.110026	0.0004929999995511025	states													"             state_name
id                     
18  soff_reward_chooser"
7584.110519	0.13400499999988824	states													"         state_name
id                 
19  reward_big_soff"
7584.244524	0.689991000000191	states													"         state_name
id                 
26  post_reward_off"
7584.934515	3.5645000000004075	states													"         state_name
id                 
27  soft_drink_time"
7588.499015	0.0005059999994045938	states													"    state_name
id            
28  warndanger"
7588.499521	3.000010000000657	states													"            state_name
id                    
29  warndanger_warning"
7591.50003	10.507994999999937	trials	1.0	l	1.0	p	1.0	r	0.0	0.0	0.0	1.0	l	p	
7591.50003	10.507994999999937	states													"   state_name
id           
0     state_0"
7591.50003	0.01599900000019261	states													"          state_name
id                  
1   sending_trialnum"
7591.516029	0.00048799999967741314	states													"      state_name
id              
3   wait_for_cin"
7591.516517	0.0024979999998322455	states													"   state_name
id           
4     nicstim"
7591.519015	0.0005000000001018634	states													"       state_name
id               
5   stimon_nosein"
7591.519515	0.5365039999996952	states													"   state_name
id           
4     nicstim"
7592.056019	0.18600900000001275	states													"       state_name
id               
8   wait_for_cout"
7592.242028	0.001487000000452099	states													"   state_name
id           
9       csgap"
7592.243515	0.42050300000028074	states													"        state_name
id                
16  wait_for_spoke"
7592.664018	0.0004979999994247919	states													"             state_name
id                     
18  soff_reward_chooser"
7592.664516	0.12750099999993836	states													"         state_name
id                 
19  reward_big_soff"
7592.792017	1.0700050000004921	states													"         state_name
id                 
26  post_reward_off"
7593.862022	5.145492999999988	states													"         state_name
id                 
27  soft_drink_time"
7599.007515	0.000503000000207976	states													"    state_name
id            
28  warndanger"
7599.008018	3.0000069999996413	states													"            state_name
id                    
29  warndanger_warning"
7602.008521	12.105994000000464	trials	1.0	r	2.0	p	1.0	r	1.0	0.0	0.0	1.0	r	p	
7602.008521	12.105994000000464	states													"   state_name
id           
0     state_0"
7602.008521	0.01599400000031892	states													"          state_name
id                  
1   sending_trialnum"
7602.024515	0.4125160000003234	states													"      state_name
id              
3   wait_for_cin"
7602.437031	0.0024839999996402184	states													"   state_name
id           
4     nicstim"
7602.439515	0.0005090000004202011	states													"       state_name
id               
5   stimon_nosein"
7602.440024	0.65349199999946	states													"   state_name
id           
4     nicstim"
7603.093516	2.1154990000004545	states													"      state_name
id              
7   reinit_cpoke"
7605.209015	0.002015999999457563	states													"   state_name
id           
4     nicstim"
7605.211031	0.0005000000001018634	states													"       state_name
id               
5   stimon_nosein"
7605.211531	0.5219999999999345	states													"   state_name
id           
4     nicstim"
7605.733531	0.000984000000244123	states													"       state_name
id               
8   wait_for_cout"
7605.734515	0.0015050000001792796	states													"   state_name
id           
9       csgap"
7605.73602	0.6140059999997902	states													"        state_name
id                
16  wait_for_spoke"
7606.350026	0.0004939999998896383	states													"             state_name
id                     
18  soff_reward_chooser"
7606.35052	0.06699500000013359	states													"     state_name
id             
22  reward_soff"
7606.417515	0.4080000000003565	states													"         state_name
id                 
26  post_reward_off"
7606.825515	4.287999999999556	states													"         state_name
id                 
27  soft_drink_time"
7611.113515	0.0005060000003140885	states													"    state_name
id            
28  warndanger"
7611.114021	3.0004939999998896	states													"            state_name
id                    
29  warndanger_warning"
7614.115015	36.68751599999996	trials	1.0	r	2.0	p	1.0	r	7.0	0.0	0.0	1.0	r	p	
7614.115015	36.68751599999996	states													"   state_name
id           
0     state_0"
7614.115015	0.01599999999962165	states													"          state_name
id                  
1   sending_trialnum"
7614.131015	0.13501300000007177	states													"      state_name
id              
3   wait_for_cin"
7614.266028	0.002486999999746331	states													"   state_name
id           
4     nicstim"
7614.268515	0.0005000000001018634	states													"       state_name
id               
5   stimon_nosein"
7614.269015	0.6535000000003492	states													"   state_name
id           
4     nicstim"
7614.922515	2.6975069999998595	states													"      state_name
id              
7   reinit_cpoke"
7617.620022	0.00250899999991816	states													"   state_name
id           
4     nicstim"
7617.622531	0.0004939999998896383	states													"       state_name
id               
5   stimon_nosein"
7617.623025	0.47850600000037957	states													"   state_name
id           
4     nicstim"
7618.101531	1.0019899999997506	states													"      state_name
id              
7   reinit_cpoke"
7619.103521	0.0024990000001707813	states													"   state_name
id           
4     nicstim"
7619.10602	0.000495000000228174	states													"       state_name
id               
5   stimon_nosein"
7619.106515	0.3319999999994252	states													"   state_name
id           
4     nicstim"
7619.438515	1.096505999999863	states													"      state_name
id              
7   reinit_cpoke"
7620.535021	0.002494000000297092	states													"   state_name
id           
4     nicstim"
7620.537515	0.0005019999998694402	states													"       state_name
id               
5   stimon_nosein"
7620.538017	0.6580089999997654	states													"   state_name
id           
4     nicstim"
7621.196026	15.028005000000121	states													"      state_name
id              
7   reinit_cpoke"
7636.224031	0.002484000000549713	states													"   state_name
id           
4     nicstim"
7636.226515	0.0005000000001018634	states													"       state_name
id               
5   stimon_nosein"
7636.227015	0.5484999999998763	states													"   state_name
id           
4     nicstim"
7636.775515	1.0020059999997102	states													"      state_name
id              
7   reinit_cpoke"
7637.777521	0.002502000000276894	states													"   state_name
id           
4     nicstim"
7637.780023	0.0004920000001220615	states													"       state_name
id               
5   stimon_nosein"
7637.780515	0.4069999999992433	states													"   state_name
id           
4     nicstim"
7638.187515	1.002016000000367	states													"      state_name
id              
7   reinit_cpoke"
7639.189531	0.0024880000000848668	states													"   state_name
id           
4     nicstim"
7639.192019	0.0004959999996572151	states													"       state_name
id               
5   stimon_nosein"
7639.192515	0.48851600000034523	states													"   state_name
id           
4     nicstim"
7639.681031	2.312995999999657	states													"      state_name
id              
7   reinit_cpoke"
7641.994027	0.002003000000513566	states													"   state_name
id           
4     nicstim"
7641.99603	0.0004849999995713006	states													"       state_name
id               
5   stimon_nosein"
7641.996515	0.5380000000004657	states													"   state_name
id           
4     nicstim"
7642.534515	0.0975060000000667	states													"       state_name
id               
8   wait_for_cout"
7642.632021	0.001494000000093365	states													"   state_name
id           
9       csgap"
7642.633515	0.29399999999986903	states													"        state_name
id                
16  wait_for_spoke"
7642.927515	0.0005080000000816653	states													"             state_name
id                     
18  soff_reward_chooser"
7642.928023	0.06699200000002747	states													"     state_name
id             
22  reward_soff"
7642.995015	0.24201599999923928	states													"         state_name
id                 
26  post_reward_off"
7643.237031	4.564999000000171	states													"         state_name
id                 
27  soft_drink_time"
7647.80203	0.0004850000004807953	states													"    state_name
id            
28  warndanger"
7647.802515	3.0000159999999596	states													"            state_name
id                    
29  warndanger_warning"
7650.803025	9.705490000000282	trials	0.0	r	2.0	p	1.0	r	0.0	0.0	0.0	0.0	r	p	
7650.803025	9.705490000000282	states													"   state_name
id           
0     state_0"
7650.803025	0.016005999999833875	states													"          state_name
id                  
1   sending_trialnum"
7650.819031	3.831984999999804	states													"      state_name
id              
3   wait_for_cin"
7654.651016	0.0024990000001707813	states													"   state_name
id           
4     nicstim"
7654.653515	0.0005069999997431296	states													"       state_name
id               
5   stimon_nosein"
7654.654022	0.5394930000002205	states													"   state_name
id           
4     nicstim"
7655.193515	0.038510999999743944	states													"       state_name
id               
8   wait_for_cout"
7655.232026	0.0014890000002196757	states													"   state_name
id           
9       csgap"
7655.233515	0.27400000000034197	states													"        state_name
id                
16  wait_for_spoke"
7655.507515	5.001000000000204	states													"     state_name
id             
31  error_state"
7660.509015	10.45049999999992	trials	1.0	r	2.0	p	1.0	r	0.0	0.0	0.0	1.0	r	p	
7660.509015	10.45049999999992	states													"   state_name
id           
0     state_0"
7660.509015	0.016000000000531145	states													"          state_name
id                  
1   sending_trialnum"
7660.525015	0.2680000000000291	states													"      state_name
id              
3   wait_for_cin"
7660.793015	0.001999999999497959	states													"   state_name
id           
4     nicstim"
7660.795015	0.0005000000001018634	states													"       state_name
id               
5   stimon_nosein"
7660.795515	0.5255000000006476	states													"   state_name
id           
4     nicstim"
7661.321015	0.027499999999236024	states													"       state_name
id               
8   wait_for_cout"
7661.348515	0.0015060000005178154	states													"   state_name
id           
9       csgap"
7661.350021	0.3714939999999842	states													"        state_name
id                
16  wait_for_spoke"
7661.721515	0.0005049999999755528	states													"             state_name
id                     
18  soff_reward_chooser"
7661.72202	0.1340009999994436	states													"         state_name
id                 
19  reward_big_soff"
7661.856021	0.24149400000078458	states													"         state_name
id                 
26  post_reward_off"
7662.097515	5.860999999999876	states													"         state_name
id                 
27  soft_drink_time"
7667.958515	0.0005059999994045938	states													"    state_name
id            
28  warndanger"
7667.959021	3.0004939999998896	states													"            state_name
id                    
29  warndanger_warning"
7670.960018	6.3689970000004905	trials	1.0	l	1.0	p	1.0	r	0.0	0.0	0.0	1.0	l	p	
7670.960018	6.3689970000004905	states													"   state_name
id           
0     state_0"
7670.960018	0.016000000000531145	states													"          state_name
id                  
1   sending_trialnum"
7670.976018	0.0004969999999957508	states													"      state_name
id              
3   wait_for_cin"
7670.976515	0.0024999999995998223	states													"   state_name
id           
4     nicstim"
7670.979015	0.0005000000001018634	states													"       state_name
id               
5   stimon_nosein"
7670.979515	0.5209999999997308	states													"   state_name
id           
4     nicstim"
7671.500515	0.07700000000022555	states													"       state_name
id               
8   wait_for_cout"
7671.577515	0.0010000000002037268	states													"   state_name
id           
9       csgap"
7671.578515	0.3070159999997486	states													"        state_name
id                
16  wait_for_spoke"
7671.885531	0.0004909999997835257	states													"             state_name
id                     
18  soff_reward_chooser"
7671.886022	0.12750899999991816	states													"         state_name
id                 
19  reward_big_soff"
7672.013531	2.000491000000693	states													"         state_name
id                 
26  post_reward_off"
7674.014022	0.0005089999995107064	states													"    state_name
id            
28  warndanger"
7674.014531	3.0004840000001423	states													"            state_name
id                    
29  warndanger_warning"
7677.015015	0.3140000000003056	states													"                state_name
id                        
2   check_next_trial_ready"
7677.329515	14.580513999999312	trials	1.0	r	2.0	p	1.0	r	1.0	0.0	0.0	1.0	r	p	
7677.329515	14.580513999999312	states													"   state_name
id           
0     state_0"
7677.329515	0.01599999999962165	states													"          state_name
id                  
1   sending_trialnum"
7677.345515	4.49450700000034	states													"      state_name
id              
3   wait_for_cin"
7681.840022	0.002492999999958556	states													"   state_name
id           
4     nicstim"
7681.842515	0.0005009999995309045	states													"       state_name
id               
5   stimon_nosein"
7681.843016	0.49999900000057096	states													"   state_name
id           
4     nicstim"
7682.343015	1.0784999999996217	states													"      state_name
id              
7   reinit_cpoke"
7683.421515	0.0020000000004074536	states													"   state_name
id           
4     nicstim"
7683.423515	0.0005049999999755528	states													"       state_name
id               
5   stimon_nosein"
7683.42402	0.5064949999996315	states													"   state_name
id           
4     nicstim"
7683.930515	0.19950799999969604	states													"       state_name
id               
8   wait_for_cout"
7684.130023	0.0014980000005380134	states													"   state_name
id           
9       csgap"
7684.131521	0.33099399999991874	states													"        state_name
id                
16  wait_for_spoke"
7684.462515	0.0005000000001018634	states													"             state_name
id                     
18  soff_reward_chooser"
7684.463015	0.06700599999931	states													"     state_name
id             
22  reward_soff"
7684.530021	0.09800100000029488	states													"         state_name
id                 
26  post_reward_off"
7684.628022	4.28149300000041	states													"         state_name
id                 
27  soft_drink_time"
7688.909515	0.000503999999637017	states													"    state_name
id            
28  warndanger"
7688.910019	3.0000099999997474	states													"            state_name
id                    
29  warndanger_warning"
7691.910515	11.368001000000731	trials	1.0	r	2.0	p	1.0	r	1.0	0.0	0.0	1.0	r	p	
7691.910515	11.368001000000731	states													"   state_name
id           
0     state_0"
7691.910515	0.016000000000531145	states													"          state_name
id                  
1   sending_trialnum"
7691.926515	0.0005000000001018634	states													"      state_name
id              
3   wait_for_cin"
7691.927015	0.001999999999497959	states													"   state_name
id           
4     nicstim"
7691.929015	0.0005000000001018634	states													"       state_name
id               
5   stimon_nosein"
7691.929515	0.6329999999998108	states													"   state_name
id           
4     nicstim"
7692.562515	1.285001000000193	states													"      state_name
id              
7   reinit_cpoke"
7693.847516	0.0020089999998162966	states													"   state_name
id           
4     nicstim"
7693.849525	0.0004920000001220615	states													"       state_name
id               
5   stimon_nosein"
7693.850017	0.51700400000027	states													"   state_name
id           
4     nicstim"
7694.367021	0.21249400000033347	states													"       state_name
id               
8   wait_for_cout"
7694.579515	0.0009999999992942321	states													"   state_name
id           
9       csgap"
7694.580515	0.2250000000003638	states													"        state_name
id                
16  wait_for_spoke"
7694.805515	0.0005080000000816653	states													"             state_name
id                     
18  soff_reward_chooser"
7694.806023	0.06699200000002747	states													"     state_name
id             
22  reward_soff"
7694.873015	0.11350399999992078	states													"         state_name
id                 
26  post_reward_off"
7694.986519	5.291511000000355	states													"         state_name
id                 
27  soft_drink_time"
7700.27803	0.0004849999995713006	states													"    state_name
id            
28  warndanger"
7700.278515	3.0000010000003385	states													"            state_name
id                    
29  warndanger_warning"
7703.279015	9.630500000000211	trials	1.0	l	1.0	p	1.0	r	1.0	0.0	0.0	1.0	l	p	
7703.279015	9.630500000000211	states													"   state_name
id           
0     state_0"
7703.279015	0.01599999999962165	states													"          state_name
id                  
1   sending_trialnum"
7703.295015	0.0005000000001018634	states													"      state_name
id              
3   wait_for_cin"
7703.295515	0.002508000000489119	states													"   state_name
id           
4     nicstim"
7703.298023	0.0004920000001220615	states													"       state_name
id               
5   stimon_nosein"
7703.298515	0.6085089999996853	states													"   state_name
id           
4     nicstim"
7703.907024	1.0019910000000891	states													"      state_name
id              
7   reinit_cpoke"
7704.909015	0.001999999999497959	states													"   state_name
id           
4     nicstim"
7704.911015	0.0005000000001018634	states													"       state_name
id               
5   stimon_nosein"
7704.911515	0.5240160000003016	states													"   state_name
id           
4     nicstim"
7705.435531	0.2289840000003096	states													"       state_name
id               
8   wait_for_cout"
7705.664515	0.0015069999999468564	states													"   state_name
id           
9       csgap"
7705.666022	0.6059979999999996	states													"        state_name
id                
16  wait_for_spoke"
7706.27202	0.0004949999993186793	states													"             state_name
id                     
18  soff_reward_chooser"
7706.272515	0.06400000000030559	states													"     state_name
id             
22  reward_soff"
7706.336515	0.10999999999967258	states													"         state_name
id                 
26  post_reward_off"
7706.446515	3.4620160000004034	states													"         state_name
id                 
27  soft_drink_time"
7709.908531	0.0004840000001422595	states													"    state_name
id            
28  warndanger"
7709.909015	3.000500000000102	states													"            state_name
id                    
29  warndanger_warning"
7712.91002	9.357511000000159	trials	1.0	l	1.0	p	1.0	r	1.0	0.0	0.0	1.0	l	p	
7712.91002	9.357511000000159	states													"   state_name
id           
0     state_0"
7712.91002	0.016001999999389227	states													"          state_name
id                  
1   sending_trialnum"
7712.926022	0.07499300000017683	states													"      state_name
id              
3   wait_for_cin"
7713.001015	0.002011000000493368	states													"   state_name
id           
4     nicstim"
7713.003026	0.0004890000000159489	states													"       state_name
id               
5   stimon_nosein"
7713.003515	0.6425089999993361	states													"   state_name
id           
4     nicstim"
7713.646024	1.0019980000006399	states													"      state_name
id              
7   reinit_cpoke"
7714.648022	0.002492999999958556	states													"   state_name
id           
4     nicstim"
7714.650515	0.0005000000001018634	states													"       state_name
id               
5   stimon_nosein"
7714.651015	0.5059999999994034	states													"   state_name
id           
4     nicstim"
7715.157015	0.1210030000002007	states													"       state_name
id               
8   wait_for_cout"
7715.278018	0.0014970000001994777	states													"   state_name
id           
9       csgap"
7715.279515	0.22549999999955617	states													"        state_name
id                
16  wait_for_spoke"
7715.505015	0.0005160000000614673	states													"             state_name
id                     
18  soff_reward_chooser"
7715.505531	0.06400000000030559	states													"     state_name
id             
22  reward_soff"
7715.569531	0.12049000000024535	states													"         state_name
id                 
26  post_reward_off"
7715.690021	3.5769940000000133	states													"         state_name
id                 
27  soft_drink_time"
7719.267015	0.0004999999991923687	states													"    state_name
id            
28  warndanger"
7719.267515	3.000016000000869	states													"            state_name
id                    
29  warndanger_warning"
7722.268022	17.17249300000003	trials	1.0	l	1.0	p	1.0	r	2.0	0.0	0.0	1.0	l	p	
7722.268022	17.17249300000003	states													"   state_name
id           
0     state_0"
7722.268022	0.016001999999389227	states													"          state_name
id                  
1   sending_trialnum"
7722.284024	6.566507000000456	states													"      state_name
id              
3   wait_for_cin"
7728.850531	0.0024839999996402184	states													"   state_name
id           
4     nicstim"
7728.853015	0.0005000000001018634	states													"       state_name
id               
5   stimon_nosein"
7728.853515	0.6350000000002183	states													"   state_name
id           
4     nicstim"
7729.488515	1.0020000000004075	states													"      state_name
id              
7   reinit_cpoke"
7730.490515	0.001999999999497959	states													"   state_name
id           
4     nicstim"
7730.492515	0.0005000000001018634	states													"       state_name
id               
5   stimon_nosein"
7730.493015	0.5645000000004075	states													"   state_name
id           
4     nicstim"
7731.057515	1.0025109999996857	states													"      state_name
id              
7   reinit_cpoke"
7732.060026	0.002488999999513908	states													"   state_name
id           
4     nicstim"
7732.062515	0.0005000000001018634	states													"       state_name
id               
5   stimon_nosein"
7732.063015	0.5300160000006144	states													"   state_name
id           
4     nicstim"
7732.593031	0.002991999999721884	states													"       state_name
id               
8   wait_for_cout"
7732.596023	0.0014920000003257883	states													"   state_name
id           
9       csgap"
7732.597515	0.4429999999993015	states													"        state_name
id                
16  wait_for_spoke"
7733.040515	0.0005000000001018634	states													"             state_name
id                     
18  soff_reward_chooser"
7733.041015	0.0640160000002652	states													"     state_name
id             
22  reward_soff"
7733.105031	0.14948399999957473	states													"         state_name
id                 
26  post_reward_off"
7733.254515	3.18501600000036	states													"         state_name
id                 
27  soft_drink_time"
7736.439531	0.0005019999998694402	states													"    state_name
id            
28  warndanger"
7736.440033	3.0004820000003747	states													"            state_name
id                    
29  warndanger_warning"
7739.441015	27.549001999999746	trials	1.0	r	2.0	p	1.0	r	1.0	0.0	0.0	1.0	r	p	
7739.441015	27.549001999999746	states													"   state_name
id           
0     state_0"
7739.441015	0.016015999999581254	states													"          state_name
id                  
1   sending_trialnum"
7739.457031	17.991484000000128	states													"      state_name
id              
3   wait_for_cin"
7757.448515	0.0020000000004074536	states													"   state_name
id           
4     nicstim"
7757.450515	0.0004999999991923687	states													"       state_name
id               
5   stimon_nosein"
7757.451015	0.525007000000187	states													"   state_name
id           
4     nicstim"
7757.976022	1.0020000000004075	states													"      state_name
id              
7   reinit_cpoke"
7758.978022	0.002492999999958556	states													"   state_name
id           
4     nicstim"
7758.980515	0.0005009999995309045	states													"       state_name
id               
5   stimon_nosein"
7758.981016	0.535504000000401	states													"   state_name
id           
4     nicstim"
7759.51652	0.03401099999973667	states													"       state_name
id               
8   wait_for_cout"
7759.550531	0.001494000000093365	states													"   state_name
id           
9       csgap"
7759.552025	0.5824899999997797	states													"        state_name
id                
16  wait_for_spoke"
7760.134515	0.0005160000000614673	states													"             state_name
id                     
18  soff_reward_chooser"
7760.135031	0.06698800000049232	states													"     state_name
id             
22  reward_soff"
7760.202019	0.10149599999931525	states													"         state_name
id                 
26  post_reward_off"
7760.303515	3.685500000000502	states													"         state_name
id                 
27  soft_drink_time"
7763.989015	0.0005000000001018634	states													"    state_name
id            
28  warndanger"
7763.989515	3.0005019999998694	states													"            state_name
id                    
29  warndanger_warning"
7766.990521	104.17049399999996	trials	1.0	r	2.0	p	1.0	r	3.0	0.0	0.0	1.0	r	p	
7766.990521	104.17049399999996	states													"   state_name
id           
0     state_0"
7766.990521	0.015997000000425032	states													"          state_name
id                  
1   sending_trialnum"
7767.006518	0.7755040000001827	states													"      state_name
id              
3   wait_for_cin"
7767.782022	0.002492999999958556	states													"   state_name
id           
4     nicstim"
7767.784515	0.0005000000001018634	states													"       state_name
id               
5   stimon_nosein"
7767.785015	0.5874999999996362	states													"   state_name
id           
4     nicstim"
7768.372515	28.811999999999898	states													"      state_name
id              
7   reinit_cpoke"
7797.184515	0.0020160000003670575	states													"   state_name
id           
4     nicstim"
7797.186531	0.0004939999998896383	states													"       state_name
id               
5   stimon_nosein"
7797.187025	0.6354910000000018	states													"   state_name
id           
4     nicstim"
7797.822516	3.3015070000001288	states													"      state_name
id              
7   reinit_cpoke"
7801.124023	0.002492999999958556	states													"   state_name
id           
4     nicstim"
7801.126516	0.0005149999997229315	states													"       state_name
id               
5   stimon_nosein"
7801.127031	0.5969949999998789	states													"   state_name
id           
4     nicstim"
7801.724026	61.10348900000008	states													"      state_name
id              
7   reinit_cpoke"
7862.827515	0.0020000000004074536	states													"   state_name
id           
4     nicstim"
7862.829515	0.0005059999994045938	states													"       state_name
id               
5   stimon_nosein"
7862.830021	0.5285100000000966	states													"   state_name
id           
4     nicstim"
7863.358531	0.23648400000001857	states													"       state_name
id               
8   wait_for_cout"
7863.595015	0.0010050000000774162	states													"   state_name
id           
9       csgap"
7863.59602	0.4914950000002136	states													"        state_name
id                
16  wait_for_spoke"
7864.087515	0.0005099999998492422	states													"             state_name
id                     
18  soff_reward_chooser"
7864.088025	0.0669900000002599	states													"     state_name
id             
22  reward_soff"
7864.155015	1.2614999999996144	states													"         state_name
id                 
26  post_reward_off"
7865.416515	2.743507000000136	states													"         state_name
id                 
27  soft_drink_time"
7868.160022	0.0005090000004202011	states													"    state_name
id            
28  warndanger"
7868.160531	3.0004839999992328	states													"            state_name
id                    
29  warndanger_warning"
7871.161515	10.6875	trials	1.0	r	2.0	p	1.0	r	0.0	0.0	0.0	1.0	r	p	
7871.161515	10.6875	states													"   state_name
id           
0     state_0"
7871.161515	0.01601600000049075	states													"          state_name
id                  
1   sending_trialnum"
7871.177531	0.11198999999942316	states													"      state_name
id              
3   wait_for_cin"
7871.289521	0.0024990000001707813	states													"   state_name
id           
4     nicstim"
7871.29202	0.000495000000228174	states													"       state_name
id               
5   stimon_nosein"
7871.292515	0.5429999999996653	states													"   state_name
id           
4     nicstim"
7871.835515	0.057999999999992724	states													"       state_name
id               
8   wait_for_cout"
7871.893515	0.0010000000002037268	states													"   state_name
id           
9       csgap"
7871.894515	0.6005000000004657	states													"        state_name
id                
16  wait_for_spoke"
7872.495015	0.0004999999991923687	states													"             state_name
id                     
18  soff_reward_chooser"
7872.495515	0.13401599999997416	states													"         state_name
id                 
19  reward_big_soff"
7872.629531	0.6089840000004187	states													"         state_name
id                 
26  post_reward_off"
7873.238515	5.609510000000228	states													"         state_name
id                 
27  soft_drink_time"
7878.848025	0.0004959999996572151	states													"    state_name
id            
28  warndanger"
7878.848521	3.0004939999998896	states													"            state_name
id                    
29  warndanger_warning"
7881.849515	8.670000000000073	trials	1.0	l	1.0	p	1.0	r	0.0	0.0	0.0	1.0	l	p	
7881.849515	8.670000000000073	states													"   state_name
id           
0     state_0"
7881.849515	0.01601600000049075	states													"          state_name
id                  
1   sending_trialnum"
7881.865531	0.06599999999980355	states													"      state_name
id              
3   wait_for_cin"
7881.931531	0.0024919999996200204	states													"   state_name
id           
4     nicstim"
7881.934023	0.0004920000001220615	states													"       state_name
id               
5   stimon_nosein"
7881.934515	0.5304999999998472	states													"   state_name
id           
4     nicstim"
7882.465015	0.15750000000025466	states													"       state_name
id               
8   wait_for_cout"
7882.622515	0.0015080000002853922	states													"   state_name
id           
9       csgap"
7882.624023	0.3719989999999598	states													"        state_name
id                
16  wait_for_spoke"
7882.996022	0.0004929999995511025	states													"             state_name
id                     
18  soff_reward_chooser"
7882.996515	0.12750899999991816	states													"         state_name
id                 
19  reward_big_soff"
7883.124024	0.451998999999887	states													"         state_name
id                 
26  post_reward_off"
7883.576023	3.9424920000001293	states													"         state_name
id                 
27  soft_drink_time"
7887.518515	0.0005000000001018634	states													"    state_name
id            
28  warndanger"
7887.519015	3.000500000000102	states													"            state_name
id                    
29  warndanger_warning"
7890.520022	9.213509000000158	trials	1.0	l	1.0	p	1.0	r	0.0	0.0	0.0	1.0	l	p	
7890.520022	9.213509000000158	states													"   state_name
id           
0     state_0"
7890.520022	0.01599900000019261	states													"          state_name
id                  
1   sending_trialnum"
7890.536021	0.028008000000227185	states													"      state_name
id              
3   wait_for_cin"
7890.564029	0.00248600000031729	states													"   state_name
id           
4     nicstim"
7890.566515	0.0004999999991923687	states													"       state_name
id               
5   stimon_nosein"
7890.567015	0.5405000000000655	states													"   state_name
id           
4     nicstim"
7891.107515	0.09700100000009115	states													"       state_name
id               
8   wait_for_cout"
7891.204516	0.0015050000001792796	states													"   state_name
id           
9       csgap"
7891.206021	0.5024940000002971	states													"        state_name
id                
16  wait_for_spoke"
7891.708515	0.0005000000001018634	states													"             state_name
id                     
18  soff_reward_chooser"
7891.709015	0.12749999999959982	states													"         state_name
id                 
19  reward_big_soff"
7891.836515	0.1365109999997003	states													"         state_name
id                 
26  post_reward_off"
7891.973026	4.759989000000132	states													"         state_name
id                 
27  soft_drink_time"
7896.733015	0.0005000000001018634	states													"    state_name
id            
28  warndanger"
7896.733515	3.0000159999999596	states													"            state_name
id                    
29  warndanger_warning"
7899.73403	10.019988000000012	trials	1.0	r	2.0	p	1.0	r	0.0	0.0	0.0	1.0	r	p	
7899.73403	10.019988000000012	states													"   state_name
id           
0     state_0"
7899.73403	0.015992000000551343	states													"          state_name
id                  
1   sending_trialnum"
7899.750022	0.2309930000001259	states													"      state_name
id              
3   wait_for_cin"
7899.981015	0.001999999999497959	states													"   state_name
id           
4     nicstim"
7899.983015	0.0005060000003140885	states													"       state_name
id               
5   stimon_nosein"
7899.983521	0.5315099999997983	states													"   state_name
id           
4     nicstim"
7900.515031	0.007983999999851221	states													"       state_name
id               
8   wait_for_cout"
7900.523015	0.0010040000006483751	states													"   state_name
id           
9       csgap"
7900.524019	0.6909959999993589	states													"        state_name
id                
16  wait_for_spoke"
7901.215015	0.0005160000000614673	states													"             state_name
id                     
18  soff_reward_chooser"
7901.215531	0.13398400000005495	states													"         state_name
id                 
19  reward_big_soff"
7901.349515	0.8734999999996944	states													"         state_name
id                 
26  post_reward_off"
7902.223015	4.530000000000655	states													"         state_name
id                 
27  soft_drink_time"
7906.753015	0.0005000000001018634	states													"    state_name
id            
28  warndanger"
7906.753515	3.0005029999992985	states													"            state_name
id                    
29  warndanger_warning"
7909.754515	11.165507000000616	trials	1.0	r	2.0	p	1.0	r	1.0	0.0	0.0	1.0	r	p	
7909.754515	11.165507000000616	states													"   state_name
id           
0     state_0"
7909.754515	0.016000000000531145	states													"          state_name
id                  
1   sending_trialnum"
7909.770515	0.0005009999995309045	states													"      state_name
id              
3   wait_for_cin"
7909.771016	0.0024990000001707813	states													"   state_name
id           
4     nicstim"
7909.773515	0.0005080000000816653	states													"       state_name
id               
5   stimon_nosein"
7909.774023	0.48950799999965966	states													"   state_name
id           
4     nicstim"
7910.263531	1.1064930000002278	states													"      state_name
id              
7   reinit_cpoke"
7911.370024	0.0020009999998364947	states													"   state_name
id           
4     nicstim"
7911.372025	0.0004920000001220615	states													"       state_name
id               
5   stimon_nosein"
7911.372517	0.5099980000004507	states													"   state_name
id           
4     nicstim"
7911.882515	0.04599999999936699	states													"       state_name
id               
8   wait_for_cout"
7911.928515	0.0015050000001792796	states													"   state_name
id           
9       csgap"
7911.93002	0.40650000000005093	states													"        state_name
id                
16  wait_for_spoke"
7912.33652	0.0005110000001877779	states													"             state_name
id                     
18  soff_reward_chooser"
7912.337031	0.06699099999968894	states													"     state_name
id             
22  reward_soff"
7912.404022	0.34799699999985023	states													"         state_name
id                 
26  post_reward_off"
7912.752019	5.167496000000028	states													"         state_name
id                 
27  soft_drink_time"
7917.919515	0.0005060000003140885	states													"    state_name
id            
28  warndanger"
7917.920021	3.0000010000003385	states													"            state_name
id                    
29  warndanger_warning"
7920.920515	38.478000000000065	trials	1.0	l	1.0	p	1.0	r	2.0	0.0	0.0	1.0	l	p	
7920.920515	38.478000000000065	states													"   state_name
id           
0     state_0"
7920.920515	0.016005999999833875	states													"          state_name
id                  
1   sending_trialnum"
7920.936521	25.907994000000144	states													"      state_name
id              
3   wait_for_cin"
7946.844515	0.0020000000004074536	states													"   state_name
id           
4     nicstim"
7946.846515	0.0005000000001018634	states													"       state_name
id               
5   stimon_nosein"
7946.847015	0.6714999999994689	states													"   state_name
id           
4     nicstim"
7947.518515	1.0020000000004075	states													"      state_name
id              
7   reinit_cpoke"
7948.520515	0.0024999999995998223	states													"   state_name
id           
4     nicstim"
7948.523015	0.0005000000001018634	states													"       state_name
id               
5   stimon_nosein"
7948.523515	0.6410000000005311	states													"   state_name
id           
4     nicstim"
7949.164515	1.0024999999995998	states													"      state_name
id              
7   reinit_cpoke"
7950.167015	0.002515999999559426	states													"   state_name
id           
4     nicstim"
7950.169531	0.000495000000228174	states													"       state_name
id               
5   stimon_nosein"
7950.170026	0.5300029999998515	states													"   state_name
id           
4     nicstim"
7950.700029	0.09698600000047009	states													"       state_name
id               
8   wait_for_cout"
7950.797015	0.0010039999997388804	states													"   state_name
id           
9       csgap"
7950.798019	0.32150199999978213	states													"        state_name
id                
16  wait_for_spoke"
7951.119521	0.0005010000004403992	states													"             state_name
id                     
18  soff_reward_chooser"
7951.120022	0.06399799999962852	states													"     state_name
id             
22  reward_soff"
7951.18402	0.01600200000029872	states													"         state_name
id                 
26  post_reward_off"
7951.200022	5.197997000000214	states													"         state_name
id                 
27  soft_drink_time"
7956.398019	0.0004959999996572151	states													"    state_name
id            
28  warndanger"
7956.398515	3.0	states													"            state_name
id                    
29  warndanger_warning"
7959.399015	18.555006999999932	trials	1.0	r	2.0	p	1.0	r	3.0	0.0	0.0	1.0	r	p	
7959.399015	18.555006999999932	states													"   state_name
id           
0     state_0"
7959.399015	0.01599999999962165	states													"          state_name
id                  
1   sending_trialnum"
7959.415015	0.07500700000036886	states													"      state_name
id              
3   wait_for_cin"
7959.490022	0.0020000000004074536	states													"   state_name
id           
4     nicstim"
7959.492022	0.0004929999995511025	states													"       state_name
id               
5   stimon_nosein"
7959.492515	0.5115080000005037	states													"   state_name
id           
4     nicstim"
7960.004023	1.00249199999962	states													"      state_name
id              
7   reinit_cpoke"
7961.006515	0.0024999999995998223	states													"   state_name
id           
4     nicstim"
7961.009015	0.0005000000001018634	states													"       state_name
id               
5   stimon_nosein"
7961.009515	0.3654999999998836	states													"   state_name
id           
4     nicstim"
7961.375015	1.0020000000004075	states													"      state_name
id              
7   reinit_cpoke"
7962.377015	0.0020000000004074536	states													"   state_name
id           
4     nicstim"
7962.379015	0.0005059999994045938	states													"       state_name
id               
5   stimon_nosein"
7962.379521	0.6765009999999165	states													"   state_name
id           
4     nicstim"
7963.056022	6.882493000000068	states													"      state_name
id              
7   reinit_cpoke"
7969.938515	0.00200700000004872	states													"   state_name
id           
4     nicstim"
7969.940522	0.0004930000004605972	states													"       state_name
id               
5   stimon_nosein"
7969.941015	0.5479999999997744	states													"   state_name
id           
4     nicstim"
7970.489015	0.1500159999995958	states													"       state_name
id               
8   wait_for_cout"
7970.639031	0.0014840000003459863	states													"   state_name
id           
9       csgap"
7970.640515	0.26150200000029145	states													"        state_name
id                
16  wait_for_spoke"
7970.902017	0.0004979999994247919	states													"             state_name
id                     
18  soff_reward_chooser"
7970.902515	0.06700000000000728	states													"     state_name
id             
22  reward_soff"
7970.969515	0.4875000000001819	states													"         state_name
id                 
26  post_reward_off"
7971.457015	3.4965000000001965	states													"         state_name
id                 
27  soft_drink_time"
7974.953515	0.0005019999998694402	states													"    state_name
id            
28  warndanger"
7974.954017	3.0000049999998737	states													"            state_name
id                    
29  warndanger_warning"
7977.954515	9.929505999999492	trials	1.0	l	1.0	p	1.0	r	0.0	0.0	0.0	1.0	l	p	
7977.954515	9.929505999999492	states													"   state_name
id           
0     state_0"
7977.954515	0.01599999999962165	states													"          state_name
id                  
1   sending_trialnum"
7977.970515	0.3040000000000873	states													"      state_name
id              
3   wait_for_cin"
7978.274515	0.001999999999497959	states													"   state_name
id           
4     nicstim"
7978.276515	0.0005000000001018634	states													"       state_name
id               
5   stimon_nosein"
7978.277015	0.5415000000002692	states													"   state_name
id           
4     nicstim"
7978.818515	0.023016000000097847	states													"       state_name
id               
8   wait_for_cout"
7978.841531	0.0014840000003459863	states													"   state_name
id           
9       csgap"
7978.843015	0.36751599999934115	states													"        state_name
id                
16  wait_for_spoke"
7979.210531	0.0004840000001422595	states													"             state_name
id                     
18  soff_reward_chooser"
7979.211015	0.12750000000050932	states													"         state_name
id                 
19  reward_big_soff"
7979.338515	0.36599999999998545	states													"         state_name
id                 
26  post_reward_off"
7979.704515	5.1784999999999854	states													"         state_name
id                 
27  soft_drink_time"
7984.883015	0.0005000000001018634	states													"    state_name
id            
28  warndanger"
7984.883515	3.0005059999994046	states													"            state_name
id                    
29  warndanger_warning"
7987.884515	10.554000000000087	trials	1.0	l	1.0	p	1.0	r	0.0	0.0	0.0	1.0	l	p	
7987.884515	10.554000000000087	states													"   state_name
id           
0     state_0"
7987.884515	0.01601600000049075	states													"          state_name
id                  
1   sending_trialnum"
7987.900531	0.3499839999994947	states													"      state_name
id              
3   wait_for_cin"
7988.250515	0.002003000000513566	states													"   state_name
id           
4     nicstim"
7988.252518	0.000503000000207976	states													"       state_name
id               
5   stimon_nosein"
7988.253021	0.5114939999994021	states													"   state_name
id           
4     nicstim"
7988.764515	0.052999999999883585	states													"       state_name
id               
8   wait_for_cout"
7988.817515	0.0010010000005422626	states													"   state_name
id           
9       csgap"
7988.818516	0.28049899999950867	states													"        state_name
id                
16  wait_for_spoke"
7989.099015	0.0005060000003140885	states													"             state_name
id                     
18  soff_reward_chooser"
7989.099521	0.1274940000002971	states													"         state_name
id                 
19  reward_big_soff"
7989.227015	0.9974999999994907	states													"         state_name
id                 
26  post_reward_off"
7990.224515	5.213015999999698	states													"         state_name
id                 
27  soft_drink_time"
7995.437531	0.0005010000004403992	states													"    state_name
id            
28  warndanger"
7995.438032	3.0004829999998037	states													"            state_name
id                    
29  warndanger_warning"
7998.439015	26.06200600000011	trials	1.0	l	1.0	p	1.0	r	1.0	0.0	0.0	1.0	l	p	
7998.439015	26.06200600000011	states													"   state_name
id           
0     state_0"
7998.439015	0.01601600000049075	states													"          state_name
id                  
1   sending_trialnum"
7998.455031	16.19798399999945	states													"      state_name
id              
3   wait_for_cin"
8014.653015	0.002516000000468921	states													"   state_name
id           
4     nicstim"
8014.655531	0.0004909999997835257	states													"       state_name
id               
5   stimon_nosein"
8014.656022	0.6160049999998591	states													"   state_name
id           
4     nicstim"
8015.272027	1.0024880000000849	states													"      state_name
id              
7   reinit_cpoke"
8016.274515	0.0024999999995998223	states													"   state_name
id           
4     nicstim"
8016.277015	0.0005060000003140885	states													"       state_name
id               
5   stimon_nosein"
8016.277521	0.5305010000001857	states													"   state_name
id           
4     nicstim"
8016.808022	0.10699299999942014	states													"       state_name
id               
8   wait_for_cout"
8016.915015	0.001006000000415952	states													"   state_name
id           
9       csgap"
8016.916021	0.28150000000005093	states													"        state_name
id                
16  wait_for_spoke"
8017.197521	0.0005009999995309045	states													"             state_name
id                     
18  soff_reward_chooser"
8017.198022	0.06400100000064413	states													"     state_name
id             
22  reward_soff"
8017.262023	0.22249199999987468	states													"         state_name
id                 
26  post_reward_off"
8017.484515	4.015999999999622	states													"         state_name
id                 
27  soft_drink_time"
8021.500515	0.0005000000001018634	states													"    state_name
id            
28  warndanger"
8021.501015	3.0000060000002122	states													"            state_name
id                    
29  warndanger_warning"
8024.501531	11.923984000000019	trials	1.0	l	1.0	p	1.0	r	1.0	0.0	0.0	1.0	l	p	
8024.501531	11.923984000000019	states													"   state_name
id           
0     state_0"
8024.501531	0.015983999999662046	states													"          state_name
id                  
1   sending_trialnum"
8024.517515	0.1965070000005653	states													"      state_name
id              
3   wait_for_cin"
8024.714022	0.002492999999958556	states													"   state_name
id           
4     nicstim"
8024.716515	0.0005000000001018634	states													"       state_name
id               
5   stimon_nosein"
8024.717015	0.6475000000000364	states													"   state_name
id           
4     nicstim"
8025.364515	1.001999999999498	states													"      state_name
id              
7   reinit_cpoke"
8026.366515	0.002500000000509317	states													"   state_name
id           
4     nicstim"
8026.369015	0.0005000000001018634	states													"       state_name
id               
5   stimon_nosein"
8026.369515	0.5455160000001342	states													"   state_name
id           
4     nicstim"
8026.915031	0.02648399999998219	states													"       state_name
id               
8   wait_for_cout"
8026.941515	0.0009999999992942321	states													"   state_name
id           
9       csgap"
8026.942515	0.3775150000001304	states													"        state_name
id                
16  wait_for_spoke"
8027.32003	0.0004850000004807953	states													"             state_name
id                     
18  soff_reward_chooser"
8027.320515	0.0639999999993961	states													"     state_name
id             
22  reward_soff"
8027.384515	0.26050000000032014	states													"         state_name
id                 
26  post_reward_off"
8027.645015	5.779504999999517	states													"         state_name
id                 
27  soft_drink_time"
8033.42452	0.0004960000005667098	states													"    state_name
id            
28  warndanger"
8033.425016	3.0004989999997633	states													"            state_name
id                    
29  warndanger_warning"
8036.426027	115.81049499999972	trials	1.0	r	2.0	p	1.0	r	2.0	0.0	0.0	1.0	r	p	
8036.426027	115.81049499999972	states													"   state_name
id           
0     state_0"
8036.426027	0.01599999999962165	states													"          state_name
id                  
1   sending_trialnum"
8036.442027	0.21348800000032497	states													"      state_name
id              
3   wait_for_cin"
8036.655515	0.002015999999457563	states													"   state_name
id           
4     nicstim"
8036.657531	0.0004909999997835257	states													"       state_name
id               
5   stimon_nosein"
8036.658022	0.5380140000006577	states													"   state_name
id           
4     nicstim"
8037.196036	94.03097900000012	states													"      state_name
id              
7   reinit_cpoke"
8131.227015	0.001999999999497959	states													"   state_name
id           
4     nicstim"
8131.229015	0.0005000000001018634	states													"       state_name
id               
5   stimon_nosein"
8131.229515	0.6125060000003941	states													"   state_name
id           
4     nicstim"
8131.842021	8.59449399999994	states													"      state_name
id              
7   reinit_cpoke"
8140.436515	0.0020109999995838734	states													"   state_name
id           
4     nicstim"
8140.438526	0.0005049999999755528	states													"       state_name
id               
5   stimon_nosein"
8140.439031	0.520991000000322	states													"   state_name
id           
4     nicstim"
8140.960022	0.002492999999958556	states													"       state_name
id               
8   wait_for_cout"
8140.962515	0.0015080000002853922	states													"   state_name
id           
9       csgap"
8140.964023	0.5669979999993302	states													"        state_name
id                
16  wait_for_spoke"
8141.531021	0.0005099999998492422	states													"             state_name
id                     
18  soff_reward_chooser"
8141.531531	0.06698400000004767	states													"     state_name
id             
22  reward_soff"
8141.598515	0.37700000000040745	states													"         state_name
id                 
26  post_reward_off"
8141.975515	7.2605240000002595	states													"         state_name
id                 
27  soft_drink_time"
8149.236039	0.0004759999992529629	states													"    state_name
id            
28  warndanger"
8149.236515	3.0000070000005508	states													"            state_name
id                    
29  warndanger_warning"
