onset	duration	nwb_table	ProAnti3Marino_hit_history	ProAnti3Marino_psych_history	ProAnti3Marino_mem_history	StimulatorSection_stimulator_history	MaskSection_mask_history	AntibiasSection_LocalHitHistory	AntibiasSection_LocalSidesHistory	AntibiasSection_LocalLocHistory	state_type
1968.437573	109.56149500000015	trials	0.0	2.0	1.0	0.0	0.0	0.0	r	p	
1968.437573	109.56149500000015	states									"   state_name
id           
0     state_0"
1968.437573	0.016000999999960186	states									"          state_name
id                  
1   sending_trialnum"
1968.453574	103.14600900000028	states									"      state_name
id              
3   wait_for_cin"
2071.599583	1.000485000000026	states									"   state_name
id           
4     context"
2072.600068	0.0009999999997489795	states									"   state_name
id           
6       csgap"
2072.601068	0.39700900000025285	states									"   state_name
id           
11    stim_on"
2072.998077	5.000990999999885	states									"     state_name
id             
28  error_state"
2077.999577	12.523490999999922	trials	0.0	2.0	1.0	0.0	0.0	0.0	r	p	
2077.999577	12.523490999999922	states									"   state_name
id           
0     state_0"
2077.999577	0.015997999999854073	states									"          state_name
id                  
1   sending_trialnum"
2078.015575	4.507493000000068	states									"      state_name
id              
3   wait_for_cin"
2082.523068	1.0	states									"   state_name
id           
4     context"
2083.523068	0.001002999999855092	states									"   state_name
id           
6       csgap"
2083.524071	1.0000030000001061	states									"   state_name
id           
11    stim_on"
2084.524074	0.0015050000001792796	states									"   state_name
id           
12   stim_off"
2084.525579	0.9964890000001105	states									"        state_name
id                
13  wait_for_spoke"
2085.522068	5.000999999999749	states									"     state_name
id             
28  error_state"
2090.523579	116.98448899999994	trials	0.0	2.0	1.0	0.0	0.0	0.0	r	p	
2090.523579	116.98448899999994	states									"   state_name
id           
0     state_0"
2090.523579	0.01599499999974796	states									"          state_name
id                  
1   sending_trialnum"
2090.539574	110.69099400000005	states									"      state_name
id              
3   wait_for_cin"
2201.230568	1.0005000000001019	states									"   state_name
id           
4     context"
2202.231068	0.0014999999998508429	states									"   state_name
id           
6       csgap"
2202.232568	0.2744999999999891	states									"   state_name
id           
11    stim_on"
2202.507068	5.001000000000204	states									"     state_name
id             
28  error_state"
2207.508568	37.240499999999884	trials	0.0	2.0	1.0	0.0	0.0	0.0	r	p	
2207.508568	37.240499999999884	states									"   state_name
id           
0     state_0"
2207.508568	0.01599999999962165	states									"          state_name
id                  
1   sending_trialnum"
2207.524568	19.812000000000353	states									"      state_name
id              
3   wait_for_cin"
2227.336568	1.0004999999996471	states									"   state_name
id           
4     context"
2228.337068	0.0015000000003055902	states									"   state_name
id           
6       csgap"
2228.338568	1.0000049999998737	states									"   state_name
id           
11    stim_on"
2229.338573	0.0010090000000673172	states									"   state_name
id           
12   stim_off"
2229.339582	10.408485999999812	states									"        state_name
id                
13  wait_for_spoke"
2239.748068	5.001000000000204	states									"     state_name
id             
28  error_state"
2244.749581	26.91600500000004	trials	0.0	2.0	1.0	0.0	0.0	0.0	r	p	
2244.749581	26.91600500000004	states									"   state_name
id           
0     state_0"
2244.749581	0.01600700000017241	states									"          state_name
id                  
1   sending_trialnum"
2244.765588	20.81048699999974	states									"      state_name
id              
3   wait_for_cin"
2265.576075	1.0004930000000058	states									"   state_name
id           
4     context"
2266.576568	0.0010059999999612046	states									"   state_name
id           
6       csgap"
2266.577574	0.08699400000023161	states									"   state_name
id           
11    stim_on"
2266.664568	5.001017999999931	states									"     state_name
id             
28  error_state"
2271.666068	46.115999999999985	trials	0.0	2.0	1.0	0.0	0.0	0.0	r	p	
2271.666068	46.115999999999985	states									"   state_name
id           
0     state_0"
2271.666068	0.016000000000076398	states									"          state_name
id                  
1   sending_trialnum"
2271.682068	1.20049999999992	states									"      state_name
id              
3   wait_for_cin"
2272.882568	1.0005000000001019	states									"   state_name
id           
4     context"
2273.883068	0.0009999999997489795	states									"   state_name
id           
6       csgap"
2273.884068	1.0005000000001019	states									"   state_name
id           
11    stim_on"
2274.884568	0.001010999999834894	states									"   state_name
id           
12   stim_off"
2274.885579	37.895489	states									"        state_name
id                
13  wait_for_spoke"
2312.781068	5.001000000000204	states									"     state_name
id             
28  error_state"
2317.782568	116.5510089999998	trials	0.0	2.0	1.0	0.0	0.0	0.0	r	p	
2317.782568	116.5510089999998	states									"   state_name
id           
0     state_0"
2317.782568	0.016000000000076398	states									"          state_name
id                  
1   sending_trialnum"
2317.798568	110.27100799999971	states									"      state_name
id              
3   wait_for_cin"
2428.069576	1.0000010000003385	states									"   state_name
id           
4     context"
2429.069577	0.0014909999999872525	states									"   state_name
id           
6       csgap"
2429.071068	0.2614999999996144	states									"   state_name
id           
11    stim_on"
2429.332568	5.001009000000067	states									"     state_name
id             
28  error_state"
2434.334069	12.62151700000004	trials	0.0	2.0	1.0	0.0	0.0	0.0	r	p	
2434.334069	12.62151700000004	states									"   state_name
id           
0     state_0"
2434.334069	0.0160080000000562	states									"          state_name
id                  
1   sending_trialnum"
2434.350077	6.567990999999893	states									"      state_name
id              
3   wait_for_cin"
2440.918068	1.0	states									"   state_name
id           
4     context"
2441.918068	0.0010000000002037268	states									"   state_name
id           
6       csgap"
2441.919068	0.035499999999956344	states									"   state_name
id           
11    stim_on"
2441.954568	5.001017999999931	states									"     state_name
id             
28  error_state"
2446.956068	24.240499999999884	trials	0.0	2.0	1.0	0.0	0.0	0.0	r	p	
2446.956068	24.240499999999884	states									"   state_name
id           
0     state_0"
2446.956068	0.016000000000076398	states									"          state_name
id                  
1   sending_trialnum"
2446.972068	15.632004000000052	states									"      state_name
id              
3   wait_for_cin"
2462.604072	1.000496000000112	states									"   state_name
id           
4     context"
2463.604568	0.001010999999834894	states									"   state_name
id           
6       csgap"
2463.605579	1.000489000000016	states									"   state_name
id           
11    stim_on"
2464.606068	0.0015069999999468564	states									"   state_name
id           
12   stim_off"
2464.607575	1.5880010000000766	states									"        state_name
id                
13  wait_for_spoke"
2466.195576	5.000991999999769	states									"     state_name
id             
28  error_state"
2471.197068	26.99200000000019	trials	0.0	2.0	1.0	0.0	0.0	0.0	r	p	
2471.197068	26.99200000000019	states									"   state_name
id           
0     state_0"
2471.197068	0.016000000000076398	states									"          state_name
id                  
1   sending_trialnum"
2471.213068	20.58150599999999	states									"      state_name
id              
3   wait_for_cin"
2491.794574	1.0004939999998896	states									"   state_name
id           
4     context"
2492.795068	0.0010050000000774162	states									"   state_name
id           
6       csgap"
2492.796073	0.3920020000000477	states									"   state_name
id           
11    stim_on"
2493.188075	5.000993000000108	states									"     state_name
id             
28  error_state"
2498.189582	61.38748600000008	trials	0.0	2.0	1.0	0.0	0.0	0.0	r	p	
2498.189582	61.38748600000008	states									"   state_name
id           
0     state_0"
2498.189582	0.015997999999854073	states									"          state_name
id                  
1   sending_trialnum"
2498.20558	51.339488000000074	states									"      state_name
id              
3   wait_for_cin"
2549.545068	1.0	states									"   state_name
id           
4     context"
2550.545068	0.0015000000003055902	states									"   state_name
id           
6       csgap"
2550.546568	1.0004999999996471	states									"   state_name
id           
11    stim_on"
2551.547068	0.0010090000000673172	states									"   state_name
id           
12   stim_off"
2551.548077	3.0279960000002575	states									"        state_name
id                
13  wait_for_spoke"
2554.576073	5.000994999999875	states									"     state_name
id             
28  error_state"
2559.577584	23.057488999999805	trials	0.0	2.0	1.0	0.0	0.0	0.0	r	p	
2559.577584	23.057488999999805	states									"   state_name
id           
0     state_0"
2559.577584	0.016005999999833875	states									"          state_name
id                  
1   sending_trialnum"
2559.59359	15.839477999999872	states									"      state_name
id              
3   wait_for_cin"
2575.433068	1.0000050000003284	states									"   state_name
id           
4     context"
2576.433073	0.0014949999999771535	states									"   state_name
id           
6       csgap"
2576.434568	1.0000099999997474	states									"   state_name
id           
11    stim_on"
2577.434578	0.0010019999999713036	states									"   state_name
id           
12   stim_off"
2577.43558	0.19848799999999756	states									"        state_name
id                
13  wait_for_spoke"
2577.634068	5.001005000000077	states									"     state_name
id             
28  error_state"
2582.635581	23.616495000000214	trials	0.0	2.0	1.0	0.0	0.0	0.0	r	p	
2582.635581	23.616495000000214	states									"   state_name
id           
0     state_0"
2582.635581	0.015997999999854073	states									"          state_name
id                  
1   sending_trialnum"
2582.651579	17.392505000000256	states									"      state_name
id              
3   wait_for_cin"
2600.044084	1.0004839999996875	states									"   state_name
id           
4     context"
2601.044568	0.0010040000001936278	states									"   state_name
id           
6       csgap"
2601.045572	0.2054960000000392	states									"   state_name
id           
11    stim_on"
2601.251068	5.0010080000001835	states									"     state_name
id             
28  error_state"
2606.252568	38.258000000000266	trials	0.0	2.0	1.0	0.0	0.0	0.0	r	p	
2606.252568	38.258000000000266	states									"   state_name
id           
0     state_0"
2606.252568	0.016000000000076398	states									"          state_name
id                  
1   sending_trialnum"
2606.268568	11.081008999999995	states									"      state_name
id              
3   wait_for_cin"
2617.349577	1.0000020000002223	states									"   state_name
id           
4     context"
2618.349579	0.0014889999997649284	states									"   state_name
id           
6       csgap"
2618.351068	1.0	states									"   state_name
id           
11    stim_on"
2619.351068	0.0014999999998508429	states									"   state_name
id           
12   stim_off"
2619.352568	20.157009000000016	states									"        state_name
id                
13  wait_for_spoke"
2639.509577	5.00099100000034	states									"     state_name
id             
28  error_state"
2644.511068	9.951500000000124	trials	0.0	2.0	1.0	0.0	0.0	0.0	r	p	
2644.511068	9.951500000000124	states									"   state_name
id           
0     state_0"
2644.511068	0.016016000000036	states									"          state_name
id                  
1   sending_trialnum"
2644.527084	1.377484000000095	states									"      state_name
id              
3   wait_for_cin"
2645.904568	1.0	states									"   state_name
id           
4     context"
2646.904568	0.0010150000002795423	states									"   state_name
id           
6       csgap"
2646.905583	1.0000019999997676	states									"   state_name
id           
11    stim_on"
2647.905585	0.0014830000000074506	states									"   state_name
id           
12   stim_off"
2647.907068	1.5545059999999467	states									"        state_name
id                
13  wait_for_spoke"
2649.461574	5.0009939999999915	states									"     state_name
id             
28  error_state"
2654.463084	211.88650099999995	trials	0.0	2.0	1.0	0.0	0.0	0.0	r	p	
2654.463084	211.88650099999995	states									"   state_name
id           
0     state_0"
2654.463084	0.015984000000116794	states									"          state_name
id                  
1   sending_trialnum"
2654.479068	205.69949999999972	states									"      state_name
id              
3   wait_for_cin"
2860.178568	1.000506000000314	states									"   state_name
id           
4     context"
2861.179074	0.001494000000093365	states									"   state_name
id           
6       csgap"
2861.180568	0.1679999999996653	states									"   state_name
id           
11    stim_on"
2861.348568	5.001017000000047	states									"     state_name
id             
28  error_state"
2866.350068	55.13551299999972	trials	0.0	2.0	1.0	0.0	0.0	0.0	r	p	
2866.350068	55.13551299999972	states									"   state_name
id           
0     state_0"
2866.350068	0.01599999999962165	states									"          state_name
id                  
1   sending_trialnum"
2866.366068	49.04250000000002	states									"      state_name
id              
3   wait_for_cin"
2915.408568	1.0000060000002122	states									"   state_name
id           
4     context"
2916.408574	0.0010130000000572181	states									"   state_name
id           
6       csgap"
2916.409587	0.07498099999975238	states									"   state_name
id           
11    stim_on"
2916.484568	5.001013000000057	states									"     state_name
id             
28  error_state"
2921.486068	47.366999999999734	trials	0.0	2.0	1.0	0.0	0.0	0.0	r	p	
2921.486068	47.366999999999734	states									"   state_name
id           
0     state_0"
2921.486068	0.01599999999962165	states									"          state_name
id                  
1   sending_trialnum"
2921.502068	40.85951800000021	states									"      state_name
id              
3   wait_for_cin"
2962.361586	1.00048199999992	states									"   state_name
id           
4     context"
2963.362068	0.0010000000002037268	states									"   state_name
id           
6       csgap"
2963.363068	0.48900000000003274	states									"   state_name
id           
11    stim_on"
2963.852068	5.000999999999749	states									"     state_name
id             
28  error_state"
2968.853581	37.52400000000034	trials	0.0	2.0	1.0	0.0	0.0	0.0	r	p	
2968.853581	37.52400000000034	states									"   state_name
id           
0     state_0"
2968.853581	0.015996000000086497	states									"          state_name
id                  
1   sending_trialnum"
2968.869577	31.326990999999907	states									"      state_name
id              
3   wait_for_cin"
3000.196568	1.0	states									"   state_name
id           
4     context"
3001.196568	0.0010090000000673172	states									"   state_name
id           
6       csgap"
3001.197577	0.17899100000022372	states									"   state_name
id           
11    stim_on"
3001.376568	5.001013000000057	states									"     state_name
id             
28  error_state"
3006.378068	58.9760040000001	trials	0.0	2.0	1.0	0.0	0.0	0.0	r	p	
3006.378068	58.9760040000001	states									"   state_name
id           
0     state_0"
3006.378068	0.0160080000000562	states									"          state_name
id                  
1   sending_trialnum"
3006.394076	51.94699200000014	states									"      state_name
id              
3   wait_for_cin"
3058.341068	1.000510999999733	states									"   state_name
id           
4     context"
3059.341579	0.0015050000001792796	states									"   state_name
id           
6       csgap"
3059.343084	1.0004979999998795	states									"   state_name
id           
11    stim_on"
3060.343582	0.0014860000001135631	states									"   state_name
id           
12   stim_off"
3060.345068	0.007499999999708962	states									"        state_name
id                
13  wait_for_spoke"
3060.352568	5.0015040000002955	states									"     state_name
id             
28  error_state"
3065.354573	26.48049499999979	trials	0.0	2.0	1.0	0.0	0.0	0.0	r	p	
3065.354573	26.48049499999979	states									"   state_name
id           
0     state_0"
3065.354573	0.01599499999974796	states									"          state_name
id                  
1   sending_trialnum"
3065.370568	19.499009000000115	states									"      state_name
id              
3   wait_for_cin"
3084.869577	1.0000020000002223	states									"   state_name
id           
4     context"
3085.869579	0.0014889999997649284	states									"   state_name
id           
6       csgap"
3085.871068	0.9630000000001928	states									"   state_name
id           
11    stim_on"
3086.834068	5.000999999999749	states									"     state_name
id             
28  error_state"
3091.835584	63.184983999999986	trials	0.0	2.0	1.0	0.0	0.0	0.0	r	p	
3091.835584	63.184983999999986	states									"   state_name
id           
0     state_0"
3091.835584	0.01598999999987427	states									"          state_name
id                  
1   sending_trialnum"
3091.851574	54.59249399999999	states									"      state_name
id              
3   wait_for_cin"
3146.444068	1.0005000000001019	states									"   state_name
id           
4     context"
3147.444568	0.0010099999999511056	states									"   state_name
id           
6       csgap"
3147.445578	1.0000020000002223	states									"   state_name
id           
11    stim_on"
3148.44558	0.001494000000093365	states									"   state_name
id           
12   stim_off"
3148.447074	1.5725049999996372	states									"        state_name
id                
13  wait_for_spoke"
3150.019579	5.000989000000118	states									"     state_name
id             
28  error_state"
3155.021068	81.53450900000007	trials	0.0	2.0	1.0	0.0	0.0	0.0	r	p	
3155.021068	81.53450900000007	states									"   state_name
id           
0     state_0"
3155.021068	0.016000000000076398	states									"          state_name
id                  
1   sending_trialnum"
3155.037068	70.21549999999979	states									"      state_name
id              
3   wait_for_cin"
3225.252568	1.0005000000001019	states									"   state_name
id           
4     context"
3226.253068	0.0010099999999511056	states									"   state_name
id           
6       csgap"
3226.254078	1.0004899999998997	states									"   state_name
id           
11    stim_on"
3227.254568	0.0010220000003755558	states									"   state_name
id           
12   stim_off"
3227.25559	4.298977999999806	states									"        state_name
id                
13  wait_for_spoke"
3231.554568	5.001009000000067	states									"     state_name
id             
28  error_state"
3236.556068	13.05450000000019	trials	1.0	2.0	1.0	0.0	0.0	1.0	r	p	
3236.556068	13.05450000000019	states									"   state_name
id           
0     state_0"
3236.556068	0.016000000000076398	states									"          state_name
id                  
1   sending_trialnum"
3236.572068	0.0005160000000614673	states									"      state_name
id              
3   wait_for_cin"
3236.572584	1.0004840000001423	states									"   state_name
id           
4     context"
3237.573068	0.0009999999997489795	states									"   state_name
id           
6       csgap"
3237.574068	1.0005000000001019	states									"   state_name
id           
11    stim_on"
3238.574568	0.0010090000000673172	states									"   state_name
id           
12   stim_off"
3238.575577	0.5099989999998797	states									"        state_name
id                
13  wait_for_spoke"
3239.085576	0.0004920000001220615	states									"             state_name
id                     
15  soff_reward_chooser"
3239.086068	0.06700000000000728	states									"         state_name
id                 
16  reward_big_soff"
3239.153068	1.475500000000011	states									"         state_name
id                 
23  post_reward_off"
3240.628568	5.981499999999869	states									"         state_name
id                 
24  soft_drink_time"
3246.610068	0.0005000000001018634	states									"    state_name
id            
25  warndanger"
3246.610568	3.0	states									"            state_name
id                    
26  warndanger_warning"
3249.611068	105.29549999999972	trials	1.0	2.0	1.0	0.0	0.0	1.0	r	p	
3249.611068	105.29549999999972	states									"   state_name
id           
0     state_0"
3249.611068	0.01599999999962165	states									"          state_name
id                  
1   sending_trialnum"
3249.627068	89.78900000000021	states									"      state_name
id              
3   wait_for_cin"
3339.416068	1.0	states									"   state_name
id           
4     context"
3340.416068	0.0010000000002037268	states									"   state_name
id           
6       csgap"
3340.417068	0.17699999999967986	states									"   state_name
id           
11    stim_on"
3340.594068	0.0005000000001018634	states									"            state_name
id                    
14  son_reward_chooser"
3340.594568	0.0670140000001993	states									"        state_name
id                
17  reward_big_son"
3340.661582	0.9334859999999026	states									"        state_name
id                
22  post_reward_on"
3341.595068	0.3095109999999295	states									"         state_name
id                 
23  post_reward_off"
3341.904579	10.000997999999981	states									"         state_name
id                 
24  soft_drink_time"
3351.905577	0.0004930000000058499	states									"    state_name
id            
25  warndanger"
3351.90607	3.0004979999998795	states									"            state_name
id                    
26  warndanger_warning"
3354.907074	116.39650699999993	trials	1.0	2.0	1.0	0.0	0.0	1.0	r	p	
3354.907074	116.39650699999993	states									"   state_name
id           
0     state_0"
3354.907074	0.015993999999864172	states									"          state_name
id                  
1   sending_trialnum"
3354.923068	101.15999999999985	states									"      state_name
id              
3   wait_for_cin"
3456.083068	1.0	states									"   state_name
id           
4     context"
3457.083068	0.0010000000002037268	states									"   state_name
id           
6       csgap"
3457.084068	0.12399999999979627	states									"   state_name
id           
11    stim_on"
3457.208068	0.0005000000001018634	states									"            state_name
id                    
14  son_reward_chooser"
3457.208568	0.06700899999987087	states									"        state_name
id                
17  reward_big_son"
3457.275577	0.933491000000231	states									"        state_name
id                
22  post_reward_on"
3458.209068	0.0929999999998472	states									"         state_name
id                 
23  post_reward_off"
3458.302068	10.001000000000204	states									"         state_name
id                 
24  soft_drink_time"
3468.303068	0.0005089999999654538	states									"    state_name
id            
25  warndanger"
3468.303577	3.00000399999999	states									"            state_name
id                    
26  warndanger_warning"
3471.304068	26.56151	trials	0.0	2.0	1.0	0.0	0.0	0.0	r	p	
3471.304068	26.56151	states									"   state_name
id           
0     state_0"
3471.304068	0.016000000000076398	states									"          state_name
id                  
1   sending_trialnum"
3471.320068	20.349509000000126	states									"      state_name
id              
3   wait_for_cin"
3491.669577	1.0004909999997835	states									"   state_name
id           
4     context"
3492.670068	0.00151400000004287	states									"   state_name
id           
6       csgap"
3492.671582	0.19298600000001898	states									"   state_name
id           
11    stim_on"
3492.864568	5.001009999999951	states									"     state_name
id             
28  error_state"
3497.866068	20.576500000000124	trials	0.0	2.0	1.0	0.0	0.0	0.0	r	p	
3497.866068	20.576500000000124	states									"   state_name
id           
0     state_0"
3497.866068	0.01600700000017241	states									"          state_name
id                  
1   sending_trialnum"
3497.882075	14.299993000000086	states									"      state_name
id              
3   wait_for_cin"
3512.182068	1.0000009999998838	states									"   state_name
id           
4     context"
3513.182069	0.0015109999999367574	states									"   state_name
id           
6       csgap"
3513.18358	0.25801000000001295	states									"   state_name
id           
11    stim_on"
3513.44159	5.000978000000032	states									"     state_name
id             
28  error_state"
3518.443068	25.168521000000055	trials	1.0	2.0	1.0	0.0	0.0	1.0	r	p	
3518.443068	25.168521000000055	states									"   state_name
id           
0     state_0"
3518.443068	0.016000000000076398	states									"          state_name
id                  
1   sending_trialnum"
3518.459068	9.144999999999982	states									"      state_name
id              
3   wait_for_cin"
3527.604068	1.0	states									"   state_name
id           
4     context"
3528.604068	0.0015079999998306448	states									"   state_name
id           
6       csgap"
3528.605576	0.09001299999999901	states									"   state_name
id           
11    stim_on"
3528.695589	0.00047900000026857015	states									"            state_name
id                    
14  son_reward_chooser"
3528.696068	0.06700000000000728	states									"        state_name
id                
17  reward_big_son"
3528.763068	0.9334999999996398	states									"        state_name
id                
22  post_reward_on"
3529.696568	0.9135000000001128	states									"         state_name
id                 
23  post_reward_off"
3530.610068	10.001000000000204	states									"         state_name
id                 
24  soft_drink_time"
3540.611068	0.0005059999998593412	states									"    state_name
id            
25  warndanger"
3540.611574	3.000015000000076	states									"            state_name
id                    
26  warndanger_warning"
3543.612068	8.947999999999865	trials	0.0	2.0	1.0	0.0	0.0	0.0	r	p	
3543.612068	8.947999999999865	states									"   state_name
id           
0     state_0"
3543.612068	0.016000000000076398	states									"          state_name
id                  
1   sending_trialnum"
3543.628068	2.8015040000000226	states									"      state_name
id              
3   wait_for_cin"
3546.429572	1.0	states									"   state_name
id           
4     context"
3547.429572	0.001502000000073167	states									"   state_name
id           
6       csgap"
3547.431074	0.12799999999970169	states									"   state_name
id           
11    stim_on"
3547.559074	5.0009939999999915	states									"     state_name
id             
28  error_state"
3552.560568	82.60600000000022	trials	1.0	2.0	1.0	0.0	0.0	1.0	r	p	
3552.560568	82.60600000000022	states									"   state_name
id           
0     state_0"
3552.560568	0.016000000000076398	states									"          state_name
id                  
1   sending_trialnum"
3552.576568	66.8050189999999	states									"      state_name
id              
3   wait_for_cin"
3619.381587	1.0004880000001322	states									"   state_name
id           
4     context"
3620.382075	0.0015050000001792796	states									"   state_name
id           
6       csgap"
3620.38358	0.9924879999998666	states									"   state_name
id           
11    stim_on"
3621.376068	0.0005000000001018634	states									"            state_name
id                    
14  son_reward_chooser"
3621.376568	0.007499999999708962	states									"        state_name
id                
17  reward_big_son"
3621.384068	0.059509000000161905	states									"            state_name
id                    
18  reward_big_soffwon"
3621.443577	0.7214909999997872	states									"         state_name
id                 
23  post_reward_off"
3622.165068	10.000502000000324	states									"         state_name
id                 
24  soft_drink_time"
3632.16557	0.0004979999998795392	states									"    state_name
id            
25  warndanger"
3632.166068	3.000500000000102	states									"            state_name
id                    
26  warndanger_warning"
3635.167068	89.16850899999963	trials	1.0	2.0	1.0	0.0	0.0	1.0	r	p	
3635.167068	89.16850899999963	states									"   state_name
id           
0     state_0"
3635.167068	0.01599999999962165	states									"          state_name
id                  
1   sending_trialnum"
3635.183068	81.47850900000003	states									"      state_name
id              
3   wait_for_cin"
3716.661577	1.0004910000002383	states									"   state_name
id           
4     context"
3717.662068	0.0009999999997489795	states									"   state_name
id           
6       csgap"
3717.663068	0.6705100000003767	states									"   state_name
id           
11    stim_on"
3718.333578	0.0004899999998997373	states									"            state_name
id                    
14  son_reward_chooser"
3718.334068	0.06700000000000728	states									"        state_name
id                
17  reward_big_son"
3718.401068	0.9335000000000946	states									"        state_name
id                
22  post_reward_on"
3719.334568	2.0005159999996067	states									"         state_name
id                 
23  post_reward_off"
3721.335084	0.0004870000002483721	states									"    state_name
id            
25  warndanger"
3721.335571	3.0000059999997575	states									"            state_name
id                    
26  warndanger_warning"
3724.336068	40.08950899999991	trials	0.0	2.0	1.0	0.0	0.0	0.0	r	p	
3724.336068	40.08950899999991	states									"   state_name
id           
0     state_0"
3724.336068	0.016000000000076398	states									"          state_name
id                  
1   sending_trialnum"
3724.352068	33.7529999999997	states									"      state_name
id              
3   wait_for_cin"
3758.105068	1.000506000000314	states									"   state_name
id           
4     context"
3759.105574	0.0014939999996386177	states									"   state_name
id           
6       csgap"
3759.107068	0.31750000000010914	states									"   state_name
id           
11    stim_on"
3759.424568	5.001009000000067	states									"     state_name
id             
28  error_state"
3764.426072	17.9949959999999	trials	1.0	2.0	1.0	0.0	0.0	1.0	r	p	
3764.426072	17.9949959999999	states									"   state_name
id           
0     state_0"
3764.426072	0.01599599999963175	states									"          state_name
id                  
1   sending_trialnum"
3764.442068	3.8535170000000107	states									"      state_name
id              
3   wait_for_cin"
3768.295585	1.0004830000002585	states									"   state_name
id           
4     context"
3769.296068	0.0009999999997489795	states									"   state_name
id           
6       csgap"
3769.297068	0.818000000000211	states									"   state_name
id           
11    stim_on"
3770.115068	0.0005089999999654538	states									"            state_name
id                    
14  son_reward_chooser"
3770.115577	0.06699100000014369	states									"        state_name
id                
17  reward_big_son"
3770.182568	0.9334999999996398	states									"        state_name
id                
22  post_reward_on"
3771.116068	1.1870160000003125	states									"         state_name
id                 
23  post_reward_off"
3772.303084	7.116990999999871	states									"         state_name
id                 
24  soft_drink_time"
3779.420075	0.0005089999999654538	states									"    state_name
id            
25  warndanger"
3779.420584	3.0004840000001423	states									"            state_name
id                    
26  warndanger_warning"
3782.421576	7.331507999999758	trials	0.0	2.0	1.0	0.0	0.0	0.0	r	p	
3782.421576	7.331507999999758	states									"   state_name
id           
0     state_0"
3782.421576	0.01599999999962165	states									"          state_name
id                  
1   sending_trialnum"
3782.437576	1.257492000000184	states									"      state_name
id              
3   wait_for_cin"
3783.695068	1.0005040000000918	states									"   state_name
id           
4     context"
3784.695572	0.001495999999860942	states									"   state_name
id           
6       csgap"
3784.697068	0.05499999999983629	states									"   state_name
id           
11    stim_on"
3784.752068	5.001016000000163	states									"     state_name
id             
28  error_state"
3789.753589	16.793987000000016	trials	1.0	2.0	1.0	0.0	0.0	1.0	r	p	
3789.753589	16.793987000000016	states									"   state_name
id           
0     state_0"
3789.753589	0.015988000000106695	states									"          state_name
id                  
1   sending_trialnum"
3789.769577	1.0294909999997799	states									"      state_name
id              
3   wait_for_cin"
3790.799068	1.00051300000041	states									"   state_name
id           
4     context"
3791.799581	0.0014869999999973516	states									"   state_name
id           
6       csgap"
3791.801068	0.3029999999998836	states									"   state_name
id           
11    stim_on"
3792.104068	0.0005000000001018634	states									"            state_name
id                    
14  son_reward_chooser"
3792.104568	0.06700799999998708	states									"        state_name
id                
17  reward_big_son"
3792.171576	0.93349199999966	states									"        state_name
id                
22  post_reward_on"
3793.105068	0.8009999999999309	states									"         state_name
id                 
23  post_reward_off"
3793.906068	9.641005000000405	states									"         state_name
id                 
24  soft_drink_time"
3803.547073	0.0005009999999856518	states									"    state_name
id            
25  warndanger"
3803.547574	3.0000019999997676	states									"            state_name
id                    
26  warndanger_warning"
3806.548068	8.900516000000152	trials	0.0	2.0	1.0	0.0	0.0	0.0	r	p	
3806.548068	8.900516000000152	states									"   state_name
id           
0     state_0"
3806.548068	0.016000000000076398	states									"          state_name
id                  
1   sending_trialnum"
3806.564068	2.330999999999676	states									"      state_name
id              
3   wait_for_cin"
3808.895068	1.0005040000000918	states									"   state_name
id           
4     context"
3809.895572	0.0010019999999713036	states									"   state_name
id           
6       csgap"
3809.896574	0.5510140000001229	states									"   state_name
id           
11    stim_on"
3810.447588	5.000996000000214	states									"     state_name
id             
28  error_state"
3815.449077	55.3744999999999	trials	1.0	2.0	1.0	0.0	0.0	1.0	r	p	
3815.449077	55.3744999999999	states									"   state_name
id           
0     state_0"
3815.449077	0.016006999999717664	states									"          state_name
id                  
1   sending_trialnum"
3815.465084	41.08698600000025	states									"      state_name
id              
3   wait_for_cin"
3856.55207	1.0004979999998795	states									"   state_name
id           
4     context"
3857.552568	0.0010090000000673172	states									"   state_name
id           
6       csgap"
3857.553577	0.6264909999999873	states									"   state_name
id           
11    stim_on"
3858.180068	0.0005000000001018634	states									"            state_name
id                    
14  son_reward_chooser"
3858.180568	0.06701199999997698	states									"        state_name
id                
17  reward_big_son"
3858.24758	0.9334879999996701	states									"        state_name
id                
22  post_reward_on"
3859.181068	0.09550000000035652	states									"         state_name
id                 
23  post_reward_off"
3859.276568	8.546499999999924	states									"         state_name
id                 
24  soft_drink_time"
3867.823068	0.0005059999998593412	states									"    state_name
id            
25  warndanger"
3867.823574	3.000003000000106	states									"            state_name
id                    
26  warndanger_warning"
3870.824068	25.303515999999945	trials	1.0	2.0	1.0	0.0	0.0	1.0	r	p	
3870.824068	25.303515999999945	states									"   state_name
id           
0     state_0"
3870.824068	0.016000000000076398	states									"          state_name
id                  
1   sending_trialnum"
3870.840068	10.166999999999916	states									"      state_name
id              
3   wait_for_cin"
3881.007068	1.000510000000304	states									"   state_name
id           
4     context"
3882.007578	0.0014899999996487168	states									"   state_name
id           
6       csgap"
3882.009068	0.03600000000005821	states									"   state_name
id           
11    stim_on"
3882.045068	0.0005060000003140885	states									"            state_name
id                    
14  son_reward_chooser"
3882.045574	0.06699399999979505	states									"        state_name
id                
17  reward_big_son"
3882.112568	0.9335000000000946	states									"        state_name
id                
22  post_reward_on"
3883.046068	0.07999999999992724	states									"         state_name
id                 
23  post_reward_off"
3883.126068	10.000999999999749	states									"         state_name
id                 
24  soft_drink_time"
3893.127068	0.0005160000000614673	states									"    state_name
id            
25  warndanger"
3893.127584	3.0	states									"            state_name
id                    
26  warndanger_warning"
3896.128068	29.847000000000207	trials	1.0	2.0	1.0	0.0	0.0	1.0	r	p	
3896.128068	29.847000000000207	states									"   state_name
id           
0     state_0"
3896.128068	0.016000000000076398	states									"          state_name
id                  
1   sending_trialnum"
3896.144068	13.708999999999833	states									"      state_name
id              
3   wait_for_cin"
3909.853068	1.000510000000304	states									"   state_name
id           
4     context"
3910.853578	0.0014899999996487168	states									"   state_name
id           
6       csgap"
3910.855068	0.11349999999993088	states									"   state_name
id           
11    stim_on"
3910.968568	0.0005000000001018634	states									"            state_name
id                    
14  son_reward_chooser"
3910.969068	0.06700000000000728	states									"        state_name
id                
17  reward_big_son"
3911.036068	0.9335089999999582	states									"        state_name
id                
22  post_reward_on"
3911.969577	1.004001000000244	states									"         state_name
id                 
23  post_reward_off"
3912.973578	10.0004899999999	states									"         state_name
id                 
24  soft_drink_time"
3922.974068	0.0005160000000614673	states									"    state_name
id            
25  warndanger"
3922.974584	3.0004840000001423	states									"            state_name
id                    
26  warndanger_warning"
3925.975575	26.332992999999988	trials	1.0	2.0	1.0	0.0	0.0	1.0	r	p	
3925.975575	26.332992999999988	states									"   state_name
id           
0     state_0"
3925.975575	0.016000999999960186	states									"          state_name
id                  
1   sending_trialnum"
3925.991576	15.112492000000202	states									"      state_name
id              
3   wait_for_cin"
3941.104068	1.0	states									"   state_name
id           
4     context"
3942.104068	0.0015089999997144332	states									"   state_name
id           
6       csgap"
3942.105577	0.08999900000026173	states									"   state_name
id           
11    stim_on"
3942.195576	0.0004920000001220615	states									"            state_name
id                    
14  son_reward_chooser"
3942.196068	0.06700499999988097	states									"        state_name
id                
17  reward_big_son"
3942.263073	0.9334949999997662	states									"        state_name
id                
22  post_reward_on"
3943.196568	0.03999999999996362	states									"         state_name
id                 
23  post_reward_off"
3943.236568	6.071009000000231	states									"         state_name
id                 
24  soft_drink_time"
3949.307577	0.0004960000001119624	states									"    state_name
id            
25  warndanger"
3949.308073	3.0004949999997734	states									"            state_name
id                    
26  warndanger_warning"
3952.309068	17.217505000000074	trials	1.0	2.0	1.0	0.0	0.0	1.0	r	p	
3952.309068	17.217505000000074	states									"   state_name
id           
0     state_0"
3952.309068	0.016016000000036	states									"          state_name
id                  
1   sending_trialnum"
3952.325084	10.153984000000037	states									"      state_name
id              
3   wait_for_cin"
3962.479068	1.0005040000000918	states									"   state_name
id           
4     context"
3963.479572	0.001495999999860942	states									"   state_name
id           
6       csgap"
3963.481068	0.04349999999976717	states									"   state_name
id           
11    stim_on"
3963.524568	0.0005000000001018634	states									"            state_name
id                    
14  son_reward_chooser"
3963.525068	0.06700000000000728	states									"        state_name
id                
17  reward_big_son"
3963.592068	0.9335089999999582	states									"        state_name
id                
22  post_reward_on"
3964.525577	2.0004910000002383	states									"         state_name
id                 
23  post_reward_off"
3966.526068	0.0005000000001018634	states									"    state_name
id            
25  warndanger"
3966.526568	3.0000049999998737	states									"            state_name
id                    
26  warndanger_warning"
3969.527068	25.345002999999906	trials	1.0	2.0	1.0	0.0	0.0	1.0	r	p	
3969.527068	25.345002999999906	states									"   state_name
id           
0     state_0"
3969.527068	0.016000000000076398	states									"          state_name
id                  
1   sending_trialnum"
3969.543068	9.188000000000102	states									"      state_name
id              
3   wait_for_cin"
3978.731068	1.0	states									"   state_name
id           
4     context"
3979.731068	0.0009999999997489795	states									"   state_name
id           
6       csgap"
3979.732068	0.5145000000002256	states									"   state_name
id           
11    stim_on"
3980.246568	0.0005000000001018634	states									"            state_name
id                    
14  son_reward_chooser"
3980.247068	0.06700000000000728	states									"        state_name
id                
17  reward_big_son"
3980.314068	0.9335109999997258	states									"        state_name
id                
22  post_reward_on"
3981.247579	0.8199960000001738	states									"         state_name
id                 
23  post_reward_off"
3982.067575	9.804003000000193	states									"         state_name
id                 
24  soft_drink_time"
3991.871578	0.0004899999998997373	states									"    state_name
id            
25  warndanger"
3991.872068	3.0000029999996514	states									"            state_name
id                    
26  warndanger_warning"
3994.872584	8.079983999999968	trials	1.0	2.0	1.0	0.0	0.0	1.0	r	p	
3994.872584	8.079983999999968	states									"   state_name
id           
0     state_0"
3994.872584	0.015983999999662046	states									"          state_name
id                  
1   sending_trialnum"
3994.888568	0.9760000000001128	states									"      state_name
id              
3   wait_for_cin"
3995.864568	1.0005000000001019	states									"   state_name
id           
4     context"
3996.865068	0.0014999999998508429	states									"   state_name
id           
6       csgap"
3996.866568	1.0005000000001019	states									"   state_name
id           
11    stim_on"
3997.867068	0.0014999999998508429	states									"   state_name
id           
12   stim_off"
3997.868568	0.015009000000191008	states									"        state_name
id                
13  wait_for_spoke"
3997.883577	0.0004960000001119624	states									"             state_name
id                     
15  soff_reward_chooser"
3997.884073	0.06699499999967884	states									"         state_name
id                 
16  reward_big_soff"
3997.951068	2.0005089999999655	states									"         state_name
id                 
23  post_reward_off"
3999.951577	0.0004930000000058499	states									"    state_name
id            
25  warndanger"
3999.95207	3.0004980000003343	states									"            state_name
id                    
26  warndanger_warning"
4002.953068	18.429505000000063	trials	1.0	2.0	1.0	0.0	0.0	1.0	r	p	
4002.953068	18.429505000000063	states									"   state_name
id           
0     state_0"
4002.953068	0.016016000000036	states									"          state_name
id                  
1   sending_trialnum"
4002.969084	1.2534900000000562	states									"      state_name
id              
3   wait_for_cin"
4004.222574	1.0004939999998896	states									"   state_name
id           
4     context"
4005.223068	0.0010000000002037268	states									"   state_name
id           
6       csgap"
4005.224068	0.5425000000000182	states									"   state_name
id           
11    stim_on"
4005.766568	0.0005000000001018634	states									"            state_name
id                    
14  son_reward_chooser"
4005.767068	0.06700000000000728	states									"        state_name
id                
17  reward_big_son"
4005.834068	0.9335089999999582	states									"        state_name
id                
22  post_reward_on"
4006.767577	1.708990999999969	states									"         state_name
id                 
23  post_reward_off"
4008.476568	9.905499999999847	states									"         state_name
id                 
24  soft_drink_time"
4018.382068	0.0005000000001018634	states									"    state_name
id            
25  warndanger"
4018.382568	3.0000049999998737	states									"            state_name
id                    
26  warndanger_warning"
4021.383068	54.93149999999969	trials	1.0	2.0	1.0	0.0	0.0	1.0	r	p	
4021.383068	54.93149999999969	states									"   state_name
id           
0     state_0"
4021.383068	0.016000000000076398	states									"          state_name
id                  
1   sending_trialnum"
4021.399068	47.02399999999989	states									"      state_name
id              
3   wait_for_cin"
4068.423068	1.0005080000000817	states									"   state_name
id           
4     context"
4069.423576	0.001491999999871041	states									"   state_name
id           
6       csgap"
4069.425068	1.0005139999998391	states									"   state_name
id           
11    stim_on"
4070.425582	0.0014860000001135631	states									"   state_name
id           
12   stim_off"
4070.427068	0.5830000000000837	states									"        state_name
id                
13  wait_for_spoke"
4071.010068	0.0005000000001018634	states									"             state_name
id                     
15  soff_reward_chooser"
4071.010568	0.06700399999999718	states									"         state_name
id                 
16  reward_big_soff"
4071.077572	0.22749599999997372	states									"         state_name
id                 
23  post_reward_off"
4071.305068	2.0090000000000146	states									"         state_name
id                 
24  soft_drink_time"
4073.314068	0.0004999999996471161	states									"    state_name
id            
25  warndanger"
4073.314568	3.0	states									"            state_name
id                    
26  warndanger_warning"
4076.315068	35.80749999999989	trials	1.0	2.0	1.0	0.0	0.0	1.0	r	p	
4076.315068	35.80749999999989	states									"   state_name
id           
0     state_0"
4076.315068	0.016000000000076398	states									"          state_name
id                  
1   sending_trialnum"
4076.331068	19.56600000000026	states									"      state_name
id              
3   wait_for_cin"
4095.897068	1.000503999999637	states									"   state_name
id           
4     context"
4096.897572	0.001495999999860942	states									"   state_name
id           
6       csgap"
4096.899068	0.7525140000007013	states									"   state_name
id           
11    stim_on"
4097.651582	0.00048599999990983633	states									"            state_name
id                    
14  son_reward_chooser"
4097.652068	0.06700899999941612	states									"        state_name
id                
17  reward_big_son"
4097.719077	0.9334969999999885	states									"        state_name
id                
22  post_reward_on"
4098.652574	0.4679940000005445	states									"         state_name
id                 
23  post_reward_off"
4099.120568	10.001008999999613	states									"         state_name
id                 
24  soft_drink_time"
4109.121577	0.0004909999997835257	states									"    state_name
id            
25  warndanger"
4109.122068	3.000500000000102	states									"            state_name
id                    
26  warndanger_warning"
4112.123068	18.234504000000015	trials	1.0	2.0	1.0	0.0	0.0	1.0	r	p	
4112.123068	18.234504000000015	states									"   state_name
id           
0     state_0"
4112.123068	0.016000000000531145	states									"          state_name
id                  
1   sending_trialnum"
4112.139068	1.7849999999998545	states									"      state_name
id              
3   wait_for_cin"
4113.924068	1.0	states									"   state_name
id           
4     context"
4114.924068	0.0010059999995064572	states									"   state_name
id           
6       csgap"
4114.925074	1.0	states									"   state_name
id           
11    stim_on"
4115.925074	0.0010099999999511056	states									"   state_name
id           
12   stim_off"
4115.926084	0.5014940000000934	states									"        state_name
id                
13  wait_for_spoke"
4116.427578	0.0004900000003544847	states									"             state_name
id                     
15  soff_reward_chooser"
4116.428068	0.06701599999996688	states									"         state_name
id                 
16  reward_big_soff"
4116.495084	0.8609839999999167	states									"         state_name
id                 
23  post_reward_off"
4117.356068	10.000500000000102	states									"         state_name
id                 
24  soft_drink_time"
4127.356568	0.0005059999994045938	states									"    state_name
id            
25  warndanger"
4127.357074	3.0004980000003343	states									"            state_name
id                    
26  warndanger_warning"
4130.358068	27.13050000000021	trials	1.0	2.0	1.0	0.0	0.0	1.0	r	p	
4130.358068	27.13050000000021	states									"   state_name
id           
0     state_0"
4130.358068	0.016000000000531145	states									"          state_name
id                  
1   sending_trialnum"
4130.374068	11.592499999999745	states									"      state_name
id              
3   wait_for_cin"
4141.966568	1.0	states									"   state_name
id           
4     context"
4142.966568	0.0010080000001835288	states									"   state_name
id           
6       csgap"
4142.967576	0.0249919999996564	states									"   state_name
id           
11    stim_on"
4142.992568	0.0005160000000614673	states									"            state_name
id                    
14  son_reward_chooser"
4142.993084	0.06698400000004767	states									"        state_name
id                
17  reward_big_son"
4143.060068	0.9335090000004129	states									"        state_name
id                
22  post_reward_on"
4143.993577	0.49299100000007456	states									"         state_name
id                 
23  post_reward_off"
4144.486568	10.001006999999845	states									"         state_name
id                 
24  soft_drink_time"
4154.487575	0.0004929999995511025	states									"    state_name
id            
25  warndanger"
4154.488068	3.000500000000102	states									"            state_name
id                    
26  warndanger_warning"
4157.489068	22.068006000000423	trials	1.0	2.0	1.0	0.0	0.0	1.0	r	p	
4157.489068	22.068006000000423	states									"   state_name
id           
0     state_0"
4157.489068	0.016000000000531145	states									"          state_name
id                  
1   sending_trialnum"
4157.505068	5.109999999999673	states									"      state_name
id              
3   wait_for_cin"
4162.615068	1.0005049999999756	states									"   state_name
id           
4     context"
4163.615573	0.0014949999995224061	states									"   state_name
id           
6       csgap"
4163.617068	0.617500000000291	states									"   state_name
id           
11    stim_on"
4164.234568	0.0005000000001018634	states									"            state_name
id                    
14  son_reward_chooser"
4164.235068	0.06700000000000728	states									"        state_name
id                
17  reward_big_son"
4164.302068	0.9335179999998218	states									"        state_name
id                
22  post_reward_on"
4165.235586	1.3199979999999414	states									"         state_name
id                 
23  post_reward_off"
4166.555584	10.000984000000244	states									"         state_name
id                 
24  soft_drink_time"
4176.556568	0.0005000000001018634	states									"    state_name
id            
25  warndanger"
4176.557068	3.0000060000002122	states									"            state_name
id                    
26  warndanger_warning"
4179.557577	7.990991000000577	trials	1.0	2.0	1.0	0.0	0.0	1.0	r	p	
4179.557577	7.990991000000577	states									"   state_name
id           
0     state_0"
4179.557577	0.01599900000019261	states									"          state_name
id                  
1   sending_trialnum"
4179.573576	0.6214920000002166	states									"      state_name
id              
3   wait_for_cin"
4180.195068	1.0000060000002122	states									"   state_name
id           
4     context"
4181.195074	0.001494000000093365	states									"   state_name
id           
6       csgap"
4181.196568	0.34949999999935244	states									"   state_name
id           
11    stim_on"
4181.546068	0.0005000000001018634	states									"            state_name
id                    
14  son_reward_chooser"
4181.546568	0.06700900000032561	states									"        state_name
id                
17  reward_big_son"
4181.613577	0.9334909999997762	states									"        state_name
id                
22  post_reward_on"
4182.547068	2.000514000000294	states									"         state_name
id                 
23  post_reward_off"
4184.547582	0.00048599999990983633	states									"    state_name
id            
25  warndanger"
4184.548068	3.000500000000102	states									"            state_name
id                    
26  warndanger_warning"
4187.549068	56.91250899999977	trials	1.0	2.0	1.0	0.0	0.0	1.0	r	p	
4187.549068	56.91250899999977	states									"   state_name
id           
0     state_0"
4187.549068	0.01599999999962165	states									"          state_name
id                  
1   sending_trialnum"
4187.565068	43.65300000000025	states									"      state_name
id              
3   wait_for_cin"
4231.218068	1.0005000000001019	states									"   state_name
id           
4     context"
4232.218568	0.0010259999999107094	states									"   state_name
id           
6       csgap"
4232.219594	0.12998199999947246	states									"   state_name
id           
11    stim_on"
4232.349576	0.0004920000001220615	states									"            state_name
id                    
14  son_reward_chooser"
4232.350068	0.0670060000002195	states									"        state_name
id                
17  reward_big_son"
4232.417074	0.9334939999998824	states									"        state_name
id                
22  post_reward_on"
4233.350568	0.05050000000028376	states									"         state_name
id                 
23  post_reward_off"
4233.401068	8.05999999999949	states									"         state_name
id                 
24  soft_drink_time"
4241.461068	0.0005070000006526243	states									"    state_name
id            
25  warndanger"
4241.461575	3.0000019999997676	states									"            state_name
id                    
26  warndanger_warning"
4244.46207	13.681507000000238	trials	1.0	2.0	1.0	0.0	0.0	1.0	r	p	
4244.46207	13.681507000000238	states									"   state_name
id           
0     state_0"
4244.46207	0.01600600000074337	states									"          state_name
id                  
1   sending_trialnum"
4244.478076	0.9544919999998456	states									"      state_name
id              
3   wait_for_cin"
4245.432568	1.0	states									"   state_name
id           
4     context"
4246.432568	0.0010089999996125698	states									"   state_name
id           
6       csgap"
4246.433577	0.1549910000003365	states									"   state_name
id           
11    stim_on"
4246.588568	0.0005000000001018634	states									"            state_name
id                    
14  son_reward_chooser"
4246.589068	0.06700000000000728	states									"        state_name
id                
17  reward_big_son"
4246.656068	0.933509999999842	states									"        state_name
id                
22  post_reward_on"
4247.589578	1.478994999999486	states									"         state_name
id                 
23  post_reward_off"
4249.068573	6.074495000000752	states									"         state_name
id                 
24  soft_drink_time"
4255.143068	0.0005089999995107064	states									"    state_name
id            
25  warndanger"
4255.143577	3.0	states									"            state_name
id                    
26  warndanger_warning"
4258.144068	14.756000000000313	trials	1.0	2.0	1.0	0.0	0.0	1.0	r	p	
4258.144068	14.756000000000313	states									"   state_name
id           
0     state_0"
4258.144068	0.016000000000531145	states									"          state_name
id                  
1   sending_trialnum"
4258.160068	0.6370159999996758	states									"      state_name
id              
3   wait_for_cin"
4258.797084	1.0004909999997835	states									"   state_name
id           
4     context"
4259.797575	0.001509000000623928	states									"   state_name
id           
6       csgap"
4259.799084	0.7129949999998644	states									"   state_name
id           
11    stim_on"
4260.512079	0.0005049999999755528	states									"            state_name
id                    
14  son_reward_chooser"
4260.512584	0.06700000000000728	states									"        state_name
id                
17  reward_big_son"
4260.579584	0.933484000000135	states									"        state_name
id                
22  post_reward_on"
4261.513068	0.1750000000001819	states									"         state_name
id                 
23  post_reward_off"
4261.688068	8.21101599999929	states									"         state_name
id                 
24  soft_drink_time"
4269.899084	0.0005049999999755528	states									"    state_name
id            
25  warndanger"
4269.899589	3.0004790000002686	states									"            state_name
id                    
26  warndanger_warning"
4272.900568	15.40900799999963	trials	1.0	2.0	1.0	0.0	0.0	1.0	r	p	
4272.900568	15.40900799999963	states									"   state_name
id           
0     state_0"
4272.900568	0.01599999999962165	states									"          state_name
id                  
1   sending_trialnum"
4272.916568	0.6905000000006112	states									"      state_name
id              
3   wait_for_cin"
4273.607068	1.0000159999999596	states									"   state_name
id           
4     context"
4274.607084	0.0014839999994364916	states									"   state_name
id           
6       csgap"
4274.608568	0.46750000000065484	states									"   state_name
id           
11    stim_on"
4275.076068	0.0005000000001018634	states									"            state_name
id                    
14  son_reward_chooser"
4275.076568	0.06700999999975465	states									"        state_name
id                
17  reward_big_son"
4275.143578	0.9335059999993973	states									"        state_name
id                
22  post_reward_on"
4276.077084	0.4284910000005766	states									"         state_name
id                 
23  post_reward_off"
4276.505575	8.802993000000242	states									"         state_name
id                 
24  soft_drink_time"
4285.308568	0.0004999999991923687	states									"    state_name
id            
25  warndanger"
4285.309068	3.0005080000000817	states									"            state_name
id                    
26  warndanger_warning"
4288.310068	14.05750900000021	trials	1.0	2.0	1.0	0.0	0.0	1.0	r	p	
4288.310068	14.05750900000021	states									"   state_name
id           
0     state_0"
4288.310068	0.016000000000531145	states									"          state_name
id                  
1   sending_trialnum"
4288.326068	3.66300499999943	states									"      state_name
id              
3   wait_for_cin"
4291.989073	1.000011000000086	states									"   state_name
id           
4     context"
4292.989084	0.0014840000003459863	states									"   state_name
id           
6       csgap"
4292.990568	0.757499999999709	states									"   state_name
id           
11    stim_on"
4293.748068	0.0005000000001018634	states									"            state_name
id                    
14  son_reward_chooser"
4293.748568	0.06701599999996688	states									"        state_name
id                
17  reward_big_son"
4293.815584	0.933484000000135	states									"        state_name
id                
22  post_reward_on"
4294.749068	0.5015000000003056	states									"         state_name
id                 
23  post_reward_off"
4295.250568	4.1159999999999854	states									"         state_name
id                 
24  soft_drink_time"
4299.366568	0.0004999999991923687	states									"    state_name
id            
25  warndanger"
4299.367068	3.00050900000042	states									"            state_name
id                    
26  warndanger_warning"
4302.368068	45.10650600000008	trials	1.0	2.0	1.0	0.0	0.0	1.0	r	p	
4302.368068	45.10650600000008	states									"   state_name
id           
0     state_0"
4302.368068	0.016000000000531145	states									"          state_name
id                  
1   sending_trialnum"
4302.384068	33.98951299999953	states									"      state_name
id              
3   wait_for_cin"
4336.373581	1.0004870000002484	states									"   state_name
id           
4     context"
4337.374068	0.0010000000002037268	states									"   state_name
id           
6       csgap"
4337.375068	0.4335000000000946	states									"   state_name
id           
11    stim_on"
4337.808568	0.0004999999991923687	states									"            state_name
id                    
14  son_reward_chooser"
4337.809068	0.06700100000034581	states									"        state_name
id                
17  reward_big_son"
4337.876069	0.9335140000002866	states									"        state_name
id                
22  post_reward_on"
4338.809583	0.3154850000000806	states									"         state_name
id                 
23  post_reward_off"
4339.125068	5.34900000000016	states									"         state_name
id                 
24  soft_drink_time"
4344.474068	0.0004999999991923687	states									"    state_name
id            
25  warndanger"
4344.474568	3.0000060000002122	states									"            state_name
id                    
26  warndanger_warning"
4347.475084	26.792492999999922	trials	1.0	2.0	1.0	0.0	0.0	1.0	r	p	
4347.475084	26.792492999999922	states									"   state_name
id           
0     state_0"
4347.475084	0.016000000000531145	states									"          state_name
id                  
1   sending_trialnum"
4347.491084	12.438983999999436	states									"      state_name
id              
3   wait_for_cin"
4359.930068	1.0000070000005508	states									"   state_name
id           
4     context"
4360.930075	0.001495999999860942	states									"   state_name
id           
6       csgap"
4360.931571	1.0000060000002122	states									"   state_name
id           
11    stim_on"
4361.931577	0.0014909999999872525	states									"   state_name
id           
12   stim_off"
4361.933068	3.949999999999818	states									"        state_name
id                
13  wait_for_spoke"
4365.883068	0.0005199999995966209	states									"             state_name
id                     
15  soff_reward_chooser"
4365.883588	0.06698000000051252	states									"         state_name
id                 
16  reward_big_soff"
4365.950568	1.663499999999658	states									"         state_name
id                 
23  post_reward_off"
4367.614068	3.6530000000002474	states									"         state_name
id                 
24  soft_drink_time"
4371.267068	0.0005069999997431296	states									"    state_name
id            
25  warndanger"
4371.267575	3.0000019999997676	states									"            state_name
id                    
26  warndanger_warning"
4374.268068	18.30249999999978	trials	1.0	2.0	1.0	0.0	0.0	1.0	r	p	
4374.268068	18.30249999999978	states									"   state_name
id           
0     state_0"
4374.268068	0.01599999999962165	states									"          state_name
id                  
1   sending_trialnum"
4374.284068	8.864999999999782	states									"      state_name
id              
3   wait_for_cin"
4383.149068	1.0005080000000817	states									"   state_name
id           
4     context"
4384.149576	0.0015080000002853922	states									"   state_name
id           
6       csgap"
4384.151084	1.000492999999551	states									"   state_name
id           
11    stim_on"
4385.151577	0.0014909999999872525	states									"   state_name
id           
12   stim_off"
4385.153068	2.349010000000817	states									"        state_name
id                
13  wait_for_spoke"
4387.502078	0.0004959999996572151	states									"             state_name
id                     
15  soff_reward_chooser"
4387.502574	0.06700699999964854	states									"         state_name
id                 
16  reward_big_soff"
4387.569581	2.0004870000002484	states									"         state_name
id                 
23  post_reward_off"
4389.570068	0.0005000000001018634	states									"    state_name
id            
25  warndanger"
4389.570568	3.0	states									"            state_name
id                    
26  warndanger_warning"
4392.571068	17.175999999999476	trials	1.0	2.0	1.0	0.0	0.0	1.0	r	p	
4392.571068	17.175999999999476	states									"   state_name
id           
0     state_0"
4392.571068	0.01599999999962165	states									"          state_name
id                  
1   sending_trialnum"
4392.587068	6.23700000000008	states									"      state_name
id              
3   wait_for_cin"
4398.824068	1.0	states									"   state_name
id           
4     context"
4399.824068	0.0015089999997144332	states									"   state_name
id           
6       csgap"
4399.825577	0.7980020000004515	states									"   state_name
id           
11    stim_on"
4400.623579	0.0004890000000159489	states									"            state_name
id                    
14  son_reward_chooser"
4400.624068	0.06700000000000728	states									"        state_name
id                
17  reward_big_son"
4400.691068	0.9335160000000542	states									"        state_name
id                
22  post_reward_on"
4401.624584	0.04048899999997957	states									"         state_name
id                 
23  post_reward_off"
4401.665073	5.080995000000257	states									"         state_name
id                 
24  soft_drink_time"
4406.746068	0.0004999999991923687	states									"    state_name
id            
25  warndanger"
4406.746568	3.000500000000102	states									"            state_name
id                    
26  warndanger_warning"
4409.747572	20.95951199999945	trials	1.0	2.0	1.0	0.0	0.0	1.0	r	p	
4409.747572	20.95951199999945	states									"   state_name
id           
0     state_0"
4409.747572	0.016002999999727763	states									"          state_name
id                  
1   sending_trialnum"
4409.763575	6.725492999999915	states									"      state_name
id              
3   wait_for_cin"
4416.489068	1.0005069999997431	states									"   state_name
id           
4     context"
4417.489575	0.001493000000664324	states									"   state_name
id           
6       csgap"
4417.491068	1.0005119999996168	states									"   state_name
id           
11    stim_on"
4418.49158	0.00148799999988114	states									"   state_name
id           
12   stim_off"
4418.493068	1.16150000000016	states									"        state_name
id                
13  wait_for_spoke"
4419.654568	0.0005000000001018634	states									"             state_name
id                     
15  soff_reward_chooser"
4419.655068	0.06700000000000728	states									"         state_name
id                 
16  reward_big_soff"
4419.722068	0.5489999999999782	states									"         state_name
id                 
23  post_reward_off"
4420.271068	7.4350000000004	states									"         state_name
id                 
24  soft_drink_time"
4427.706068	0.0004999999991923687	states									"    state_name
id            
25  warndanger"
4427.706568	3.0005160000000615	states									"            state_name
id                    
26  warndanger_warning"
4430.707577	28.724001999999928	trials	1.0	2.0	1.0	0.0	0.0	1.0	r	p	
4430.707577	28.724001999999928	states									"   state_name
id           
0     state_0"
4430.707577	0.01599999999962165	states									"          state_name
id                  
1   sending_trialnum"
4430.723577	20.002991000000293	states									"      state_name
id              
3   wait_for_cin"
4450.726568	1.0	states									"   state_name
id           
4     context"
4451.726568	0.0010119999997186824	states									"   state_name
id           
6       csgap"
4451.72758	0.9644880000005287	states									"   state_name
id           
11    stim_on"
4452.692068	0.0005059999994045938	states									"            state_name
id                    
14  son_reward_chooser"
4452.692574	0.035494000000653614	states									"        state_name
id                
17  reward_big_son"
4452.728068	0.031503999999586085	states									"            state_name
id                    
18  reward_big_soffwon"
4452.759572	1.5024960000000647	states									"         state_name
id                 
23  post_reward_off"
4454.262068	2.168999999999869	states									"         state_name
id                 
24  soft_drink_time"
4456.431068	0.0005090000004202011	states									"    state_name
id            
25  warndanger"
4456.431577	3.0000019999997676	states									"            state_name
id                    
26  warndanger_warning"
4459.432068	20.1220000000003	trials	1.0	2.0	1.0	0.0	0.0	1.0	r	p	
4459.432068	20.1220000000003	states									"   state_name
id           
0     state_0"
4459.432068	0.01599999999962165	states									"          state_name
id                  
1   sending_trialnum"
4459.448068	9.319006000000627	states									"      state_name
id              
3   wait_for_cin"
4468.767074	1.0005000000001019	states									"   state_name
id           
4     context"
4469.767574	0.0015099999991434743	states									"   state_name
id           
6       csgap"
4469.769084	1.0004930000004606	states									"   state_name
id           
11    stim_on"
4470.769577	0.0015000000003055902	states									"   state_name
id           
12   stim_off"
4470.771077	0.6664959999998246	states									"        state_name
id                
13  wait_for_spoke"
4471.437573	0.000495000000228174	states									"             state_name
id                     
15  soff_reward_chooser"
4471.438068	0.06700000000000728	states									"         state_name
id                 
16  reward_big_soff"
4471.505068	1.637499999999818	states									"         state_name
id                 
23  post_reward_off"
4473.142568	3.411008999999467	states									"         state_name
id                 
24  soft_drink_time"
4476.553577	0.0004910000006930204	states									"    state_name
id            
25  warndanger"
4476.554068	3.0	states									"            state_name
id                    
26  warndanger_warning"
4479.554568	8.649024000000281	trials	1.0	2.0	1.0	0.0	0.0	1.0	r	p	
4479.554568	8.649024000000281	states									"   state_name
id           
0     state_0"
4479.554568	0.01600600000074337	states									"          state_name
id                  
1   sending_trialnum"
4479.570574	1.251006999999845	states									"      state_name
id              
3   wait_for_cin"
4480.821581	1.0004870000002484	states									"   state_name
id           
4     context"
4481.822068	0.001015999999253836	states									"   state_name
id           
6       csgap"
4481.823084	1.0004930000004606	states									"   state_name
id           
11    stim_on"
4482.823577	0.0014909999999872525	states									"   state_name
id           
12   stim_off"
4482.825068	0.3105070000001433	states									"        state_name
id                
13  wait_for_spoke"
4483.135575	0.0004929999995511025	states									"             state_name
id                     
15  soff_reward_chooser"
4483.136068	0.06700000000000728	states									"         state_name
id                 
16  reward_big_soff"
4483.203068	2.0	states									"         state_name
id                 
23  post_reward_off"
4485.203068	0.0005099999998492422	states									"    state_name
id            
25  warndanger"
4485.203578	3.000014000000192	states									"            state_name
id                    
26  warndanger_warning"
4488.204068	18.9345000000003	trials	1.0	2.0	1.0	0.0	0.0	1.0	r	p	
4488.204068	18.9345000000003	states									"   state_name
id           
0     state_0"
4488.204068	0.01599999999962165	states									"          state_name
id                  
1   sending_trialnum"
4488.220068	5.721508999999969	states									"      state_name
id              
3   wait_for_cin"
4493.941577	1.0	states									"   state_name
id           
4     context"
4494.941577	0.001507000000856351	states									"   state_name
id           
6       csgap"
4494.943084	1.000500999999531	states									"   state_name
id           
11    stim_on"
4495.943585	0.0014830000000074506	states									"   state_name
id           
12   stim_off"
4495.945068	1.7614999999996144	states									"        state_name
id                
13  wait_for_spoke"
4497.706568	0.0005000000001018634	states									"             state_name
id                     
15  soff_reward_chooser"
4497.707068	0.06700000000000728	states									"         state_name
id                 
16  reward_big_soff"
4497.774068	1.2115100000000893	states									"         state_name
id                 
23  post_reward_off"
4498.985578	5.152001000000382	states									"         state_name
id                 
24  soft_drink_time"
4504.137579	0.0004929999995511025	states									"    state_name
id            
25  warndanger"
4504.138072	3.0004960000005667	states									"            state_name
id                    
26  warndanger_warning"
4507.139074	19.01149400000031	trials	1.0	2.0	1.0	0.0	0.0	1.0	r	p	
4507.139074	19.01149400000031	states									"   state_name
id           
0     state_0"
4507.139074	0.01599400000031892	states									"          state_name
id                  
1   sending_trialnum"
4507.155068	5.516505999999936	states									"      state_name
id              
3   wait_for_cin"
4512.671574	1.0000030000001061	states									"   state_name
id           
4     context"
4513.671577	0.0014909999999872525	states									"   state_name
id           
6       csgap"
4513.673068	0.15750000000025466	states									"   state_name
id           
11    stim_on"
4513.830568	0.0005000000001018634	states									"            state_name
id                    
14  son_reward_chooser"
4513.831068	0.06700000000000728	states									"        state_name
id                
17  reward_big_son"
4513.898068	0.9335189999992508	states									"        state_name
id                
22  post_reward_on"
4514.831587	1.4604810000000725	states									"         state_name
id                 
23  post_reward_off"
4516.292068	6.858000000000175	states									"         state_name
id                 
24  soft_drink_time"
4523.150068	0.0005000000001018634	states									"    state_name
id            
25  warndanger"
4523.150568	3.0	states									"            state_name
id                    
26  warndanger_warning"
4526.151068	15.511005000000296	trials	1.0	2.0	1.0	0.0	0.0	1.0	r	p	
4526.151068	15.511005000000296	states									"   state_name
id           
0     state_0"
4526.151068	0.01599999999962165	states									"          state_name
id                  
1   sending_trialnum"
4526.167068	3.69800000000032	states									"      state_name
id              
3   wait_for_cin"
4529.865068	1.0	states									"   state_name
id           
4     context"
4530.865068	0.0010000000002037268	states									"   state_name
id           
6       csgap"
4530.866068	0.08699999999953434	states									"   state_name
id           
11    stim_on"
4530.953068	0.0005120000005263137	states									"            state_name
id                    
14  son_reward_chooser"
4530.95358	0.06698799999958283	states									"        state_name
id                
17  reward_big_son"
4531.020568	0.9335000000000946	states									"        state_name
id                
22  post_reward_on"
4531.954068	0.09751200000027893	states									"         state_name
id                 
23  post_reward_off"
4532.05158	6.609993000000031	states									"         state_name
id                 
24  soft_drink_time"
4538.661573	0.0004949999993186793	states									"    state_name
id            
25  warndanger"
4538.662068	3.000005000000783	states									"            state_name
id                    
26  warndanger_warning"
4541.662574	13.06299399999989	trials	1.0	2.0	1.0	0.0	0.0	1.0	r	p	
4541.662574	13.06299399999989	states									"   state_name
id           
0     state_0"
4541.662574	0.01599400000031892	states									"          state_name
id                  
1   sending_trialnum"
4541.678568	0.0005000000001018634	states									"      state_name
id              
3   wait_for_cin"
4541.679068	1.0000049999998737	states									"   state_name
id           
4     context"
4542.679073	0.0014949999995224061	states									"   state_name
id           
6       csgap"
4542.680568	0.42450000000008004	states									"   state_name
id           
11    stim_on"
4543.105068	0.0005110000001877779	states									"            state_name
id                    
14  son_reward_chooser"
4543.105579	0.06698899999992136	states									"        state_name
id                
17  reward_big_son"
4543.172568	0.9335049999999683	states									"        state_name
id                
22  post_reward_on"
4544.106073	0.6699950000001991	states									"         state_name
id                 
23  post_reward_off"
4544.776068	6.9484999999995125	states									"         state_name
id                 
24  soft_drink_time"
4551.724568	0.0005000000001018634	states									"    state_name
id            
25  warndanger"
4551.725068	3.000500000000102	states									"            state_name
id                    
26  warndanger_warning"
4554.726071	15.783497000000352	trials	1.0	2.0	1.0	0.0	0.0	1.0	r	p	
4554.726071	15.783497000000352	states									"   state_name
id           
0     state_0"
4554.726071	0.015996999999515538	states									"          state_name
id                  
1   sending_trialnum"
4554.742068	1.58600000000024	states									"      state_name
id              
3   wait_for_cin"
4556.328068	1.0000010000003385	states									"   state_name
id           
4     context"
4557.328069	0.0015059999996083206	states									"   state_name
id           
6       csgap"
4557.329575	1.0000030000001061	states									"   state_name
id           
11    stim_on"
4558.329578	0.001495999999860942	states									"   state_name
id           
12   stim_off"
4558.331074	0.1325059999999212	states									"        state_name
id                
13  wait_for_spoke"
4558.46358	0.00048800000058690784	states									"             state_name
id                     
15  soff_reward_chooser"
4558.464068	0.06700000000000728	states									"         state_name
id                 
16  reward_big_soff"
4558.531068	0.36299999999937427	states									"         state_name
id                 
23  post_reward_off"
4558.894068	8.614505000000463	states									"         state_name
id                 
24  soft_drink_time"
4567.508573	0.000495000000228174	states									"    state_name
id            
25  warndanger"
4567.509068	3.000500000000102	states									"            state_name
id                    
26  warndanger_warning"
4570.510073	7.8704949999992095	trials	0.0	2.0	1.0	0.0	0.0	0.0	r	p	
4570.510073	7.8704949999992095	states									"   state_name
id           
0     state_0"
4570.510073	0.01599499999974796	states									"          state_name
id                  
1   sending_trialnum"
4570.526068	1.662000000000262	states									"      state_name
id              
3   wait_for_cin"
4572.188068	1.0	states									"   state_name
id           
4     context"
4573.188068	0.0010059999995064572	states									"   state_name
id           
6       csgap"
4573.189074	0.1905029999998078	states									"   state_name
id           
11    stim_on"
4573.379577	5.000990999999885	states									"     state_name
id             
28  error_state"
4578.381068	11.50800000000072	trials	1.0	2.0	1.0	0.0	0.0	1.0	r	p	
4578.381068	11.50800000000072	states									"   state_name
id           
0     state_0"
4578.381068	0.016005000000404834	states									"          state_name
id                  
1   sending_trialnum"
4578.397073	2.764501999999993	states									"      state_name
id              
3   wait_for_cin"
4581.161575	1.0000030000001061	states									"   state_name
id           
4     context"
4582.161578	0.0014899999996487168	states									"   state_name
id           
6       csgap"
4582.163068	0.07651200000054814	states									"   state_name
id           
11    stim_on"
4582.23958	0.00048799999967741314	states									"            state_name
id                    
14  son_reward_chooser"
4582.240068	0.06700000000000728	states									"        state_name
id                
17  reward_big_son"
4582.307068	0.9335000000000946	states									"        state_name
id                
22  post_reward_on"
4583.240568	0.05451600000014878	states									"         state_name
id                 
23  post_reward_off"
4583.295084	3.5929839999998876	states									"         state_name
id                 
24  soft_drink_time"
4586.888068	0.0005000000001018634	states									"    state_name
id            
25  warndanger"
4586.888568	3.000500000000102	states									"            state_name
id                    
26  warndanger_warning"
4589.889576	11.322003000000223	trials	1.0	2.0	1.0	0.0	0.0	1.0	r	p	
4589.889576	11.322003000000223	states									"   state_name
id           
0     state_0"
4589.889576	0.01600600000074337	states									"          state_name
id                  
1   sending_trialnum"
4589.905582	0.4774859999997716	states									"      state_name
id              
3   wait_for_cin"
4590.383068	1.0	states									"   state_name
id           
4     context"
4591.383068	0.0010000000002037268	states									"   state_name
id           
6       csgap"
4591.384068	0.113999999999578	states									"   state_name
id           
11    stim_on"
4591.498068	0.0005000000001018634	states									"            state_name
id                    
14  son_reward_chooser"
4591.498568	0.06701499999962834	states									"        state_name
id                
17  reward_big_son"
4591.565583	0.9334900000003472	states									"        state_name
id                
22  post_reward_on"
4592.499073	0.0645009999998365	states									"         state_name
id                 
23  post_reward_off"
4592.563574	5.647493999999824	states									"         state_name
id                 
24  soft_drink_time"
4598.211068	0.0005040000005465117	states									"    state_name
id            
25  warndanger"
4598.211572	3.0000069999996413	states									"            state_name
id                    
26  warndanger_warning"
4601.212068	19.514500000000226	trials	1.0	2.0	1.0	0.0	0.0	1.0	r	p	
4601.212068	19.514500000000226	states									"   state_name
id           
0     state_0"
4601.212068	0.016000000000531145	states									"          state_name
id                  
1   sending_trialnum"
4601.228068	7.45299999999952	states									"      state_name
id              
3   wait_for_cin"
4608.681068	1.0005080000000817	states									"   state_name
id           
4     context"
4609.681576	0.0014920000003257883	states									"   state_name
id           
6       csgap"
4609.683068	0.5685100000000602	states									"   state_name
id           
11    stim_on"
4610.251578	0.00048999999944499	states									"            state_name
id                    
14  son_reward_chooser"
4610.252068	0.06700000000000728	states									"        state_name
id                
17  reward_big_son"
4610.319068	0.9335000000000946	states									"        state_name
id                
22  post_reward_on"
4611.252568	1.3610090000001946	states									"         state_name
id                 
23  post_reward_off"
4612.613577	5.112490999999864	states									"         state_name
id                 
24  soft_drink_time"
4617.726068	0.0005000000001018634	states									"    state_name
id            
25  warndanger"
4617.726568	3.0	states									"            state_name
id                    
26  warndanger_warning"
4620.727068	12.605499999999665	trials	1.0	2.0	1.0	0.0	0.0	1.0	r	p	
4620.727068	12.605499999999665	states									"   state_name
id           
0     state_0"
4620.727068	0.01599999999962165	states									"          state_name
id                  
1   sending_trialnum"
4620.743068	0.7025090000006458	states									"      state_name
id              
3   wait_for_cin"
4621.445577	1.0004909999997835	states									"   state_name
id           
4     context"
4622.446068	0.0010000000002037268	states									"   state_name
id           
6       csgap"
4622.447068	0.1625129999993078	states									"   state_name
id           
11    stim_on"
4622.609581	0.0004870000002483721	states									"            state_name
id                    
14  son_reward_chooser"
4622.610068	0.06700000000000728	states									"        state_name
id                
17  reward_big_son"
4622.677068	0.9335000000000946	states									"        state_name
id                
22  post_reward_on"
4623.610568	0.4530139999997118	states									"         state_name
id                 
23  post_reward_off"
4624.063582	6.267993999999817	states									"         state_name
id                 
24  soft_drink_time"
4630.331576	0.0004920000001220615	states									"    state_name
id            
25  warndanger"
4630.332068	3.000500000000102	states									"            state_name
id                    
26  warndanger_warning"
4633.333068	13.539999999999964	trials	1.0	2.0	1.0	0.0	0.0	1.0	r	p	
4633.333068	13.539999999999964	states									"   state_name
id           
0     state_0"
4633.333068	0.016005999999833875	states									"          state_name
id                  
1   sending_trialnum"
4633.349074	1.8865000000005239	states									"      state_name
id              
3   wait_for_cin"
4635.235574	1.0000030000001061	states									"   state_name
id           
4     context"
4636.235577	0.0014909999999872525	states									"   state_name
id           
6       csgap"
4636.237068	0.6834999999991851	states									"   state_name
id           
11    stim_on"
4636.920568	0.0005000000001018634	states									"            state_name
id                    
14  son_reward_chooser"
4636.921068	0.06700000000000728	states									"        state_name
id                
17  reward_big_son"
4636.988068	0.933512000000519	states									"        state_name
id                
22  post_reward_on"
4637.92158	0.626987999999983	states									"         state_name
id                 
23  post_reward_off"
4638.548568	5.3234999999995125	states									"         state_name
id                 
24  soft_drink_time"
4643.872068	0.0005000000001018634	states									"    state_name
id            
25  warndanger"
4643.872568	3.000500000000102	states									"            state_name
id                    
26  warndanger_warning"
4646.873579	14.406001000000288	trials	1.0	2.0	1.0	0.0	0.0	1.0	r	p	
4646.873579	14.406001000000288	states									"   state_name
id           
0     state_0"
4646.873579	0.01599900000019261	states									"          state_name
id                  
1   sending_trialnum"
4646.889578	0.3349899999993795	states									"      state_name
id              
3   wait_for_cin"
4647.224568	1.0005000000001019	states									"   state_name
id           
4     context"
4648.225068	0.0015000000003055902	states									"   state_name
id           
6       csgap"
4648.226568	0.5659999999998035	states									"   state_name
id           
11    stim_on"
4648.792568	0.0005000000001018634	states									"            state_name
id                    
14  son_reward_chooser"
4648.793068	0.06700000000000728	states									"        state_name
id                
17  reward_big_son"
4648.860068	0.9335179999998218	states									"        state_name
id                
22  post_reward_on"
4649.793586	0.14998500000001513	states									"         state_name
id                 
23  post_reward_off"
4649.943571	8.335007000000587	states									"         state_name
id                 
24  soft_drink_time"
4658.278578	0.00048999999944499	states									"    state_name
id            
25  warndanger"
4658.279068	3.0005120000005263	states									"            state_name
id                    
26  warndanger_warning"
4661.280071	18.125001999999768	trials	1.0	2.0	1.0	0.0	0.0	1.0	r	p	
4661.280071	18.125001999999768	states									"   state_name
id           
0     state_0"
4661.280071	0.015996999999515538	states									"          state_name
id                  
1   sending_trialnum"
4661.296068	7.893000000000029	states									"      state_name
id              
3   wait_for_cin"
4669.189068	1.0	states									"   state_name
id           
4     context"
4670.189068	0.0010000000002037268	states									"   state_name
id           
6       csgap"
4670.190068	0.8885000000000218	states									"   state_name
id           
11    stim_on"
4671.078568	0.0005000000001018634	states									"            state_name
id                    
14  son_reward_chooser"
4671.079068	0.06700900000032561	states									"        state_name
id                
17  reward_big_son"
4671.146077	0.9335049999999683	states									"        state_name
id                
22  post_reward_on"
4672.079582	0.11999800000012328	states									"         state_name
id                 
23  post_reward_off"
4672.19958	4.204987999999503	states									"         state_name
id                 
24  soft_drink_time"
4676.404568	0.0005000000001018634	states									"    state_name
id            
25  warndanger"
4676.405068	3.0000049999998737	states									"            state_name
id                    
26  warndanger_warning"
4679.405574	26.47399999999925	trials	1.0	2.0	1.0	0.0	0.0	1.0	r	p	
4679.405574	26.47399999999925	states									"   state_name
id           
0     state_0"
4679.405574	0.016000999999960186	states									"          state_name
id                  
1   sending_trialnum"
4679.421575	15.14849299999969	states									"      state_name
id              
3   wait_for_cin"
4694.570068	1.0	states									"   state_name
id           
4     context"
4695.570068	0.0015149999999266583	states									"   state_name
id           
6       csgap"
4695.571583	0.5324849999997241	states									"   state_name
id           
11    stim_on"
4696.104068	0.0005000000001018634	states									"            state_name
id                    
14  son_reward_chooser"
4696.104568	0.06701200000043173	states									"        state_name
id                
17  reward_big_son"
4696.17158	0.9334879999996701	states									"        state_name
id                
22  post_reward_on"
4697.105068	0.11000000000058208	states									"         state_name
id                 
23  post_reward_off"
4697.215068	5.663499999999658	states									"         state_name
id                 
24  soft_drink_time"
4702.878568	0.0005049999999755528	states									"    state_name
id            
25  warndanger"
4702.879073	3.000500999999531	states									"            state_name
id                    
26  warndanger_warning"
4705.880068	8.535509999999704	trials	1.0	2.0	1.0	0.0	0.0	1.0	r	p	
4705.880068	8.535509999999704	states									"   state_name
id           
0     state_0"
4705.880068	0.01599999999962165	states									"          state_name
id                  
1   sending_trialnum"
4705.896068	0.14249999999992724	states									"      state_name
id              
3   wait_for_cin"
4706.038568	1.0005000000001019	states									"   state_name
id           
4     context"
4707.039068	0.0010000000002037268	states									"   state_name
id           
6       csgap"
4707.040068	0.8279999999995198	states									"   state_name
id           
11    stim_on"
4707.868068	0.0005000000001018634	states									"            state_name
id                    
14  son_reward_chooser"
4707.868568	0.06700000000000728	states									"        state_name
id                
17  reward_big_son"
4707.935568	0.9335000000000946	states									"        state_name
id                
22  post_reward_on"
4708.869068	0.08250800000041636	states									"         state_name
id                 
23  post_reward_off"
4708.951576	2.4629919999997583	states									"         state_name
id                 
24  soft_drink_time"
4711.414568	0.0005000000001018634	states									"    state_name
id            
25  warndanger"
4711.415068	3.0005099999998492	states									"            state_name
id                    
26  warndanger_warning"
4714.416068	21.941508999999314	trials	1.0	2.0	1.0	0.0	0.0	1.0	r	p	
4714.416068	21.941508999999314	states									"   state_name
id           
0     state_0"
4714.416068	0.01599999999962165	states									"          state_name
id                  
1   sending_trialnum"
4714.432068	10.55501600000025	states									"      state_name
id              
3   wait_for_cin"
4724.987084	1.000489999999445	states									"   state_name
id           
4     context"
4725.987574	0.001494000000093365	states									"   state_name
id           
6       csgap"
4725.989068	1.0005129999999554	states									"   state_name
id           
11    stim_on"
4726.989581	0.001487000000452099	states									"   state_name
id           
12   stim_off"
4726.991068	0.6785089999993943	states									"        state_name
id                
13  wait_for_spoke"
4727.669577	0.0004960000005667098	states									"             state_name
id                     
15  soff_reward_chooser"
4727.670073	0.06699500000013359	states									"         state_name
id                 
16  reward_big_soff"
4727.737068	0.7509999999992942	states									"         state_name
id                 
23  post_reward_off"
4728.488068	4.868506000000707	states									"         state_name
id                 
24  soft_drink_time"
4733.356574	0.0004989999997633277	states									"    state_name
id            
25  warndanger"
4733.357073	3.000503999999637	states									"            state_name
id                    
26  warndanger_warning"
4736.358068	10.683000000000902	trials	1.0	2.0	1.0	0.0	0.0	1.0	r	p	
4736.358068	10.683000000000902	states									"   state_name
id           
0     state_0"
4736.358068	0.016000000000531145	states									"          state_name
id                  
1   sending_trialnum"
4736.374068	0.14900000000034197	states									"      state_name
id              
3   wait_for_cin"
4736.523068	1.0	states									"   state_name
id           
4     context"
4737.523068	0.0014999999993960955	states									"   state_name
id           
6       csgap"
4737.524568	0.3164999999999054	states									"   state_name
id           
11    stim_on"
4737.841068	0.0005060000003140885	states									"            state_name
id                    
14  son_reward_chooser"
4737.841574	0.06699399999979505	states									"        state_name
id                
17  reward_big_son"
4737.908568	0.9335000000000946	states									"        state_name
id                
22  post_reward_on"
4738.842068	0.08651600000030157	states									"         state_name
id                 
23  post_reward_off"
4738.928584	5.11198400000012	states									"         state_name
id                 
24  soft_drink_time"
4744.040568	0.0005000000001018634	states									"    state_name
id            
25  warndanger"
4744.041068	3.0	states									"            state_name
id                    
26  warndanger_warning"
4747.041574	10.3209939999997	trials	1.0	2.0	1.0	0.0	0.0	1.0	r	p	
4747.041574	10.3209939999997	states									"   state_name
id           
0     state_0"
4747.041574	0.01600200000029872	states									"          state_name
id                  
1   sending_trialnum"
4747.057576	1.0169989999994868	states									"      state_name
id              
3   wait_for_cin"
4748.074575	1.0004930000004606	states									"   state_name
id           
4     context"
4749.075068	0.0010000000002037268	states									"   state_name
id           
6       csgap"
4749.076068	0.9159999999992579	states									"   state_name
id           
11    stim_on"
4749.992068	0.0005000000001018634	states									"            state_name
id                    
14  son_reward_chooser"
4749.992568	0.06700900000032561	states									"        state_name
id                
17  reward_big_son"
4750.059577	0.9334909999997762	states									"        state_name
id                
22  post_reward_on"
4750.993068	0.021999999999934516	states									"         state_name
id                 
23  post_reward_off"
4751.015068	3.3465150000001813	states									"         state_name
id                 
24  soft_drink_time"
4754.361583	0.0004850000004807953	states									"    state_name
id            
25  warndanger"
4754.362068	3.0004999999991924	states									"            state_name
id                    
26  warndanger_warning"
4757.363068	10.686999999999898	trials	1.0	2.0	1.0	0.0	0.0	1.0	r	p	
4757.363068	10.686999999999898	states									"   state_name
id           
0     state_0"
4757.363068	0.016000000000531145	states									"          state_name
id                  
1   sending_trialnum"
4757.379068	0.7789999999995416	states									"      state_name
id              
3   wait_for_cin"
4758.158068	1.0	states									"   state_name
id           
4     context"
4759.158068	0.0010000000002037268	states									"   state_name
id           
6       csgap"
4759.159068	0.9425119999996241	states									"   state_name
id           
11    stim_on"
4760.10158	0.00048800000058690784	states									"            state_name
id                    
14  son_reward_chooser"
4760.102068	0.057517000000189	states									"        state_name
id                
17  reward_big_son"
4760.159585	0.009482999999818276	states									"            state_name
id                    
18  reward_big_soffwon"
4760.169068	0.20701000000008207	states									"         state_name
id                 
23  post_reward_off"
4760.376078	4.673501000000215	states									"         state_name
id                 
24  soft_drink_time"
4765.049579	0.0004889999991064542	states									"    state_name
id            
25  warndanger"
4765.050068	3.0	states									"            state_name
id                    
26  warndanger_warning"
4768.050568	9.793007000000216	trials	1.0	2.0	1.0	0.0	0.0	1.0	r	p	
4768.050568	9.793007000000216	states									"   state_name
id           
0     state_0"
4768.050568	0.016005000000404834	states									"          state_name
id                  
1   sending_trialnum"
4768.066573	1.0794949999999517	states									"      state_name
id              
3   wait_for_cin"
4769.146068	1.0	states									"   state_name
id           
4     context"
4770.146068	0.0010000000002037268	states									"   state_name
id           
6       csgap"
4770.147068	1.0005160000000615	states									"   state_name
id           
11    stim_on"
4771.147584	0.001488999999310181	states									"   state_name
id           
12   stim_off"
4771.149073	0.36749500000041735	states									"        state_name
id                
13  wait_for_spoke"
4771.516568	0.0005000000001018634	states									"             state_name
id                     
15  soff_reward_chooser"
4771.517068	0.06700000000000728	states									"         state_name
id                 
16  reward_big_soff"
4771.584068	0.07849999999962165	states									"         state_name
id                 
23  post_reward_off"
4771.662568	3.180000000000291	states									"         state_name
id                 
24  soft_drink_time"
4774.842568	0.0005000000001018634	states									"    state_name
id            
25  warndanger"
4774.843068	3.000506999999743	states									"            state_name
id                    
26  warndanger_warning"
4777.844068	15.372004999999263	trials	1.0	2.0	1.0	0.0	0.0	1.0	r	p	
4777.844068	15.372004999999263	states									"   state_name
id           
0     state_0"
4777.844068	0.01599999999962165	states									"          state_name
id                  
1   sending_trialnum"
4777.860068	5.826000000000022	states									"      state_name
id              
3   wait_for_cin"
4783.686068	1.0	states									"   state_name
id           
4     context"
4784.686068	0.0010160000001633307	states									"   state_name
id           
6       csgap"
4784.687084	1.0004939999998896	states									"   state_name
id           
11    stim_on"
4785.687578	0.001495999999860942	states									"   state_name
id           
12   stim_off"
4785.689074	0.6645029999999679	states									"        state_name
id                
13  wait_for_spoke"
4786.353577	0.0004969999999957508	states									"             state_name
id                     
15  soff_reward_chooser"
4786.354074	0.06699399999979505	states									"         state_name
id                 
16  reward_big_soff"
4786.421068	0.07750000000032742	states									"         state_name
id                 
23  post_reward_off"
4786.498568	3.7170050000004267	states									"         state_name
id                 
24  soft_drink_time"
4790.215573	0.0004949999993186793	states									"    state_name
id            
25  warndanger"
4790.216068	3.0000049999998737	states									"            state_name
id                    
26  warndanger_warning"
4793.216573	10.244011000000683	trials	1.0	2.0	1.0	0.0	0.0	1.0	r	p	
4793.216573	10.244011000000683	states									"   state_name
id           
0     state_0"
4793.216573	0.016000000000531145	states									"          state_name
id                  
1   sending_trialnum"
4793.232573	1.3944949999995515	states									"      state_name
id              
3   wait_for_cin"
4794.627068	1.0	states									"   state_name
id           
4     context"
4795.627068	0.0015000000003055902	states									"   state_name
id           
6       csgap"
4795.628568	0.5270119999995586	states									"   state_name
id           
11    stim_on"
4796.15558	0.00048800000058690784	states									"            state_name
id                    
14  son_reward_chooser"
4796.156068	0.06701599999996688	states									"        state_name
id                
17  reward_big_son"
4796.223084	0.933484000000135	states									"        state_name
id                
22  post_reward_on"
4797.156568	0.06100900000001275	states									"         state_name
id                 
23  post_reward_off"
4797.217577	3.2424909999999727	states									"         state_name
id                 
24  soft_drink_time"
4800.460068	0.0005000000001018634	states									"    state_name
id            
25  warndanger"
4800.460568	3.0000159999999596	states									"            state_name
id                    
26  warndanger_warning"
4803.461068	18.74650600000041	trials	1.0	2.0	1.0	0.0	0.0	1.0	r	p	
4803.461068	18.74650600000041	states									"   state_name
id           
0     state_0"
4803.461068	0.016000000000531145	states									"          state_name
id                  
1   sending_trialnum"
4803.477068	9.375	states									"      state_name
id              
3   wait_for_cin"
4812.852068	1.0005000000001019	states									"   state_name
id           
4     context"
4813.852568	0.0010059999995064572	states									"   state_name
id           
6       csgap"
4813.853574	0.8000050000000556	states									"   state_name
id           
11    stim_on"
4814.653579	0.0004890000000159489	states									"            state_name
id                    
14  son_reward_chooser"
4814.654068	0.0670060000002195	states									"        state_name
id                
17  reward_big_son"
4814.721074	0.9334939999998824	states									"        state_name
id                
22  post_reward_on"
4815.654568	0.06100799999967421	states									"         state_name
id                 
23  post_reward_off"
4815.715576	3.4909920000000056	states									"         state_name
id                 
24  soft_drink_time"
4819.206568	0.0005000000001018634	states									"    state_name
id            
25  warndanger"
4819.207068	3.000506000000314	states									"            state_name
id                    
26  warndanger_warning"
4822.208068	24.334499999999935	trials	1.0	2.0	1.0	0.0	0.0	1.0	r	p	
4822.208068	24.334499999999935	states									"   state_name
id           
0     state_0"
4822.208068	0.016000000000531145	states									"          state_name
id                  
1   sending_trialnum"
4822.224068	15.592999999999847	states									"      state_name
id              
3   wait_for_cin"
4837.817068	1.0	states									"   state_name
id           
4     context"
4838.817068	0.0009999999992942321	states									"   state_name
id           
6       csgap"
4838.818068	0.9935150000001158	states									"   state_name
id           
11    stim_on"
4839.811583	0.0004850000004807953	states									"            state_name
id                    
14  son_reward_chooser"
4839.812068	0.0059999999994033715	states									"        state_name
id                
17  reward_big_son"
4839.818068	0.061005000000477594	states									"            state_name
id                    
18  reward_big_soffwon"
4839.879073	0.7259949999997843	states									"         state_name
id                 
23  post_reward_off"
4840.605068	2.936507999999776	states									"         state_name
id                 
24  soft_drink_time"
4843.541576	0.0004920000001220615	states									"    state_name
id            
25  warndanger"
4843.542068	3.000500000000102	states									"            state_name
id                    
26  warndanger_warning"
4846.543068	14.48949999999968	trials	1.0	2.0	1.0	0.0	0.0	1.0	r	p	
4846.543068	14.48949999999968	states									"   state_name
id           
0     state_0"
4846.543068	0.01599999999962165	states									"          state_name
id                  
1   sending_trialnum"
4846.559068	5.815000000000509	states									"      state_name
id              
3   wait_for_cin"
4852.374068	1.0	states									"   state_name
id           
4     context"
4853.374068	0.0010000000002037268	states									"   state_name
id           
6       csgap"
4853.375068	0.3925089999993361	states									"   state_name
id           
11    stim_on"
4853.767577	0.0004960000005667098	states									"            state_name
id                    
14  son_reward_chooser"
4853.768073	0.06699500000013359	states									"        state_name
id                
17  reward_big_son"
4853.835068	0.9335000000000946	states									"        state_name
id                
22  post_reward_on"
4854.768568	0.4399999999995998	states									"         state_name
id                 
23  post_reward_off"
4855.208568	2.823500000000422	states									"         state_name
id                 
24  soft_drink_time"
4858.032068	0.0004999999991923687	states									"    state_name
id            
25  warndanger"
4858.032568	3.0	states									"            state_name
id                    
26  warndanger_warning"
4861.033068	46.376508000000285	trials	1.0	2.0	1.0	0.0	0.0	1.0	r	p	
4861.033068	46.376508000000285	states									"   state_name
id           
0     state_0"
4861.033068	0.016000000000531145	states									"          state_name
id                  
1   sending_trialnum"
4861.049068	37.74201600000015	states									"      state_name
id              
3   wait_for_cin"
4898.791084	1.000489000000016	states									"   state_name
id           
4     context"
4899.791573	0.0010009999996327679	states									"   state_name
id           
6       csgap"
4899.792574	0.2710029999998369	states									"   state_name
id           
11    stim_on"
4900.063577	0.0004909999997835257	states									"            state_name
id                    
14  son_reward_chooser"
4900.064068	0.06700000000000728	states									"        state_name
id                
17  reward_big_son"
4900.131068	0.9335000000000946	states									"        state_name
id                
22  post_reward_on"
4901.064568	0.05501000000003842	states									"         state_name
id                 
23  post_reward_off"
4901.119578	3.2889900000000125	states									"         state_name
id                 
24  soft_drink_time"
4904.408568	0.0005000000001018634	states									"    state_name
id            
25  warndanger"
4904.409068	3.0005080000000817	states									"            state_name
id                    
26  warndanger_warning"
4907.410068	15.779512999999497	trials	1.0	2.0	1.0	0.0	0.0	1.0	r	p	
4907.410068	15.779512999999497	states									"   state_name
id           
0     state_0"
4907.410068	0.01599999999962165	states									"          state_name
id                  
1   sending_trialnum"
4907.426068	5.980500000000575	states									"      state_name
id              
3   wait_for_cin"
4913.406568	1.0000099999997474	states									"   state_name
id           
4     context"
4914.406578	0.0014899999996487168	states									"   state_name
id           
6       csgap"
4914.408068	0.6155090000002019	states									"   state_name
id           
11    stim_on"
4915.023577	0.0004909999997835257	states									"            state_name
id                    
14  son_reward_chooser"
4915.024068	0.06700000000000728	states									"        state_name
id                
17  reward_big_son"
4915.091068	0.9335049999999683	states									"        state_name
id                
22  post_reward_on"
4916.024573	0.13599500000054832	states									"         state_name
id                 
23  post_reward_off"
4916.160568	4.027999999999338	states									"         state_name
id                 
24  soft_drink_time"
4920.188568	0.0005000000001018634	states									"    state_name
id            
25  warndanger"
4920.189068	3.0005129999999554	states									"            state_name
id                    
26  warndanger_warning"
4923.190068	17.94800000000032	trials	1.0	2.0	1.0	0.0	0.0	1.0	r	p	
4923.190068	17.94800000000032	states									"   state_name
id           
0     state_0"
4923.190068	0.016005000000404834	states									"          state_name
id                  
1   sending_trialnum"
4923.206073	3.414494999999988	states									"      state_name
id              
3   wait_for_cin"
4926.620568	1.0	states									"   state_name
id           
4     context"
4927.620568	0.0010219999994660611	states									"   state_name
id           
6       csgap"
4927.62159	0.0549829999999929	states									"   state_name
id           
11    stim_on"
4927.676573	0.000495000000228174	states									"            state_name
id                    
14  son_reward_chooser"
4927.677068	0.06700000000000728	states									"        state_name
id                
17  reward_big_son"
4927.744068	0.9335110000001805	states									"        state_name
id                
22  post_reward_on"
4928.677579	0.40448899999955756	states									"         state_name
id                 
23  post_reward_off"
4929.082068	9.055000000000291	states									"         state_name
id                 
24  soft_drink_time"
4938.137068	0.0005090000004202011	states									"    state_name
id            
25  warndanger"
4938.137577	3.0004909999997835	states									"            state_name
id                    
26  warndanger_warning"
4941.138569	15.310515000000123	trials	1.0	2.0	1.0	0.0	0.0	1.0	r	p	
4941.138569	15.310515000000123	states									"   state_name
id           
0     state_0"
4941.138569	0.01599900000019261	states									"          state_name
id                  
1   sending_trialnum"
4941.154568	4.69350200000008	states									"      state_name
id              
3   wait_for_cin"
4945.84807	1.0004980000003343	states									"   state_name
id           
4     context"
4946.848568	0.0010059999995064572	states									"   state_name
id           
6       csgap"
4946.849574	0.30449399999997695	states									"   state_name
id           
11    stim_on"
4947.154068	0.0005000000001018634	states									"            state_name
id                    
14  son_reward_chooser"
4947.154568	0.06700900000032561	states									"        state_name
id                
17  reward_big_son"
4947.221577	0.9334920000001148	states									"        state_name
id                
22  post_reward_on"
4948.155069	0.12700599999971018	states									"         state_name
id                 
23  post_reward_off"
4948.282075	5.16599799999949	states									"         state_name
id                 
24  soft_drink_time"
4953.448073	0.0005000000001018634	states									"    state_name
id            
25  warndanger"
4953.448573	3.0005110000001878	states									"            state_name
id                    
26  warndanger_warning"
4956.449577	8.964990999999827	trials	1.0	2.0	1.0	0.0	0.0	1.0	r	p	
4956.449577	8.964990999999827	states									"   state_name
id           
0     state_0"
4956.449577	0.016010999999707565	states									"          state_name
id                  
1   sending_trialnum"
4956.465588	0.40398999999979424	states									"      state_name
id              
3   wait_for_cin"
4956.869578	1.0000040000004446	states									"   state_name
id           
4     context"
4957.869582	0.0014919999994162936	states									"   state_name
id           
6       csgap"
4957.871074	0.06300000000010186	states									"   state_name
id           
11    stim_on"
4957.934074	0.0005000000001018634	states									"            state_name
id                    
14  son_reward_chooser"
4957.934574	0.06700100000034581	states									"        state_name
id                
17  reward_big_son"
4958.001575	0.9335089999995034	states									"        state_name
id                
22  post_reward_on"
4958.935084	0.009984000000258675	states									"         state_name
id                 
23  post_reward_off"
4958.945068	3.4685040000003937	states									"         state_name
id                 
24  soft_drink_time"
4962.413572	0.0004959999996572151	states									"    state_name
id            
25  warndanger"
4962.414068	3.000500000000102	states									"            state_name
id                    
26  warndanger_warning"
4965.415068	13.920005999999375	trials	1.0	2.0	1.0	0.0	0.0	1.0	r	p	
4965.415068	13.920005999999375	states									"   state_name
id           
0     state_0"
4965.415068	0.016005999999833875	states									"          state_name
id                  
1   sending_trialnum"
4965.431074	3.935494999999719	states									"      state_name
id              
3   wait_for_cin"
4969.366569	1.0004989999997633	states									"   state_name
id           
4     context"
4970.367068	0.0015000000003055902	states									"   state_name
id           
6       csgap"
4970.368568	0.8055009999998219	states									"   state_name
id           
11    stim_on"
4971.174069	0.0004990000006728224	states									"            state_name
id                    
14  son_reward_chooser"
4971.174568	0.0670109999991837	states									"        state_name
id                
17  reward_big_son"
4971.241579	0.9334890000000087	states									"        state_name
id                
22  post_reward_on"
4972.175068	0.05900000000019645	states									"         state_name
id                 
23  post_reward_off"
4972.234068	4.100007000000005	states									"         state_name
id                 
24  soft_drink_time"
4976.334075	0.0004990000006728224	states									"    state_name
id            
25  warndanger"
4976.334574	3.0004999999991924	states									"            state_name
id                    
26  warndanger_warning"
4979.335577	23.470000000000255	trials	1.0	2.0	1.0	0.0	0.0	1.0	r	p	
4979.335577	23.470000000000255	states									"   state_name
id           
0     state_0"
4979.335577	0.015996000000086497	states									"          state_name
id                  
1   sending_trialnum"
4979.351573	11.402004999999917	states									"      state_name
id              
3   wait_for_cin"
4990.753578	1.0004900000003545	states									"   state_name
id           
4     context"
4991.754068	0.0015089999997144332	states									"   state_name
id           
6       csgap"
4991.755577	0.07049100000040198	states									"   state_name
id           
11    stim_on"
4991.826068	0.0005000000001018634	states									"            state_name
id                    
14  son_reward_chooser"
4991.826568	0.06700899999941612	states									"        state_name
id                
17  reward_big_son"
4991.893577	0.9334909999997762	states									"        state_name
id                
22  post_reward_on"
4992.827068	0.2695000000003347	states									"         state_name
id                 
23  post_reward_off"
4993.096568	6.708505000000514	states									"         state_name
id                 
24  soft_drink_time"
4999.805073	0.000503999999637017	states									"    state_name
id            
25  warndanger"
4999.805577	3.0	states									"            state_name
id                    
26  warndanger_warning"
5002.806068	16.437511000000086	trials	1.0	2.0	1.0	0.0	0.0	1.0	r	p	
5002.806068	16.437511000000086	states									"   state_name
id           
0     state_0"
5002.806068	0.016000000000531145	states									"          state_name
id                  
1   sending_trialnum"
5002.822068	0.5480069999994157	states									"      state_name
id              
3   wait_for_cin"
5003.370075	1.0005090000004202	states									"   state_name
id           
4     context"
5004.370584	0.0014839999994364916	states									"   state_name
id           
6       csgap"
5004.372068	0.7610060000006342	states									"   state_name
id           
11    stim_on"
5005.133074	0.0005029999992984813	states									"            state_name
id                    
14  son_reward_chooser"
5005.133577	0.06700700000055804	states									"        state_name
id                
17  reward_big_son"
5005.200584	0.933484000000135	states									"        state_name
id                
22  post_reward_on"
5006.134068	0.1075089999994816	states									"         state_name
id                 
23  post_reward_off"
5006.241577	10.000996000000669	states									"         state_name
id                 
24  soft_drink_time"
5016.242573	0.0004949999993186793	states									"    state_name
id            
25  warndanger"
5016.243068	3.0005110000001878	states									"            state_name
id                    
26  warndanger_warning"
5019.244068	22.730499999999665	trials	1.0	2.0	1.0	0.0	0.0	1.0	r	p	
5019.244068	22.730499999999665	states									"   state_name
id           
0     state_0"
5019.244068	0.01599999999962165	states									"          state_name
id                  
1   sending_trialnum"
5019.260068	12.824000000000524	states									"      state_name
id              
3   wait_for_cin"
5032.084068	1.0	states									"   state_name
id           
4     context"
5033.084068	0.0010000000002037268	states									"   state_name
id           
6       csgap"
5033.085068	0.04500000000007276	states									"   state_name
id           
11    stim_on"
5033.130068	0.0004999999991923687	states									"            state_name
id                    
14  son_reward_chooser"
5033.130568	0.06700900000032561	states									"        state_name
id                
17  reward_big_son"
5033.197577	0.9334959999996499	states									"        state_name
id                
22  post_reward_on"
5034.131073	0.002995000000737491	states									"         state_name
id                 
23  post_reward_off"
5034.134068	4.839503999999579	states									"         state_name
id                 
24  soft_drink_time"
5038.973572	0.0005019999998694402	states									"    state_name
id            
25  warndanger"
5038.974074	3.0004939999998896	states									"            state_name
id                    
26  warndanger_warning"
5041.975068	15.551006000000598	trials	1.0	2.0	1.0	0.0	0.0	1.0	r	p	
5041.975068	15.551006000000598	states									"   state_name
id           
0     state_0"
5041.975068	0.016000000000531145	states									"          state_name
id                  
1   sending_trialnum"
5041.991068	6.085000000000036	states									"      state_name
id              
3   wait_for_cin"
5048.076068	1.0	states									"   state_name
id           
4     context"
5049.076068	0.001504999999269785	states									"   state_name
id           
6       csgap"
5049.077573	0.052001000000018394	states									"   state_name
id           
11    stim_on"
5049.129574	0.000494000000799133	states									"            state_name
id                    
14  son_reward_chooser"
5049.130068	0.06700000000000728	states									"        state_name
id                
17  reward_big_son"
5049.197068	0.9334999999991851	states									"        state_name
id                
22  post_reward_on"
5050.130568	0.08000000000083674	states									"         state_name
id                 
23  post_reward_off"
5050.210568	4.315008999999918	states									"         state_name
id                 
24  soft_drink_time"
5054.525577	0.0004959999996572151	states									"    state_name
id            
25  warndanger"
5054.526073	3.0000010000003385	states									"            state_name
id                    
26  warndanger_warning"
5057.526573	11.157003000000259	trials	1.0	2.0	1.0	0.0	0.0	1.0	r	p	
5057.526573	11.157003000000259	states									"   state_name
id           
0     state_0"
5057.526573	0.01599499999974796	states									"          state_name
id                  
1   sending_trialnum"
5057.542568	0.0005060000003140885	states									"      state_name
id              
3   wait_for_cin"
5057.543074	1.0005110000001878	states									"   state_name
id           
4     context"
5058.543585	0.0014830000000074506	states									"   state_name
id           
6       csgap"
5058.545068	0.06549999999970169	states									"   state_name
id           
11    stim_on"
5058.610568	0.0005000000001018634	states									"            state_name
id                    
14  son_reward_chooser"
5058.611068	0.06700000000000728	states									"        state_name
id                
17  reward_big_son"
5058.678068	0.9335110000001805	states									"        state_name
id                
22  post_reward_on"
5059.611579	0.014491999999336258	states									"         state_name
id                 
23  post_reward_off"
5059.626071	6.056997000000592	states									"         state_name
id                 
24  soft_drink_time"
5065.683068	0.0005069999997431296	states									"    state_name
id            
25  warndanger"
5065.683575	3.0000010000003385	states									"            state_name
id                    
26  warndanger_warning"
5068.684068	31.92950800000017	trials	1.0	2.0	1.0	0.0	0.0	1.0	r	p	
5068.684068	31.92950800000017	states									"   state_name
id           
0     state_0"
5068.684068	0.016000000000531145	states									"          state_name
id                  
1   sending_trialnum"
5068.700068	22.914999999999964	states									"      state_name
id              
3   wait_for_cin"
5091.615068	1.0005089999995107	states									"   state_name
id           
4     context"
5092.615577	0.0014909999999872525	states									"   state_name
id           
6       csgap"
5092.617068	0.34400900000036927	states									"   state_name
id           
11    stim_on"
5092.961077	0.0004980000003342866	states									"            state_name
id                    
14  son_reward_chooser"
5092.961575	0.06699299999945652	states									"        state_name
id                
17  reward_big_son"
5093.028568	0.9335000000000946	states									"        state_name
id                
22  post_reward_on"
5093.962068	0.02099999999973079	states									"         state_name
id                 
23  post_reward_off"
5093.983068	3.6295060000002195	states									"         state_name
id                 
24  soft_drink_time"
5097.612574	0.0005019999998694402	states									"    state_name
id            
25  warndanger"
5097.613076	3.000500000000102	states									"            state_name
id                    
26  warndanger_warning"
5100.614068	15.436999999999898	trials	1.0	2.0	1.0	0.0	0.0	1.0	r	p	
5100.614068	15.436999999999898	states									"   state_name
id           
0     state_0"
5100.614068	0.016000000000531145	states									"          state_name
id                  
1   sending_trialnum"
5100.630068	6.11449999999968	states									"      state_name
id              
3   wait_for_cin"
5106.744568	1.0	states									"   state_name
id           
4     context"
5107.744568	0.0010080000001835288	states									"   state_name
id           
6       csgap"
5107.745576	0.5874919999996564	states									"   state_name
id           
11    stim_on"
5108.333068	0.0005080000000816653	states									"            state_name
id                    
14  son_reward_chooser"
5108.333576	0.06699200000002747	states									"        state_name
id                
17  reward_big_son"
5108.400568	0.9335000000000946	states									"        state_name
id                
22  post_reward_on"
5109.334068	0.05249999999978172	states									"         state_name
id                 
23  post_reward_off"
5109.386568	3.66399999999976	states									"         state_name
id                 
24  soft_drink_time"
5113.050568	0.0005000000001018634	states									"    state_name
id            
25  warndanger"
5113.051068	3.0	states									"            state_name
id                    
26  warndanger_warning"
5116.051574	10.068003999999746	trials	1.0	2.0	1.0	0.0	0.0	1.0	r	p	
5116.051574	10.068003999999746	states									"   state_name
id           
0     state_0"
5116.051574	0.016000999999960186	states									"          state_name
id                  
1   sending_trialnum"
5116.067575	2.292993000000024	states									"      state_name
id              
3   wait_for_cin"
5118.360568	1.0005000000001019	states									"   state_name
id           
4     context"
5119.361068	0.0010000000002037268	states									"   state_name
id           
6       csgap"
5119.362068	0.3135119999997187	states									"   state_name
id           
11    stim_on"
5119.67558	0.00048799999967741314	states									"            state_name
id                    
14  son_reward_chooser"
5119.676068	0.06700000000000728	states									"        state_name
id                
17  reward_big_son"
5119.743068	0.9335160000000542	states									"        state_name
id                
22  post_reward_on"
5120.676584	0.07798499999989872	states									"         state_name
id                 
23  post_reward_off"
5120.754569	2.364499000000251	states									"         state_name
id                 
24  soft_drink_time"
5123.119068	0.0005080000000816653	states									"    state_name
id            
25  warndanger"
5123.119576	3.0000019999997676	states									"            state_name
id                    
26  warndanger_warning"
5126.120068	27.71849999999995	trials	1.0	2.0	1.0	0.0	0.0	1.0	r	p	
5126.120068	27.71849999999995	states									"   state_name
id           
0     state_0"
5126.120068	0.01599999999962165	states									"          state_name
id                  
1   sending_trialnum"
5126.136068	18.160499999999956	states									"      state_name
id              
3   wait_for_cin"
5144.296568	1.0	states									"   state_name
id           
4     context"
5145.296568	0.0010019999999713036	states									"   state_name
id           
6       csgap"
5145.29757	0.6734980000001087	states									"   state_name
id           
11    stim_on"
5145.971068	0.0005090000004202011	states									"            state_name
id                    
14  son_reward_chooser"
5145.971577	0.06699099999968894	states									"        state_name
id                
17  reward_big_son"
5146.038568	0.9335010000004331	states									"        state_name
id                
22  post_reward_on"
5146.972069	0.07749899999998888	states									"         state_name
id                 
23  post_reward_off"
5147.049568	3.7880169999998543	states									"         state_name
id                 
24  soft_drink_time"
5150.837585	0.00048299999980372377	states									"    state_name
id            
25  warndanger"
5150.838068	3.000500000000102	states									"            state_name
id                    
26  warndanger_warning"
5153.839068	10.52599999999984	trials	1.0	2.0	1.0	0.0	0.0	1.0	r	p	
5153.839068	10.52599999999984	states									"   state_name
id           
0     state_0"
5153.839068	0.016015999999581254	states									"          state_name
id                  
1   sending_trialnum"
5153.855084	1.2574839999997494	states									"      state_name
id              
3   wait_for_cin"
5155.112568	1.0	states									"   state_name
id           
4     context"
5156.112568	0.0010160000001633307	states									"   state_name
id           
6       csgap"
5156.113584	0.501484000000346	states									"   state_name
id           
11    stim_on"
5156.615068	0.0005080000000816653	states									"            state_name
id                    
14  son_reward_chooser"
5156.615576	0.06700799999998708	states									"        state_name
id                
17  reward_big_son"
5156.682584	0.933484000000135	states									"        state_name
id                
22  post_reward_on"
5157.616068	0.0059999999994033715	states									"         state_name
id                 
23  post_reward_off"
5157.622068	3.742000000000189	states									"         state_name
id                 
24  soft_drink_time"
5161.364068	0.0005000000001018634	states									"    state_name
id            
25  warndanger"
5161.364568	3.000500000000102	states									"            state_name
id                    
26  warndanger_warning"
5164.365573	11.181494999999813	trials	1.0	2.0	1.0	0.0	0.0	1.0	r	p	
5164.365573	11.181494999999813	states									"   state_name
id           
0     state_0"
5164.365573	0.01599900000019261	states									"          state_name
id                  
1   sending_trialnum"
5164.381572	1.228013999999348	states									"      state_name
id              
3   wait_for_cin"
5165.609586	1.0004870000002484	states									"   state_name
id           
4     context"
5166.610073	0.0010039999997388804	states									"   state_name
id           
6       csgap"
5166.611077	0.12549699999999575	states									"   state_name
id           
11    stim_on"
5166.736574	0.0004990000006728224	states									"            state_name
id                    
14  son_reward_chooser"
5166.737073	0.06699500000013359	states									"        state_name
id                
17  reward_big_son"
5166.804068	0.9335179999998218	states									"        state_name
id                
22  post_reward_on"
5167.737586	0.13899299999957293	states									"         state_name
id                 
23  post_reward_off"
5167.876579	4.669488999999885	states									"         state_name
id                 
24  soft_drink_time"
5172.546068	0.0005000000001018634	states									"    state_name
id            
25  warndanger"
5172.546568	3.000500000000102	states									"            state_name
id                    
26  warndanger_warning"
5175.547576	9.742001999999957	trials	1.0	2.0	1.0	0.0	0.0	1.0	r	p	
5175.547576	9.742001999999957	states									"   state_name
id           
0     state_0"
5175.547576	0.01599900000019261	states									"          state_name
id                  
1   sending_trialnum"
5175.563575	1.0564930000000459	states									"      state_name
id              
3   wait_for_cin"
5176.620068	1.0	states									"   state_name
id           
4     context"
5177.620068	0.0010160000001633307	states									"   state_name
id           
6       csgap"
5177.621084	0.1179839999995238	states									"   state_name
id           
11    stim_on"
5177.739068	0.0005090000004202011	states									"            state_name
id                    
14  son_reward_chooser"
5177.739577	0.06699099999968894	states									"        state_name
id                
17  reward_big_son"
5177.806568	0.9335000000000946	states									"        state_name
id                
22  post_reward_on"
5178.740068	0.03499999999985448	states									"         state_name
id                 
23  post_reward_off"
5178.775068	3.5140049999999974	states									"         state_name
id                 
24  soft_drink_time"
5182.289073	0.0005010000004403992	states									"    state_name
id            
25  warndanger"
5182.289574	3.000003999999535	states									"            state_name
id                    
26  warndanger_warning"
5185.290068	10.64599999999973	trials	1.0	2.0	1.0	0.0	0.0	1.0	r	p	
5185.290068	10.64599999999973	states									"   state_name
id           
0     state_0"
5185.290068	0.01599999999962165	states									"          state_name
id                  
1   sending_trialnum"
5185.306068	0.7790000000004511	states									"      state_name
id              
3   wait_for_cin"
5186.085068	1.0000059999993027	states									"   state_name
id           
4     context"
5187.085074	0.001494000000093365	states									"   state_name
id           
6       csgap"
5187.086568	0.3370089999998527	states									"   state_name
id           
11    stim_on"
5187.423577	0.0005000000001018634	states									"            state_name
id                    
14  son_reward_chooser"
5187.424077	0.06699100000059843	states									"        state_name
id                
17  reward_big_son"
5187.491068	0.9335000000000946	states									"        state_name
id                
22  post_reward_on"
5188.424568	0.018999999999323336	states									"         state_name
id                 
23  post_reward_off"
5188.443568	4.492022000000361	states									"         state_name
id                 
24  soft_drink_time"
5192.93559	0.0004779999999300344	states									"    state_name
id            
25  warndanger"
5192.936068	3.0	states									"            state_name
id                    
26  warndanger_warning"
5195.936568	8.971999999999753	trials	1.0	2.0	1.0	0.0	0.0	1.0	r	p	
5195.936568	8.971999999999753	states									"   state_name
id           
0     state_0"
5195.936568	0.01599999999962165	states									"          state_name
id                  
1   sending_trialnum"
5195.952568	0.0005000000001018634	states									"      state_name
id              
3   wait_for_cin"
5195.953068	1.0000159999999596	states									"   state_name
id           
4     context"
5196.953084	0.0014840000003459863	states									"   state_name
id           
6       csgap"
5196.954568	0.07999999999992724	states									"   state_name
id           
11    stim_on"
5197.034568	0.0005000000001018634	states									"            state_name
id                    
14  son_reward_chooser"
5197.035068	0.06700999999975465	states									"        state_name
id                
17  reward_big_son"
5197.102078	0.9335000000000946	states									"        state_name
id                
22  post_reward_on"
5198.035578	0.14699000000018714	states									"         state_name
id                 
23  post_reward_off"
5198.182568	3.725499999999556	states									"         state_name
id                 
24  soft_drink_time"
5201.908068	0.0005000000001018634	states									"    state_name
id            
25  warndanger"
5201.908568	3.0	states									"            state_name
id                    
26  warndanger_warning"
5204.909068	8.58349999999973	trials	1.0	2.0	1.0	0.0	0.0	1.0	r	p	
5204.909068	8.58349999999973	states									"   state_name
id           
0     state_0"
5204.909068	0.01599999999962165	states									"          state_name
id                  
1   sending_trialnum"
5204.925068	0.503500000000713	states									"      state_name
id              
3   wait_for_cin"
5205.428568	1.0005000000001019	states									"   state_name
id           
4     context"
5206.429068	0.0010050000000774162	states									"   state_name
id           
6       csgap"
5206.430073	0.14649999999983265	states									"   state_name
id           
11    stim_on"
5206.576573	0.0004949999993186793	states									"            state_name
id                    
14  son_reward_chooser"
5206.577068	0.06700000000000728	states									"        state_name
id                
17  reward_big_son"
5206.644068	0.9335070000006453	states									"        state_name
id                
22  post_reward_on"
5207.577575	0.0869990000001053	states									"         state_name
id                 
23  post_reward_off"
5207.664574	2.827002999999422	states									"         state_name
id                 
24  soft_drink_time"
5210.491577	0.0004960000005667098	states									"    state_name
id            
25  warndanger"
5210.492073	3.0004949999993187	states									"            state_name
id                    
26  warndanger_warning"
5213.493074	9.608500000000276	trials	1.0	2.0	1.0	0.0	0.0	1.0	r	p	
5213.493074	9.608500000000276	states									"   state_name
id           
0     state_0"
5213.493074	0.01599400000031892	states									"          state_name
id                  
1   sending_trialnum"
5213.509068	1.1499999999996362	states									"      state_name
id              
3   wait_for_cin"
5214.659068	1.0	states									"   state_name
id           
4     context"
5215.659068	0.0015000000003055902	states									"   state_name
id           
6       csgap"
5215.660568	0.001999999999497959	states									"   state_name
id           
11    stim_on"
5215.662568	0.0005160000000614673	states									"            state_name
id                    
14  son_reward_chooser"
5215.663084	0.06698400000004767	states									"        state_name
id                
17  reward_big_son"
5215.730068	0.9335200000004988	states									"        state_name
id                
22  post_reward_on"
5216.663588	0.012979999999515712	states									"         state_name
id                 
23  post_reward_off"
5216.676568	3.4245160000000396	states									"         state_name
id                 
24  soft_drink_time"
5220.101084	0.00048599999990983633	states									"    state_name
id            
25  warndanger"
5220.10157	3.0000040000004446	states									"            state_name
id                    
26  warndanger_warning"
5223.102068	15.125505999999405	trials	1.0	2.0	1.0	0.0	0.0	1.0	r	p	
5223.102068	15.125505999999405	states									"   state_name
id           
0     state_0"
5223.102068	0.01599999999962165	states									"          state_name
id                  
1   sending_trialnum"
5223.118068	0.03600000000005821	states									"      state_name
id              
3   wait_for_cin"
5223.154068	1.0	states									"   state_name
id           
4     context"
5224.154068	0.0010000000002037268	states									"   state_name
id           
6       csgap"
5224.155068	0.030509000000165543	states									"   state_name
id           
11    stim_on"
5224.185577	0.0004909999997835257	states									"            state_name
id                    
14  son_reward_chooser"
5224.186068	0.06701599999996688	states									"        state_name
id                
17  reward_big_son"
5224.253084	0.933484000000135	states									"        state_name
id                
22  post_reward_on"
5225.186568	0.03949999999986176	states									"         state_name
id                 
23  post_reward_off"
5225.226068	10.000516000000061	states									"         state_name
id                 
24  soft_drink_time"
5235.226584	0.0004929999995511025	states									"    state_name
id            
25  warndanger"
5235.227077	3.0004969999999958	states									"            state_name
id                    
26  warndanger_warning"
5238.228068	13.92199999999957	trials	1.0	2.0	1.0	0.0	0.0	1.0	r	p	
5238.228068	13.92199999999957	states									"   state_name
id           
0     state_0"
5238.228068	0.01599999999962165	states									"          state_name
id                  
1   sending_trialnum"
5238.244068	2.2830000000003565	states									"      state_name
id              
3   wait_for_cin"
5240.527068	1.0005059999994046	states									"   state_name
id           
4     context"
5241.527574	0.001510000000052969	states									"   state_name
id           
6       csgap"
5241.529084	0.17449300000043877	states									"   state_name
id           
11    stim_on"
5241.703577	0.0004909999997835257	states									"            state_name
id                    
14  son_reward_chooser"
5241.704068	0.06700000000000728	states									"        state_name
id                
17  reward_big_son"
5241.771068	0.9335060000003068	states									"        state_name
id                
22  post_reward_on"
5242.704574	0.14849400000002788	states									"         state_name
id                 
23  post_reward_off"
5242.853068	6.296015999999327	states									"         state_name
id                 
24  soft_drink_time"
5249.149084	0.0005040000005465117	states									"    state_name
id            
25  warndanger"
5249.149588	3.0004799999996976	states									"            state_name
id                    
26  warndanger_warning"
5252.150568	8.859010000000126	trials	1.0	2.0	1.0	0.0	0.0	1.0	r	p	
5252.150568	8.859010000000126	states									"   state_name
id           
0     state_0"
5252.150568	0.01599999999962165	states									"          state_name
id                  
1   sending_trialnum"
5252.166568	0.8005000000002838	states									"      state_name
id              
3   wait_for_cin"
5252.967068	1.0005080000000817	states									"   state_name
id           
4     context"
5253.967576	0.0014920000003257883	states									"   state_name
id           
6       csgap"
5253.969068	0.5479999999997744	states									"   state_name
id           
11    stim_on"
5254.517068	0.0005110000001877779	states									"            state_name
id                    
14  son_reward_chooser"
5254.517579	0.06698899999992136	states									"        state_name
id                
17  reward_big_son"
5254.584568	0.9335000000000946	states									"        state_name
id                
22  post_reward_on"
5255.518068	0.02250000000003638	states									"         state_name
id                 
23  post_reward_off"
5255.540568	2.468499999999949	states									"         state_name
id                 
24  soft_drink_time"
5258.009068	0.0005089999995107064	states									"    state_name
id            
25  warndanger"
5258.009577	3.0000010000003385	states									"            state_name
id                    
26  warndanger_warning"
5261.010068	9.917508000000453	trials	1.0	2.0	1.0	0.0	0.0	1.0	r	p	
5261.010068	9.917508000000453	states									"   state_name
id           
0     state_0"
5261.010068	0.016000000000531145	states									"          state_name
id                  
1   sending_trialnum"
5261.026068	1.047512000000097	states									"      state_name
id              
3   wait_for_cin"
5262.07358	1.0004879999996774	states									"   state_name
id           
4     context"
5263.074068	0.0015069999999468564	states									"   state_name
id           
6       csgap"
5263.075575	0.15149300000030053	states									"   state_name
id           
11    stim_on"
5263.227068	0.0005080000000816653	states									"            state_name
id                    
14  son_reward_chooser"
5263.227576	0.06699200000002747	states									"        state_name
id                
17  reward_big_son"
5263.294568	0.9335000000000946	states									"        state_name
id                
22  post_reward_on"
5264.228068	0.06449999999949796	states									"         state_name
id                 
23  post_reward_off"
5264.292568	3.6340000000000146	states									"         state_name
id                 
24  soft_drink_time"
5267.926568	0.0005000000001018634	states									"    state_name
id            
25  warndanger"
5267.927068	3.0005080000000817	states									"            state_name
id                    
26  warndanger_warning"
5270.928068	25.77600100000018	trials	1.0	2.0	1.0	0.0	0.0	1.0	r	p	
5270.928068	25.77600100000018	states									"   state_name
id           
0     state_0"
5270.928068	0.01599999999962165	states									"          state_name
id                  
1   sending_trialnum"
5270.944068	15.58849999999984	states									"      state_name
id              
3   wait_for_cin"
5286.532568	1.0	states									"   state_name
id           
4     context"
5287.532568	0.0010040000006483751	states									"   state_name
id           
6       csgap"
5287.533572	1.0000019999997676	states									"   state_name
id           
11    stim_on"
5288.533574	0.0014989999999670545	states									"   state_name
id           
12   stim_off"
5288.535073	0.014994999999544234	states									"        state_name
id                
13  wait_for_spoke"
5288.550068	0.0005000000001018634	states									"             state_name
id                     
15  soff_reward_chooser"
5288.550568	0.06700900000032561	states									"         state_name
id                 
16  reward_big_soff"
5288.617577	0.037999000000127126	states									"         state_name
id                 
23  post_reward_off"
5288.655576	5.047491999999693	states									"         state_name
id                 
24  soft_drink_time"
5293.703068	0.0005060000003140885	states									"    state_name
id            
25  warndanger"
5293.703574	3.000495000000228	states									"            state_name
id                    
26  warndanger_warning"
5296.704568	24.16900699999951	trials	1.0	2.0	1.0	0.0	0.0	1.0	r	p	
5296.704568	24.16900699999951	states									"   state_name
id           
0     state_0"
5296.704568	0.01599999999962165	states									"          state_name
id                  
1   sending_trialnum"
5296.720568	16.641999999999825	states									"      state_name
id              
3   wait_for_cin"
5313.362568	1.0	states									"   state_name
id           
4     context"
5314.362568	0.001006000000415952	states									"   state_name
id           
6       csgap"
5314.363574	0.042003000000477186	states									"   state_name
id           
11    stim_on"
5314.405577	0.0005069999997431296	states									"            state_name
id                    
14  son_reward_chooser"
5314.406084	0.06698400000004767	states									"        state_name
id                
17  reward_big_son"
5314.473068	0.9335000000000946	states									"        state_name
id                
22  post_reward_on"
5315.406568	0.05950499999926251	states									"         state_name
id                 
23  post_reward_off"
5315.466073	2.4064950000001772	states									"         state_name
id                 
24  soft_drink_time"
5317.872568	0.0005000000001018634	states									"    state_name
id            
25  warndanger"
5317.873068	3.000506999999743	states									"            state_name
id                    
26  warndanger_warning"
5320.874068	14.697511999999733	trials	1.0	2.0	1.0	0.0	0.0	1.0	r	p	
5320.874068	14.697511999999733	states									"   state_name
id           
0     state_0"
5320.874068	0.016015999999581254	states									"          state_name
id                  
1   sending_trialnum"
5320.890084	0.41598900000008143	states									"      state_name
id              
3   wait_for_cin"
5321.306073	1.0	states									"   state_name
id           
4     context"
5322.306073	0.0010000000002037268	states									"   state_name
id           
6       csgap"
5322.307073	0.0845049999998082	states									"   state_name
id           
11    stim_on"
5322.391578	0.0004900000003544847	states									"            state_name
id                    
14  son_reward_chooser"
5322.392068	0.06700499999988097	states									"        state_name
id                
17  reward_big_son"
5322.459073	0.9334950000002209	states									"        state_name
id                
22  post_reward_on"
5323.392568	0.10700899999937974	states									"         state_name
id                 
23  post_reward_off"
5323.499577	9.070991000000504	states									"         state_name
id                 
24  soft_drink_time"
5332.570568	0.0005000000001018634	states									"    state_name
id            
25  warndanger"
5332.571068	3.000511999999617	states									"            state_name
id                    
26  warndanger_warning"
5335.572075	38.065504999999575	trials	1.0	2.0	1.0	0.0	0.0	1.0	r	p	
5335.572075	38.065504999999575	states									"   state_name
id           
0     state_0"
5335.572075	0.015992999999980384	states									"          state_name
id                  
1   sending_trialnum"
5335.588068	26.248499999999694	states									"      state_name
id              
3   wait_for_cin"
5361.836568	1.000506000000314	states									"   state_name
id           
4     context"
5362.837074	0.0010009999996327679	states									"   state_name
id           
6       csgap"
5362.838075	0.002492999999958556	states									"   state_name
id           
11    stim_on"
5362.840568	0.0005000000001018634	states									"            state_name
id                    
14  son_reward_chooser"
5362.841068	0.06700000000000728	states									"        state_name
id                
17  reward_big_son"
5362.908068	0.9335080000000744	states									"        state_name
id                
22  post_reward_on"
5363.841576	0.05000500000005559	states									"         state_name
id                 
23  post_reward_off"
5363.891581	6.745503000000099	states									"         state_name
id                 
24  soft_drink_time"
5370.637084	0.0004930000004605972	states									"    state_name
id            
25  warndanger"
5370.637577	3.0000029999991966	states									"            state_name
id                    
26  warndanger_warning"
5373.638075	27.663997999999992	trials	1.0	2.0	1.0	0.0	0.0	1.0	r	p	
5373.638075	27.663997999999992	states									"   state_name
id           
0     state_0"
5373.638075	0.015992999999980384	states									"          state_name
id                  
1   sending_trialnum"
5373.654068	18.963999999999942	states									"      state_name
id              
3   wait_for_cin"
5392.618068	1.0000049999998737	states									"   state_name
id           
4     context"
5393.618073	0.001501000000644126	states									"   state_name
id           
6       csgap"
5393.619574	0.4954939999997805	states									"   state_name
id           
11    stim_on"
5394.115068	0.0005089999995107064	states									"            state_name
id                    
14  son_reward_chooser"
5394.115577	0.06700100000034581	states									"        state_name
id                
17  reward_big_son"
5394.182578	0.9334900000003472	states									"        state_name
id                
22  post_reward_on"
5395.116068	0.030005999999957567	states									"         state_name
id                 
23  post_reward_off"
5395.146074	3.155515999999807	states									"         state_name
id                 
24  soft_drink_time"
5398.30159	0.0004779999999300344	states									"    state_name
id            
25  warndanger"
5398.302068	3.0000049999998737	states									"            state_name
id                    
26  warndanger_warning"
5401.302576	13.735991999999897	trials	1.0	2.0	1.0	0.0	0.0	1.0	r	p	
5401.302576	13.735991999999897	states									"   state_name
id           
0     state_0"
5401.302576	0.015991999999641848	states									"          state_name
id                  
1   sending_trialnum"
5401.318568	5.807499999999891	states									"      state_name
id              
3   wait_for_cin"
5407.126068	1.0	states									"   state_name
id           
4     context"
5408.126068	0.001507000000856351	states									"   state_name
id           
6       csgap"
5408.127575	0.014997999999650347	states									"   state_name
id           
11    stim_on"
5408.142573	0.000495000000228174	states									"            state_name
id                    
14  son_reward_chooser"
5408.143068	0.06700000000000728	states									"        state_name
id                
17  reward_big_son"
5408.210068	0.9335069999997359	states									"        state_name
id                
22  post_reward_on"
5409.143575	0.6769930000000386	states									"         state_name
id                 
23  post_reward_off"
5409.820568	2.2170109999997294	states									"         state_name
id                 
24  soft_drink_time"
5412.037579	0.0004890000000159489	states									"    state_name
id            
25  warndanger"
5412.038068	3.000500000000102	states									"            state_name
id                    
26  warndanger_warning"
5415.039068	27.53450299999986	trials	1.0	2.0	1.0	0.0	0.0	1.0	r	p	
5415.039068	27.53450299999986	states									"   state_name
id           
0     state_0"
5415.039068	0.01599999999962165	states									"          state_name
id                  
1   sending_trialnum"
5415.055068	19.160000000000764	states									"      state_name
id              
3   wait_for_cin"
5434.215068	1.0005209999999352	states									"   state_name
id           
4     context"
5435.215589	0.0014839999994364916	states									"   state_name
id           
6       csgap"
5435.217073	0.38899500000025	states									"   state_name
id           
11    stim_on"
5435.606068	0.0005000000001018634	states									"            state_name
id                    
14  son_reward_chooser"
5435.606568	0.06701199999952223	states									"        state_name
id                
17  reward_big_son"
5435.67358	0.9334880000005796	states									"        state_name
id                
22  post_reward_on"
5436.607068	0.03150000000005093	states									"         state_name
id                 
23  post_reward_off"
5436.638568	2.933999999999287	states									"         state_name
id                 
24  soft_drink_time"
5439.572568	0.0005060000003140885	states									"    state_name
id            
25  warndanger"
5439.573074	3.0004969999999958	states									"            state_name
id                    
26  warndanger_warning"
5442.574068	29.808500000000095	trials	1.0	2.0	1.0	0.0	0.0	1.0	r	p	
5442.574068	29.808500000000095	states									"   state_name
id           
0     state_0"
5442.574068	0.016010000000278524	states									"          state_name
id                  
1   sending_trialnum"
5442.590078	20.30149900000015	states									"      state_name
id              
3   wait_for_cin"
5462.891577	1.0000039999995352	states									"   state_name
id           
4     context"
5463.891581	0.001487000000452099	states									"   state_name
id           
6       csgap"
5463.893068	0.6010099999994054	states									"   state_name
id           
11    stim_on"
5464.494078	0.0005010000004403992	states									"            state_name
id                    
14  son_reward_chooser"
5464.494579	0.06699899999966874	states									"        state_name
id                
17  reward_big_son"
5464.561578	0.9334900000003472	states									"        state_name
id                
22  post_reward_on"
5465.495068	0.02099999999973079	states									"         state_name
id                 
23  post_reward_off"
5465.516068	3.8655109999999695	states									"         state_name
id                 
24  soft_drink_time"
5469.381579	0.0004890000000159489	states									"    state_name
id            
25  warndanger"
5469.382068	3.000500000000102	states									"            state_name
id                    
26  warndanger_warning"
5472.383068	524.1830099999997	trials	1.0	2.0	1.0	0.0	0.0	1.0	r	p	
5472.383068	524.1830099999997	states									"   state_name
id           
0     state_0"
5472.383068	0.01599999999962165	states									"          state_name
id                  
1   sending_trialnum"
5472.399068	509.2570000000005	states									"      state_name
id              
3   wait_for_cin"
5981.656068	1.0005000000001019	states									"   state_name
id           
4     context"
5982.656568	0.0010099999999511056	states									"   state_name
id           
6       csgap"
5982.657578	0.06898999999975786	states									"   state_name
id           
11    stim_on"
5982.726568	0.0005000000001018634	states									"            state_name
id                    
14  son_reward_chooser"
5982.727068	0.06700000000000728	states									"        state_name
id                
17  reward_big_son"
5982.794068	0.9335119999996095	states									"        state_name
id                
22  post_reward_on"
5983.72758	0.11298799999985931	states									"         state_name
id                 
23  post_reward_off"
5983.840568	9.724500000000262	states									"         state_name
id                 
24  soft_drink_time"
5993.565068	0.0005090000004202011	states									"    state_name
id            
25  warndanger"
5993.565577	3.000500999999531	states									"            state_name
id                    
26  warndanger_warning"
5996.566584	28.098987999999736	trials	1.0	2.0	1.0	0.0	0.0	1.0	r	p	
5996.566584	28.098987999999736	states									"   state_name
id           
0     state_0"
5996.566584	0.015983999999662046	states									"          state_name
id                  
1   sending_trialnum"
5996.582568	17.272500000000036	states									"      state_name
id              
3   wait_for_cin"
6013.855068	1.0	states									"   state_name
id           
4     context"
6014.855068	0.0010050000000774162	states									"   state_name
id           
6       csgap"
6014.856073	1.0004950000002282	states									"   state_name
id           
11    stim_on"
6015.856568	0.0010089999996125698	states									"   state_name
id           
12   stim_off"
6015.857577	1.025007000000187	states									"        state_name
id                
13  wait_for_spoke"
6016.882584	0.0004890000000159489	states									"             state_name
id                     
15  soff_reward_chooser"
6016.883073	0.06699500000013359	states									"         state_name
id                 
16  reward_big_soff"
6016.950068	0.08850600000005215	states									"         state_name
id                 
23  post_reward_off"
6017.038574	4.626000000000204	states									"         state_name
id                 
24  soft_drink_time"
6021.664574	0.0005099999998492422	states									"    state_name
id            
25  warndanger"
6021.665084	3.0004879999996774	states									"            state_name
id                    
26  warndanger_warning"
6024.666068	18.13350899999932	trials	1.0	2.0	1.0	0.0	0.0	1.0	r	p	
6024.666068	18.13350899999932	states									"   state_name
id           
0     state_0"
6024.666068	0.016015999999581254	states									"          state_name
id                  
1   sending_trialnum"
6024.682084	8.15099999999984	states									"      state_name
id              
3   wait_for_cin"
6032.833084	1.0004930000004606	states									"   state_name
id           
4     context"
6033.833577	0.0014909999999872525	states									"   state_name
id           
6       csgap"
6033.835068	0.82549999999992	states									"   state_name
id           
11    stim_on"
6034.660568	0.0005000000001018634	states									"            state_name
id                    
14  son_reward_chooser"
6034.661068	0.06700000000000728	states									"        state_name
id                
17  reward_big_son"
6034.728068	0.9335080000000744	states									"        state_name
id                
22  post_reward_on"
6035.661576	0.09699199999977282	states									"         state_name
id                 
23  post_reward_off"
6035.758568	4.039999999999964	states									"         state_name
id                 
24  soft_drink_time"
6039.798568	0.0005000000001018634	states									"    state_name
id            
25  warndanger"
6039.799068	3.0005089999995107	states									"            state_name
id                    
26  warndanger_warning"
6042.800068	13.532500000000255	trials	1.0	2.0	1.0	0.0	0.0	1.0	r	p	
6042.800068	13.532500000000255	states									"   state_name
id           
0     state_0"
6042.800068	0.016009000000849483	states									"          state_name
id                  
1   sending_trialnum"
6042.816077	4.9564909999999145	states									"      state_name
id              
3   wait_for_cin"
6047.772568	1.0005059999994046	states									"   state_name
id           
4     context"
6048.773074	0.001494000000093365	states									"   state_name
id           
6       csgap"
6048.774568	0.09000000000014552	states									"   state_name
id           
11    stim_on"
6048.864568	0.0005000000001018634	states									"            state_name
id                    
14  son_reward_chooser"
6048.865068	0.06700000000000728	states									"        state_name
id                
17  reward_big_son"
6048.932068	0.933509999999842	states									"        state_name
id                
22  post_reward_on"
6049.865578	0.08199899999999616	states									"         state_name
id                 
23  post_reward_off"
6049.947577	3.383998000000247	states									"         state_name
id                 
24  soft_drink_time"
6053.331575	0.0004929999995511025	states									"    state_name
id            
25  warndanger"
6053.332068	3.000500000000102	states									"            state_name
id                    
26  warndanger_warning"
6056.333068	29.398503999999775	trials	1.0	2.0	1.0	0.0	0.0	1.0	r	p	
6056.333068	29.398503999999775	states									"   state_name
id           
0     state_0"
6056.333068	0.016000000000531145	states									"          state_name
id                  
1   sending_trialnum"
6056.349068	19.699000999999953	states									"      state_name
id              
3   wait_for_cin"
6076.048069	1.0004989999997633	states									"   state_name
id           
4     context"
6077.048568	0.0010160000001633307	states									"   state_name
id           
6       csgap"
6077.049584	0.036983999999392836	states									"   state_name
id           
11    stim_on"
6077.086568	0.0005000000001018634	states									"            state_name
id                    
14  son_reward_chooser"
6077.087068	0.06700499999988097	states									"        state_name
id                
17  reward_big_son"
6077.154073	0.9335040000005392	states									"        state_name
id                
22  post_reward_on"
6078.087577	0.001999999999497959	states									"         state_name
id                 
23  post_reward_off"
6078.089577	4.640991000000213	states									"         state_name
id                 
24  soft_drink_time"
6082.730568	0.0005000000001018634	states									"    state_name
id            
25  warndanger"
6082.731068	3.000503999999637	states									"            state_name
id                    
26  warndanger_warning"
6085.732068	10.601503999999295	trials	1.0	2.0	1.0	0.0	0.0	1.0	r	p	
6085.732068	10.601503999999295	states									"   state_name
id           
0     state_0"
6085.732068	0.01599999999962165	states									"          state_name
id                  
1   sending_trialnum"
6085.748068	0.0005000000001018634	states									"      state_name
id              
3   wait_for_cin"
6085.748568	1.0005000000001019	states									"   state_name
id           
4     context"
6086.749068	0.0015000000003055902	states									"   state_name
id           
6       csgap"
6086.750568	0.24450600000000122	states									"   state_name
id           
11    stim_on"
6086.995074	0.0005029999992984813	states									"            state_name
id                    
14  son_reward_chooser"
6086.995577	0.06699100000059843	states									"        state_name
id                
17  reward_big_son"
6087.062568	0.9335000000000946	states									"        state_name
id                
22  post_reward_on"
6087.996068	0.023505999999542837	states									"         state_name
id                 
23  post_reward_off"
6088.019574	5.313509999999951	states									"         state_name
id                 
24  soft_drink_time"
6093.333084	0.0004870000002483721	states									"    state_name
id            
25  warndanger"
6093.333571	3.000000999999429	states									"            state_name
id                    
26  warndanger_warning"
6096.334068	13.468499999999949	trials	1.0	2.0	1.0	0.0	0.0	1.0	r	p	
6096.334068	13.468499999999949	states									"   state_name
id           
0     state_0"
6096.334068	0.01599999999962165	states									"          state_name
id                  
1   sending_trialnum"
6096.350068	0.38250000000061846	states									"      state_name
id              
3   wait_for_cin"
6096.732568	1.0004999999991924	states									"   state_name
id           
4     context"
6097.733068	0.0015000000003055902	states									"   state_name
id           
6       csgap"
6097.734568	0.11700999999993655	states									"   state_name
id           
11    stim_on"
6097.851578	0.0004900000003544847	states									"            state_name
id                    
14  son_reward_chooser"
6097.852068	0.0670060000002195	states									"        state_name
id                
17  reward_big_son"
6097.919074	0.933509999999842	states									"        state_name
id                
22  post_reward_on"
6098.852584	0.07398399999965477	states									"         state_name
id                 
23  post_reward_off"
6098.926568	7.875006000000212	states									"         state_name
id                 
24  soft_drink_time"
6106.801574	0.0004939999998896383	states									"    state_name
id            
25  warndanger"
6106.802068	3.000500000000102	states									"            state_name
id                    
26  warndanger_warning"
6109.803068	9.62250799999947	trials	1.0	2.0	1.0	0.0	0.0	1.0	r	p	
6109.803068	9.62250799999947	states									"   state_name
id           
0     state_0"
6109.803068	0.01599999999962165	states									"          state_name
id                  
1   sending_trialnum"
6109.819068	1.0895000000000437	states									"      state_name
id              
3   wait_for_cin"
6110.908568	1.0005000000001019	states									"   state_name
id           
4     context"
6111.909068	0.0010000000002037268	states									"   state_name
id           
6       csgap"
6111.910068	0.019999999999527063	states									"   state_name
id           
11    stim_on"
6111.930068	0.0005000000001018634	states									"            state_name
id                    
14  son_reward_chooser"
6111.930568	0.06700900000032561	states									"        state_name
id                
17  reward_big_son"
6111.997577	0.9334909999997762	states									"        state_name
id                
22  post_reward_on"
6112.931068	0.6030000000000655	states									"         state_name
id                 
23  post_reward_off"
6113.534068	2.8905000000004293	states									"         state_name
id                 
24  soft_drink_time"
6116.424568	0.0004999999991923687	states									"    state_name
id            
25  warndanger"
6116.425068	3.0005080000000817	states									"            state_name
id                    
26  warndanger_warning"
6119.426068	22.51050000000032	trials	1.0	2.0	1.0	0.0	0.0	1.0	r	p	
6119.426068	22.51050000000032	states									"   state_name
id           
0     state_0"
6119.426068	0.016000000000531145	states									"          state_name
id                  
1   sending_trialnum"
6119.442068	12.352499999999964	states									"      state_name
id              
3   wait_for_cin"
6131.794568	1.0000059999993027	states									"   state_name
id           
4     context"
6132.794574	0.001494000000093365	states									"   state_name
id           
6       csgap"
6132.796068	0.23100000000067666	states									"   state_name
id           
11    stim_on"
6133.027068	0.0005069999997431296	states									"            state_name
id                    
14  son_reward_chooser"
6133.027575	0.06699300000036601	states									"        state_name
id                
17  reward_big_son"
6133.094568	0.9334999999991851	states									"        state_name
id                
22  post_reward_on"
6134.028068	0.021000000000640284	states									"         state_name
id                 
23  post_reward_off"
6134.049068	4.886507999999594	states									"         state_name
id                 
24  soft_drink_time"
6138.935576	0.0004920000001220615	states									"    state_name
id            
25  warndanger"
6138.936068	3.000500000000102	states									"            state_name
id                    
26  warndanger_warning"
6141.937068	10.419499999999971	trials	1.0	2.0	1.0	0.0	0.0	1.0	r	p	
6141.937068	10.419499999999971	states									"   state_name
id           
0     state_0"
6141.937068	0.01599999999962165	states									"          state_name
id                  
1   sending_trialnum"
6141.953068	0.3330000000005384	states									"      state_name
id              
3   wait_for_cin"
6142.286068	1.0	states									"   state_name
id           
4     context"
6143.286068	0.0015059999996083206	states									"   state_name
id           
6       csgap"
6143.287574	0.5420030000004772	states									"   state_name
id           
11    stim_on"
6143.829577	0.0004909999997835257	states									"            state_name
id                    
14  son_reward_chooser"
6143.830068	0.06700000000000728	states									"        state_name
id                
17  reward_big_son"
6143.897068	0.9335000000000946	states									"        state_name
id                
22  post_reward_on"
6144.830568	0.05199999999967986	states									"         state_name
id                 
23  post_reward_off"
6144.882568	4.473500000000058	states									"         state_name
id                 
24  soft_drink_time"
6149.356068	0.0005000000001018634	states									"    state_name
id            
25  warndanger"
6149.356568	3.0	states									"            state_name
id                    
26  warndanger_warning"
6152.357068	19.155501000000186	trials	1.0	2.0	1.0	0.0	0.0	1.0	r	p	
6152.357068	19.155501000000186	states									"   state_name
id           
0     state_0"
6152.357068	0.01599999999962165	states									"          state_name
id                  
1   sending_trialnum"
6152.373068	8.806005999999797	states									"      state_name
id              
3   wait_for_cin"
6161.179074	1.0005010000004404	states									"   state_name
id           
4     context"
6162.179575	0.0014929999997548293	states									"   state_name
id           
6       csgap"
6162.181068	0.1875159999999596	states									"   state_name
id           
11    stim_on"
6162.368584	0.0004840000001422595	states									"            state_name
id                    
14  son_reward_chooser"
6162.369068	0.06700000000000728	states									"        state_name
id                
17  reward_big_son"
6162.436068	0.9335090000004129	states									"        state_name
id                
22  post_reward_on"
6163.369577	0.015997999999854073	states									"         state_name
id                 
23  post_reward_off"
6163.385575	5.126001999999971	states									"         state_name
id                 
24  soft_drink_time"
6168.511577	0.0004909999997835257	states									"    state_name
id            
25  warndanger"
6168.512068	3.0005010000004404	states									"            state_name
id                    
26  warndanger_warning"
6171.513068	167.41000600000007	trials	1.0	2.0	1.0	0.0	0.0	1.0	r	p	
6171.513068	167.41000600000007	states									"   state_name
id           
0     state_0"
6171.513068	0.01599999999962165	states									"          state_name
id                  
1   sending_trialnum"
6171.529068	155.13550000000032	states									"      state_name
id              
3   wait_for_cin"
6326.664568	1.0005000000001019	states									"   state_name
id           
4     context"
6327.665068	0.0010019999999713036	states									"   state_name
id           
6       csgap"
6327.66607	0.023511999999755062	states									"   state_name
id           
11    stim_on"
6327.689582	0.00048599999990983633	states									"            state_name
id                    
14  son_reward_chooser"
6327.690068	0.06700000000000728	states									"        state_name
id                
17  reward_big_son"
6327.757068	0.9335000000000946	states									"        state_name
id                
22  post_reward_on"
6328.690568	0.5170049999996991	states									"         state_name
id                 
23  post_reward_off"
6329.207573	6.714995000000272	states									"         state_name
id                 
24  soft_drink_time"
6335.922568	0.0005000000001018634	states									"    state_name
id            
25  warndanger"
6335.923068	3.0000060000002122	states									"            state_name
id                    
26  warndanger_warning"
6338.923581	18.46698699999979	trials	1.0	2.0	1.0	0.0	0.0	1.0	r	p	
6338.923581	18.46698699999979	states									"   state_name
id           
0     state_0"
6338.923581	0.01599900000019261	states									"          state_name
id                  
1   sending_trialnum"
6338.93958	9.143487999999707	states									"      state_name
id              
3   wait_for_cin"
6348.083068	1.0	states									"   state_name
id           
4     context"
6349.083068	0.0015000000003055902	states									"   state_name
id           
6       csgap"
6349.084568	0.06750000000010914	states									"   state_name
id           
11    stim_on"
6349.152068	0.0005000000001018634	states									"            state_name
id                    
14  son_reward_chooser"
6349.152568	0.06701499999962834	states									"        state_name
id                
17  reward_big_son"
6349.219583	0.933484999999564	states									"        state_name
id                
22  post_reward_on"
6350.153068	0.09851700000035635	states									"         state_name
id                 
23  post_reward_off"
6350.251585	4.13799199999994	states									"         state_name
id                 
24  soft_drink_time"
6354.389577	0.0005069999997431296	states									"    state_name
id            
25  warndanger"
6354.390084	3.0004840000001423	states									"            state_name
id                    
26  warndanger_warning"
6357.391068	18.975500000000466	trials	1.0	2.0	1.0	0.0	0.0	1.0	r	p	
6357.391068	18.975500000000466	states									"   state_name
id           
0     state_0"
6357.391068	0.016000000000531145	states									"          state_name
id                  
1   sending_trialnum"
6357.407068	11.042508999999882	states									"      state_name
id              
3   wait_for_cin"
6368.449577	1.0004909999997835	states									"   state_name
id           
4     context"
6369.450068	0.0015059999996083206	states									"   state_name
id           
6       csgap"
6369.451574	0.06800900000052934	states									"   state_name
id           
11    stim_on"
6369.519583	0.0004849999995713006	states									"            state_name
id                    
14  son_reward_chooser"
6369.520068	0.06700000000000728	states									"        state_name
id                
17  reward_big_son"
6369.587068	0.9335000000000946	states									"        state_name
id                
22  post_reward_on"
6370.520568	0.13501700000051642	states									"         state_name
id                 
23  post_reward_off"
6370.655585	2.709993999999824	states									"         state_name
id                 
24  soft_drink_time"
6373.365579	0.0004890000000159489	states									"    state_name
id            
25  warndanger"
6373.366068	3.000500000000102	states									"            state_name
id                    
26  warndanger_warning"
6376.367074	10.150994000000537	trials	1.0	2.0	1.0	0.0	0.0	1.0	r	p	
6376.367074	10.150994000000537	states									"   state_name
id           
0     state_0"
6376.367074	0.01599400000031892	states									"          state_name
id                  
1   sending_trialnum"
6376.383068	1.0060059999996156	states									"      state_name
id              
3   wait_for_cin"
6377.389074	1.0004980000003343	states									"   state_name
id           
4     context"
6378.389572	0.001495999999860942	states									"   state_name
id           
6       csgap"
6378.391068	0.3350000000000364	states									"   state_name
id           
11    stim_on"
6378.726068	0.0005000000001018634	states									"            state_name
id                    
14  son_reward_chooser"
6378.726568	0.0670060000002195	states									"        state_name
id                
17  reward_big_son"
6378.793574	0.9334939999998824	states									"        state_name
id                
22  post_reward_on"
6379.727068	0.27851099999952567	states									"         state_name
id                 
23  post_reward_off"
6380.005579	3.5120010000000548	states									"         state_name
id                 
24  soft_drink_time"
6383.51758	0.00048800000058690784	states									"    state_name
id            
25  warndanger"
6383.518068	3.0	states									"            state_name
id                    
26  warndanger_warning"
6386.518568	27.722499999999854	trials	1.0	2.0	1.0	0.0	0.0	1.0	r	p	
6386.518568	27.722499999999854	states									"   state_name
id           
0     state_0"
6386.518568	0.01599999999962165	states									"          state_name
id                  
1   sending_trialnum"
6386.534568	18.067009000000326	states									"      state_name
id              
3   wait_for_cin"
6404.601577	1.0	states									"   state_name
id           
4     context"
6405.601577	0.0014909999999872525	states									"   state_name
id           
6       csgap"
6405.603068	0.20599999999922147	states									"   state_name
id           
11    stim_on"
6405.809068	0.0005140000002938905	states									"            state_name
id                    
14  son_reward_chooser"
6405.809582	0.06698599999981525	states									"        state_name
id                
17  reward_big_son"
6405.876568	0.9335000000000946	states									"        state_name
id                
22  post_reward_on"
6406.810068	0.026499999999941792	states									"         state_name
id                 
23  post_reward_off"
6406.836568	4.403500000000349	states									"         state_name
id                 
24  soft_drink_time"
6411.240068	0.0005000000001018634	states									"    state_name
id            
25  warndanger"
6411.240568	3.000500000000102	states									"            state_name
id                    
26  warndanger_warning"
6414.241578	9.46849199999997	trials	1.0	2.0	1.0	0.0	0.0	1.0	r	p	
6414.241578	9.46849199999997	states									"   state_name
id           
0     state_0"
6414.241578	0.01599900000019261	states									"          state_name
id                  
1   sending_trialnum"
6414.257577	0.3329909999993106	states									"      state_name
id              
3   wait_for_cin"
6414.590568	1.0000159999999596	states									"   state_name
id           
4     context"
6415.590584	0.0014840000003459863	states									"   state_name
id           
6       csgap"
6415.592068	0.5380000000004657	states									"   state_name
id           
11    stim_on"
6416.130068	0.0004999999991923687	states									"            state_name
id                    
14  son_reward_chooser"
6416.130568	0.06701300000077026	states									"        state_name
id                
17  reward_big_son"
6416.197581	0.9334869999993316	states									"        state_name
id                
22  post_reward_on"
6417.131068	0.11200499999995372	states									"         state_name
id                 
23  post_reward_off"
6417.243073	3.4665010000007896	states									"         state_name
id                 
24  soft_drink_time"
6420.709574	0.0004939999998896383	states									"    state_name
id            
25  warndanger"
6420.710068	3.0000019999997676	states									"            state_name
id                    
26  warndanger_warning"
6423.710574	7.355994000000464	trials	0.0	2.0	1.0	0.0	0.0	0.0	r	p	
6423.710574	7.355994000000464	states									"   state_name
id           
0     state_0"
6423.710574	0.01599400000031892	states									"          state_name
id                  
1   sending_trialnum"
6423.726568	0.6520000000000437	states									"      state_name
id              
3   wait_for_cin"
6424.378568	1.0005000000001019	states									"   state_name
id           
4     context"
6425.379068	0.0014999999993960955	states									"   state_name
id           
6       csgap"
6425.380568	0.6850090000007185	states									"   state_name
id           
11    stim_on"
6426.065577	5.000990999999885	states									"     state_name
id             
28  error_state"
6431.067068	10.07549999999992	trials	1.0	2.0	1.0	0.0	0.0	1.0	r	p	
6431.067068	10.07549999999992	states									"   state_name
id           
0     state_0"
6431.067068	0.01599999999962165	states									"          state_name
id                  
1   sending_trialnum"
6431.083068	0.9445150000001377	states									"      state_name
id              
3   wait_for_cin"
6432.027583	1.0004849999995713	states									"   state_name
id           
4     context"
6433.028068	0.0015120000007300405	states									"   state_name
id           
6       csgap"
6433.02958	0.006487999999990279	states									"   state_name
id           
11    stim_on"
6433.036068	0.0005000000001018634	states									"            state_name
id                    
14  son_reward_chooser"
6433.036568	0.06700899999941612	states									"        state_name
id                
17  reward_big_son"
6433.103577	0.9334909999997762	states									"        state_name
id                
22  post_reward_on"
6434.037068	0.008509000000231026	states									"         state_name
id                 
23  post_reward_off"
6434.045577	4.096011000000544	states									"         state_name
id                 
24  soft_drink_time"
6438.141588	0.0004799999996976112	states									"    state_name
id            
25  warndanger"
6438.142068	3.000500000000102	states									"            state_name
id                    
26  warndanger_warning"
6441.143068	10.464999999999236	trials	1.0	2.0	1.0	0.0	0.0	1.0	r	p	
6441.143068	10.464999999999236	states									"   state_name
id           
0     state_0"
6441.143068	0.01599999999962165	states									"          state_name
id                  
1   sending_trialnum"
6441.159068	0.8209999999999127	states									"      state_name
id              
3   wait_for_cin"
6441.980068	1.0	states									"   state_name
id           
4     context"
6442.980068	0.0015030000004117028	states									"   state_name
id           
6       csgap"
6442.981571	0.8360139999995226	states									"   state_name
id           
11    stim_on"
6443.817585	0.00048299999980372377	states									"            state_name
id                    
14  son_reward_chooser"
6443.818068	0.06700000000000728	states									"        state_name
id                
17  reward_big_son"
6443.885068	0.9335000000000946	states									"        state_name
id                
22  post_reward_on"
6444.818568	0.08550000000013824	states									"         state_name
id                 
23  post_reward_off"
6444.904068	3.7030000000004293	states									"         state_name
id                 
24  soft_drink_time"
6448.607068	0.0005110000001877779	states									"    state_name
id            
25  warndanger"
6448.607579	3.0004889999991065	states									"            state_name
id                    
26  warndanger_warning"
6451.608568	10.155009000000064	trials	1.0	2.0	1.0	0.0	0.0	1.0	r	p	
6451.608568	10.155009000000064	states									"   state_name
id           
0     state_0"
6451.608568	0.016000000000531145	states									"          state_name
id                  
1   sending_trialnum"
6451.624568	0.5815029999994294	states									"      state_name
id              
3   wait_for_cin"
6452.206071	1.0004969999999958	states									"   state_name
id           
4     context"
6453.206568	0.0010050000000774162	states									"   state_name
id           
6       csgap"
6453.207573	0.3544950000004974	states									"   state_name
id           
11    stim_on"
6453.562068	0.0005000000001018634	states									"            state_name
id                    
14  son_reward_chooser"
6453.562568	0.06700999999975465	states									"        state_name
id                
17  reward_big_son"
6453.629578	0.9334950000002209	states									"        state_name
id                
22  post_reward_on"
6454.563073	0.04650599999968108	states									"         state_name
id                 
23  post_reward_off"
6454.609579	4.153489000000263	states									"         state_name
id                 
24  soft_drink_time"
6458.763068	0.0005080000000816653	states									"    state_name
id            
25  warndanger"
6458.763576	3.000000999999429	states									"            state_name
id                    
26  warndanger_warning"
6461.764076	11.69249199999922	trials	1.0	2.0	1.0	0.0	0.0	1.0	r	p	
6461.764076	11.69249199999922	states									"   state_name
id           
0     state_0"
6461.764076	0.015991999999641848	states									"          state_name
id                  
1   sending_trialnum"
6461.780068	3.655999999999949	states									"      state_name
id              
3   wait_for_cin"
6465.436068	1.0	states									"   state_name
id           
4     context"
6466.436068	0.0010000000002037268	states									"   state_name
id           
6       csgap"
6466.437068	0.3374999999996362	states									"   state_name
id           
11    stim_on"
6466.774568	0.0005000000001018634	states									"            state_name
id                    
14  son_reward_chooser"
6466.775068	0.06700000000000728	states									"        state_name
id                
17  reward_big_son"
6466.842068	0.9335080000000744	states									"        state_name
id                
22  post_reward_on"
6467.775576	0.022492000000056578	states									"         state_name
id                 
23  post_reward_off"
6467.798068	2.657513999999537	states									"         state_name
id                 
24  soft_drink_time"
6470.455582	0.00048600000081933104	states									"    state_name
id            
25  warndanger"
6470.456068	3.0004999999991924	states									"            state_name
id                    
26  warndanger_warning"
6473.457068	12.817000000000007	trials	1.0	2.0	1.0	0.0	0.0	1.0	r	p	
6473.457068	12.817000000000007	states									"   state_name
id           
0     state_0"
6473.457068	0.016000000000531145	states									"          state_name
id                  
1   sending_trialnum"
6473.473068	5.210000000000036	states									"      state_name
id              
3   wait_for_cin"
6478.683068	1.0	states									"   state_name
id           
4     context"
6479.683068	0.0009999999992942321	states									"   state_name
id           
6       csgap"
6479.684068	0.15800000000035652	states									"   state_name
id           
11    stim_on"
6479.842068	0.0005000000001018634	states									"            state_name
id                    
14  son_reward_chooser"
6479.842568	0.06700799999998708	states									"        state_name
id                
17  reward_big_son"
6479.909576	0.9334920000001148	states									"        state_name
id                
22  post_reward_on"
6480.843068	0.005500000000211003	states									"         state_name
id                 
23  post_reward_off"
6480.848568	2.4250059999994846	states									"         state_name
id                 
24  soft_drink_time"
6483.273574	0.0004939999998896383	states									"    state_name
id            
25  warndanger"
6483.274068	3.0	states									"            state_name
id                    
26  warndanger_warning"
6486.274568	35.03150000000005	trials	1.0	2.0	1.0	0.0	0.0	1.0	r	p	
6486.274568	35.03150000000005	states									"   state_name
id           
0     state_0"
6486.274568	0.016000000000531145	states									"          state_name
id                  
1   sending_trialnum"
6486.290568	25.48500899999999	states									"      state_name
id              
3   wait_for_cin"
6511.775577	1.0000059999993027	states									"   state_name
id           
4     context"
6512.775583	0.001485000000684522	states									"   state_name
id           
6       csgap"
6512.777068	0.409006999999292	states									"   state_name
id           
11    stim_on"
6513.186075	0.0005010000004403992	states									"            state_name
id                    
14  son_reward_chooser"
6513.186576	0.06700199999977485	states									"        state_name
id                
17  reward_big_son"
6513.253578	0.9334900000003472	states									"        state_name
id                
22  post_reward_on"
6514.187068	0.08899999999994179	states									"         state_name
id                 
23  post_reward_off"
6514.276068	4.028999999999542	states									"         state_name
id                 
24  soft_drink_time"
6518.305068	0.0005150000006324262	states									"    state_name
id            
25  warndanger"
6518.305583	3.0004849999995713	states									"            state_name
id                    
26  warndanger_warning"
6521.306568	9.8270050000001	trials	1.0	2.0	1.0	0.0	0.0	1.0	r	p	
6521.306568	9.8270050000001	states									"   state_name
id           
0     state_0"
6521.306568	0.01599999999962165	states									"          state_name
id                  
1   sending_trialnum"
6521.322568	0.583505000000514	states									"      state_name
id              
3   wait_for_cin"
6521.906073	1.0004950000002282	states									"   state_name
id           
4     context"
6522.906568	0.0010059999995064572	states									"   state_name
id           
6       csgap"
6522.907574	0.9745039999997971	states									"   state_name
id           
11    stim_on"
6523.882078	0.0005060000003140885	states									"            state_name
id                    
14  son_reward_chooser"
6523.882584	0.024992999999994936	states									"        state_name
id                
17  reward_big_son"
6523.907577	0.042000999999800115	states									"            state_name
id                    
18  reward_big_soffwon"
6523.949578	1.0654899999999543	states									"         state_name
id                 
23  post_reward_off"
6525.015068	3.117500000000291	states									"         state_name
id                 
24  soft_drink_time"
6528.132568	0.0005000000001018634	states									"    state_name
id            
25  warndanger"
6528.133068	3.0005049999999756	states									"            state_name
id                    
26  warndanger_warning"
6531.134073	8.799994999999399	trials	1.0	2.0	1.0	0.0	0.0	1.0	r	p	
6531.134073	8.799994999999399	states									"   state_name
id           
0     state_0"
6531.134073	0.01599499999974796	states									"          state_name
id                  
1   sending_trialnum"
6531.150068	0.6024999999999636	states									"      state_name
id              
3   wait_for_cin"
6531.752568	1.0005000000001019	states									"   state_name
id           
4     context"
6532.753068	0.0010000000002037268	states									"   state_name
id           
6       csgap"
6532.754068	0.09000000000014552	states									"   state_name
id           
11    stim_on"
6532.844068	0.0005000000001018634	states									"            state_name
id                    
14  son_reward_chooser"
6532.844568	0.06700000000000728	states									"        state_name
id                
17  reward_big_son"
6532.911568	0.9335049999999683	states									"        state_name
id                
22  post_reward_on"
6533.845073	0.08449899999959598	states									"         state_name
id                 
23  post_reward_off"
6533.929572	3.0034960000002684	states									"         state_name
id                 
24  soft_drink_time"
6536.933068	0.0005139999993843958	states									"    state_name
id            
25  warndanger"
6536.933582	3.00048599999991	states									"            state_name
id                    
26  warndanger_warning"
6539.934568	21.38450499999999	trials	1.0	2.0	1.0	0.0	0.0	1.0	r	p	
6539.934568	21.38450499999999	states									"   state_name
id           
0     state_0"
6539.934568	0.016000000000531145	states									"          state_name
id                  
1   sending_trialnum"
6539.950568	11.480499999999665	states									"      state_name
id              
3   wait_for_cin"
6551.431068	1.0005069999997431	states									"   state_name
id           
4     context"
6552.431575	0.001493000000664324	states									"   state_name
id           
6       csgap"
6552.433068	0.44452000000001135	states									"   state_name
id           
11    stim_on"
6552.877588	0.0004869999993388774	states									"            state_name
id                    
14  son_reward_chooser"
6552.878075	0.0669980000002397	states									"        state_name
id                
17  reward_big_son"
6552.945073	0.9334950000002209	states									"        state_name
id                
22  post_reward_on"
6553.878568	0.12701600000036706	states									"         state_name
id                 
23  post_reward_off"
6554.005584	4.312983999999233	states									"         state_name
id                 
24  soft_drink_time"
6558.318568	0.0005000000001018634	states									"    state_name
id            
25  warndanger"
6558.319068	3.0000049999998737	states									"            state_name
id                    
26  warndanger_warning"
6561.319574	13.70099399999981	trials	1.0	2.0	1.0	0.0	0.0	1.0	r	p	
6561.319574	13.70099399999981	states									"   state_name
id           
0     state_0"
6561.319574	0.01600499999949534	states									"          state_name
id                  
1   sending_trialnum"
6561.335579	4.016989000000649	states									"      state_name
id              
3   wait_for_cin"
6565.352568	1.0	states									"   state_name
id           
4     context"
6566.352568	0.0010179999999309075	states									"   state_name
id           
6       csgap"
6566.353586	0.03598899999997229	states									"   state_name
id           
11    stim_on"
6566.389575	0.000495000000228174	states									"            state_name
id                    
14  son_reward_chooser"
6566.39007	0.0669979999993302	states									"        state_name
id                
17  reward_big_son"
6566.457068	0.9335160000000542	states									"        state_name
id                
22  post_reward_on"
6567.390584	0.15798400000039692	states									"         state_name
id                 
23  post_reward_off"
6567.548568	4.471008999999867	states									"         state_name
id                 
24  soft_drink_time"
6572.019577	0.0005069999997431296	states									"    state_name
id            
25  warndanger"
6572.020084	3.0004840000001423	states									"            state_name
id                    
26  warndanger_warning"
6575.021068	10.965000000000146	trials	1.0	2.0	1.0	0.0	0.0	1.0	r	p	
6575.021068	10.965000000000146	states									"   state_name
id           
0     state_0"
6575.021068	0.01599999999962165	states									"          state_name
id                  
1   sending_trialnum"
6575.037068	0.8580000000001746	states									"      state_name
id              
3   wait_for_cin"
6575.895068	1.0005110000001878	states									"   state_name
id           
4     context"
6576.895579	0.0014890000002196757	states									"   state_name
id           
6       csgap"
6576.897068	0.15599999999994907	states									"   state_name
id           
11    stim_on"
6577.053068	0.0005129999999553547	states									"            state_name
id                    
14  son_reward_chooser"
6577.053581	0.06699299999945652	states									"        state_name
id                
17  reward_big_son"
6577.120574	0.9334940000007919	states									"        state_name
id                
22  post_reward_on"
6578.054068	0.14899999999943248	states									"         state_name
id                 
23  post_reward_off"
6578.203068	4.782509000000573	states									"         state_name
id                 
24  soft_drink_time"
6582.985577	0.0004909999997835257	states									"    state_name
id            
25  warndanger"
6582.986068	3.0	states									"            state_name
id                    
26  warndanger_warning"
6585.986568	11.221504999999524	trials	1.0	2.0	1.0	0.0	0.0	1.0	r	p	
6585.986568	11.221504999999524	states									"   state_name
id           
0     state_0"
6585.986568	0.01599999999962165	states									"          state_name
id                  
1   sending_trialnum"
6586.002568	1.4220000000004802	states									"      state_name
id              
3   wait_for_cin"
6587.424568	1.0	states									"   state_name
id           
4     context"
6588.424568	0.0010109999993801466	states									"   state_name
id           
6       csgap"
6588.425579	0.26298899999983405	states									"   state_name
id           
11    stim_on"
6588.688568	0.0005000000001018634	states									"            state_name
id                    
14  son_reward_chooser"
6588.689068	0.06700000000000728	states									"        state_name
id                
17  reward_big_son"
6588.756068	0.9335100000007515	states									"        state_name
id                
22  post_reward_on"
6589.689578	0.018989999999575957	states									"         state_name
id                 
23  post_reward_off"
6589.708568	4.498515999999654	states									"         state_name
id                 
24  soft_drink_time"
6594.207084	0.0004930000004605972	states									"    state_name
id            
25  warndanger"
6594.207577	3.000495999999657	states									"            state_name
id                    
26  warndanger_warning"
6597.208568	15.595500000000357	trials	1.0	2.0	1.0	0.0	0.0	1.0	r	p	
6597.208568	15.595500000000357	states									"   state_name
id           
0     state_0"
6597.208568	0.01599999999962165	states									"          state_name
id                  
1   sending_trialnum"
6597.224568	7.180500000000393	states									"      state_name
id              
3   wait_for_cin"
6604.405068	1.0000159999999596	states									"   state_name
id           
4     context"
6605.405084	0.0014840000003459863	states									"   state_name
id           
6       csgap"
6605.406568	0.5559999999995853	states									"   state_name
id           
11    stim_on"
6605.962568	0.0005000000001018634	states									"            state_name
id                    
14  son_reward_chooser"
6605.963068	0.06700000000000728	states									"        state_name
id                
17  reward_big_son"
6606.030068	0.9335090000004129	states									"        state_name
id                
22  post_reward_on"
6606.963577	0.08449099999961618	states									"         state_name
id                 
23  post_reward_off"
6607.048068	2.755000000000109	states									"         state_name
id                 
24  soft_drink_time"
6609.803068	0.000511999999616819	states									"    state_name
id            
25  warndanger"
6609.80358	3.000488000000587	states									"            state_name
id                    
26  warndanger_warning"
6612.804568	11.25	trials	1.0	2.0	1.0	0.0	0.0	1.0	r	p	
6612.804568	11.25	states									"   state_name
id           
0     state_0"
6612.804568	0.016005000000404834	states									"          state_name
id                  
1   sending_trialnum"
6612.820573	1.0384949999997843	states									"      state_name
id              
3   wait_for_cin"
6613.859068	1.0005070000006526	states									"   state_name
id           
4     context"
6614.859575	0.0014929999997548293	states									"   state_name
id           
6       csgap"
6614.861068	0.8430010000001857	states									"   state_name
id           
11    stim_on"
6615.704069	0.0004989999997633277	states									"            state_name
id                    
14  son_reward_chooser"
6615.704568	0.06701799999973446	states									"        state_name
id                
17  reward_big_son"
6615.771586	0.9334820000003674	states									"        state_name
id                
22  post_reward_on"
6616.705068	0.11349999999947613	states									"         state_name
id                 
23  post_reward_off"
6616.818568	4.235008999999991	states									"         state_name
id                 
24  soft_drink_time"
6621.053577	0.0004920000001220615	states									"    state_name
id            
25  warndanger"
6621.054069	3.0004989999997633	states									"            state_name
id                    
26  warndanger_warning"
6624.055084	77.42548400000032	trials	1.0	2.0	1.0	0.0	0.0	1.0	r	p	
6624.055084	77.42548400000032	states									"   state_name
id           
0     state_0"
6624.055084	0.01598400000057154	states									"          state_name
id                  
1   sending_trialnum"
6624.071068	68.91749999999956	states									"      state_name
id              
3   wait_for_cin"
6692.988568	1.0	states									"   state_name
id           
4     context"
6693.988568	0.0010090000005220645	states									"   state_name
id           
6       csgap"
6693.989577	0.003495999999358901	states									"   state_name
id           
11    stim_on"
6693.993073	0.0005020000007789349	states									"            state_name
id                    
14  son_reward_chooser"
6693.993575	0.06699299999945652	states									"        state_name
id                
17  reward_big_son"
6694.060568	0.9335000000000946	states									"        state_name
id                
22  post_reward_on"
6694.994068	0.0375000000003638	states									"         state_name
id                 
23  post_reward_off"
6695.031568	3.448500999999851	states									"         state_name
id                 
24  soft_drink_time"
6698.480069	0.0004989999997633277	states									"    state_name
id            
25  warndanger"
6698.480568	3.0	states									"            state_name
id                    
26  warndanger_warning"
6701.481068	40.45899999999983	trials	1.0	2.0	1.0	0.0	0.0	1.0	r	p	
6701.481068	40.45899999999983	states									"   state_name
id           
0     state_0"
6701.481068	0.01599999999962165	states									"          state_name
id                  
1   sending_trialnum"
6701.497068	30.979505000000245	states									"      state_name
id              
3   wait_for_cin"
6732.476573	1.0004950000002282	states									"   state_name
id           
4     context"
6733.477068	0.0010000000002037268	states									"   state_name
id           
6       csgap"
6733.478068	0.257513999999901	states									"   state_name
id           
11    stim_on"
6733.735582	0.00048599999990983633	states									"            state_name
id                    
14  son_reward_chooser"
6733.736068	0.06700000000000728	states									"        state_name
id                
17  reward_big_son"
6733.803068	0.9335009999995236	states									"        state_name
id                
22  post_reward_on"
6734.736569	0.6635059999998703	states									"         state_name
id                 
23  post_reward_off"
6735.400075	3.5395030000008774	states									"         state_name
id                 
24  soft_drink_time"
6738.939578	0.00048999999944499	states									"    state_name
id            
25  warndanger"
6738.940068	3.0	states									"            state_name
id                    
26  warndanger_warning"
6741.940568	32.35850000000028	trials	1.0	2.0	1.0	0.0	0.0	1.0	r	p	
6741.940568	32.35850000000028	states									"   state_name
id           
0     state_0"
6741.940568	0.016005000000404834	states									"          state_name
id                  
1   sending_trialnum"
6741.956573	23.043994999999995	states									"      state_name
id              
3   wait_for_cin"
6765.000568	1.0005160000000615	states									"   state_name
id           
4     context"
6766.001084	0.0014839999994364916	states									"   state_name
id           
6       csgap"
6766.002568	0.5035020000004806	states									"   state_name
id           
11    stim_on"
6766.50607	0.000503999999637017	states									"            state_name
id                    
14  son_reward_chooser"
6766.506574	0.06700000000000728	states									"        state_name
id                
17  reward_big_son"
6766.573574	0.933498999999756	states									"        state_name
id                
22  post_reward_on"
6767.507073	0.06699500000013359	states									"         state_name
id                 
23  post_reward_off"
6767.574068	3.7240019999999276	states									"         state_name
id                 
24  soft_drink_time"
6771.29807	0.0004980000003342866	states									"    state_name
id            
25  warndanger"
6771.298568	3.000500000000102	states									"            state_name
id                    
26  warndanger_warning"
6774.299583	9.831484999999702	trials	1.0	2.0	1.0	0.0	0.0	1.0	r	p	
6774.299583	9.831484999999702	states									"   state_name
id           
0     state_0"
6774.299583	0.01599900000019261	states									"          state_name
id                  
1   sending_trialnum"
6774.315582	0.21648600000025908	states									"      state_name
id              
3   wait_for_cin"
6774.532068	1.0004999999991924	states									"   state_name
id           
4     context"
6775.532568	0.001006000000415952	states									"   state_name
id           
6       csgap"
6775.533574	0.3804939999999988	states									"   state_name
id           
11    stim_on"
6775.914068	0.0005000000001018634	states									"            state_name
id                    
14  son_reward_chooser"
6775.914568	0.06701299999986077	states									"        state_name
id                
17  reward_big_son"
6775.981581	0.9334870000002411	states									"        state_name
id                
22  post_reward_on"
6776.915068	0.07051599999977043	states									"         state_name
id                 
23  post_reward_off"
6776.985584	4.144484000000375	states									"         state_name
id                 
24  soft_drink_time"
6781.130068	0.0004999999991923687	states									"    state_name
id            
25  warndanger"
6781.130568	3.000500000000102	states									"            state_name
id                    
26  warndanger_warning"
6784.131581	17.764993000000686	trials	1.0	2.0	1.0	0.0	0.0	1.0	r	p	
6784.131581	17.764993000000686	states									"   state_name
id           
0     state_0"
6784.131581	0.016000000000531145	states									"          state_name
id                  
1   sending_trialnum"
6784.147581	9.52448699999968	states									"      state_name
id              
3   wait_for_cin"
6793.672068	1.0000049999998737	states									"   state_name
id           
4     context"
6794.672073	0.001502000000073167	states									"   state_name
id           
6       csgap"
6794.673575	0.0014929999997548293	states									"   state_name
id           
11    stim_on"
6794.675068	0.0005150000006324262	states									"            state_name
id                    
14  son_reward_chooser"
6794.675583	0.06698499999947671	states									"        state_name
id                
17  reward_big_son"
6794.742568	0.9335000000000946	states									"        state_name
id                
22  post_reward_on"
6795.676068	0.07400099999995291	states									"         state_name
id                 
23  post_reward_off"
6795.750069	3.1455120000000534	states									"         state_name
id                 
24  soft_drink_time"
6798.895581	0.0004870000002483721	states									"    state_name
id            
25  warndanger"
6798.896068	3.000506000000314	states									"            state_name
id                    
26  warndanger_warning"
6801.897084	9.698488999999427	trials	1.0	2.0	1.0	0.0	0.0	1.0	r	p	
6801.897084	9.698488999999427	states									"   state_name
id           
0     state_0"
6801.897084	0.01599999999962165	states									"          state_name
id                  
1   sending_trialnum"
6801.913084	0.683484000000135	states									"      state_name
id              
3   wait_for_cin"
6802.596568	1.0005000000001019	states									"   state_name
id           
4     context"
6803.597068	0.0010099999999511056	states									"   state_name
id           
6       csgap"
6803.598078	0.8895069999998668	states									"   state_name
id           
11    stim_on"
6804.487585	0.00048299999980372377	states									"            state_name
id                    
14  son_reward_chooser"
6804.488068	0.06700000000000728	states									"        state_name
id                
17  reward_big_son"
6804.555068	0.9335160000000542	states									"        state_name
id                
22  post_reward_on"
6805.488584	0.07998399999996764	states									"         state_name
id                 
23  post_reward_off"
6805.568568	3.0265159999999014	states									"         state_name
id                 
24  soft_drink_time"
6808.595084	0.0004840000001422595	states									"    state_name
id            
25  warndanger"
6808.595568	3.0000049999998737	states									"            state_name
id                    
26  warndanger_warning"
6811.596068	29.43249999999989	trials	1.0	2.0	1.0	0.0	0.0	1.0	r	p	
6811.596068	29.43249999999989	states									"   state_name
id           
0     state_0"
6811.596068	0.016000000000531145	states									"          state_name
id                  
1   sending_trialnum"
6811.612068	1.7375069999998232	states									"      state_name
id              
3   wait_for_cin"
6813.349575	1.000492999999551	states									"   state_name
id           
4     context"
6814.350068	0.0010000000002037268	states									"   state_name
id           
6       csgap"
6814.351068	1.0005069999997431	states									"   state_name
id           
11    stim_on"
6815.351575	0.001493000000664324	states									"   state_name
id           
12   stim_off"
6815.353068	17.631499999999505	states									"        state_name
id                
13  wait_for_spoke"
6832.984568	0.0005000000001018634	states									"             state_name
id                     
15  soff_reward_chooser"
6832.985068	0.06700000000000728	states									"         state_name
id                 
16  reward_big_soff"
6833.052068	0.08150899999964167	states									"         state_name
id                 
23  post_reward_off"
6833.133577	4.894491000000016	states									"         state_name
id                 
24  soft_drink_time"
6838.028068	0.0005000000001018634	states									"    state_name
id            
25  warndanger"
6838.028568	3.0	states									"            state_name
id                    
26  warndanger_warning"
6841.029068	19.67700000000059	trials	1.0	2.0	1.0	0.0	0.0	1.0	r	p	
6841.029068	19.67700000000059	states									"   state_name
id           
0     state_0"
6841.029068	0.016005999999833875	states									"          state_name
id                  
1   sending_trialnum"
6841.045074	11.539494000000559	states									"      state_name
id              
3   wait_for_cin"
6852.584568	1.0005000000001019	states									"   state_name
id           
4     context"
6853.585068	0.0009999999992942321	states									"   state_name
id           
6       csgap"
6853.586068	0.061507000000347034	states									"   state_name
id           
11    stim_on"
6853.647575	0.0004930000004605972	states									"            state_name
id                    
14  son_reward_chooser"
6853.648068	0.06700000000000728	states									"        state_name
id                
17  reward_big_son"
6853.715068	0.9335059999993973	states									"        state_name
id                
22  post_reward_on"
6854.648574	0.13949400000001333	states									"         state_name
id                 
23  post_reward_off"
6854.788068	2.917000000000371	states									"         state_name
id                 
24  soft_drink_time"
6857.705068	0.0005099999998492422	states									"    state_name
id            
25  warndanger"
6857.705578	3.0004900000003545	states									"            state_name
id                    
26  warndanger_warning"
6860.706568	15.27701100000013	trials	1.0	2.0	1.0	0.0	0.0	1.0	r	p	
6860.706568	15.27701100000013	states									"   state_name
id           
0     state_0"
6860.706568	0.016000000000531145	states									"          state_name
id                  
1   sending_trialnum"
6860.722568	5.415012999999817	states									"      state_name
id              
3   wait_for_cin"
6866.137581	1.0004870000002484	states									"   state_name
id           
4     context"
6867.138068	0.0010160000001633307	states									"   state_name
id           
6       csgap"
6867.139084	0.9399839999996402	states									"   state_name
id           
11    stim_on"
6868.079068	0.0005090000004202011	states									"            state_name
id                    
14  son_reward_chooser"
6868.079577	0.05999999999949068	states									"        state_name
id                
17  reward_big_son"
6868.139577	0.006991000000198255	states									"            state_name
id                    
18  reward_big_soffwon"
6868.146568	0.16302100000029895	states									"         state_name
id                 
23  post_reward_off"
6868.309589	4.673495000000003	states									"         state_name
id                 
24  soft_drink_time"
6872.983084	0.0004929999995511025	states									"    state_name
id            
25  warndanger"
6872.983577	3.0000019999997676	states									"            state_name
id                    
26  warndanger_warning"
6875.984069	17.50999899999988	trials	1.0	2.0	1.0	0.0	0.0	1.0	r	p	
6875.984069	17.50999899999988	states									"   state_name
id           
0     state_0"
6875.984069	0.01599900000019261	states									"          state_name
id                  
1   sending_trialnum"
6876.000068	9.093503999999484	states									"      state_name
id              
3   wait_for_cin"
6885.093572	1.0000030000001061	states									"   state_name
id           
4     context"
6886.093575	0.0014989999999670545	states									"   state_name
id           
6       csgap"
6886.095074	0.003994000000602682	states									"   state_name
id           
11    stim_on"
6886.099068	0.0005069999997431296	states									"            state_name
id                    
14  son_reward_chooser"
6886.099575	0.06699299999945652	states									"        state_name
id                
17  reward_big_son"
6886.166568	0.9335000000000946	states									"        state_name
id                
22  post_reward_on"
6887.100068	0.037507000000005064	states									"         state_name
id                 
23  post_reward_off"
6887.137575	3.355493000000024	states									"         state_name
id                 
24  soft_drink_time"
6890.493068	0.0005070000006526243	states									"    state_name
id            
25  warndanger"
6890.493575	3.000492999999551	states									"            state_name
id                    
26  warndanger_warning"
6893.494569	113.34450500000003	trials	1.0	2.0	1.0	0.0	0.0	1.0	r	p	
6893.494569	113.34450500000003	states									"   state_name
id           
0     state_0"
6893.494569	0.015998999999283114	states									"          state_name
id                  
1   sending_trialnum"
6893.510568	106.46950000000015	states									"      state_name
id              
3   wait_for_cin"
6999.980068	1.0000010000003385	states									"   state_name
id           
4     context"
7000.980069	0.001014999999824795	states									"   state_name
id           
6       csgap"
7000.981084	0.0014840000003459863	states									"   state_name
id           
11    stim_on"
7000.982568	0.0004999999991923687	states									"            state_name
id                    
14  son_reward_chooser"
7000.983068	0.06700000000000728	states									"        state_name
id                
17  reward_big_son"
7001.050068	0.9335170000003927	states									"        state_name
id                
22  post_reward_on"
7001.983585	0.06298299999980372	states									"         state_name
id                 
23  post_reward_off"
7002.046568	1.7915000000002692	states									"         state_name
id                 
24  soft_drink_time"
7003.838068	0.0005000000001018634	states									"    state_name
id            
25  warndanger"
7003.838568	3.000506000000314	states									"            state_name
id                    
26  warndanger_warning"
7006.839577	12.302991999999904	trials	1.0	2.0	1.0	0.0	0.0	1.0	r	p	
7006.839577	12.302991999999904	states									"   state_name
id           
0     state_0"
7006.839577	0.015995000000657456	states									"          state_name
id                  
1   sending_trialnum"
7006.855572	0.09849599999961356	states									"      state_name
id              
3   wait_for_cin"
7006.954068	1.0005000000001019	states									"   state_name
id           
4     context"
7007.954568	0.0010050000000774162	states									"   state_name
id           
6       csgap"
7007.955573	1.0000089999994088	states									"   state_name
id           
11    stim_on"
7008.955582	0.0014860000001135631	states									"   state_name
id           
12   stim_off"
7008.957068	0.6660000000001673	states									"        state_name
id                
13  wait_for_spoke"
7009.623068	0.0005099999998492422	states									"             state_name
id                     
15  soff_reward_chooser"
7009.623578	0.0670060000002195	states									"         state_name
id                 
16  reward_big_soff"
7009.690584	0.07048399999985122	states									"         state_name
id                 
23  post_reward_off"
7009.761068	6.381000000000313	states									"         state_name
id                 
24  soft_drink_time"
7016.142068	0.0005000000001018634	states									"    state_name
id            
25  warndanger"
7016.142568	3.000000999999429	states									"            state_name
id                    
26  warndanger_warning"
7019.143068	53.17499999999927	trials	1.0	2.0	1.0	0.0	0.0	1.0	r	p	
7019.143068	53.17499999999927	states									"   state_name
id           
0     state_0"
7019.143068	0.01599999999962165	states									"          state_name
id                  
1   sending_trialnum"
7019.159068	41.3154999999997	states									"      state_name
id              
3   wait_for_cin"
7060.474568	1.0005160000000615	states									"   state_name
id           
4     context"
7061.475084	0.0014840000003459863	states									"   state_name
id           
6       csgap"
7061.476568	0.2035040000000663	states									"   state_name
id           
11    stim_on"
7061.680072	0.0004959999996572151	states									"            state_name
id                    
14  son_reward_chooser"
7061.680568	0.06700900000032561	states									"        state_name
id                
17  reward_big_son"
7061.747577	0.9334909999997762	states									"        state_name
id                
22  post_reward_on"
7062.681068	0.010000000000218279	states									"         state_name
id                 
23  post_reward_off"
7062.691068	6.626000000000204	states									"         state_name
id                 
24  soft_drink_time"
7069.317068	0.0005169999994905083	states									"    state_name
id            
25  warndanger"
7069.317585	3.0004829999998037	states									"            state_name
id                    
26  warndanger_warning"
7072.318568	11.043999999999869	trials	1.0	2.0	1.0	0.0	0.0	1.0	r	p	
7072.318568	11.043999999999869	states									"   state_name
id           
0     state_0"
7072.318568	0.016000000000531145	states									"          state_name
id                  
1   sending_trialnum"
7072.334568	1.119499999999789	states									"      state_name
id              
3   wait_for_cin"
7073.454068	1.0	states									"   state_name
id           
4     context"
7074.454068	0.0010000000002037268	states									"   state_name
id           
6       csgap"
7074.455068	0.8674999999993815	states									"   state_name
id           
11    stim_on"
7075.322568	0.0005000000001018634	states									"            state_name
id                    
14  son_reward_chooser"
7075.323068	0.06700000000000728	states									"        state_name
id                
17  reward_big_son"
7075.390068	0.9335090000004129	states									"        state_name
id                
22  post_reward_on"
7076.323577	0.1175069999999323	states									"         state_name
id                 
23  post_reward_off"
7076.441084	3.920492999999624	states									"         state_name
id                 
24  soft_drink_time"
7080.361577	0.0005010000004403992	states									"    state_name
id            
25  warndanger"
7080.362078	3.000489999999445	states									"            state_name
id                    
26  warndanger_warning"
7083.363068	24.96350000000075	trials	1.0	2.0	1.0	0.0	0.0	1.0	r	p	
7083.363068	24.96350000000075	states									"   state_name
id           
0     state_0"
7083.363068	0.01600600000074337	states									"          state_name
id                  
1   sending_trialnum"
7083.379074	14.43799399999989	states									"      state_name
id              
3   wait_for_cin"
7097.817068	1.0000159999999596	states									"   state_name
id           
4     context"
7098.817084	0.0014839999994364916	states									"   state_name
id           
6       csgap"
7098.818568	0.2525000000005093	states									"   state_name
id           
11    stim_on"
7099.071068	0.0005069999997431296	states									"            state_name
id                    
14  son_reward_chooser"
7099.071575	0.06699300000036601	states									"        state_name
id                
17  reward_big_son"
7099.138568	0.9335000000000946	states									"        state_name
id                
22  post_reward_on"
7100.072068	0.03799999999955617	states									"         state_name
id                 
23  post_reward_off"
7100.110068	5.215508999999656	states									"         state_name
id                 
24  soft_drink_time"
7105.325577	0.0004910000006930204	states									"    state_name
id            
25  warndanger"
7105.326068	3.000500000000102	states									"            state_name
id                    
26  warndanger_warning"
7108.327068	15.659516000000622	trials	1.0	2.0	1.0	0.0	0.0	1.0	r	p	
7108.327068	15.659516000000622	states									"   state_name
id           
0     state_0"
7108.327068	0.016000000000531145	states									"          state_name
id                  
1   sending_trialnum"
7108.343068	0.1085109999994529	states									"      state_name
id              
3   wait_for_cin"
7108.451579	1.0004990000006728	states									"   state_name
id           
4     context"
7109.452078	0.0014929999997548293	states									"   state_name
id           
6       csgap"
7109.453571	0.23949699999957375	states									"   state_name
id           
11    stim_on"
7109.693068	0.0005060000003140885	states									"            state_name
id                    
14  son_reward_chooser"
7109.693574	0.06699399999979505	states									"        state_name
id                
17  reward_big_son"
7109.760568	0.9335000000000946	states									"        state_name
id                
22  post_reward_on"
7110.694068	0.29101600000012695	states									"         state_name
id                 
23  post_reward_off"
7110.985084	10.000989000000118	states									"         state_name
id                 
24  soft_drink_time"
7120.986073	0.0005000000001018634	states									"    state_name
id            
25  warndanger"
7120.986573	3.000011000000086	states									"            state_name
id                    
26  warndanger_warning"
7123.987073	18.93349499999931	trials	1.0	2.0	1.0	0.0	0.0	1.0	r	p	
7123.987073	18.93349499999931	states									"   state_name
id           
0     state_0"
7123.987073	0.01599499999974796	states									"          state_name
id                  
1   sending_trialnum"
7124.003068	3.638006000000132	states									"      state_name
id              
3   wait_for_cin"
7127.641074	1.0	states									"   state_name
id           
4     context"
7128.641074	0.0010099999999511056	states									"   state_name
id           
6       csgap"
7128.642084	0.15549800000007963	states									"   state_name
id           
11    stim_on"
7128.797582	0.0004909999997835257	states									"            state_name
id                    
14  son_reward_chooser"
7128.798073	0.06700100000034581	states									"        state_name
id                
17  reward_big_son"
7128.865074	0.9334939999998824	states									"        state_name
id                
22  post_reward_on"
7129.798568	0.12049999999999272	states									"         state_name
id                 
23  post_reward_off"
7129.919068	10.000514000000294	states									"         state_name
id                 
24  soft_drink_time"
7139.919582	0.00048599999990983633	states									"    state_name
id            
25  warndanger"
7139.920068	3.0004999999991924	states									"            state_name
id                    
26  warndanger_warning"
7142.921068	88.04650600000059	trials	1.0	2.0	1.0	0.0	0.0	1.0	r	p	
7142.921068	88.04650600000059	states									"   state_name
id           
0     state_0"
7142.921068	0.016000000000531145	states									"          state_name
id                  
1   sending_trialnum"
7142.937068	76.77750000000015	states									"      state_name
id              
3   wait_for_cin"
7219.714568	1.0000059999993027	states									"   state_name
id           
4     context"
7220.714574	0.0010090000005220645	states									"   state_name
id           
6       csgap"
7220.715583	0.24800299999969866	states									"   state_name
id           
11    stim_on"
7220.963586	0.0004820000003746827	states									"            state_name
id                    
14  son_reward_chooser"
7220.964068	0.06700000000000728	states									"        state_name
id                
17  reward_big_son"
7221.031068	0.9335000000000946	states									"        state_name
id                
22  post_reward_on"
7221.964568	0.0194999999994252	states									"         state_name
id                 
23  post_reward_off"
7221.984068	5.982500000000073	states									"         state_name
id                 
24  soft_drink_time"
7227.966568	0.0005000000001018634	states									"    state_name
id            
25  warndanger"
7227.967068	3.000506000000314	states									"            state_name
id                    
26  warndanger_warning"
7230.968068	13.119504999999663	trials	1.0	2.0	1.0	0.0	0.0	1.0	r	p	
7230.968068	13.119504999999663	states									"   state_name
id           
0     state_0"
7230.968068	0.01599999999962165	states									"          state_name
id                  
1   sending_trialnum"
7230.984068	2.7545000000000073	states									"      state_name
id              
3   wait_for_cin"
7233.738568	1.0005000000001019	states									"   state_name
id           
4     context"
7234.739068	0.0015000000003055902	states									"   state_name
id           
6       csgap"
7234.740568	0.18850000000020373	states									"   state_name
id           
11    stim_on"
7234.929068	0.0005139999993843958	states									"            state_name
id                    
14  son_reward_chooser"
7234.929582	0.06698599999981525	states									"        state_name
id                
17  reward_big_son"
7234.996568	0.9335000000000946	states									"        state_name
id                
22  post_reward_on"
7235.930068	0.05050000000028376	states									"         state_name
id                 
23  post_reward_off"
7235.980568	5.106504999999743	states									"         state_name
id                 
24  soft_drink_time"
7241.087073	0.0004980000003342866	states									"    state_name
id            
25  warndanger"
7241.087571	3.0000019999997676	states									"            state_name
id                    
26  warndanger_warning"
7244.088068	11.006005000000187	trials	1.0	2.0	1.0	0.0	0.0	1.0	r	p	
7244.088068	11.006005000000187	states									"   state_name
id           
0     state_0"
7244.088068	0.01599999999962165	states									"          state_name
id                  
1   sending_trialnum"
7244.104068	1.1900000000005093	states									"      state_name
id              
3   wait_for_cin"
7245.294068	1.0000069999996413	states									"   state_name
id           
4     context"
7246.294075	0.0010019999999713036	states									"   state_name
id           
6       csgap"
7246.295077	0.2369910000006712	states									"   state_name
id           
11    stim_on"
7246.532068	0.0004999999991923687	states									"            state_name
id                    
14  son_reward_chooser"
7246.532568	0.06701500000053784	states									"        state_name
id                
17  reward_big_son"
7246.599583	0.9335009999995236	states									"        state_name
id                
22  post_reward_on"
7247.533084	0.017483999999967637	states									"         state_name
id                 
23  post_reward_off"
7247.550568	4.543006000000787	states									"         state_name
id                 
24  soft_drink_time"
7252.093574	0.0004939999998896383	states									"    state_name
id            
25  warndanger"
7252.094068	3.0000049999998737	states									"            state_name
id                    
26  warndanger_warning"
7255.094573	12.551994999999806	trials	1.0	2.0	1.0	0.0	0.0	1.0	r	p	
7255.094573	12.551994999999806	states									"   state_name
id           
0     state_0"
7255.094573	0.01599499999974796	states									"          state_name
id                  
1   sending_trialnum"
7255.110568	3.3265000000001237	states									"      state_name
id              
3   wait_for_cin"
7258.437068	1.0	states									"   state_name
id           
4     context"
7259.437068	0.0010000000002037268	states									"   state_name
id           
6       csgap"
7259.438068	0.06800599999951373	states									"   state_name
id           
11    stim_on"
7259.506074	0.0004939999998896383	states									"            state_name
id                    
14  son_reward_chooser"
7259.506568	0.06701700000030542	states									"        state_name
id                
17  reward_big_son"
7259.573585	0.9334829999997964	states									"        state_name
id                
22  post_reward_on"
7260.507068	0.47150000000056025	states									"         state_name
id                 
23  post_reward_off"
7260.978568	3.6670029999995677	states									"         state_name
id                 
24  soft_drink_time"
7264.645571	0.0004969999999957508	states									"    state_name
id            
25  warndanger"
7264.646068	3.000500000000102	states									"            state_name
id                    
26  warndanger_warning"
7267.647068	16.724999999999454	trials	1.0	2.0	1.0	0.0	0.0	1.0	r	p	
7267.647068	16.724999999999454	states									"   state_name
id           
0     state_0"
7267.647068	0.01599999999962165	states									"          state_name
id                  
1   sending_trialnum"
7267.663068	1.1149999999997817	states									"      state_name
id              
3   wait_for_cin"
7268.778068	1.0	states									"   state_name
id           
4     context"
7269.778068	0.001006000000415952	states									"   state_name
id           
6       csgap"
7269.779074	0.17050800000015442	states									"   state_name
id           
11    stim_on"
7269.949582	0.00048599999990983633	states									"            state_name
id                    
14  son_reward_chooser"
7269.950068	0.0670060000002195	states									"        state_name
id                
17  reward_big_son"
7270.017074	0.9334939999998824	states									"        state_name
id                
22  post_reward_on"
7270.950568	0.4194999999999709	states									"         state_name
id                 
23  post_reward_off"
7271.370068	10.001000000000204	states									"         state_name
id                 
24  soft_drink_time"
7281.371068	0.0005099999998492422	states									"    state_name
id            
25  warndanger"
7281.371578	3.000489999999445	states									"            state_name
id                    
26  warndanger_warning"
7284.372568	13.382000000000517	trials	1.0	2.0	1.0	0.0	0.0	1.0	r	p	
7284.372568	13.382000000000517	states									"   state_name
id           
0     state_0"
7284.372568	0.016000000000531145	states									"          state_name
id                  
1   sending_trialnum"
7284.388568	2.2010059999993246	states									"      state_name
id              
3   wait_for_cin"
7286.589574	1.000011000000086	states									"   state_name
id           
4     context"
7287.589585	0.0014830000000074506	states									"   state_name
id           
6       csgap"
7287.591068	0.021999999999934516	states									"   state_name
id           
11    stim_on"
7287.613068	0.0005100000007587369	states									"            state_name
id                    
14  son_reward_chooser"
7287.613578	0.0669899999993504	states									"        state_name
id                
17  reward_big_son"
7287.680568	0.9335160000000542	states									"        state_name
id                
22  post_reward_on"
7288.614084	0.0984840000000986	states									"         state_name
id                 
23  post_reward_off"
7288.712568	6.041009000000486	states									"         state_name
id                 
24  soft_drink_time"
7294.753577	0.0005069999997431296	states									"    state_name
id            
25  warndanger"
7294.754084	3.0004840000001423	states									"            state_name
id                    
26  warndanger_warning"
7297.755068	10.098510999999235	trials	1.0	2.0	1.0	0.0	0.0	1.0	r	p	
7297.755068	10.098510999999235	states									"   state_name
id           
0     state_0"
7297.755068	0.016015999999581254	states									"          state_name
id                  
1   sending_trialnum"
7297.771084	0.39248399999996764	states									"      state_name
id              
3   wait_for_cin"
7298.163568	1.0000120000004245	states									"   state_name
id           
4     context"
7299.16358	0.00148799999988114	states									"   state_name
id           
6       csgap"
7299.165068	0.3140059999996083	states									"   state_name
id           
11    stim_on"
7299.479074	0.000503000000207976	states									"            state_name
id                    
14  son_reward_chooser"
7299.479577	0.06699099999968894	states									"        state_name
id                
17  reward_big_son"
7299.546568	0.9335000000000946	states									"        state_name
id                
22  post_reward_on"
7300.480068	0.006000000000312866	states									"         state_name
id                 
23  post_reward_off"
7300.486068	4.367000000000189	states									"         state_name
id                 
24  soft_drink_time"
7304.853068	0.0005069999997431296	states									"    state_name
id            
25  warndanger"
7304.853575	3.000003999999535	states									"            state_name
id                    
26  warndanger_warning"
7307.854068	15.970000000000255	trials	1.0	2.0	1.0	0.0	0.0	1.0	r	p	
7307.854068	15.970000000000255	states									"   state_name
id           
0     state_0"
7307.854068	0.01600600000074337	states									"          state_name
id                  
1   sending_trialnum"
7307.870074	1.5545099999999366	states									"      state_name
id              
3   wait_for_cin"
7309.424584	1.0004839999992328	states									"   state_name
id           
4     context"
7310.425068	0.0010000000002037268	states									"   state_name
id           
6       csgap"
7310.426068	0.37700000000040745	states									"   state_name
id           
11    stim_on"
7310.803068	0.0005149999997229315	states									"            state_name
id                    
14  son_reward_chooser"
7310.803583	0.06698500000038621	states									"        state_name
id                
17  reward_big_son"
7310.870568	0.9335000000000946	states									"        state_name
id                
22  post_reward_on"
7311.804068	0.12701599999945756	states									"         state_name
id                 
23  post_reward_off"
7311.931084	8.892488999999841	states									"         state_name
id                 
24  soft_drink_time"
7320.823573	0.000495000000228174	states									"    state_name
id            
25  warndanger"
7320.824068	3.0	states									"            state_name
id                    
26  warndanger_warning"
7323.824568	12.660506000000169	trials	1.0	2.0	1.0	0.0	0.0	1.0	r	p	
7323.824568	12.660506000000169	states									"   state_name
id           
0     state_0"
7323.824568	0.016005999999833875	states									"          state_name
id                  
1   sending_trialnum"
7323.840574	0.0004939999998896383	states									"      state_name
id              
3   wait_for_cin"
7323.841068	1.0	states									"   state_name
id           
4     context"
7324.841068	0.0015000000003055902	states									"   state_name
id           
6       csgap"
7324.842568	0.4560060000003432	states									"   state_name
id           
11    stim_on"
7325.298574	0.0004989999997633277	states									"            state_name
id                    
14  son_reward_chooser"
7325.299073	0.06700000000000728	states									"        state_name
id                
17  reward_big_son"
7325.366073	0.933509999999842	states									"        state_name
id                
22  post_reward_on"
7326.299583	0.017485000000306172	states									"         state_name
id                 
23  post_reward_off"
7326.317068	7.167499999999563	states									"         state_name
id                 
24  soft_drink_time"
7333.484568	0.0005000000001018634	states									"    state_name
id            
25  warndanger"
7333.485068	3.0000060000002122	states									"            state_name
id                    
26  warndanger_warning"
7336.485582	7.254985999999917	trials	1.0	2.0	1.0	0.0	0.0	1.0	r	p	
7336.485582	7.254985999999917	states									"   state_name
id           
0     state_0"
7336.485582	0.015996999999515538	states									"          state_name
id                  
1   sending_trialnum"
7336.501579	0.0004890000000159489	states									"      state_name
id              
3   wait_for_cin"
7336.502068	1.0000010000003385	states									"   state_name
id           
4     context"
7337.502069	0.0010039999997388804	states									"   state_name
id           
6       csgap"
7337.503073	0.2349949999997989	states									"   state_name
id           
11    stim_on"
7337.738068	0.0005000000001018634	states									"            state_name
id                    
14  son_reward_chooser"
7337.738568	0.06701299999986077	states									"        state_name
id                
17  reward_big_son"
7337.805581	0.9335030000002007	states									"        state_name
id                
22  post_reward_on"
7338.739084	2.00048599999991	states									"         state_name
id                 
23  post_reward_off"
7340.73957	0.0004980000003342866	states									"    state_name
id            
25  warndanger"
7340.740068	3.000500000000102	states									"            state_name
id                    
26  warndanger_warning"
7343.741068	18.040505999999368	trials	1.0	2.0	1.0	0.0	0.0	1.0	r	p	
7343.741068	18.040505999999368	states									"   state_name
id           
0     state_0"
7343.741068	0.01599999999962165	states									"          state_name
id                  
1   sending_trialnum"
7343.757068	10.701500000000124	states									"      state_name
id              
3   wait_for_cin"
7354.458568	1.0005000000001019	states									"   state_name
id           
4     context"
7355.459068	0.0015000000003055902	states									"   state_name
id           
6       csgap"
7355.460568	0.14101399999981368	states									"   state_name
id           
11    stim_on"
7355.601582	0.00048599999990983633	states									"            state_name
id                    
14  son_reward_chooser"
7355.602068	0.06700000000000728	states									"        state_name
id                
17  reward_big_son"
7355.669068	0.9335000000000946	states									"        state_name
id                
22  post_reward_on"
7356.602568	0.1374999999998181	states									"         state_name
id                 
23  post_reward_off"
7356.740068	2.0405000000000655	states									"         state_name
id                 
24  soft_drink_time"
7358.780568	0.0005060000003140885	states									"    state_name
id            
25  warndanger"
7358.781074	3.0004999999991924	states									"            state_name
id                    
26  warndanger_warning"
7361.782068	14.14599999999973	trials	1.0	2.0	1.0	0.0	0.0	1.0	r	p	
7361.782068	14.14599999999973	states									"   state_name
id           
0     state_0"
7361.782068	0.01599999999962165	states									"          state_name
id                  
1   sending_trialnum"
7361.798068	2.7910000000001673	states									"      state_name
id              
3   wait_for_cin"
7364.589068	1.0000049999998737	states									"   state_name
id           
4     context"
7365.589073	0.0014949999995224061	states									"   state_name
id           
6       csgap"
7365.590568	0.37502000000040425	states									"   state_name
id           
11    stim_on"
7365.965588	0.0004840000001422595	states									"            state_name
id                    
14  son_reward_chooser"
7365.966072	0.06699599999956263	states									"        state_name
id                
17  reward_big_son"
7366.033068	0.9335000000000946	states									"        state_name
id                
22  post_reward_on"
7366.966568	0.09700599999996484	states									"         state_name
id                 
23  post_reward_off"
7367.063574	5.863494000000173	states									"         state_name
id                 
24  soft_drink_time"
7372.927068	0.0005090000004202011	states									"    state_name
id            
25  warndanger"
7372.927577	3.0004909999997835	states									"            state_name
id                    
26  warndanger_warning"
7375.928568	10.787999999999556	trials	1.0	2.0	1.0	0.0	0.0	1.0	r	p	
7375.928568	10.787999999999556	states									"   state_name
id           
0     state_0"
7375.928568	0.01599999999962165	states									"          state_name
id                  
1   sending_trialnum"
7375.944568	1.1784999999999854	states									"      state_name
id              
3   wait_for_cin"
7377.123068	1.0000049999998737	states									"   state_name
id           
4     context"
7378.123073	0.0014950000004319008	states									"   state_name
id           
6       csgap"
7378.124568	0.5964999999996508	states									"   state_name
id           
11    stim_on"
7378.721068	0.0005110000001877779	states									"            state_name
id                    
14  son_reward_chooser"
7378.721579	0.06698899999992136	states									"        state_name
id                
17  reward_big_son"
7378.788568	0.9335000000000946	states									"        state_name
id                
22  post_reward_on"
7379.722068	0.00650000000041473	states									"         state_name
id                 
23  post_reward_off"
7379.728568	3.9870109999992565	states									"         state_name
id                 
24  soft_drink_time"
7383.715579	0.0004890000000159489	states									"    state_name
id            
25  warndanger"
7383.716068	3.000500000000102	states									"            state_name
id                    
26  warndanger_warning"
7386.717068	9.072513000000072	trials	1.0	2.0	1.0	0.0	0.0	1.0	r	p	
7386.717068	9.072513000000072	states									"   state_name
id           
0     state_0"
7386.717068	0.01599999999962165	states									"          state_name
id                  
1   sending_trialnum"
7386.733068	0.4325040000003355	states									"      state_name
id              
3   wait_for_cin"
7387.165572	1.0000019999997676	states									"   state_name
id           
4     context"
7388.165574	0.001494000000093365	states									"   state_name
id           
6       csgap"
7388.167068	0.028513000000202737	states									"   state_name
id           
11    stim_on"
7388.195581	0.0004870000002483721	states									"            state_name
id                    
14  son_reward_chooser"
7388.196068	0.0670060000002195	states									"        state_name
id                
17  reward_big_son"
7388.263074	0.9334939999998824	states									"        state_name
id                
22  post_reward_on"
7389.196568	0.38799999999991996	states									"         state_name
id                 
23  post_reward_off"
7389.584568	3.2045060000000376	states									"         state_name
id                 
24  soft_drink_time"
7392.789074	0.000503999999637017	states									"    state_name
id            
25  warndanger"
7392.789578	3.000003000000106	states									"            state_name
id                    
26  warndanger_warning"
7395.790073	8.167505999999776	trials	1.0	2.0	1.0	0.0	0.0	1.0	r	p	
7395.790073	8.167505999999776	states									"   state_name
id           
0     state_0"
7395.790073	0.01599499999974796	states									"          state_name
id                  
1   sending_trialnum"
7395.806068	1.0209999999997308	states									"      state_name
id              
3   wait_for_cin"
7396.827068	1.0000090000003183	states									"   state_name
id           
4     context"
7397.827077	0.0014909999999872525	states									"   state_name
id           
6       csgap"
7397.828568	0.12650899999971443	states									"   state_name
id           
11    stim_on"
7397.955077	0.000503000000207976	states									"            state_name
id                    
14  son_reward_chooser"
7397.95558	0.06698800000049232	states									"        state_name
id                
17  reward_big_son"
7398.022568	0.9335000000000946	states									"        state_name
id                
22  post_reward_on"
7398.956068	2.0004999999991924	states									"         state_name
id                 
23  post_reward_off"
7400.956568	0.0005060000003140885	states									"    state_name
id            
25  warndanger"
7400.957074	3.0005049999999756	states									"            state_name
id                    
26  warndanger_warning"
7403.958068	7.72400000000016	trials	1.0	2.0	1.0	0.0	0.0	1.0	r	p	
7403.958068	7.72400000000016	states									"   state_name
id           
0     state_0"
7403.958068	0.01601600000049075	states									"          state_name
id                  
1   sending_trialnum"
7403.974084	0.416983999999502	states									"      state_name
id              
3   wait_for_cin"
7404.391068	1.000503000000208	states									"   state_name
id           
4     context"
7405.391571	0.0014970000001994777	states									"   state_name
id           
6       csgap"
7405.393068	0.28650699999980134	states									"   state_name
id           
11    stim_on"
7405.679575	0.0004929999995511025	states									"            state_name
id                    
14  son_reward_chooser"
7405.680068	0.06700000000000728	states									"        state_name
id                
17  reward_big_son"
7405.747068	0.9335000000000946	states									"        state_name
id                
22  post_reward_on"
7406.680568	2.0005160000000615	states									"         state_name
id                 
23  post_reward_off"
7408.681084	0.0004930000004605972	states									"    state_name
id            
25  warndanger"
7408.681577	3.0004909999997835	states									"            state_name
id                    
26  warndanger_warning"
7411.682568	17.89901099999952	trials	1.0	2.0	1.0	0.0	0.0	1.0	r	p	
7411.682568	17.89901099999952	states									"   state_name
id           
0     state_0"
7411.682568	0.01599999999962165	states									"          state_name
id                  
1   sending_trialnum"
7411.698568	8.502000000000407	states									"      state_name
id              
3   wait_for_cin"
7420.200568	1.0	states									"   state_name
id           
4     context"
7421.200568	0.0010050000000774162	states									"   state_name
id           
6       csgap"
7421.201573	0.17449499999929685	states									"   state_name
id           
11    stim_on"
7421.376068	0.0005000000001018634	states									"            state_name
id                    
14  son_reward_chooser"
7421.376568	0.06700799999998708	states									"        state_name
id                
17  reward_big_son"
7421.443576	0.9334920000001148	states									"        state_name
id                
22  post_reward_on"
7422.377068	0.46750000000065484	states									"         state_name
id                 
23  post_reward_off"
7422.844568	3.736499999999978	states									"         state_name
id                 
24  soft_drink_time"
7426.581068	0.0005099999998492422	states									"    state_name
id            
25  warndanger"
7426.581578	3.000000999999429	states									"            state_name
id                    
26  warndanger_warning"
7429.582068	8.907000000000153	trials	1.0	2.0	1.0	0.0	0.0	1.0	r	p	
7429.582068	8.907000000000153	states									"   state_name
id           
0     state_0"
7429.582068	0.016000000000531145	states									"          state_name
id                  
1   sending_trialnum"
7429.598068	0.0005000000001018634	states									"      state_name
id              
3   wait_for_cin"
7429.598568	1.0005160000000615	states									"   state_name
id           
4     context"
7430.599084	0.0014839999994364916	states									"   state_name
id           
6       csgap"
7430.600568	0.31050000000050204	states									"   state_name
id           
11    stim_on"
7430.911068	0.0005160000000614673	states									"            state_name
id                    
14  son_reward_chooser"
7430.911584	0.06698400000004767	states									"        state_name
id                
17  reward_big_son"
7430.978568	0.9335019999998622	states									"        state_name
id                
22  post_reward_on"
7431.91207	0.11199799999940296	states									"         state_name
id                 
23  post_reward_off"
7432.024068	3.463999999999942	states									"         state_name
id                 
24  soft_drink_time"
7435.488068	0.0005000000001018634	states									"    state_name
id            
25  warndanger"
7435.488568	3.000500000000102	states									"            state_name
id                    
26  warndanger_warning"
7438.489568	12.522014000000127	trials	1.0	2.0	1.0	0.0	0.0	1.0	r	p	
7438.489568	12.522014000000127	states									"   state_name
id           
0     state_0"
7438.489568	0.016010999999707565	states									"          state_name
id                  
1   sending_trialnum"
7438.505579	3.3589890000002924	states									"      state_name
id              
3   wait_for_cin"
7441.864568	1.0005000000001019	states									"   state_name
id           
4     context"
7442.865068	0.0010000000002037268	states									"   state_name
id           
6       csgap"
7442.866068	0.23600399999941146	states									"   state_name
id           
11    stim_on"
7443.102072	0.0005010000004403992	states									"            state_name
id                    
14  son_reward_chooser"
7443.102573	0.06700199999977485	states									"        state_name
id                
17  reward_big_son"
7443.169575	0.9334930000004533	states									"        state_name
id                
22  post_reward_on"
7444.103068	0.000511999999616819	states									"         state_name
id                 
23  post_reward_off"
7444.10358	3.9069879999997283	states									"         state_name
id                 
24  soft_drink_time"
7448.010568	0.0005060000003140885	states									"    state_name
id            
25  warndanger"
7448.011074	3.0005080000000817	states									"            state_name
id                    
26  warndanger_warning"
7451.012068	10.261999999999716	trials	1.0	2.0	1.0	0.0	0.0	1.0	r	p	
7451.012068	10.261999999999716	states									"   state_name
id           
0     state_0"
7451.012068	0.01599999999962165	states									"          state_name
id                  
1   sending_trialnum"
7451.028068	1.0285000000003492	states									"      state_name
id              
3   wait_for_cin"
7452.056568	1.0000159999999596	states									"   state_name
id           
4     context"
7453.056584	0.0014840000003459863	states									"   state_name
id           
6       csgap"
7453.058068	0.15599999999994907	states									"   state_name
id           
11    stim_on"
7453.214068	0.0005000000001018634	states									"            state_name
id                    
14  son_reward_chooser"
7453.214568	0.06700799999998708	states									"        state_name
id                
17  reward_big_son"
7453.281576	0.9334920000001148	states									"        state_name
id                
22  post_reward_on"
7454.215068	0.007999999999810825	states									"         state_name
id                 
23  post_reward_off"
7454.223068	4.050000000000182	states									"         state_name
id                 
24  soft_drink_time"
7458.273068	0.0005079999991721706	states									"    state_name
id            
25  warndanger"
7458.273576	3.000492000000122	states									"            state_name
id                    
26  warndanger_warning"
7461.274568	9.020016000000396	trials	1.0	2.0	1.0	0.0	0.0	1.0	r	p	
7461.274568	9.020016000000396	states									"   state_name
id           
0     state_0"
7461.274568	0.016000000000531145	states									"          state_name
id                  
1   sending_trialnum"
7461.290568	0.9039999999995416	states									"      state_name
id              
3   wait_for_cin"
7462.194568	1.0005000000001019	states									"   state_name
id           
4     context"
7463.195068	0.0015009999997346313	states									"   state_name
id           
6       csgap"
7463.196569	0.055499000000054366	states									"   state_name
id           
11    stim_on"
7463.252068	0.0005000000001018634	states									"            state_name
id                    
14  son_reward_chooser"
7463.252568	0.0670060000002195	states									"        state_name
id                
17  reward_big_son"
7463.319574	0.9334939999998824	states									"        state_name
id                
22  post_reward_on"
7464.253068	0.15899999999965075	states									"         state_name
id                 
23  post_reward_off"
7464.412068	2.8820000000005166	states									"         state_name
id                 
24  soft_drink_time"
7467.294068	0.0005000000001018634	states									"    state_name
id            
25  warndanger"
7467.294568	3.0000159999999596	states									"            state_name
id                    
26  warndanger_warning"
7470.295077	10.250990999999885	trials	1.0	2.0	1.0	0.0	0.0	1.0	r	p	
7470.295077	10.250990999999885	states									"   state_name
id           
0     state_0"
7470.295077	0.016000000000531145	states									"          state_name
id                  
1   sending_trialnum"
7470.311077	0.6945099999993545	states									"      state_name
id              
3   wait_for_cin"
7471.005587	1.0004810000000361	states									"   state_name
id           
4     context"
7472.006068	0.0010000000002037268	states									"   state_name
id           
6       csgap"
7472.007068	0.28850899999997637	states									"   state_name
id           
11    stim_on"
7472.295577	0.0004909999997835257	states									"            state_name
id                    
14  son_reward_chooser"
7472.296068	0.06700000000000728	states									"        state_name
id                
17  reward_big_son"
7472.363068	0.9335000000000946	states									"        state_name
id                
22  post_reward_on"
7473.296568	0.10199999999986176	states									"         state_name
id                 
23  post_reward_off"
7473.398568	4.146500000000742	states									"         state_name
id                 
24  soft_drink_time"
7477.545068	0.0005149999997229315	states									"    state_name
id            
25  warndanger"
7477.545583	3.0004849999995713	states									"            state_name
id                    
26  warndanger_warning"
7480.546568	10.36551099999997	trials	1.0	2.0	1.0	0.0	0.0	1.0	r	p	
7480.546568	10.36551099999997	states									"   state_name
id           
0     state_0"
7480.546568	0.016000000000531145	states									"          state_name
id                  
1   sending_trialnum"
7480.562568	0.7954999999992651	states									"      state_name
id              
3   wait_for_cin"
7481.358068	1.0005000000001019	states									"   state_name
id           
4     context"
7482.358568	0.0010000000002037268	states									"   state_name
id           
6       csgap"
7482.359568	0.18600900000001275	states									"   state_name
id           
11    stim_on"
7482.545577	0.0004909999997835257	states									"            state_name
id                    
14  son_reward_chooser"
7482.546068	0.06700000000000728	states									"        state_name
id                
17  reward_big_son"
7482.613068	0.9335090000004129	states									"        state_name
id                
22  post_reward_on"
7483.546577	0.11449100000027101	states									"         state_name
id                 
23  post_reward_off"
7483.661068	4.25	states									"         state_name
id                 
24  soft_drink_time"
7487.911068	0.0005139999993843958	states									"    state_name
id            
25  warndanger"
7487.911582	3.0004969999999958	states									"            state_name
id                    
26  warndanger_warning"
7490.912574	10.274500000000444	trials	1.0	2.0	1.0	0.0	0.0	1.0	r	p	
7490.912574	10.274500000000444	states									"   state_name
id           
0     state_0"
7490.912574	0.01599400000031892	states									"          state_name
id                  
1   sending_trialnum"
7490.928568	0.933999999999287	states									"      state_name
id              
3   wait_for_cin"
7491.862568	1.0005000000001019	states									"   state_name
id           
4     context"
7492.863068	0.0010000000002037268	states									"   state_name
id           
6       csgap"
7492.864068	0.03751000000011118	states									"   state_name
id           
11    stim_on"
7492.901578	0.0005010000004403992	states									"            state_name
id                    
14  son_reward_chooser"
7492.902079	0.06698899999992136	states									"        state_name
id                
17  reward_big_son"
7492.969068	0.9335000000000946	states									"        state_name
id                
22  post_reward_on"
7493.902568	0.10399999999935972	states									"         state_name
id                 
23  post_reward_off"
7494.006568	4.179500000000189	states									"         state_name
id                 
24  soft_drink_time"
7498.186068	0.0005000000001018634	states									"    state_name
id            
25  warndanger"
7498.186568	3.000506000000314	states									"            state_name
id                    
26  warndanger_warning"
7501.187577	110.01299100000051	trials	1.0	2.0	1.0	0.0	0.0	1.0	r	p	
7501.187577	110.01299100000051	states									"   state_name
id           
0     state_0"
7501.187577	0.01599900000019261	states									"          state_name
id                  
1   sending_trialnum"
7501.203576	101.57949199999985	states									"      state_name
id              
3   wait_for_cin"
7602.783068	1.000503000000208	states									"   state_name
id           
4     context"
7603.783571	0.0014970000001994777	states									"   state_name
id           
6       csgap"
7603.785068	0.543999999999869	states									"   state_name
id           
11    stim_on"
7604.329068	0.0005090000004202011	states									"            state_name
id                    
14  son_reward_chooser"
7604.329577	0.06699099999968894	states									"        state_name
id                
17  reward_big_son"
7604.396568	0.9335000000000946	states									"        state_name
id                
22  post_reward_on"
7605.330068	0.0639999999993961	states									"         state_name
id                 
23  post_reward_off"
7605.394068	2.8055090000007112	states									"         state_name
id                 
24  soft_drink_time"
7608.199577	0.0004959999996572151	states									"    state_name
id            
25  warndanger"
7608.200073	3.000495000000228	states									"            state_name
id                    
26  warndanger_warning"
7611.201068	12.443999999999505	trials	1.0	2.0	1.0	0.0	0.0	1.0	r	p	
7611.201068	12.443999999999505	states									"   state_name
id           
0     state_0"
7611.201068	0.01599999999962165	states									"          state_name
id                  
1   sending_trialnum"
7611.217068	1.1310000000003129	states									"      state_name
id              
3   wait_for_cin"
7612.348068	1.0	states									"   state_name
id           
4     context"
7613.348068	0.0010000000002037268	states									"   state_name
id           
6       csgap"
7613.349068	0.10700499999984459	states									"   state_name
id           
11    stim_on"
7613.456073	0.0005000000001018634	states									"            state_name
id                    
14  son_reward_chooser"
7613.456573	0.06700399999954243	states									"        state_name
id                
17  reward_big_son"
7613.523577	0.9334909999997762	states									"        state_name
id                
22  post_reward_on"
7614.457068	0.23000000000047294	states									"         state_name
id                 
23  post_reward_off"
7614.687068	5.957499999999527	states									"         state_name
id                 
24  soft_drink_time"
7620.644568	0.0005000000001018634	states									"    state_name
id            
25  warndanger"
7620.645068	3.0	states									"            state_name
id                    
26  warndanger_warning"
7623.64559	13.803992999999537	trials	1.0	2.0	1.0	0.0	0.0	1.0	r	p	
7623.64559	13.803992999999537	states									"   state_name
id           
0     state_0"
7623.64559	0.01599499999974796	states									"          state_name
id                  
1   sending_trialnum"
7623.661585	3.6069830000005823	states									"      state_name
id              
3   wait_for_cin"
7627.268568	1.0004999999991924	states									"   state_name
id           
4     context"
7628.269068	0.0010080000001835288	states									"   state_name
id           
6       csgap"
7628.270076	0.06599199999982375	states									"   state_name
id           
11    stim_on"
7628.336068	0.0005000000001018634	states									"            state_name
id                    
14  son_reward_chooser"
7628.336568	0.0670140000001993	states									"        state_name
id                
17  reward_big_son"
7628.403582	0.9334859999999026	states									"        state_name
id                
22  post_reward_on"
7629.337068	0.006510000000162108	states									"         state_name
id                 
23  post_reward_off"
7629.343578	5.104989999999816	states									"         state_name
id                 
24  soft_drink_time"
7634.448568	0.0005000000001018634	states									"    state_name
id            
25  warndanger"
7634.449068	3.000514999999723	states									"            state_name
id                    
26  warndanger_warning"
7637.450068	13.912000000000262	trials	1.0	2.0	1.0	0.0	0.0	1.0	r	p	
7637.450068	13.912000000000262	states									"   state_name
id           
0     state_0"
7637.450068	0.01599999999962165	states									"          state_name
id                  
1   sending_trialnum"
7637.466068	1.5230000000001382	states									"      state_name
id              
3   wait_for_cin"
7638.989068	1.0	states									"   state_name
id           
4     context"
7639.989068	0.0015000000003055902	states									"   state_name
id           
6       csgap"
7639.990568	0.2230069999995976	states									"   state_name
id           
11    stim_on"
7640.213575	0.0004930000004605972	states									"            state_name
id                    
14  son_reward_chooser"
7640.214068	0.06700000000000728	states									"        state_name
id                
17  reward_big_son"
7640.281068	0.9335000000000946	states									"        state_name
id                
22  post_reward_on"
7641.214568	1.1210039999996297	states									"         state_name
id                 
23  post_reward_off"
7642.335572	6.025496000000203	states									"         state_name
id                 
24  soft_drink_time"
7648.361068	0.0005080000000816653	states									"    state_name
id            
25  warndanger"
7648.361576	3.000492000000122	states									"            state_name
id                    
26  warndanger_warning"
7651.362568	13.23650600000019	trials	1.0	2.0	1.0	0.0	0.0	1.0	r	p	
7651.362568	13.23650600000019	states									"   state_name
id           
0     state_0"
7651.362568	0.016000000000531145	states									"          state_name
id                  
1   sending_trialnum"
7651.378568	2.843499999999949	states									"      state_name
id              
3   wait_for_cin"
7654.222068	1.0000090000003183	states									"   state_name
id           
4     context"
7655.222077	0.0014979999996285187	states									"   state_name
id           
6       csgap"
7655.223575	0.05699300000014773	states									"   state_name
id           
11    stim_on"
7655.280568	0.0005000000001018634	states									"            state_name
id                    
14  son_reward_chooser"
7655.281068	0.06700000000000728	states									"        state_name
id                
17  reward_big_son"
7655.348068	0.9335199999995893	states									"        state_name
id                
22  post_reward_on"
7656.281588	0.05447999999978492	states									"         state_name
id                 
23  post_reward_off"
7656.336068	5.262000000000626	states									"         state_name
id                 
24  soft_drink_time"
7661.598068	0.0005160000000614673	states									"    state_name
id            
25  warndanger"
7661.598584	3.000489999999445	states									"            state_name
id                    
26  warndanger_warning"
7664.599577	65.59649100000024	trials	1.0	2.0	1.0	0.0	0.0	1.0	r	p	
7664.599577	65.59649100000024	states									"   state_name
id           
0     state_0"
7664.599577	0.015997000000425032	states									"          state_name
id                  
1   sending_trialnum"
7664.615574	56.02849399999923	states									"      state_name
id              
3   wait_for_cin"
7720.644068	1.0000010000003385	states									"   state_name
id           
4     context"
7721.644069	0.0015050000001792796	states									"   state_name
id           
6       csgap"
7721.645574	0.17299399999956222	states									"   state_name
id           
11    stim_on"
7721.818568	0.0005000000001018634	states									"            state_name
id                    
14  son_reward_chooser"
7721.819068	0.06700000000000728	states									"        state_name
id                
17  reward_big_son"
7721.886068	0.9335110000001805	states									"        state_name
id                
22  post_reward_on"
7722.819579	0.07399700000041776	states									"         state_name
id                 
23  post_reward_off"
7722.893576	4.30199999999968	states									"         state_name
id                 
24  soft_drink_time"
7727.195576	0.0004920000001220615	states									"    state_name
id            
25  warndanger"
7727.196068	3.0	states									"            state_name
id                    
26  warndanger_warning"
7730.196568	13.949999999999818	trials	1.0	2.0	1.0	0.0	0.0	1.0	r	p	
7730.196568	13.949999999999818	states									"   state_name
id           
0     state_0"
7730.196568	0.01599999999962165	states									"          state_name
id                  
1   sending_trialnum"
7730.212568	3.7390080000004673	states									"      state_name
id              
3   wait_for_cin"
7733.951576	1.0000089999994088	states									"   state_name
id           
4     context"
7734.951585	0.0014830000000074506	states									"   state_name
id           
6       csgap"
7734.953068	0.13299999999981083	states									"   state_name
id           
11    stim_on"
7735.086068	0.0005000000001018634	states									"            state_name
id                    
14  son_reward_chooser"
7735.086568	0.06701299999986077	states									"        state_name
id                
17  reward_big_son"
7735.153581	0.9335030000002007	states									"        state_name
id                
22  post_reward_on"
7736.087084	0.13449000000036904	states									"         state_name
id                 
23  post_reward_off"
7736.221574	4.924493999999868	states									"         state_name
id                 
24  soft_drink_time"
7741.146068	0.0005000000001018634	states									"    state_name
id            
25  warndanger"
7741.146568	3.0	states									"            state_name
id                    
26  warndanger_warning"
7744.147068	26.77349999999933	trials	1.0	2.0	1.0	0.0	0.0	1.0	r	p	
7744.147068	26.77349999999933	states									"   state_name
id           
0     state_0"
7744.147068	0.01599999999962165	states									"          state_name
id                  
1   sending_trialnum"
7744.163068	11.251500000000306	states									"      state_name
id              
3   wait_for_cin"
7755.414568	1.0	states									"   state_name
id           
4     context"
7756.414568	0.001006999999844993	states									"   state_name
id           
6       csgap"
7756.415575	0.4769930000002205	states									"   state_name
id           
11    stim_on"
7756.892568	0.0005000000001018634	states									"            state_name
id                    
14  son_reward_chooser"
7756.893068	0.06700499999988097	states									"        state_name
id                
17  reward_big_son"
7756.960073	0.9335080000000744	states									"        state_name
id                
22  post_reward_on"
7757.893581	0.025486999999884574	states									"         state_name
id                 
23  post_reward_off"
7757.919068	10.001000000000204	states									"         state_name
id                 
24  soft_drink_time"
7767.920068	0.0004999999991923687	states									"    state_name
id            
25  warndanger"
7767.920568	3.0	states									"            state_name
id                    
26  warndanger_warning"
7770.921068	21.9640159999999	trials	1.0	2.0	1.0	0.0	0.0	1.0	r	p	
7770.921068	21.9640159999999	states									"   state_name
id           
0     state_0"
7770.921068	0.016000000000531145	states									"          state_name
id                  
1   sending_trialnum"
7770.937068	11.813999999999396	states									"      state_name
id              
3   wait_for_cin"
7782.751068	1.0	states									"   state_name
id           
4     context"
7783.751068	0.0010000000002037268	states									"   state_name
id           
6       csgap"
7783.752068	0.17250000000058208	states									"   state_name
id           
11    stim_on"
7783.924568	0.0004999999991923687	states									"            state_name
id                    
14  son_reward_chooser"
7783.925068	0.0670060000002195	states									"        state_name
id                
17  reward_big_son"
7783.992074	0.9335049999999683	states									"        state_name
id                
22  post_reward_on"
7784.925579	0.07948900000064896	states									"         state_name
id                 
23  post_reward_off"
7785.005068	4.879500000000007	states									"         state_name
id                 
24  soft_drink_time"
7789.884568	0.0004999999991923687	states									"    state_name
id            
25  warndanger"
7789.885068	3.0000159999999596	states									"            state_name
id                    
26  warndanger_warning"
7792.88557	10.358013000000028	trials	1.0	2.0	1.0	0.0	0.0	1.0	r	p	
7792.88557	10.358013000000028	states									"   state_name
id           
0     state_0"
7792.88557	0.01600499999949534	states									"          state_name
id                  
1   sending_trialnum"
7792.901575	1.0814980000004653	states									"      state_name
id              
3   wait_for_cin"
7793.983073	1.0005099999998492	states									"   state_name
id           
4     context"
7794.983583	0.0014849999997750274	states									"   state_name
id           
6       csgap"
7794.985068	0.08350599999994301	states									"   state_name
id           
11    stim_on"
7795.068574	0.0004989999997633277	states									"            state_name
id                    
14  son_reward_chooser"
7795.069073	0.06699500000013359	states									"        state_name
id                
17  reward_big_son"
7795.136068	0.933512000000519	states									"        state_name
id                
22  post_reward_on"
7796.06958	0.027493999999933294	states									"         state_name
id                 
23  post_reward_off"
7796.097074	4.145493999999417	states									"         state_name
id                 
24  soft_drink_time"
7800.242568	0.0005000000001018634	states									"    state_name
id            
25  warndanger"
7800.243068	3.0005150000006324	states									"            state_name
id                    
26  warndanger_warning"
7803.244068	21.559511000000384	trials	1.0	2.0	1.0	0.0	0.0	1.0	r	p	
7803.244068	21.559511000000384	states									"   state_name
id           
0     state_0"
7803.244068	0.01599999999962165	states									"          state_name
id                  
1   sending_trialnum"
7803.260068	10.775000000000546	states									"      state_name
id              
3   wait_for_cin"
7814.035068	1.0	states									"   state_name
id           
4     context"
7815.035068	0.0015000000003055902	states									"   state_name
id           
6       csgap"
7815.036568	0.1530189999994036	states									"   state_name
id           
11    stim_on"
7815.189587	0.00048100000003614696	states									"            state_name
id                    
14  son_reward_chooser"
7815.190068	0.06700000000000728	states									"        state_name
id                
17  reward_big_son"
7815.257068	0.9335000000000946	states									"        state_name
id                
22  post_reward_on"
7816.190568	0.09450600000036502	states									"         state_name
id                 
23  post_reward_off"
7816.285074	5.517498999999589	states									"         state_name
id                 
24  soft_drink_time"
7821.802573	0.000495000000228174	states									"    state_name
id            
25  warndanger"
7821.803068	3.0005110000001878	states									"            state_name
id                    
26  warndanger_warning"
7824.804068	9.753999999999905	trials	1.0	2.0	1.0	0.0	0.0	1.0	r	p	
7824.804068	9.753999999999905	states									"   state_name
id           
0     state_0"
7824.804068	0.01599999999962165	states									"          state_name
id                  
1   sending_trialnum"
7824.820068	0.875503000000208	states									"      state_name
id              
3   wait_for_cin"
7825.695571	1.0000030000001061	states									"   state_name
id           
4     context"
7826.695574	0.001510000000052969	states									"   state_name
id           
6       csgap"
7826.697084	0.043483999999807565	states									"   state_name
id           
11    stim_on"
7826.740568	0.0005160000000614673	states									"            state_name
id                    
14  son_reward_chooser"
7826.741084	0.06698400000004767	states									"        state_name
id                
17  reward_big_son"
7826.808068	0.9335059999993973	states									"        state_name
id                
22  post_reward_on"
7827.741574	0.023998000000574393	states									"         state_name
id                 
23  post_reward_off"
7827.765572	3.7914959999998246	states									"         state_name
id                 
24  soft_drink_time"
7831.557068	0.0005089999995107064	states									"    state_name
id            
25  warndanger"
7831.557577	3.000491000000693	states									"            state_name
id                    
26  warndanger_warning"
7834.558568	14.259506999999758	trials	1.0	2.0	1.0	0.0	0.0	1.0	r	p	
7834.558568	14.259506999999758	states									"   state_name
id           
0     state_0"
7834.558568	0.01599999999962165	states									"          state_name
id                  
1   sending_trialnum"
7834.574568	0.2650180000000546	states									"      state_name
id              
3   wait_for_cin"
7834.839586	1.0004820000003747	states									"   state_name
id           
4     context"
7835.840068	0.0009999999992942321	states									"   state_name
id           
6       csgap"
7835.841068	0.019500000000334694	states									"   state_name
id           
11    stim_on"
7835.860568	0.0005000000001018634	states									"            state_name
id                    
14  son_reward_chooser"
7835.861068	0.06700199999977485	states									"        state_name
id                
17  reward_big_son"
7835.92807	0.9335060000003068	states									"        state_name
id                
22  post_reward_on"
7836.861576	0.02649199999996199	states									"         state_name
id                 
23  post_reward_off"
7836.888068	8.929502999999386	states									"         state_name
id                 
24  soft_drink_time"
7845.817571	0.0004969999999957508	states									"    state_name
id            
25  warndanger"
7845.818068	3.0000070000005508	states									"            state_name
id                    
26  warndanger_warning"
7848.818576	11.793002000000342	trials	1.0	2.0	1.0	0.0	0.0	1.0	r	p	
7848.818576	11.793002000000342	states									"   state_name
id           
0     state_0"
7848.818576	0.015992000000551343	states									"          state_name
id                  
1   sending_trialnum"
7848.834568	2.7839999999996508	states									"      state_name
id              
3   wait_for_cin"
7851.618568	1.0005000000001019	states									"   state_name
id           
4     context"
7852.619068	0.0010009999996327679	states									"   state_name
id           
6       csgap"
7852.620069	0.33899900000051275	states									"   state_name
id           
11    stim_on"
7852.959068	0.0005080000000816653	states									"            state_name
id                    
14  son_reward_chooser"
7852.959576	0.0669980000002397	states									"        state_name
id                
17  reward_big_son"
7853.026574	0.9334939999998824	states									"        state_name
id                
22  post_reward_on"
7853.960068	0.08599999999933061	states									"         state_name
id                 
23  post_reward_off"
7854.046068	3.5645000000004075	states									"         state_name
id                 
24  soft_drink_time"
7857.610568	0.0005000000001018634	states									"    state_name
id            
25  warndanger"
7857.611068	3.0005099999998492	states									"            state_name
id                    
26  warndanger_warning"
7860.612068	25.585502999999335	trials	1.0	2.0	1.0	0.0	0.0	1.0	r	p	
7860.612068	25.585502999999335	states									"   state_name
id           
0     state_0"
7860.612068	0.01599999999962165	states									"          state_name
id                  
1   sending_trialnum"
7860.628068	14.984999999999673	states									"      state_name
id              
3   wait_for_cin"
7875.613068	1.0000060000002122	states									"   state_name
id           
4     context"
7876.613074	0.001494000000093365	states									"   state_name
id           
6       csgap"
7876.614568	0.1570080000001326	states									"   state_name
id           
11    stim_on"
7876.771576	0.0004920000001220615	states									"            state_name
id                    
14  son_reward_chooser"
7876.772068	0.06701599999996688	states									"        state_name
id                
17  reward_big_son"
7876.839084	0.933484000000135	states									"        state_name
id                
22  post_reward_on"
7877.772568	0.021499999999832653	states									"         state_name
id                 
23  post_reward_off"
7877.794068	5.4025000000001455	states									"         state_name
id                 
24  soft_drink_time"
7883.196568	0.0005000000001018634	states									"    state_name
id            
25  warndanger"
7883.197068	3.0005029999992985	states									"            state_name
id                    
26  warndanger_warning"
7886.19807	12.11950699999943	trials	1.0	2.0	1.0	0.0	0.0	1.0	r	p	
7886.19807	12.11950699999943	states									"   state_name
id           
0     state_0"
7886.19807	0.015997999999854073	states									"          state_name
id                  
1   sending_trialnum"
7886.214068	0.16451599999982136	states									"      state_name
id              
3   wait_for_cin"
7886.378584	1.0004840000001423	states									"   state_name
id           
4     context"
7887.379068	0.0010059999995064572	states									"   state_name
id           
6       csgap"
7887.380074	0.03150600000026316	states									"   state_name
id           
11    stim_on"
7887.41158	0.00048799999967741314	states									"            state_name
id                    
14  son_reward_chooser"
7887.412068	0.06700000000000728	states									"        state_name
id                
17  reward_big_son"
7887.479068	0.9335000000000946	states									"        state_name
id                
22  post_reward_on"
7888.412568	0.11900500000047032	states									"         state_name
id                 
23  post_reward_off"
7888.531573	6.784994999999981	states									"         state_name
id                 
24  soft_drink_time"
7895.316568	0.0005000000001018634	states									"    state_name
id            
25  warndanger"
7895.317068	3.0005089999995107	states									"            state_name
id                    
26  warndanger_warning"
7898.318075	10.978492999999617	trials	1.0	2.0	1.0	0.0	0.0	1.0	r	p	
7898.318075	10.978492999999617	states									"   state_name
id           
0     state_0"
7898.318075	0.01599999999962165	states									"          state_name
id                  
1   sending_trialnum"
7898.334075	0.06299900000067282	states									"      state_name
id              
3   wait_for_cin"
7898.397074	1.0005059999994046	states									"   state_name
id           
4     context"
7899.39758	0.00148799999988114	states									"   state_name
id           
6       csgap"
7899.399068	0.1665130000001227	states									"   state_name
id           
11    stim_on"
7899.565581	0.0004870000002483721	states									"            state_name
id                    
14  son_reward_chooser"
7899.566068	0.06700000000000728	states									"        state_name
id                
17  reward_big_son"
7899.633068	0.9335000000000946	states									"        state_name
id                
22  post_reward_on"
7900.566568	0.003499999999803549	states									"         state_name
id                 
23  post_reward_off"
7900.570068	5.725999999999658	states									"         state_name
id                 
24  soft_drink_time"
7906.296068	0.0005000000001018634	states									"    state_name
id            
25  warndanger"
7906.296568	3.0	states									"            state_name
id                    
26  warndanger_warning"
7909.297068	10.148509000000558	trials	1.0	2.0	1.0	0.0	0.0	1.0	r	p	
7909.297068	10.148509000000558	states									"   state_name
id           
0     state_0"
7909.297068	0.016005000000404834	states									"          state_name
id                  
1   sending_trialnum"
7909.313073	0.2559949999995297	states									"      state_name
id              
3   wait_for_cin"
7909.569068	1.0000159999999596	states									"   state_name
id           
4     context"
7910.569084	0.0014840000003459863	states									"   state_name
id           
6       csgap"
7910.570568	0.5219999999999345	states									"   state_name
id           
11    stim_on"
7911.092568	0.0005000000001018634	states									"            state_name
id                    
14  son_reward_chooser"
7911.093068	0.06700000000000728	states									"        state_name
id                
17  reward_big_son"
7911.160068	0.9335080000000744	states									"        state_name
id                
22  post_reward_on"
7912.093576	0.19899199999963457	states									"         state_name
id                 
23  post_reward_off"
7912.292568	4.152000000000044	states									"         state_name
id                 
24  soft_drink_time"
7916.444568	0.0005000000001018634	states									"    state_name
id            
25  warndanger"
7916.445068	3.00050900000042	states									"            state_name
id                    
26  warndanger_warning"
7919.446068	9.542499999999563	trials	1.0	2.0	1.0	0.0	0.0	1.0	r	p	
7919.446068	9.542499999999563	states									"   state_name
id           
0     state_0"
7919.446068	0.01599999999962165	states									"          state_name
id                  
1   sending_trialnum"
7919.462068	0.2944999999999709	states									"      state_name
id              
3   wait_for_cin"
7919.756568	1.0005160000000615	states									"   state_name
id           
4     context"
7920.757084	0.0014840000003459863	states									"   state_name
id           
6       csgap"
7920.758568	0.22901699999965786	states									"   state_name
id           
11    stim_on"
7920.987585	0.00048800000058690784	states									"            state_name
id                    
14  son_reward_chooser"
7920.988073	0.06699499999922409	states									"        state_name
id                
17  reward_big_son"
7921.055068	0.9335000000000946	states									"        state_name
id                
22  post_reward_on"
7921.988568	0.1125000000001819	states									"         state_name
id                 
23  post_reward_off"
7922.101068	3.8869999999997162	states									"         state_name
id                 
24  soft_drink_time"
7925.988068	0.0005000000001018634	states									"    state_name
id            
25  warndanger"
7925.988568	3.0	states									"            state_name
id                    
26  warndanger_warning"
7928.989068	18.168523000000278	trials	1.0	2.0	1.0	0.0	0.0	1.0	r	p	
7928.989068	18.168523000000278	states									"   state_name
id           
0     state_0"
7928.989068	0.01601600000049075	states									"          state_name
id                  
1   sending_trialnum"
7929.005084	4.263983999999255	states									"      state_name
id              
3   wait_for_cin"
7933.269068	1.0000159999999596	states									"   state_name
id           
4     context"
7934.269084	0.0014840000003459863	states									"   state_name
id           
6       csgap"
7934.270568	0.13701300000047922	states									"   state_name
id           
11    stim_on"
7934.407581	0.0004869999993388774	states									"            state_name
id                    
14  son_reward_chooser"
7934.408068	0.06700000000000728	states									"        state_name
id                
17  reward_big_son"
7934.475068	0.9335000000000946	states									"        state_name
id                
22  post_reward_on"
7935.408568	0.046000000000276486	states									"         state_name
id                 
23  post_reward_off"
7935.454568	8.702500000000327	states									"         state_name
id                 
24  soft_drink_time"
7944.157068	0.0005059999994045938	states									"    state_name
id            
25  warndanger"
7944.157574	3.000017000000298	states									"            state_name
id                    
26  warndanger_warning"
7947.158068	15.51050000000032	trials	1.0	2.0	1.0	0.0	0.0	1.0	r	p	
7947.158068	15.51050000000032	states									"   state_name
id           
0     state_0"
7947.158068	0.016000000000531145	states									"          state_name
id                  
1   sending_trialnum"
7947.174068	0.08550899999954709	states									"      state_name
id              
3   wait_for_cin"
7947.259577	1.0004909999997835	states									"   state_name
id           
4     context"
7948.260068	0.0010000000002037268	states									"   state_name
id           
6       csgap"
7948.261068	0.1290049999997791	states									"   state_name
id           
11    stim_on"
7948.390073	0.0005010000004403992	states									"            state_name
id                    
14  son_reward_chooser"
7948.390574	0.06700000000000728	states									"        state_name
id                
17  reward_big_son"
7948.457574	0.9335030000002007	states									"        state_name
id                
22  post_reward_on"
7949.391077	0.3229910000000018	states									"         state_name
id                 
23  post_reward_off"
7949.714068	9.953509999999369	states									"         state_name
id                 
24  soft_drink_time"
7959.667578	0.0004900000003544847	states									"    state_name
id            
25  warndanger"
7959.668068	3.000500000000102	states									"            state_name
id                    
26  warndanger_warning"
7962.669068	16.846512999999504	trials	1.0	2.0	1.0	0.0	0.0	1.0	r	p	
7962.669068	16.846512999999504	states									"   state_name
id           
0     state_0"
7962.669068	0.01600499999949534	states									"          state_name
id                  
1   sending_trialnum"
7962.685073	7.091500000000451	states									"      state_name
id              
3   wait_for_cin"
7969.776573	1.0004950000002282	states									"   state_name
id           
4     context"
7970.777068	0.0009999999992942321	states									"   state_name
id           
6       csgap"
7970.778068	0.1910170000001017	states									"   state_name
id           
11    stim_on"
7970.969085	0.0005010000004403992	states									"            state_name
id                    
14  son_reward_chooser"
7970.969586	0.0669820000002801	states									"        state_name
id                
17  reward_big_son"
7971.036568	0.9335019999998622	states									"        state_name
id                
22  post_reward_on"
7971.97007	0.14000599999963015	states									"         state_name
id                 
23  post_reward_off"
7972.110076	4.404497999999876	states									"         state_name
id                 
24  soft_drink_time"
7976.514574	0.0004989999997633277	states									"    state_name
id            
25  warndanger"
7976.515073	3.0005080000000817	states									"            state_name
id                    
26  warndanger_warning"
7979.516068	12.75500000000011	trials	1.0	2.0	1.0	0.0	0.0	1.0	r	p	
7979.516068	12.75500000000011	states									"   state_name
id           
0     state_0"
7979.516068	0.016000000000531145	states									"          state_name
id                  
1   sending_trialnum"
7979.532068	3.3945099999991726	states									"      state_name
id              
3   wait_for_cin"
7982.926578	1.0004900000003545	states									"   state_name
id           
4     context"
7983.927068	0.0010000000002037268	states									"   state_name
id           
6       csgap"
7983.928068	0.1895089999998163	states									"   state_name
id           
11    stim_on"
7984.117577	0.0004959999996572151	states									"            state_name
id                    
14  son_reward_chooser"
7984.118073	0.06699500000013359	states									"        state_name
id                
17  reward_big_son"
7984.185068	0.9335000000000946	states									"        state_name
id                
22  post_reward_on"
7985.118568	0.10599999999976717	states									"         state_name
id                 
23  post_reward_off"
7985.224568	4.045503000000281	states									"         state_name
id                 
24  soft_drink_time"
7989.270071	0.0005019999998694402	states									"    state_name
id            
25  warndanger"
7989.270573	3.000495000000228	states									"            state_name
id                    
26  warndanger_warning"
7992.271581	22.314986999999746	trials	1.0	2.0	1.0	0.0	0.0	1.0	r	p	
7992.271581	22.314986999999746	states									"   state_name
id           
0     state_0"
7992.271581	0.016007999999601452	states									"          state_name
id                  
1   sending_trialnum"
7992.287589	13.296482000000651	states									"      state_name
id              
3   wait_for_cin"
8005.584071	1.0004969999999958	states									"   state_name
id           
4     context"
8006.584568	0.0010099999999511056	states									"   state_name
id           
6       csgap"
8006.585578	0.23449199999959092	states									"   state_name
id           
11    stim_on"
8006.82007	0.0005040000005465117	states									"            state_name
id                    
14  son_reward_chooser"
8006.820574	0.06700099999943632	states									"        state_name
id                
17  reward_big_son"
8006.887575	0.9334930000004533	states									"        state_name
id                
22  post_reward_on"
8007.821068	0.009500000000116415	states									"         state_name
id                 
23  post_reward_off"
8007.830568	3.755011999999624	states									"         state_name
id                 
24  soft_drink_time"
8011.58558	0.0004980000003342866	states									"    state_name
id            
25  warndanger"
8011.586078	3.000489999999445	states									"            state_name
id                    
26  warndanger_warning"
8014.587068	302.1845139999996	trials	1.0	2.0	1.0	0.0	0.0	1.0	r	p	
8014.587068	302.1845139999996	states									"   state_name
id           
0     state_0"
8014.587068	0.016000000000531145	states									"          state_name
id                  
1   sending_trialnum"
8014.603068	288.02549999999974	states									"      state_name
id              
3   wait_for_cin"
8302.628568	1.0005000000001019	states									"   state_name
id           
4     context"
8303.629068	0.0010000000002037268	states									"   state_name
id           
6       csgap"
8303.630068	1.0000089999994088	states									"   state_name
id           
11    stim_on"
8304.630077	0.001496999999289983	states									"   state_name
id           
12   stim_off"
8304.631574	2.2984940000005736	states									"        state_name
id                
13  wait_for_spoke"
8306.930068	0.0005000000001018634	states									"             state_name
id                     
15  soff_reward_chooser"
8306.930568	0.06700400000045192	states									"         state_name
id                 
16  reward_big_soff"
8306.997572	0.6280109999988781	states									"         state_name
id                 
23  post_reward_off"
8307.625583	6.14549100000113	states									"         state_name
id                 
24  soft_drink_time"
8313.771074	0.0005029999992984813	states									"    state_name
id            
25  warndanger"
8313.771577	3.0000049999998737	states									"            state_name
id                    
26  warndanger_warning"
8316.772068	11.515015999999378	trials	1.0	2.0	1.0	0.0	0.0	1.0	r	p	
8316.772068	11.515015999999378	states									"   state_name
id           
0     state_0"
8316.772068	0.01599999999962165	states									"          state_name
id                  
1   sending_trialnum"
8316.788068	1.4410050000005867	states									"      state_name
id              
3   wait_for_cin"
8318.229073	1.000011000000086	states									"   state_name
id           
4     context"
8319.229084	0.0014840000003459863	states									"   state_name
id           
6       csgap"
8319.230568	0.029999999998835847	states									"   state_name
id           
11    stim_on"
8319.260568	0.0005000000001018634	states									"            state_name
id                    
14  son_reward_chooser"
8319.261068	0.06701600000087637	states									"        state_name
id                
17  reward_big_son"
8319.328084	0.9334839999992255	states									"        state_name
id                
22  post_reward_on"
8320.261568	0.016999999999825377	states									"         state_name
id                 
23  post_reward_off"
8320.278568	5.007499999999709	states									"         state_name
id                 
24  soft_drink_time"
8325.286068	0.0005000000001018634	states									"    state_name
id            
25  warndanger"
8325.286568	3.0005160000000615	states									"            state_name
id                    
26  warndanger_warning"
8328.287577	27.74800000000141	trials	1.0	2.0	1.0	0.0	0.0	1.0	r	p	
8328.287577	27.74800000000141	states									"   state_name
id           
0     state_0"
8328.287577	0.015999000001102104	states									"          state_name
id                  
1   sending_trialnum"
8328.303576	16.750991999999314	states									"      state_name
id              
3   wait_for_cin"
8345.054568	1.0005000000001019	states									"   state_name
id           
4     context"
8346.055068	0.0010000000002037268	states									"   state_name
id           
6       csgap"
8346.056068	0.20850000000064028	states									"   state_name
id           
11    stim_on"
8346.264568	0.0005000000001018634	states									"            state_name
id                    
14  son_reward_chooser"
8346.265068	0.06699999999909778	states									"        state_name
id                
17  reward_big_son"
8346.332068	0.9335090000004129	states									"        state_name
id                
22  post_reward_on"
8347.265577	0.017491000000518397	states									"         state_name
id                 
23  post_reward_off"
8347.283068	5.751505999998699	states									"         state_name
id                 
24  soft_drink_time"
8353.034574	0.0005099999998492422	states									"    state_name
id            
25  warndanger"
8353.035084	3.00049300000137	states									"            state_name
id                    
26  warndanger_warning"
8356.036074	24.621994000000996	trials	1.0	2.0	1.0	0.0	0.0	1.0	r	p	
8356.036074	24.621994000000996	states									"   state_name
id           
0     state_0"
8356.036074	0.015994000001228414	states									"          state_name
id                  
1   sending_trialnum"
8356.052068	13.936999999999898	states									"      state_name
id              
3   wait_for_cin"
8369.989068	1.0000159999999596	states									"   state_name
id           
4     context"
8370.989084	0.001483999998526997	states									"   state_name
id           
6       csgap"
8370.990568	0.10300900000038382	states									"   state_name
id           
11    stim_on"
8371.093577	0.0004910000006930204	states									"            state_name
id                    
14  son_reward_chooser"
8371.094068	0.06699999999909778	states									"        state_name
id                
17  reward_big_son"
8371.161068	0.9335000000010041	states									"        state_name
id                
22  post_reward_on"
8372.094568	0.09549999999944703	states									"         state_name
id                 
23  post_reward_off"
8372.190068	5.46750400000019	states									"         state_name
id                 
24  soft_drink_time"
8377.657572	0.0004960000005667098	states									"    state_name
id            
25  warndanger"
8377.658068	3.0	states									"            state_name
id                    
26  warndanger_warning"
8380.658568	14.113999999999578	trials	1.0	2.0	1.0	0.0	0.0	1.0	r	p	
8380.658568	14.113999999999578	states									"   state_name
id           
0     state_0"
8380.658568	0.01599999999962165	states									"          state_name
id                  
1   sending_trialnum"
8380.674568	4.570499999999811	states									"      state_name
id              
3   wait_for_cin"
8385.245068	1.0005070000006526	states									"   state_name
id           
4     context"
8386.245575	0.0014989999999670545	states									"   state_name
id           
6       csgap"
8386.247074	0.05199399999946763	states									"   state_name
id           
11    stim_on"
8386.299068	0.0005069999988336349	states									"            state_name
id                    
14  son_reward_chooser"
8386.299575	0.06699300000036601	states									"        state_name
id                
17  reward_big_son"
8386.366568	0.9335000000010041	states									"        state_name
id                
22  post_reward_on"
8387.300068	0.04500000000007276	states									"         state_name
id                 
23  post_reward_off"
8387.345068	4.426510999999664	states									"         state_name
id                 
24  soft_drink_time"
8391.771579	0.0004890000000159489	states									"    state_name
id            
25  warndanger"
8391.772068	3.000500000000102	states									"            state_name
id                    
26  warndanger_warning"
8394.773068	10.55199999999968	trials	1.0	2.0	1.0	0.0	0.0	1.0	r	p	
8394.773068	10.55199999999968	states									"   state_name
id           
0     state_0"
8394.773068	0.01599999999962165	states									"          state_name
id                  
1   sending_trialnum"
8394.789068	0.30199999999967986	states									"      state_name
id              
3   wait_for_cin"
8395.091068	1.0000159999999596	states									"   state_name
id           
4     context"
8396.091084	0.0014840000003459863	states									"   state_name
id           
6       csgap"
8396.092568	0.00901499999963562	states									"   state_name
id           
11    stim_on"
8396.101583	0.0004850000004807953	states									"            state_name
id                    
14  son_reward_chooser"
8396.102068	0.06699999999909778	states									"        state_name
id                
17  reward_big_son"
8396.169068	0.9335000000010041	states									"        state_name
id                
22  post_reward_on"
8397.102568	0.09549999999944703	states									"         state_name
id                 
23  post_reward_off"
8397.198068	5.126500000000306	states									"         state_name
id                 
24  soft_drink_time"
8402.324568	0.0005000000001018634	states									"    state_name
id            
25  warndanger"
8402.325068	3.0	states									"            state_name
id                    
26  warndanger_warning"
8405.32558	27.50799199999892	trials	1.0	2.0	1.0	0.0	0.0	1.0	r	p	
8405.32558	27.50799199999892	states									"   state_name
id           
0     state_0"
8405.32558	0.016010999999707565	states									"          state_name
id                  
1   sending_trialnum"
8405.341591	16.397981000000073	states									"      state_name
id              
3   wait_for_cin"
8421.739572	1.000001999998858	states									"   state_name
id           
4     context"
8422.739574	0.0015000000003055902	states									"   state_name
id           
6       csgap"
8422.741074	0.2105119999996532	states									"   state_name
id           
11    stim_on"
8422.951586	0.0004820000012841774	states									"            state_name
id                    
14  son_reward_chooser"
8422.952068	0.06699999999909778	states									"        state_name
id                
17  reward_big_son"
8423.019068	0.9335000000010041	states									"        state_name
id                
22  post_reward_on"
8423.952568	0.06799999999930151	states									"         state_name
id                 
23  post_reward_off"
8424.020568	5.811999999999898	states									"         state_name
id                 
24  soft_drink_time"
8429.832568	0.0005160000000614673	states									"    state_name
id            
25  warndanger"
8429.833084	3.0004879999996774	states									"            state_name
id                    
26  warndanger_warning"
8432.834068	14.265514000000621	trials	1.0	2.0	1.0	0.0	0.0	1.0	r	p	
8432.834068	14.265514000000621	states									"   state_name
id           
0     state_0"
8432.834068	0.01599999999962165	states									"          state_name
id                  
1   sending_trialnum"
8432.850068	3.088999999999942	states									"      state_name
id              
3   wait_for_cin"
8435.939068	1.0	states									"   state_name
id           
4     context"
8436.939068	0.0010000000002037268	states									"   state_name
id           
6       csgap"
8436.940068	0.34250000000065484	states									"   state_name
id           
11    stim_on"
8437.282568	0.0005000000001018634	states									"            state_name
id                    
14  son_reward_chooser"
8437.283068	0.06699999999909778	states									"        state_name
id                
17  reward_big_son"
8437.350068	0.9335129999999481	states									"        state_name
id                
22  post_reward_on"
8438.283581	0.07548700000006647	states									"         state_name
id                 
23  post_reward_off"
8438.359068	5.739999999999782	states									"         state_name
id                 
24  soft_drink_time"
8444.099068	0.000503999999637017	states									"    state_name
id            
25  warndanger"
8444.099572	3.0000100000015664	states									"            state_name
id                    
26  warndanger_warning"
8447.100071	11.30150599999979	trials	1.0	2.0	1.0	0.0	0.0	1.0	r	p	
8447.100071	11.30150599999979	states									"   state_name
id           
0     state_0"
8447.100071	0.015996999998606043	states									"          state_name
id                  
1   sending_trialnum"
8447.116068	0.15250000000014552	states									"      state_name
id              
3   wait_for_cin"
8447.268568	1.0005000000001019	states									"   state_name
id           
4     context"
8448.269068	0.0010000000002037268	states									"   state_name
id           
6       csgap"
8448.270068	0.17050000000017462	states									"   state_name
id           
11    stim_on"
8448.440568	0.0005000000001018634	states									"            state_name
id                    
14  son_reward_chooser"
8448.441068	0.06699999999909778	states									"        state_name
id                
17  reward_big_son"
8448.508068	0.9335120000014285	states									"        state_name
id                
22  post_reward_on"
8449.44158	0.13600299999961862	states									"         state_name
id                 
23  post_reward_off"
8449.577583	5.82349400000021	states									"         state_name
id                 
24  soft_drink_time"
8455.401077	0.000495000000228174	states									"    state_name
id            
25  warndanger"
8455.401572	3.0000049999998737	states									"            state_name
id                    
26  warndanger_warning"
8458.40207	7.709998000000269	trials	1.0	2.0	1.0	0.0	0.0	1.0	r	p	
8458.40207	7.709998000000269	states									"   state_name
id           
0     state_0"
8458.40207	0.01600700000017241	states									"          state_name
id                  
1   sending_trialnum"
8458.418077	0.3135000000002037	states									"      state_name
id              
3   wait_for_cin"
8458.731577	1.000490999998874	states									"   state_name
id           
4     context"
8459.732068	0.0015060000005178154	states									"   state_name
id           
6       csgap"
8459.733574	0.09600099999988743	states									"   state_name
id           
11    stim_on"
8459.829575	0.0004929999995511025	states									"            state_name
id                    
14  son_reward_chooser"
8459.830068	0.06700000000091677	states									"        state_name
id                
17  reward_big_son"
8459.897068	0.9334999999991851	states									"        state_name
id                
22  post_reward_on"
8460.830568	0.06149999999979627	states									"         state_name
id                 
23  post_reward_off"
8460.892068	2.2190000000009604	states									"         state_name
id                 
24  soft_drink_time"
8463.111068	0.0005060000003140885	states									"    state_name
id            
25  warndanger"
8463.111574	3.0004939999998896	states									"            state_name
id                    
26  warndanger_warning"
8466.112574	12.853003000000172	trials	1.0	2.0	1.0	0.0	0.0	1.0	r	p	
8466.112574	12.853003000000172	states									"   state_name
id           
0     state_0"
8466.112574	0.015993999999409425	states									"          state_name
id                  
1   sending_trialnum"
8466.128568	4.212499999999636	states									"      state_name
id              
3   wait_for_cin"
8470.341068	1.0	states									"   state_name
id           
4     context"
8471.341068	0.0010000000002037268	states									"   state_name
id           
6       csgap"
8471.342068	0.23500000000058208	states									"   state_name
id           
11    stim_on"
8471.577068	0.0005060000003140885	states									"            state_name
id                    
14  son_reward_chooser"
8471.577574	0.06699399999888556	states									"        state_name
id                
17  reward_big_son"
8471.644568	0.9335000000010041	states									"        state_name
id                
22  post_reward_on"
8472.578068	0.1404999999995198	states									"         state_name
id                 
23  post_reward_off"
8472.718568	3.2465049999991606	states									"         state_name
id                 
24  soft_drink_time"
8475.965073	0.0004980000012437813	states									"    state_name
id            
25  warndanger"
8475.965571	3.0000060000002122	states									"            state_name
id                    
26  warndanger_warning"
8478.966068	16.816000000000713	trials	1.0	2.0	1.0	0.0	0.0	1.0	r	p	
8478.966068	16.816000000000713	states									"   state_name
id           
0     state_0"
8478.966068	0.016000999999960186	states									"          state_name
id                  
1   sending_trialnum"
8478.982069	5.612499000000753	states									"      state_name
id              
3   wait_for_cin"
8484.594568	1.0005000000001019	states									"   state_name
id           
4     context"
8485.595068	0.0010000000002037268	states									"   state_name
id           
6       csgap"
8485.596068	0.0020049999984621536	states									"   state_name
id           
11    stim_on"
8485.598073	0.0005000000001018634	states									"            state_name
id                    
14  son_reward_chooser"
8485.598573	0.06701500000053784	states									"        state_name
id                
17  reward_big_son"
8485.665588	0.9334799999996903	states									"        state_name
id                
22  post_reward_on"
8486.599068	0.0375000000003638	states									"         state_name
id                 
23  post_reward_off"
8486.636568	6.144516000000294	states									"         state_name
id                 
24  soft_drink_time"
8492.781084	0.0005079999991721706	states									"    state_name
id            
25  warndanger"
8492.781592	3.000476000001072	states									"            state_name
id                    
26  warndanger_warning"
8495.782568	19.83050000000003	trials	1.0	2.0	1.0	0.0	0.0	1.0	r	p	
8495.782568	19.83050000000003	states									"   state_name
id           
0     state_0"
8495.782568	0.016005999999833875	states									"          state_name
id                  
1   sending_trialnum"
8495.798574	9.15149399999973	states									"      state_name
id              
3   wait_for_cin"
8504.950068	1.0	states									"   state_name
id           
4     context"
8505.950068	0.0015050000001792796	states									"   state_name
id           
6       csgap"
8505.951573	0.5904950000003737	states									"   state_name
id           
11    stim_on"
8506.542068	0.0005000000001018634	states									"            state_name
id                    
14  son_reward_chooser"
8506.542568	0.06702199999926961	states									"        state_name
id                
17  reward_big_son"
8506.60959	0.9334839999992255	states									"        state_name
id                
22  post_reward_on"
8507.543074	0.05199400000128662	states									"         state_name
id                 
23  post_reward_off"
8507.595068	5.017007999998896	states									"         state_name
id                 
24  soft_drink_time"
8512.612076	0.0005000000001018634	states									"    state_name
id            
25  warndanger"
8512.612576	3.0004920000010316	states									"            state_name
id                    
26  warndanger_warning"
8515.61358	72.62948800000049	trials	1.0	2.0	1.0	0.0	0.0	1.0	r	p	
8515.61358	72.62948800000049	states									"   state_name
id           
0     state_0"
8515.61358	0.015994000001228414	states									"          state_name
id                  
1   sending_trialnum"
8515.629574	62.55149999999958	states									"      state_name
id              
3   wait_for_cin"
8578.181074	1.0000099999997474	states									"   state_name
id           
4     context"
8579.181084	0.0014840000003459863	states									"   state_name
id           
6       csgap"
8579.182568	0.1870120000003226	states									"   state_name
id           
11    stim_on"
8579.36958	0.0004989999997633277	states									"            state_name
id                    
14  son_reward_chooser"
8579.370079	0.06700499999897147	states									"        state_name
id                
17  reward_big_son"
8579.437084	0.9334840000010445	states									"        state_name
id                
22  post_reward_on"
8580.370568	0.05400600000029954	states									"         state_name
id                 
23  post_reward_off"
8580.424574	4.817993999999089	states									"         state_name
id                 
24  soft_drink_time"
8585.242568	0.0005000000001018634	states									"    state_name
id            
25  warndanger"
8585.243068	3.0	states									"            state_name
id                    
26  warndanger_warning"
8588.243574	14.418015999999625	trials	1.0	2.0	1.0	0.0	0.0	1.0	r	p	
8588.243574	14.418015999999625	states									"   state_name
id           
0     state_0"
8588.243574	0.016003000000637257	states									"          state_name
id                  
1   sending_trialnum"
8588.259577	4.779999999998836	states									"      state_name
id              
3   wait_for_cin"
8593.039577	1.000011000000086	states									"   state_name
id           
4     context"
8594.039588	0.0014800000008108327	states									"   state_name
id           
6       csgap"
8594.041068	0.3500000000003638	states									"   state_name
id           
11    stim_on"
8594.391068	0.000499999998282874	states									"            state_name
id                    
14  son_reward_chooser"
8594.391568	0.06700000000091677	states									"        state_name
id                
17  reward_big_son"
8594.458568	0.9334999999991851	states									"        state_name
id                
22  post_reward_on"
8595.392068	0.05050600000140548	states									"         state_name
id                 
23  post_reward_off"
8595.442574	4.218493999998827	states									"         state_name
id                 
24  soft_drink_time"
8599.661068	0.0005090000013296958	states									"    state_name
id            
25  warndanger"
8599.661577	3.000012999998944	states									"            state_name
id                    
26  warndanger_warning"
8602.662068	31.5890159999999	trials	1.0	2.0	1.0	0.0	0.0	1.0	r	p	
8602.662068	31.5890159999999	states									"   state_name
id           
0     state_0"
8602.662068	0.01599999999962165	states									"          state_name
id                  
1   sending_trialnum"
8602.678068	21.605505999999878	states									"      state_name
id              
3   wait_for_cin"
8624.283574	1.0000030000010156	states									"   state_name
id           
4     context"
8625.283577	0.0014909999990777578	states									"   state_name
id           
6       csgap"
8625.285068	0.23050900000089314	states									"   state_name
id           
11    stim_on"
8625.515577	0.0004910000006930204	states									"            state_name
id                    
14  son_reward_chooser"
8625.516068	0.06699999999909778	states									"        state_name
id                
17  reward_big_son"
8625.583068	0.9334999999991851	states									"        state_name
id                
22  post_reward_on"
8626.516568	0.003500000000713044	states									"         state_name
id                 
23  post_reward_off"
8626.520068	4.730499999999665	states									"         state_name
id                 
24  soft_drink_time"
8631.250568	0.0005000000001018634	states									"    state_name
id            
25  warndanger"
8631.251068	3.0000159999999596	states									"            state_name
id                    
26  warndanger_warning"
8634.251577	12.334490999999616	trials	1.0	2.0	1.0	0.0	0.0	1.0	r	p	
8634.251577	12.334490999999616	states									"   state_name
id           
0     state_0"
8634.251577	0.015993999999409425	states									"          state_name
id                  
1   sending_trialnum"
8634.267571	2.4765019999995275	states									"      state_name
id              
3   wait_for_cin"
8636.744073	1.0004950000002282	states									"   state_name
id           
4     context"
8637.744568	0.0010050000000774162	states									"   state_name
id           
6       csgap"
8637.745573	0.32150000000001455	states									"   state_name
id           
11    stim_on"
8638.067073	0.0005089999995107064	states									"            state_name
id                    
14  son_reward_chooser"
8638.067582	0.06698599999981525	states									"        state_name
id                
17  reward_big_son"
8638.134568	0.9335000000010041	states									"        state_name
id                
22  post_reward_on"
8639.068068	0.06250499999987369	states									"         state_name
id                 
23  post_reward_off"
8639.130573	4.454494999999952	states									"         state_name
id                 
24  soft_drink_time"
8643.585068	0.0005099999998492422	states									"    state_name
id            
25  warndanger"
8643.585578	3.0004900000003545	states									"            state_name
id                    
26  warndanger_warning"
8646.586568	11.784505999999965	trials	1.0	2.0	1.0	0.0	0.0	1.0	r	p	
8646.586568	11.784505999999965	states									"   state_name
id           
0     state_0"
8646.586568	0.01599999999962165	states									"          state_name
id                  
1   sending_trialnum"
8646.602568	1.6779999999998836	states									"      state_name
id              
3   wait_for_cin"
8648.280568	1.0	states									"   state_name
id           
4     context"
8649.280568	0.0010089999996125698	states									"   state_name
id           
6       csgap"
8649.281577	0.23399400000016612	states									"   state_name
id           
11    stim_on"
8649.515571	0.0004970000009052455	states									"            state_name
id                    
14  son_reward_chooser"
8649.516068	0.06699999999909778	states									"        state_name
id                
17  reward_big_son"
8649.583068	0.9335059999993973	states									"        state_name
id                
22  post_reward_on"
8650.516574	0.17700700000023062	states									"         state_name
id                 
23  post_reward_off"
8650.693581	4.676487000000634	states									"         state_name
id                 
24  soft_drink_time"
8655.370068	0.0005000000001018634	states									"    state_name
id            
25  warndanger"
8655.370568	3.000506000000314	states									"            state_name
id                    
26  warndanger_warning"
8658.371577	10.59849100000065	trials	1.0	2.0	1.0	0.0	0.0	1.0	r	p	
8658.371577	10.59849100000065	states									"   state_name
id           
0     state_0"
8658.371577	0.01599999999962165	states									"          state_name
id                  
1   sending_trialnum"
8658.387577	0.31100100000003295	states									"      state_name
id              
3   wait_for_cin"
8658.698578	1.0004900000003545	states									"   state_name
id           
4     context"
8659.699068	0.0015000000003055902	states									"   state_name
id           
6       csgap"
8659.700568	0.08651599999939208	states									"   state_name
id           
11    stim_on"
8659.787084	0.0004929999995511025	states									"            state_name
id                    
14  son_reward_chooser"
8659.787577	0.06699100000150793	states									"        state_name
id                
17  reward_big_son"
8659.854568	0.9334999999991851	states									"        state_name
id                
22  post_reward_on"
8660.788068	0.08950700000059442	states									"         state_name
id                 
23  post_reward_off"
8660.877575	5.0914929999999	states									"         state_name
id                 
24  soft_drink_time"
8665.969068	0.0005120000005263137	states									"    state_name
id            
25  warndanger"
8665.96958	3.0004879999996774	states									"            state_name
id                    
26  warndanger_warning"
8668.970568	11.327013000000079	trials	1.0	2.0	1.0	0.0	0.0	1.0	r	p	
8668.970568	11.327013000000079	states									"   state_name
id           
0     state_0"
8668.970568	0.01599999999962165	states									"          state_name
id                  
1   sending_trialnum"
8668.986568	2.7399999999997817	states									"      state_name
id              
3   wait_for_cin"
8671.726568	1.000506000000314	states									"   state_name
id           
4     context"
8672.727074	0.001494000000093365	states									"   state_name
id           
6       csgap"
8672.728568	0.0630139999993844	states									"   state_name
id           
11    stim_on"
8672.791582	0.00048600000081933104	states									"            state_name
id                    
14  son_reward_chooser"
8672.792068	0.06699999999909778	states									"        state_name
id                
17  reward_big_son"
8672.859068	0.9335000000010041	states									"        state_name
id                
22  post_reward_on"
8673.792568	0.10651599999982864	states									"         state_name
id                 
23  post_reward_off"
8673.899084	3.3974839999991673	states									"         state_name
id                 
24  soft_drink_time"
8677.296568	0.0005000000001018634	states									"    state_name
id            
25  warndanger"
8677.297068	3.000513000000865	states									"            state_name
id                    
26  warndanger_warning"
